1	1
2	3
3	3
4	3
5	5
6	6
7	7
8	8
9	9
10	10
11	12
12	12
13	14
14	14
15	14
16	14
17	14
18	14
19	14
20	14
21	15
22	16
23	17
24	18
25	19
26	20
27	21
28	22
29	23
30	24
31	25
32	26
33	27
34	28
35	28
36	28
37	28
38	28
39	28
40	28
41	28
42	30
43	30
44	30
45	30
46	30
47	30
48	30
49	30
50	32
51	32
52	34
53	34
54	35
55	35
56	37
57	37
58	38
59	40
60	40
61	42
62	42
63	43
64	44
65	45
66	46
67	46
68	47
69	48
70	49
71	50
72	51
73	52
74	53
75	54
76	55
77	56
78	56
79	57
80	58
81	59
82	60
83	61
84	62
85	63
86	64
87	65
88	66
89	67
90	68
91	69
92	70
93	71
94	72
95	73
96	74
97	75
98	75
99	76
100	77
101	78
102	78
103	79
104	80
105	80
106	82
107	82
108	84
109	86
110	86
111	88
112	88
113	88
114	90
115	90
116	92
117	92
118	91
119	91
120	91
121	91
122	91
123	91
124	91
125	93
126	93
127	95
128	97
129	97
130	99
131	99
132	101
133	101
134	101
135	103
136	103
137	103
138	103
139	102
140	102
141	102
142	102
143	104
144	104
145	103
146	103
147	103
148	103
149	103
150	102
151	104
152	104
153	104
154	104
155	104
156	104
157	106
158	106
159	106
160	106
161	105
162	105
163	104
164	104
165	106
166	106
167	106
168	106
169	106
170	106
171	106
172	106
173	106
174	106
175	105
176	105
177	107
178	107
179	107
180	107
181	106
182	106
183	106
184	108
185	109
186	109
187	110
188	111
189	112
190	113
191	114
192	115
193	116
194	116
195	117
196	118
197	118
198	118
199	119
200	120
201	121
202	122
203	123
204	123
205	124
206	125
207	126
208	127
209	128
210	129
211	130
212	131
213	132
214	133
215	134
216	135
217	135
218	136
219	137
220	138
221	139
222	140
223	140
224	140
225	141
226	142
227	143
228	143
229	144
230	145
231	146
232	147
233	147
234	148
235	149
236	150
237	151
238	152
239	153
240	154
241	155
242	156
243	157
244	158
245	159
246	160
247	161
248	162
249	163
250	164
251	165
252	166
253	167
254	168
255	169
256	170
257	171
258	172
259	173
260	174
261	175
262	176
263	177
264	178
265	179
266	179
267	180
268	181
269	182
270	183
271	184
272	185
273	185
274	186
275	187
276	188
277	189
278	189
279	190
280	191
281	192
282	193
283	194
284	195
285	196
286	196
287	197
288	198
289	199
290	200
291	201
292	202
293	204
294	204
295	204
296	203
297	203
298	203
299	203
300	205
301	205
302	205
303	205
304	205
305	204
306	204
307	204
308	204
309	204
310	204
311	204
312	204
313	204
314	206
315	206
316	206
317	206
318	206
319	206
320	208
321	208
322	210
323	210
324	210
325	210
326	210
327	210
328	210
329	212
330	212
331	212
332	212
333	212
334	212
335	212
336	212
337	214
338	214
339	216
340	216
341	217
342	217
343	218
344	220
345	220
346	221
347	221
348	223
349	223
350	222
351	222
352	222
353	222
354	222
355	224
356	224
357	224
358	223
359	223
360	223
361	223
362	223
363	223
364	223
365	223
366	223
367	223
368	225
369	225
370	225
371	225
372	225
373	225
374	225
375	227
376	227
377	227
378	227
379	227
380	227
381	227
382	229
383	229
384	231
385	231
386	231
387	231
388	231
389	231
390	231
391	231
392	233
393	233
394	234
395	234
396	235
397	235
398	237
399	238
400	238
401	240
402	240
403	240
404	240
405	240
406	240
407	240
408	240
409	240
410	242
411	242
412	244
413	244
414	245
415	245
416	245
417	247
418	247
419	247
420	247
421	247
422	247
423	247
424	247
425	247
426	249
427	249
428	249
429	249
430	250
431	252
432	252
433	252
434	252
435	252
436	252
437	252
438	252
439	252
440	252
441	252
442	254
443	254
444	255
445	255
446	255
447	257
448	259
449	259
450	259
451	259
452	259
453	259
454	259
455	259
456	259
457	261
458	261
459	261
460	262
461	262
462	262
463	264
464	264
465	264
466	266
467	266
468	268
469	268
470	270
471	270
472	272
473	272
474	272
475	271
476	271
477	271
478	271
479	271
480	271
481	273
482	273
483	275
484	275
485	277
486	277
487	279
488	279
489	279
490	279
491	279
492	278
493	278
494	278
495	279
496	280
497	281
498	282
499	283
500	284
501	284
502	285
503	286
504	287
505	288
506	289
507	289
508	290
509	291
510	292
511	293
512	294
513	294
514	295
515	296
516	297
517	298
518	299
519	300
520	301
521	302
522	303
523	303
524	304
525	305
526	306
527	307
528	308
529	309
530	310
531	311
532	312
533	312
534	313
535	313
536	314
537	315
538	316
539	317
540	318
541	319
542	320
543	321
544	322
545	322
546	323
547	324
548	325
549	326
550	327
551	328
552	329
553	330
554	331
555	332
556	333
557	334
558	335
559	336
560	337
561	338
562	339
563	340
564	340
565	341
566	342
567	342
568	343
569	344
570	345
571	346
572	347
573	348
574	349
575	350
576	350
577	351
578	352
579	353
580	354
581	355
582	355
583	356
584	357
585	358
586	359
587	360
588	361
589	361
590	362
591	363
592	364
593	365
594	366
595	366
596	367
597	368
598	369
599	370
600	371
601	372
602	373
603	373
604	374
605	375
606	375
607	376
608	377
609	378
610	379
611	380
612	381
613	382
614	383
615	384
616	385
617	386
618	386
619	387
620	388
621	389
622	390
623	391
624	392
625	393
626	394
627	395
628	396
629	397
630	398
631	399
632	400
633	401
634	402
635	403
636	404
637	404
638	405
639	406
640	407
641	407
642	408
643	409
644	410
645	411
646	411
647	412
648	413
649	414
650	415
651	416
652	417
653	418
654	419
655	420
656	421
657	422
658	423
659	424
660	425
661	426
662	427
663	428
664	428
665	429
666	430
667	431
668	432
669	433
670	434
671	434
672	435
673	436
674	437
675	438
676	439
677	440
678	441
679	442
680	443
681	444
682	444
683	445
684	446
685	446
686	447
687	448
688	449
689	449
690	450
691	451
692	452
693	453
694	454
695	455
696	456
697	457
698	458
699	459
700	460
701	461
702	462
703	463
704	464
705	465
706	466
707	466
708	467
709	468
710	469
711	470
712	471
713	471
714	472
715	473
716	474
717	475
718	476
719	477
720	478
721	479
722	480
723	480
724	481
725	482
726	482
727	483
728	484
729	485
730	486
731	487
732	488
733	489
734	490
735	490
736	491
737	492
738	493
739	494
740	494
741	495
742	496
743	497
744	498
745	499
746	500
747	501
748	502
749	503
750	504
751	505
752	506
753	507
754	508
755	509
756	510
757	510
758	511
759	512
760	513
761	514
762	514
763	515
764	516
765	517
766	518
767	519
768	520
769	521
770	522
771	523
772	524
773	524
774	524
775	524
776	524
777	524
778	524
779	524
780	526
781	526
782	527
783	527
784	529
785	529
786	531
787	531
788	531
789	531
790	531
791	531
792	531
793	531
794	531
795	533
796	533
797	533
798	534
799	534
800	536
801	537
802	537
803	539
804	539
805	539
806	541
807	541
808	543
809	543
810	545
811	545
812	546
813	546
814	548
815	548
816	548
817	547
818	547
819	547
820	547
821	547
822	547
823	549
824	551
825	551
826	551
827	553
828	553
829	555
830	555
831	555
832	555
833	555
834	554
835	554
836	554
837	556
838	556
839	555
840	555
841	555
842	555
843	555
844	555
845	555
846	555
847	557
848	557
849	559
850	559
851	561
852	561
853	563
854	563
855	563
856	563
857	562
858	562
859	562
860	562
861	562
862	564
863	564
864	566
865	568
866	568
867	568
868	570
869	570
870	572
871	572
872	574
873	574
874	574
875	574
876	574
877	573
878	573
879	573
880	575
881	575
882	575
883	574
884	574
885	574
886	574
887	573
888	575
889	575
890	575
891	575
892	575
893	575
894	577
895	577
896	576
897	576
898	576
899	575
900	575
901	575
902	575
903	574
904	574
905	574
906	576
907	575
908	575
909	575
910	575
911	577
912	577
913	577
914	577
915	577
916	577
917	577
918	577
919	579
920	579
921	581
922	581
923	582
924	584
925	584
926	584
927	584
928	584
929	584
930	584
931	584
932	584
933	584
934	586
935	586
936	588
937	588
938	588
939	589
940	591
941	591
942	592
943	592
944	592
945	594
946	596
947	596
948	598
949	598
950	598
951	600
952	600
953	600
954	599
955	599
956	599
957	599
958	599
959	599
960	601
961	601
962	603
963	603
964	604
965	604
966	606
967	606
968	608
969	608
970	608
971	608
972	608
973	607
974	607
975	607
976	607
977	607
978	609
979	611
980	611
981	611
982	613
983	613
984	615
985	615
986	614
987	614
988	614
989	614
990	614
991	614
992	616
993	616
994	616
995	616
996	615
997	615
998	615
999	615
1000	615
1001	617
1002	617
1003	619
1004	619
1005	621
1006	621
1007	623
1008	623
1009	625
1010	625
1011	627
1012	627
1013	627
1014	626
1015	626
1016	626
1017	626
1018	626
1019	628
1020	628
1021	628
1022	628
1023	628
1024	628
1025	630
1026	630
1027	630
1028	629
1029	628
1030	628
1031	630
1032	630
1033	630
1034	630
1035	630
1036	629
1037	628
1038	628
1039	627
1040	627
1041	627
1042	627
1043	629
1044	629
1045	629
1046	628
1047	628
1048	628
1049	628
1050	630
1051	630
1052	632
1053	632
1054	634
1055	636
1056	636
1057	636
1058	638
1059	638
1060	640
1061	640
1062	642
1063	642
1064	642
1065	642
1066	642
1067	641
1068	641
1069	641
1070	643
1071	643
1072	643
1073	642
1074	642
1075	642
1076	642
1077	641
1078	643
1079	643
1080	643
1081	643
1082	643
1083	643
1084	645
1085	645
1086	644
1087	644
1088	644
1089	644
1090	644
1091	643
1092	643
1093	643
1094	645
1095	645
1096	646
1097	646
1098	648
1099	650
1100	650
1101	652
1102	652
1103	654
1104	654
1105	654
1106	656
1107	656
1108	656
1109	656
1110	655
1111	655
1112	655
1113	655
1114	657
1115	657
1116	656
1117	656
1118	658
1119	658
1120	658
1121	658
1122	658
1123	658
1124	658
1125	658
1126	658
1127	658
1128	657
1129	657
1130	659
1131	659
1132	659
1133	661
1134	661
1135	663
1136	663
1137	665
1138	665
1139	667
1140	667
1141	669
1142	669
1143	671
1144	671
1145	673
1146	673
1147	673
1148	672
1149	672
1150	672
1151	672
1152	672
1153	674
1154	674
1155	674
1156	674
1157	674
1158	674
1159	676
1160	676
1161	678
1162	678
1163	678
1164	678
1165	678
1166	677
1167	676
1168	676
1169	676
1170	676
1171	675
1172	675
1173	675
1174	675
1175	677
1176	677
1177	678
1178	678
1179	680
1180	682
1181	682
1182	684
1183	684
1184	684
1185	686
1186	686
1187	688
1188	688
1189	687
1190	687
1191	687
1192	687
1193	687
1194	687
1195	689
1196	689
1197	691
1198	691
1199	691
1200	691
1201	691
1202	691
1203	691
1204	691
1205	693
1206	693
1207	693
1208	693
1209	692
1210	692
1211	692
1212	694
1213	696
1214	696
1215	696
1216	696
1217	695
1218	695
1219	695
1220	695
1221	697
1222	697
1223	697
1224	697
1225	697
1226	697
1227	697
1228	697
1229	699
1230	699
1231	699
1232	699
1233	699
1234	699
1235	699
1236	701
1237	701
1238	701
1239	701
1240	701
1241	701
1242	701
1243	701
1244	703
1245	703
1246	705
1247	705
1248	706
1249	706
1250	707
1251	709
1252	709
1253	710
1254	710
1255	712
1256	712
1257	711
1258	711
1259	711
1260	711
1261	711
1262	711
1263	713
1264	713
1265	713
1266	713
1267	713
1268	713
1269	713
1270	713
1271	715
1272	715
1273	715
1274	715
1275	715
1276	715
1277	715
1278	717
1279	717
1280	717
1281	717
1282	717
1283	717
1284	717
1285	717
1286	719
1287	719
1288	720
1289	720
1290	721
1291	721
1292	723
1293	724
1294	724
1295	726
1296	726
1297	727
1298	728
1299	728
1300	729
1301	730
1302	731
1303	732
1304	733
1305	734
1306	735
1307	736
1308	737
1309	738
1310	739
1311	740
1312	741
1313	742
1314	743
1315	744
1316	745
1317	745
1318	746
1319	747
1320	748
1321	749
1322	750
1323	750
1324	751
1325	752
1326	753
1327	754
1328	755
1329	756
1330	757
1331	758
1332	759
1333	760
1334	761
1335	762
1336	763
1337	764
1338	764
1339	765
1340	766
1341	766
1342	767
1343	768
1344	769
1345	770
1346	771
1347	772
1348	773
1349	774
1350	774
1351	775
1352	776
1353	777
1354	778
1355	778
1356	779
1357	779
1358	779
1359	780
1360	781
1361	782
1362	783
1363	784
1364	785
1365	786
1366	787
1367	788
1368	789
1369	790
1370	791
1371	792
1372	793
1373	794
1374	794
1375	795
1376	796
1377	797
1378	798
1379	799
1380	799
1381	800
1382	801
1383	802
1384	803
1385	804
1386	805
1387	806
1388	807
1389	808
1390	809
1391	810
1392	811
1393	812
1394	813
1395	814
1396	815
1397	816
1398	817
1399	817
1400	818
1401	819
1402	820
1403	821
1404	822
1405	823
1406	824
1407	824
1408	825
1409	826
1410	827
1411	828
1412	828
1413	829
1414	830
1415	831
1416	832
1417	833
1418	834
1419	835
1420	836
1421	837
1422	838
1423	839
1424	840
1425	841
1426	842
1427	843
1428	844
1429	844
1430	845
1431	846
1432	846
1433	847
1434	848
1435	849
1436	849
1437	850
1438	850
1439	851
1440	852
1441	853
1442	853
1443	854
1444	855
1445	856
1446	857
1447	858
1448	859
1449	860
1450	861
1451	862
1452	863
1453	864
1454	865
1455	866
1456	867
1457	868
1458	869
1459	870
1460	871
1461	872
1462	873
1463	874
1464	875
1465	876
1466	876
1467	877
1468	878
1469	879
1470	880
1471	881
1472	882
1473	883
1474	884
1475	884
1476	885
1477	886
1478	887
1479	888
1480	889
1481	890
1482	891
1483	892
1484	893
1485	894
1486	895
1487	896
1488	897
1489	898
1490	899
1491	900
1492	900
1493	901
1494	902
1495	903
1496	904
1497	905
1498	906
1499	907
1500	908
1501	909
1502	910
1503	911
1504	912
1505	913
1506	914
1507	915
1508	915
1509	916
1510	917
1511	918
1512	919
1513	920
1514	921
1515	922
1516	922
1517	923
1518	924
1519	925
1520	926
1521	927
1522	928
1523	929
1524	930
1525	931
1526	932
1527	933
1528	934
1529	935
1530	935
1531	936
1532	937
1533	938
1534	938
1535	939
1536	940
1537	940
1538	941
1539	942
1540	943
1541	943
1542	944
1543	945
1544	946
1545	947
1546	947
1547	948
1548	949
1549	950
1550	951
1551	952
1552	953
1553	954
1554	955
1555	956
1556	957
1557	958
1558	959
1559	960
1560	961
1561	962
1562	963
1563	964
1564	964
1565	965
1566	966
1567	966
1568	966
1569	967
1570	968
1571	969
1572	969
1573	970
1574	971
1575	972
1576	973
1577	973
1578	974
1579	975
1580	976
1581	977
1582	978
1583	979
1584	980
1585	980
1586	981
1587	982
1588	983
1589	983
1590	984
1591	985
1592	986
1593	987
1594	988
1595	988
1596	989
1597	990
1598	991
1599	992
1600	993
1601	994
1602	995
1603	995
1604	996
1605	997
1606	998
1607	999
1608	1000
1609	1001
1610	1002
1611	1003
1612	1004
1613	1004
1614	1005
1615	1006
1616	1007
1617	1008
1618	1009
1619	1010
1620	1010
1621	1011
1622	1012
1623	1013
1624	1013
1625	1013
1626	1014
1627	1014
1628	1015
1629	1016
1630	1016
1631	1017
1632	1017
1633	1018
1634	1018
1635	1019
1636	1020
1637	1021
1638	1022
1639	1023
1640	1022
1641	1023
1642	1024
1643	1025
1644	1026
1645	1027
1646	1028
1647	1029
1648	1030
1649	1031
1650	1032
1651	1033
1652	1034
1653	1035
1654	1036
1655	1037
1656	1038
1657	1039
1658	1040
1659	1041
1660	1041
1661	1042
1662	1043
1663	1043
1664	1044
1665	1045
1666	1045
1667	1046
1668	1047
1669	1048
1670	1049
1671	1050
1672	1051
1673	1051
1674	1052
1675	1053
1676	1054
1677	1055
1678	1056
1679	1057
1680	1058
1681	1059
1682	1060
1683	1061
1684	1062
1685	1063
1686	1064
1687	1064
1688	1065
1689	1066
1690	1066
1691	1067
1692	1068
1693	1069
1694	1068
1695	1069
1696	1069
1697	1070
1698	1071
1699	1072
1700	1072
1701	1072
1702	1073
1703	1074
1704	1075
1705	1076
1706	1077
1707	1078
1708	1079
1709	1080
1710	1081
1711	1082
1712	1083
1713	1084
1714	1085
1715	1086
1716	1087
1717	1088
1718	1089
1719	1090
1720	1091
1721	1092
1722	1093
1723	1094
1724	1094
1725	1095
1726	1096
1727	1097
1728	1098
1729	1099
1730	1100
1731	1101
1732	1101
1733	1102
1734	1102
1735	1103
1736	1104
1737	1105
1738	1106
1739	1107
1740	1108
1741	1109
1742	1110
1743	1111
1744	1112
1745	1113
1746	1114
1747	1114
1748	1114
1749	1115
1750	1116
1751	1117
1752	1117
1753	1118
1754	1119
1755	1120
1756	1121
1757	1121
1758	1122
1759	1123
1760	1124
1761	1125
1762	1126
1763	1126
1764	1127
1765	1128
1766	1129
1767	1130
1768	1131
1769	1132
1770	1133
1771	1134
1772	1135
1773	1136
1774	1137
1775	1138
1776	1139
1777	1140
1778	1140
1779	1141
1780	1142
1781	1143
1782	1144
1783	1144
1784	1145
1785	1146
1786	1147
1787	1148
1788	1149
1789	1150
1790	1151
1791	1152
1792	1153
1793	1154
1794	1155
1795	1156
1796	1157
1797	1158
1798	1159
1799	1160
1800	1160
1801	1161
1802	1162
1803	1163
1804	1164
1805	1164
1806	1165
1807	1166
1808	1167
1809	1168
1810	1168
1811	1168
1812	1167
1813	1168
1814	1168
1815	1169
1816	1170
1817	1171
1818	1172
1819	1173
1820	1174
1821	1175
1822	1176
1823	1177
1824	1178
1825	1179
1826	1180
1827	1181
1828	1182
1829	1183
1830	1184
1831	1185
1832	1186
1833	1187
1834	1188
1835	1189
1836	1190
1837	1191
1838	1192
1839	1193
1840	1194
1841	1194
1842	1195
1843	1196
1844	1197
1845	1197
1846	1198
1847	1198
1848	1199
1849	1200
1850	1201
1851	1202
1852	1203
1853	1204
1854	1205
1855	1206
1856	1207
1857	1208
1858	1209
1859	1210
1860	1211
1861	1211
1862	1212
1863	1213
1864	1213
1865	1213
1866	1214
1867	1215
1868	1216
1869	1217
1870	1218
1871	1218
1872	1219
1873	1220
1874	1221
1875	1222
1876	1222
1877	1223
1878	1224
1879	1225
1880	1226
1881	1227
1882	1228
1883	1229
1884	1230
1885	1231
1886	1232
1887	1233
1888	1234
1889	1235
1890	1235
1891	1236
1892	1237
1893	1238
1894	1239
1895	1240
1896	1241
1897	1242
1898	1243
1899	1244
1900	1244
1901	1245
1902	1246
1903	1247
1904	1248
1905	1249
1906	1250
1907	1251
1908	1252
1909	1253
1910	1254
1911	1255
1912	1255
1913	1256
1914	1257
1915	1258
1916	1259
1917	1260
1918	1260
1919	1261
1920	1262
1921	1262
1922	1263
1923	1264
1924	1265
1925	1266
1926	1267
1927	1268
1928	1269
1929	1269
1930	1270
1931	1271
1932	1271
1933	1272
1934	1272
1935	1273
1936	1274
1937	1275
1938	1276
1939	1277
1940	1278
1941	1279
1942	1280
1943	1280
1944	1281
1945	1282
1946	1283
1947	1284
1948	1285
1949	1286
1950	1287
1951	1288
1952	1289
1953	1290
1954	1291
1955	1292
1956	1293
1957	1294
1958	1295
1959	1295
1960	1296
1961	1297
1962	1298
1963	1298
1964	1299
1965	1300
1966	1301
1967	1302
1968	1303
1969	1304
1970	1305
1971	1305
1972	1306
1973	1307
1974	1308
1975	1309
1976	1309
1977	1310
1978	1311
1979	1311
1980	1312
1981	1313
1982	1314
1983	1315
1984	1316
1985	1317
1986	1318
1987	1318
1988	1319
1989	1319
1990	1320
1991	1321
1992	1321
1993	1322
1994	1323
1995	1324
1996	1325
1997	1326
1998	1327
1999	1328
2000	1328
2001	1329
2002	1330
2003	1331
2004	1332
2005	1333
2006	1334
2007	1335
2008	1336
2009	1337
2010	1338
2011	1339
2012	1340
2013	1341
2014	1342
2015	1343
2016	1344
2017	1344
2018	1345
2019	1346
2020	1346
2021	1347
2022	1348
2023	1348
2024	1350
2025	1350
2026	1352
2027	1352
2028	1354
2029	1354
2030	1356
2031	1356
2032	1358
2033	1358
2034	1360
2035	1360
2036	1360
2037	1359
2038	1359
2039	1359
2040	1359
2041	1359
2042	1361
2043	1361
2044	1361
2045	1361
2046	1361
2047	1361
2048	1363
2049	1363
2050	1363
2051	1363
2052	1363
2053	1362
2054	1361
2055	1361
2056	1361
2057	1363
2058	1363
2059	1363
2060	1362
2061	1362
2062	1362
2063	1362
2064	1364
2065	1364
2066	1366
2067	1366
2068	1368
2069	1370
2070	1370
2071	1372
2072	1372
2073	1372
2074	1374
2075	1374
2076	1376
2077	1376
2078	1375
2079	1375
2080	1375
2081	1375
2082	1375
2083	1375
2084	1376
2085	1376
2086	1378
2087	1377
2088	1377
2089	1377
2090	1377
2091	1377
2092	1379
2093	1379
2094	1379
2095	1379
2096	1378
2097	1378
2098	1377
2099	1377
2100	1377
2101	1376
2102	1376
2103	1376
2104	1378
2105	1378
2106	1378
2107	1378
2108	1377
2109	1377
2110	1377
2111	1379
2112	1381
2113	1381
2114	1381
2115	1381
2116	1380
2117	1380
2118	1380
2119	1380
2120	1382
2121	1382
2122	1382
2123	1382
2124	1382
2125	1382
2126	1382
2127	1382
2128	1384
2129	1384
2130	1384
2131	1384
2132	1384
2133	1384
2134	1384
2135	1386
2136	1386
2137	1386
2138	1386
2139	1388
2140	1388
2141	1388
2142	1388
2143	1388
2144	1388
2145	1388
2146	1387
2147	1389
2148	1389
2149	1391
2150	1391
2151	1392
2152	1392
2153	1393
2154	1395
2155	1395
2156	1396
2157	1396
2158	1398
2159	1398
2160	1397
2161	1397
2162	1396
2163	1396
2164	1396
2165	1396
2166	1396
2167	1396
2168	1396
2169	1396
2170	1396
2171	1396
2172	1398
2173	1398
2174	1400
2175	1400
2176	1400
2177	1400
2178	1400
2179	1400
2180	1400
2181	1402
2182	1402
2183	1402
2184	1402
2185	1402
2186	1402
2187	1402
2188	1402
2189	1404
2190	1404
2191	1405
2192	1404
2193	1405
2194	1405
2195	1407
2196	1408
2197	1408
2198	1410
2199	1410
2200	1410
2201	1410
2202	1410
2203	1410
2204	1410
2205	1410
2206	1410
2207	1412
2208	1412
2209	1414
2210	1414
2211	1415
2212	1415
2213	1416
2214	1418
2215	1418
2216	1418
2217	1420
2218	1420
2219	1422
2220	1422
2221	1422
2222	1421
2223	1420
2224	1420
2225	1420
2226	1420
2227	1420
2228	1422
2229	1422
2230	1422
2231	1422
2232	1422
2233	1422
2234	1422
2235	1424
2236	1424
2237	1424
2238	1424
2239	1424
2240	1424
2241	1424
2242	1426
2243	1426
2244	1426
2245	1426
2246	1426
2247	1426
2248	1426
2249	1426
2250	1428
2251	1428
2252	1429
2253	1429
2254	1430
2255	1430
2256	1432
2257	1433
2258	1433
2259	1435
2260	1435
2261	1437
2262	1437
2263	1436
2264	1436
2265	1436
2266	1436
2267	1436
2268	1436
2269	1438
2270	1438
2271	1438
2272	1437
2273	1437
2274	1437
2275	1437
2276	1436
2277	1436
2278	1436
2279	1436
2280	1436
2281	1436
2282	1437
2283	1437
2284	1439
2285	1439
2286	1439
2287	1439
2288	1439
2289	1439
2290	1441
2291	1441
2292	1441
2293	1441
2294	1441
2295	1441
2296	1441
2297	1443
2298	1443
2299	1443
2300	1443
2301	1443
2302	1443
2303	1442
2304	1442
2305	1444
2306	1444
2307	1445
2308	1445
2309	1446
2310	1445
2311	1446
2312	1447
2313	1447
2314	1449
2315	1449
2316	1449
2317	1449
2318	1448
2319	1448
2320	1448
2321	1448
2322	1448
2323	1450
2324	1450
2325	1452
2326	1452
2327	1452
2328	1452
2329	1453
2330	1454
2331	1454
2332	1454
2333	1454
2334	1454
2335	1454
2336	1454
2337	1454
2338	1453
2339	1455
2340	1455
2341	1456
2342	1456
2343	1456
2344	1456
2345	1458
2346	1458
2347	1458
2348	1458
2349	1458
2350	1458
2351	1458
2352	1458
2353	1458
2354	1460
2355	1460
2356	1461
2357	1461
2358	1463
2359	1463
2360	1463
2361	1465
2362	1467
2363	1467
2364	1469
2365	1469
2366	1471
2367	1471
2368	1470
2369	1470
2370	1470
2371	1470
2372	1470
2373	1470
2374	1470
2375	1472
2376	1474
2377	1474
2378	1476
2379	1476
2380	1476
2381	1476
2382	1475
2383	1475
2384	1475
2385	1475
2386	1475
2387	1477
2388	1477
2389	1479
2390	1481
2391	1481
2392	1481
2393	1483
2394	1483
2395	1485
2396	1485
2397	1487
2398	1487
2399	1487
2400	1487
2401	1487
2402	1486
2403	1486
2404	1486
2405	1488
2406	1488
2407	1488
2408	1487
2409	1487
2410	1487
2411	1487
2412	1486
2413	1488
2414	1488
2415	1488
2416	1488
2417	1488
2418	1488
2419	1488
2420	1488
2421	1488
2422	1487
2423	1487
2424	1487
2425	1489
2426	1489
2427	1491
2428	1491
2429	1493
2430	1493
2431	1495
2432	1497
2433	1497
2434	1499
2435	1499
2436	1501
2437	1501
2438	1501
2439	1503
2440	1503
2441	1503
2442	1503
2443	1502
2444	1502
2445	1502
2446	1502
2447	1504
2448	1504
2449	1503
2450	1503
2451	1503
2452	1503
2453	1503
2454	1502
2455	1503
2456	1503
2457	1505
2458	1504
2459	1504
2460	1503
2461	1503
2462	1503
2463	1503
2464	1503
2465	1503
2466	1503
2467	1502
2468	1502
2469	1504
2470	1504
2471	1503
2472	1503
2473	1503
2474	1505
2475	1507
2476	1507
2477	1507
2478	1506
2479	1506
2480	1506
2481	1506
2482	1506
2483	1506
2484	1506
2485	1506
2486	1506
2487	1506
2488	1508
2489	1508
2490	1508
2491	1508
2492	1508
2493	1508
2494	1508
2495	1510
2496	1510
2497	1512
2498	1512
2499	1512
2500	1512
2501	1512
2502	1512
2503	1512
2504	1512
2505	1514
2506	1514
2507	1516
2508	1516
2509	1517
2510	1516
2511	1517
2512	1519
2513	1519
2514	1520
2515	1520
2516	1522
2517	1522
2518	1521
2519	1521
2520	1521
2521	1521
2522	1521
2523	1521
2524	1523
2525	1523
2526	1523
2527	1523
2528	1523
2529	1523
2530	1523
2531	1523
2532	1525
2533	1525
2534	1525
2535	1525
2536	1527
2537	1527
2538	1527
2539	1527
2540	1527
2541	1527
2542	1527
2543	1529
2544	1529
2545	1529
2546	1529
2547	1529
2548	1529
2549	1529
2550	1531
2551	1531
2552	1532
2553	1532
2554	1533
2555	1533
2556	1535
2557	1536
2558	1536
2559	1538
2560	1538
2561	1540
2562	1540
2563	1542
2564	1542
2565	1542
2566	1542
2567	1541
2568	1541
2569	1541
2570	1541
2571	1541
2572	1541
2573	1541
2574	1541
2575	1541
2576	1543
2577	1543
2578	1545
2579	1545
2580	1544
2581	1544
2582	1544
2583	1544
2584	1544
2585	1546
2586	1546
2587	1546
2588	1546
2589	1546
2590	1546
2591	1546
2592	1546
2593	1548
2594	1548
2595	1550
2596	1550
2597	1551
2598	1551
2599	1553
2600	1553
2601	1554
2602	1554
2603	1554
2604	1554
2605	1554
2606	1554
2607	1554
2608	1554
2609	1554
2610	1556
2611	1556
2612	1557
2613	1557
2614	1558
2615	1558
2616	1560
2617	1560
2618	1562
2619	1562
2620	1564
2621	1564
2622	1564
2623	1564
2624	1563
2625	1563
2626	1563
2627	1563
2628	1565
2629	1565
2630	1565
2631	1565
2632	1564
2633	1564
2634	1564
2635	1564
2636	1566
2637	1566
2638	1566
2639	1566
2640	1566
2641	1566
2642	1566
2643	1566
2644	1566
2645	1566
2646	1566
2647	1566
2648	1568
2649	1568
2650	1568
2651	1568
2652	1568
2653	1568
2654	1570
2655	1570
2656	1570
2657	1570
2658	1570
2659	1569
2660	1569
2661	1569
2662	1571
2663	1571
2664	1572
2665	1572
2666	1573
2667	1575
2668	1575
2669	1576
2670	1576
2671	1576
2672	1576
2673	1576
2674	1576
2675	1576
2676	1576
2677	1575
2678	1577
2679	1577
2680	1578
2681	1578
2682	1578
2683	1580
2684	1580
2685	1580
2686	1580
2687	1580
2688	1580
2689	1580
2690	1580
2691	1580
2692	1580
2693	1580
2694	1582
2695	1582
2696	1584
2697	1584
2698	1585
2699	1585
2700	1585
2701	1585
2702	1585
2703	1585
2704	1585
2705	1587
2706	1587
2707	1587
2708	1588
2709	1588
2710	1590
2711	1590
2712	1590
2713	1592
2714	1594
2715	1594
2716	1596
2717	1596
2718	1595
2719	1595
2720	1595
2721	1595
2722	1595
2723	1595
2724	1595
2725	1595
2726	1597
2727	1599
2728	1599
2729	1601
2730	1601
2731	1603
2732	1603
2733	1603
2734	1603
2735	1602
2736	1602
2737	1602
2738	1602
2739	1604
2740	1604
2741	1603
2742	1603
2743	1603
2744	1603
2745	1603
2746	1603
2747	1605
2748	1605
2749	1605
2750	1604
2751	1604
2752	1604
2753	1604
2754	1604
2755	1604
2756	1604
2757	1604
2758	1604
2759	1604
2760	1606
2761	1606
2762	1608
2763	1608
2764	1608
2765	1608
2766	1608
2767	1610
2768	1610
2769	1610
2770	1610
2771	1610
2772	1610
2773	1612
2774	1612
2775	1612
2776	1612
2777	1612
2778	1612
2779	1612
2780	1612
2781	1614
2782	1614
2783	1615
2784	1615
2785	1616
2786	1616
2787	1618
2788	1619
2789	1619
2790	1621
2791	1621
2792	1621
2793	1621
2794	1621
2795	1621
2796	1621
2797	1621
2798	1621
2799	1623
2800	1623
2801	1625
2802	1625
2803	1625
2804	1625
2805	1626
2806	1628
2807	1627
2808	1627
2809	1627
2810	1627
2811	1627
2812	1627
2813	1627
2814	1627
2815	1629
2816	1629
2817	1630
2818	1630
2819	1630
2820	1630
2821	1632
2822	1632
2823	1632
2824	1632
2825	1632
2826	1632
2827	1632
2828	1632
2829	1632
2830	1634
2831	1634
2832	1635
2833	1635
2834	1635
2835	1637
2836	1639
2837	1641
2838	1641
2839	1643
2840	1643
2841	1642
2842	1641
2843	1641
2844	1641
2845	1641
2846	1641
2847	1643
2848	1643
2849	1642
2850	1642
2851	1642
2852	1641
2853	1643
2854	1643
2855	1643
2856	1642
2857	1642
2858	1641
2859	1641
2860	1641
2861	1641
2862	1641
2863	1641
2864	1641
2865	1641
2866	1643
2867	1643
2868	1643
2869	1643
2870	1643
2871	1643
2872	1643
2873	1645
2874	1645
2875	1645
2876	1645
2877	1645
2878	1645
2879	1645
2880	1647
2881	1647
2882	1649
2883	1649
2884	1649
2885	1649
2886	1649
2887	1649
2888	1649
2889	1649
2890	1649
2891	1650
2892	1650
2893	1651
2894	1651
2895	1653
2896	1654
2897	1654
2898	1656
2899	1656
2900	1656
2901	1656
2902	1655
2903	1655
2904	1655
2905	1655
2906	1655
2907	1657
2908	1657
2909	1659
2910	1659
2911	1658
2912	1658
2913	1658
2914	1658
2915	1658
2916	1658
2917	1660
2918	1660
2919	1660
2920	1661
2921	1661
2922	1661
2923	1663
2924	1663
2925	1663
2926	1665
2927	1665
2928	1667
2929	1667
2930	1669
2931	1669
2932	1671
2933	1671
2934	1671
2935	1670
2936	1670
2937	1670
2938	1670
2939	1670
2940	1672
2941	1672
2942	1674
2943	1674
2944	1674
2945	1674
2946	1674
2947	1673
2948	1673
2949	1673
2950	1675
2951	1675
2952	1675
2953	1675
2954	1674
2955	1674
2956	1674
2957	1674
2958	1676
2959	1676
2960	1676
2961	1676
2962	1675
2963	1675
2964	1675
2965	1675
2966	1677
2967	1677
2968	1677
2969	1677
2970	1677
2971	1677
2972	1677
2973	1679
2974	1679
2975	1679
2976	1679
2977	1679
2978	1679
2979	1681
2980	1681
2981	1681
2982	1681
2983	1681
2984	1683
2985	1683
2986	1683
2987	1683
2988	1683
2989	1683
2990	1683
2991	1683
2992	1685
2993	1685
2994	1687
2995	1687
2996	1688
2997	1688
2998	1689
2999	1691
3000	1691
3001	1692
3002	1692
3003	1692
3004	1692
3005	1692
3006	1692
3007	1692
3008	1692
3009	1691
3010	1693
3011	1693
3012	1694
3013	1694
3014	1694
3015	1696
3016	1696
3017	1696
3018	1696
3019	1696
3020	1696
3021	1696
3022	1695
3023	1695
3024	1694
3025	1694
3026	1696
3027	1696
3028	1696
3029	1696
3030	1696
3031	1696
3032	1696
3033	1696
3034	1698
3035	1698
3036	1698
3037	1699
3038	1699
3039	1701
3040	1703
3041	1702
3042	1702
3043	1702
3044	1704
3045	1706
3046	1708
3047	1708
3048	1710
3049	1710
3050	1710
3051	1710
3052	1709
3053	1708
3054	1708
3055	1708
3056	1710
3057	1710
3058	1709
3059	1709
3060	1708
3061	1708
3062	1710
3063	1710
3064	1710
3065	1709
3066	1709
3067	1708
3068	1708
3069	1708
3070	1708
3071	1708
3072	1708
3073	1708
3074	1708
3075	1708
3076	1710
3077	1710
3078	1710
3079	1710
3080	1710
3081	1710
3082	1712
3083	1712
3084	1714
3085	1714
3086	1714
3087	1714
3088	1714
3089	1714
3090	1714
3091	1716
3092	1716
3093	1716
3094	1716
3095	1716
3096	1716
3097	1716
3098	1716
3099	1716
3100	1718
3101	1718
3102	1719
3103	1719
3104	1720
3105	1722
3106	1722
3107	1723
3108	1723
3109	1723
3110	1723
3111	1723
3112	1722
3113	1722
3114	1721
3115	1721
3116	1723
3117	1723
3118	1722
3119	1722
3120	1722
3121	1722
3122	1722
3123	1721
3124	1723
3125	1723
3126	1723
3127	1724
3128	1726
3129	1726
3130	1726
3131	1726
3132	1728
3133	1728
3134	1730
3135	1730
3136	1730
3137	1729
3138	1729
3139	1729
3140	1729
3141	1729
3142	1729
3143	1731
3144	1731
3145	1733
3146	1733
3147	1735
3148	1735
3149	1737
3150	1737
3151	1737
3152	1737
3153	1737
3154	1736
3155	1736
3156	1736
3157	1736
3158	1736
3159	1736
3160	1736
3161	1736
3162	1736
3163	1736
3164	1738
3165	1737
3166	1738
3167	1737
3168	1737
3169	1739
3170	1740
3171	1740
3172	1742
3173	1742
3174	1742
3175	1742
3176	1742
3177	1742
3178	1742
3179	1742
3180	1744
3181	1744
3182	1746
3183	1746
3184	1748
3185	1748
3186	1749
3187	1749
3188	1751
3189	1751
3190	1753
3191	1753
3192	1753
3193	1753
3194	1753
3195	1752
3196	1752
3197	1752
3198	1752
3199	1752
3200	1754
3201	1756
3202	1755
3203	1755
3204	1757
3205	1757
3206	1759
3207	1758
3208	1758
3209	1758
3210	1758
3211	1758
3212	1758
3213	1758
3214	1760
3215	1760
3216	1762
3217	1764
3218	1764
3219	1766
3220	1766
3221	1768
3222	1768
3223	1768
3224	1769
3225	1769
3226	1769
3227	1769
3228	1768
3229	1768
3230	1768
3231	1768
3232	1770
3233	1770
3234	1769
3235	1768
3236	1768
3237	1768
3238	1768
3239	1767
3240	1769
3241	1769
3242	1769
3243	1768
3244	1767
3245	1767
3246	1769
3247	1768
3248	1768
3249	1768
3250	1768
3251	1768
3252	1768
3253	1768
3254	1768
3255	1768
3256	1767
3257	1767
3258	1769
3259	1769
3260	1768
3261	1768
3262	1768
3263	1770
3264	1770
3265	1770
3266	1770
3267	1770
3268	1770
3269	1770
3270	1770
3271	1772
3272	1772
3273	1774
3274	1773
3275	1774
3276	1773
3277	1775
3278	1775
3279	1776
3280	1776
3281	1776
3282	1776
3283	1776
3284	1776
3285	1776
3286	1776
3287	1778
3288	1778
3289	1780
3290	1780
3291	1782
3292	1782
3293	1784
3294	1784
3295	1785
3296	1785
3297	1787
3298	1787
3299	1787
3300	1786
3301	1786
3302	1786
3303	1786
3304	1786
3305	1786
3306	1786
3307	1788
3308	1788
3309	1790
3310	1789
3311	1791
3312	1791
3313	1793
3314	1793
3315	1793
3316	1792
3317	1792
3318	1792
3319	1792
3320	1792
3321	1794
3322	1794
3323	1796
3324	1798
3325	1798
3326	1800
3327	1800
3328	1800
3329	1802
3330	1802
3331	1803
3332	1803
3333	1802
3334	1802
3335	1802
3336	1802
3337	1802
3338	1802
3339	1804
3340	1804
3341	1803
3342	1803
3343	1803
3344	1802
3345	1804
3346	1803
3347	1803
3348	1803
3349	1803
3350	1803
3351	1805
3352	1805
3353	1805
3354	1805
3355	1804
3356	1803
3357	1802
3358	1802
3359	1802
3360	1801
3361	1801
3362	1801
3363	1803
3364	1803
3365	1803
3366	1803
3367	1802
3368	1802
3369	1802
3370	1804
3371	1805
3372	1806
3373	1807
3374	1808
3375	1809
3376	1809
3377	1810
3378	1811
3379	1812
3380	1813
3381	1813
3382	1814
3383	1815
3384	1816
3385	1817
3386	1817
3387	1818
3388	1818
3389	1819
3390	1819
3391	1820
3392	1821
3393	1822
3394	1823
3395	1824
3396	1825
3397	1826
3398	1827
3399	1828
3400	1829
3401	1830
3402	1831
3403	1832
3404	1833
3405	1834
3406	1835
3407	1836
3408	1837
3409	1838
3410	1839
3411	1840
3412	1841
3413	1841
3414	1842
3415	1843
3416	1844
3417	1845
3418	1845
3419	1846
3420	1847
3421	1847
3422	1848
3423	1849
3424	1850
3425	1851
3426	1852
3427	1853
3428	1854
3429	1855
3430	1855
3431	1856
3432	1857
3433	1858
3434	1859
3435	1860
3436	1861
3437	1862
3438	1862
3439	1863
3440	1864
3441	1864
3442	1864
3443	1865
3444	1866
3445	1867
3446	1868
3447	1869
3448	1868
3449	1869
3450	1870
3451	1871
3452	1872
3453	1873
3454	1874
3455	1875
3456	1876
3457	1877
3458	1878
3459	1879
3460	1880
3461	1881
3462	1882
3463	1883
3464	1884
3465	1885
3466	1885
3467	1886
3468	1887
3469	1888
3470	1889
3471	1890
3472	1891
3473	1892
3474	1892
3475	1893
3476	1894
3477	1895
3478	1896
3479	1897
3480	1898
3481	1899
3482	1900
3483	1901
3484	1901
3485	1902
3486	1903
3487	1904
3488	1905
3489	1906
3490	1907
3491	1908
3492	1909
3493	1910
3494	1911
3495	1912
3496	1912
3497	1913
3498	1914
3499	1915
3500	1916
3501	1917
3502	1917
3503	1918
3504	1919
3505	1919
3506	1920
3507	1921
3508	1922
3509	1923
3510	1924
3511	1925
3512	1926
3513	1926
3514	1927
3515	1928
3516	1928
3517	1929
3518	1930
3519	1931
3520	1932
3521	1932
3522	1933
3523	1934
3524	1935
3525	1936
3526	1937
3527	1938
3528	1939
3529	1940
3530	1941
3531	1942
3532	1943
3533	1943
3534	1944
3535	1945
3536	1946
3537	1947
3538	1948
3539	1949
3540	1950
3541	1951
3542	1952
3543	1953
3544	1954
3545	1955
3546	1956
3547	1957
3548	1957
3549	1957
3550	1958
3551	1959
3552	1959
3553	1960
3554	1961
3555	1962
3556	1963
3557	1964
3558	1965
3559	1965
3560	1966
3561	1967
3562	1968
3563	1968
3564	1969
3565	1970
3566	1971
3567	1972
3568	1973
3569	1974
3570	1975
3571	1976
3572	1977
3573	1978
3574	1979
3575	1979
3576	1980
3577	1980
3578	1981
3579	1982
3580	1983
3581	1984
3582	1985
3583	1986
3584	1987
3585	1988
3586	1989
3587	1990
3588	1990
3589	1991
3590	1992
3591	1993
3592	1994
3593	1995
3594	1996
3595	1997
3596	1998
3597	1999
3598	2000
3599	2001
3600	2002
3601	2003
3602	2004
3603	2005
3604	2005
3605	2006
3606	2007
3607	2007
3608	2008
3609	2009
3610	2010
3611	2011
3612	2012
3613	2012
3614	2013
3615	2014
3616	2015
3617	2016
3618	2017
3619	2018
3620	2019
3621	2020
3622	2021
3623	2022
3624	2023
3625	2024
3626	2025
3627	2026
3628	2027
3629	2027
3630	2028
3631	2029
3632	2029
3633	2030
3634	2031
3635	2032
3636	2032
3637	2033
3638	2034
3639	2035
3640	2036
3641	2036
3642	2037
3643	2038
3644	2039
3645	2040
3646	2041
3647	2042
3648	2043
3649	2044
3650	2045
3651	2046
3652	2046
3653	2047
3654	2048
3655	2049
3656	2050
3657	2051
3658	2052
3659	2053
3660	2053
3661	2053
3662	2054
3663	2054
3664	2055
3665	2056
3666	2057
3667	2058
3668	2059
3669	2060
3670	2061
3671	2061
3672	2062
3673	2063
3674	2064
3675	2065
3676	2066
3677	2067
3678	2068
3679	2069
3680	2070
3681	2071
3682	2072
3683	2073
3684	2074
3685	2075
3686	2076
3687	2077
3688	2078
3689	2079
3690	2079
3691	2080
3692	2081
3693	2082
3694	2082
3695	2083
3696	2084
3697	2085
3698	2086
3699	2087
3700	2088
3701	2089
3702	2089
3703	2090
3704	2091
3705	2092
3706	2093
3707	2094
3708	2095
3709	2096
3710	2097
3711	2098
3712	2098
3713	2098
3714	2099
3715	2100
3716	2101
3717	2102
3718	2103
3719	2104
3720	2105
3721	2106
3722	2107
3723	2108
3724	2108
3725	2109
3726	2109
3727	2110
3728	2111
3729	2112
3730	2113
3731	2114
3732	2114
3733	2115
3734	2115
3735	2116
3736	2117
3737	2117
3738	2118
3739	2119
3740	2120
3741	2121
3742	2122
3743	2123
3744	2124
3745	2124
3746	2125
3747	2125
3748	2126
3749	2127
3750	2128
3751	2129
3752	2130
3753	2131
3754	2132
3755	2133
3756	2134
3757	2135
3758	2136
3759	2136
3760	2137
3761	2138
3762	2138
3763	2139
3764	2140
3765	2141
3766	2142
3767	2143
3768	2144
3769	2144
3770	2145
3771	2146
3772	2147
3773	2148
3774	2149
3775	2150
3776	2151
3777	2151
3778	2152
3779	2153
3780	2154
3781	2155
3782	2156
3783	2157
3784	2157
3785	2158
3786	2159
3787	2160
3788	2160
3789	2161
3790	2162
3791	2163
3792	2164
3793	2165
3794	2166
3795	2167
3796	2168
3797	2169
3798	2170
3799	2170
3800	2171
3801	2172
3802	2173
3803	2173
3804	2174
3805	2175
3806	2176
3807	2176
3808	2177
3809	2177
3810	2178
3811	2179
3812	2180
3813	2181
3814	2182
3815	2183
3816	2184
3817	2185
3818	2186
3819	2187
3820	2187
3821	2188
3822	2189
3823	2190
3824	2191
3825	2192
3826	2193
3827	2194
3828	2194
3829	2194
3830	2194
3831	2195
3832	2196
3833	2196
3834	2197
3835	2198
3836	2199
3837	2200
3838	2201
3839	2202
3840	2203
3841	2204
3842	2205
3843	2206
3844	2207
3845	2208
3846	2209
3847	2210
3848	2211
3849	2212
3850	2212
3851	2213
3852	2214
3853	2215
3854	2216
3855	2217
3856	2218
3857	2219
3858	2220
3859	2221
3860	2222
3861	2223
3862	2224
3863	2225
3864	2226
3865	2227
3866	2228
3867	2228
3868	2229
3869	2230
3870	2230
3871	2231
3872	2232
3873	2233
3874	2233
3875	2234
3876	2234
3877	2235
3878	2236
3879	2237
3880	2237
3881	2238
3882	2239
3883	2240
3884	2241
3885	2242
3886	2243
3887	2244
3888	2245
3889	2246
3890	2247
3891	2248
3892	2249
3893	2250
3894	2251
3895	2252
3896	2253
3897	2254
3898	2255
3899	2256
3900	2257
3901	2258
3902	2259
3903	2260
3904	2260
3905	2261
3906	2262
3907	2262
3908	2263
3909	2264
3910	2265
3911	2266
3912	2267
3913	2268
3914	2269
3915	2270
3916	2271
3917	2271
3918	2272
3919	2273
3920	2274
3921	2274
3922	2275
3923	2275
3924	2276
3925	2277
3926	2278
3927	2278
3928	2278
3929	2279
3930	2280
3931	2281
3932	2281
3933	2282
3934	2283
3935	2284
3936	2285
3937	2284
3938	2285
3939	2286
3940	2287
3941	2288
3942	2289
3943	2290
3944	2291
3945	2292
3946	2293
3947	2294
3948	2295
3949	2296
3950	2297
3951	2298
3952	2299
3953	2300
3954	2301
3955	2302
3956	2303
3957	2304
3958	2305
3959	2306
3960	2307
3961	2308
3962	2309
3963	2309
3964	2310
3965	2311
3966	2312
3967	2312
3968	2313
3969	2314
3970	2315
3971	2316
3972	2317
3973	2318
3974	2319
3975	2320
3976	2321
3977	2322
3978	2323
3979	2324
3980	2325
3981	2325
3982	2326
3983	2327
3984	2327
3985	2328
3986	2329
3987	2330
3988	2331
3989	2331
3990	2332
3991	2333
3992	2334
3993	2335
3994	2336
3995	2337
3996	2338
3997	2338
3998	2339
3999	2340
4000	2340
4001	2341
4002	2342
4003	2343
4004	2344
4005	2345
4006	2346
4007	2347
4008	2348
4009	2349
4010	2350
4011	2351
4012	2352
4013	2353
4014	2354
4015	2354
4016	2355
4017	2356
4018	2357
4019	2358
4020	2359
4021	2360
4022	2361
4023	2362
4024	2363
4025	2364
4026	2365
4027	2366
4028	2367
4029	2368
4030	2368
4031	2369
4032	2370
4033	2371
4034	2371
4035	2372
4036	2373
4037	2374
4038	2375
4039	2376
4040	2377
4041	2378
4042	2378
4043	2379
4044	2380
4045	2381
4046	2382
4047	2382
4048	2383
4049	2384
4050	2384
4051	2385
4052	2386
4053	2387
4054	2388
4055	2389
4056	2390
4057	2391
4058	2392
4059	2393
4060	2394
4061	2395
4062	2396
4063	2397
4064	2397
4065	2398
4066	2398
4067	2399
4068	2400
4069	2401
4070	2402
4071	2403
4072	2403
4073	2404
4074	2405
4075	2406
4076	2407
4077	2407
4078	2408
4079	2409
4080	2409
4081	2410
4082	2411
4083	2412
4084	2413
4085	2414
4086	2415
4087	2416
4088	2417
4089	2418
4090	2419
4091	2420
4092	2421
4093	2421
4094	2422
4095	2423
4096	2423
4097	2423
4098	2424
4099	2425
4100	2425
4101	2426
4102	2427
4103	2428
4104	2429
4105	2429
4106	2430
4107	2431
4108	2432
4109	2433
4110	2434
4111	2435
4112	2435
4113	2436
4114	2437
4115	2438
4116	2439
4117	2440
4118	2441
4119	2442
4120	2443
4121	2444
4122	2445
4123	2446
4124	2446
4125	2446
4126	2447
4127	2448
4128	2449
4129	2450
4130	2451
4131	2452
4132	2453
4133	2454
4134	2455
4135	2455
4136	2456
4137	2457
4138	2458
4139	2459
4140	2460
4141	2461
4142	2462
4143	2463
4144	2464
4145	2465
4146	2466
4147	2467
4148	2468
4149	2468
4150	2469
4151	2470
4152	2470
4153	2471
4154	2472
4155	2472
4156	2473
4157	2474
4158	2475
4159	2475
4160	2476
4161	2477
4162	2478
4163	2479
4164	2480
4165	2481
4166	2482
4167	2483
4168	2484
4169	2485
4170	2486
4171	2486
4172	2487
4173	2488
4174	2489
4175	2490
4176	2491
4177	2492
4178	2493
4179	2494
4180	2494
4181	2495
4182	2496
4183	2497
4184	2498
4185	2499
4186	2500
4187	2500
4188	2501
4189	2502
4190	2503
4191	2504
4192	2505
4193	2506
4194	2507
4195	2508
4196	2509
4197	2509
4198	2510
4199	2511
4200	2512
4201	2513
4202	2514
4203	2514
4204	2514
4205	2515
4206	2516
4207	2517
4208	2517
4209	2518
4210	2519
4211	2519
4212	2520
4213	2520
4214	2521
4215	2522
4216	2523
4217	2523
4218	2523
4219	2524
4220	2525
4221	2526
4222	2527
4223	2528
4224	2529
4225	2529
4226	2530
4227	2531
4228	2532
4229	2532
4230	2533
4231	2534
4232	2534
4233	2535
4234	2536
4235	2537
4236	2538
4237	2539
4238	2540
4239	2541
4240	2542
4241	2542
4242	2543
4243	2544
4244	2545
4245	2545
4246	2546
4247	2547
4248	2548
4249	2549
4250	2549
4251	2550
4252	2551
4253	2552
4254	2553
4255	2554
4256	2555
4257	2556
4258	2557
4259	2558
4260	2559
4261	2560
4262	2561
4263	2561
4264	2562
4265	2562
4266	2563
4267	2564
4268	2565
4269	2566
4270	2566
4271	2567
4272	2567
4273	2568
4274	2569
4275	2570
4276	2571
4277	2572
4278	2572
4279	2573
4280	2574
4281	2575
4282	2576
4283	2577
4284	2577
4285	2578
4286	2579
4287	2579
4288	2580
4289	2581
4290	2582
4291	2583
4292	2584
4293	2585
4294	2586
4295	2587
4296	2588
4297	2589
4298	2590
4299	2590
4300	2590
4301	2591
4302	2592
4303	2593
4304	2594
4305	2595
4306	2596
4307	2597
4308	2597
4309	2598
4310	2599
4311	2600
4312	2601
4313	2602
4314	2603
4315	2604
4316	2605
4317	2606
4318	2607
4319	2608
4320	2609
4321	2610
4322	2611
4323	2612
4324	2613
4325	2613
4326	2613
4327	2613
4328	2614
4329	2615
4330	2615
4331	2616
4332	2617
4333	2618
4334	2619
4335	2620
4336	2621
4337	2622
4338	2623
4339	2624
4340	2625
4341	2626
4342	2627
4343	2628
4344	2629
4345	2630
4346	2631
4347	2631
4348	2632
4349	2633
4350	2634
4351	2635
4352	2636
4353	2637
4354	2638
4355	2639
4356	2640
4357	2640
4358	2641
4359	2641
4360	2642
4361	2643
4362	2644
4363	2645
4364	2646
4365	2647
4366	2648
4367	2649
4368	2650
4369	2651
4370	2652
4371	2653
4372	2653
4373	2653
4374	2654
4375	2655
4376	2654
4377	2655
4378	2655
4379	2656
4380	2656
4381	2657
4382	2658
4383	2659
4384	2660
4385	2661
4386	2662
4387	2663
4388	2664
4389	2665
4390	2665
4391	2664
4392	2665
4393	2665
4394	2666
4395	2667
4396	2668
4397	2669
4398	2670
4399	2671
4400	2672
4401	2673
4402	2674
4403	2675
4404	2676
4405	2677
4406	2678
4407	2678
4408	2679
4409	2680
4410	2680
4411	2681
4412	2682
4413	2683
4414	2684
4415	2685
4416	2686
4417	2687
4418	2687
4419	2688
4420	2689
4421	2690
4422	2691
4423	2692
4424	2693
4425	2694
4426	2695
4427	2696
4428	2697
4429	2698
4430	2699
4431	2700
4432	2701
4433	2701
4434	2702
4435	2703
4436	2704
4437	2704
4438	2705
4439	2706
4440	2707
4441	2707
4442	2708
4443	2709
4444	2710
4445	2711
4446	2712
4447	2713
4448	2714
4449	2714
4450	2715
4451	2716
4452	2717
4453	2717
4454	2718
4455	2719
4456	2720
4457	2720
4458	2721
4459	2721
4460	2722
4461	2723
4462	2724
4463	2725
4464	2726
4465	2727
4466	2728
4467	2729
4468	2730
4469	2731
4470	2732
4471	2733
4472	2734
4473	2735
4474	2735
4475	2736
4476	2737
4477	2738
4478	2738
4479	2739
4480	2740
4481	2741
4482	2742
4483	2743
4484	2744
4485	2745
4486	2745
4487	2746
4488	2747
4489	2748
4490	2749
4491	2750
4492	2751
4493	2752
4494	2753
4495	2754
4496	2753
4497	2754
4498	2755
4499	2754
4500	2755
4501	2756
4502	2756
4503	2757
4504	2758
4505	2758
4506	2759
4507	2760
4508	2761
4509	2762
4510	2763
4511	2763
4512	2764
4513	2765
4514	2766
4515	2766
4516	2767
4517	2768
4518	2769
4519	2769
4520	2769
4521	2770
4522	2770
4523	2771
4524	2772
4525	2773
4526	2773
4527	2774
4528	2775
4529	2776
4530	2777
4531	2778
4532	2779
4533	2780
4534	2780
4535	2779
4536	2779
4537	2780
4538	2780
4539	2781
4540	2782
4541	2783
4542	2784
4543	2785
4544	2786
4545	2786
4546	2787
4547	2788
4548	2788
4549	2789
4550	2789
4551	2790
4552	2791
4553	2792
4554	2792
4555	2793
4556	2794
4557	2795
4558	2796
4559	2796
4560	2797
4561	2798
4562	2799
4563	2800
4564	2801
4565	2802
4566	2803
4567	2803
4568	2804
4569	2805
4570	2806
4571	2807
4572	2807
4573	2808
4574	2808
4575	2809
4576	2810
4577	2811
4578	2811
4579	2811
4580	2812
4581	2813
4582	2813
4583	2814
4584	2815
4585	2815
4586	2816
4587	2817
4588	2818
4589	2819
4590	2820
4591	2821
4592	2822
4593	2823
4594	2823
4595	2824
4596	2825
4597	2826
4598	2827
4599	2827
4600	2827
4601	2828
4602	2829
4603	2830
4604	2830
4605	2831
4606	2832
4607	2833
4608	2833
4609	2834
4610	2835
4611	2835
4612	2836
4613	2837
4614	2838
4615	2839
4616	2840
4617	2841
4618	2842
4619	2842
4620	2843
4621	2844
4622	2845
4623	2846
4624	2847
4625	2848
4626	2849
4627	2850
4628	2850
4629	2851
4630	2852
4631	2853
4632	2854
4633	2855
4634	2856
4635	2857
4636	2858
4637	2859
4638	2859
4639	2860
4640	2861
4641	2862
4642	2863
4643	2864
4644	2865
4645	2865
4646	2865
4647	2866
4648	2867
4649	2868
4650	2869
4651	2870
4652	2871
4653	2871
4654	2872
4655	2873
4656	2873
4657	2874
4658	2875
4659	2876
4660	2877
4661	2877
4662	2878
4663	2878
4664	2879
4665	2878
4666	2879
4667	2880
4668	2881
4669	2882
4670	2883
4671	2884
4672	2883
4673	2883
4674	2884
4675	2885
4676	2885
4677	2886
4678	2887
4679	2888
4680	2889
4681	2890
4682	2891
4683	2892
4684	2893
4685	2894
4686	2895
4687	2896
4688	2897
4689	2897
4690	2898
4691	2899
4692	2900
4693	2900
4694	2901
4695	2902
4696	2903
4697	2904
4698	2904
4699	2905
4700	2906
4701	2907
4702	2908
4703	2909
4704	2909
4705	2910
4706	2911
4707	2912
4708	2913
4709	2914
4710	2915
4711	2915
4712	2916
4713	2916
4714	2917
4715	2918
4716	2919
4717	2919
4718	2920
4719	2921
4720	2922
4721	2923
4722	2924
4723	2925
4724	2926
4725	2927
4726	2928
4727	2928
4728	2929
4729	2930
4730	2931
4731	2932
4732	2933
4733	2934
4734	2935
4735	2936
4736	2937
4737	2938
4738	2939
4739	2940
4740	2941
4741	2942
4742	2942
4743	2943
4744	2944
4745	2945
4746	2946
4747	2947
4748	2948
4749	2949
4750	2949
4751	2950
4752	2951
4753	2952
4754	2952
4755	2953
4756	2954
4757	2955
4758	2956
4759	2957
4760	2958
4761	2959
4762	2960
4763	2960
4764	2961
4765	2962
4766	2963
4767	2964
4768	2965
4769	2966
4770	2967
4771	2968
4772	2967
4773	2968
4774	2967
4775	2968
4776	2969
4777	2970
4778	2971
4779	2971
4780	2972
4781	2973
4782	2974
4783	2974
4784	2975
4785	2976
4786	2977
4787	2977
4788	2978
4789	2978
4790	2979
4791	2980
4792	2981
4793	2982
4794	2983
4795	2984
4796	2985
4797	2986
4798	2987
4799	2987
4800	2987
4801	2987
4802	2988
4803	2988
4804	2989
4805	2989
4806	2990
4807	2991
4808	2992
4809	2993
4810	2992
4811	2992
4812	2993
4813	2993
4814	2993
4815	2993
4816	2994
4817	2995
4818	2995
4819	2996
4820	2997
4821	2998
4822	2999
4823	3000
4824	3001
4825	3002
4826	3003
4827	3003
4828	3004
4829	3005
4830	3005
4831	3006
4832	3007
4833	3008
4834	3009
4835	3009
4836	3010
4837	3011
4838	3012
4839	3013
4840	3014
4841	3015
4842	3016
4843	3017
4844	3017
4845	3018
4846	3019
4847	3020
4848	3020
4849	3019
4850	3020
4851	3021
4852	3022
4853	3022
4854	3023
4855	3024
4856	3024
4857	3025
4858	3026
4859	3026
4860	3027
4861	3028
4862	3029
4863	3030
4864	3031
4865	3032
4866	3033
4867	3034
4868	3034
4869	3035
4870	3036
4871	3037
4872	3038
4873	3039
4874	3040
4875	3041
4876	3042
4877	3042
4878	3043
4879	3044
4880	3045
4881	3046
4882	3046
4883	3046
4884	3047
4885	3048
4886	3049
4887	3049
4888	3050
4889	3051
4890	3052
4891	3053
4892	3053
4893	3054
4894	3055
4895	3055
4896	3055
4897	3056
4898	3057
4899	3058
4900	3059
4901	3060
4902	3061
4903	3062
4904	3063
4905	3064
4906	3065
4907	3066
4908	3067
4909	3068
4910	3068
4911	3069
4912	3070
4913	3071
4914	3071
4915	3072
4916	3073
4917	3074
4918	3075
4919	3076
4920	3077
4921	3078
4922	3079
4923	3080
4924	3081
4925	3081
4926	3082
4927	3083
4928	3084
4929	3085
4930	3086
4931	3086
4932	3087
4933	3088
4934	3088
4935	3088
4936	3089
4937	3090
4938	3091
4939	3091
4940	3092
4941	3093
4942	3094
4943	3095
4944	3096
4945	3097
4946	3098
4947	3099
4948	3100
4949	3101
4950	3102
4951	3103
4952	3104
4953	3105
4954	3106
4955	3107
4956	3107
4957	3108
4958	3109
4959	3110
4960	3111
4961	3111
4962	3112
4963	3113
4964	3114
4965	3115
4966	3116
4967	3117
4968	3118
4969	3118
4970	3119
4971	3120
4972	3121
4973	3121
4974	3122
4975	3123
4976	3124
4977	3125
4978	3126
4979	3126
4980	3126
4981	3127
4982	3128
4983	3129
4984	3129
4985	3130
4986	3131
4987	3132
4988	3133
4989	3133
4990	3134
4991	3135
4992	3136
4993	3137
4994	3137
4995	3138
4996	3139
4997	3140
4998	3141
4999	3142
5000	3143
5001	3144
5002	3145
5003	3146
5004	3147
5005	3148
5006	3149
5007	3150
5008	3151
5009	3152
5010	3153
5011	3154
5012	3155
5013	3156
5014	3157
5015	3158
5016	3158
5017	3159
5018	3160
5019	3161
5020	3162
5021	3162
5022	3163
5023	3163
5024	3164
5025	3165
5026	3166
5027	3166
5028	3167
5029	3168
5030	3169
5031	3170
5032	3171
5033	3172
5034	3173
5035	3174
5036	3174
5037	3174
5038	3175
5039	3176
5040	3177
5041	3178
5042	3179
5043	3180
5044	3181
5045	3182
5046	3183
5047	3184
5048	3185
5049	3186
5050	3187
5051	3188
5052	3188
5053	3189
5054	3190
5055	3190
5056	3191
5057	3192
5058	3193
5059	3194
5060	3195
5061	3196
5062	3197
5063	3198
5064	3199
5065	3200
5066	3200
5067	3200
5068	3201
5069	3202
5070	3203
5071	3204
5072	3204
5073	3205
5074	3206
5075	3207
5076	3208
5077	3208
5078	3209
5079	3209
5080	3209
5081	3210
5082	3211
5083	3212
5084	3213
5085	3214
5086	3215
5087	3215
5088	3216
5089	3217
5090	3218
5091	3219
5092	3220
5093	3221
5094	3222
5095	3223
5096	3224
5097	3225
5098	3225
5099	3226
5100	3227
5101	3228
5102	3228
5103	3229
5104	3230
5105	3231
5106	3232
5107	3233
5108	3234
5109	3235
5110	3236
5111	3236
5112	3237
5113	3237
5114	3238
5115	3239
5116	3240
5117	3241
5118	3242
5119	3243
5120	3244
5121	3244
5122	3245
5123	3246
5124	3246
5125	3246
5126	3247
5127	3248
5128	3249
5129	3249
5130	3250
5131	3250
5132	3250
5133	3251
5134	3252
5135	3252
5136	3251
5137	3252
5138	3253
5139	3254
5140	3255
5141	3256
5142	3257
5143	3258
5144	3259
5145	3260
5146	3261
5147	3262
5148	3263
5149	3264
5150	3265
5151	3266
5152	3267
5153	3268
5154	3269
5155	3270
5156	3270
5157	3271
5158	3272
5159	3272
5160	3272
5161	3273
5162	3274
5163	3275
5164	3276
5165	3277
5166	3278
5167	3279
5168	3279
5169	3280
5170	3280
5171	3281
5172	3282
5173	3283
5174	3283
5175	3285
5176	3285
5177	3285
5178	3285
5179	3284
5180	3284
5181	3284
5182	3284
5183	3286
5184	3286
5185	3286
5186	3286
5187	3285
5188	3285
5189	3285
5190	3285
5191	3287
5192	3287
5193	3287
5194	3287
5195	3287
5196	3287
5197	3287
5198	3289
5199	3289
5200	3289
5201	3289
5202	3289
5203	3289
5204	3288
5205	3290
5206	3290
5207	3290
5208	3290
5209	3290
5210	3290
5211	3292
5212	3292
5213	3292
5214	3292
5215	3292
5216	3292
5217	3292
5218	3291
5219	3293
5220	3293
5221	3295
5222	3295
5223	3296
5224	3296
5225	3297
5226	3299
5227	3299
5228	3300
5229	3300
5230	3300
5231	3300
5232	3300
5233	3300
5234	3300
5235	3300
5236	3299
5237	3301
5238	3301
5239	3302
5240	3302
5241	3302
5242	3304
5243	3304
5244	3304
5245	3304
5246	3304
5247	3304
5248	3304
5249	3304
5250	3304
5251	3304
5252	3304
5253	3306
5254	3306
5255	3306
5256	3307
5257	3307
5258	3309
5259	3311
5260	3311
5261	3313
5262	3313
5263	3313
5264	3313
5265	3313
5266	3313
5267	3313
5268	3313
5269	3313
5270	3315
5271	3317
5272	3317
5273	3319
5274	3319
5275	3321
5276	3321
5277	3321
5278	3321
5279	3320
5280	3320
5281	3320
5282	3320
5283	3322
5284	3322
5285	3322
5286	3321
5287	3321
5288	3321
5289	3321
5290	3322
5291	3322
5292	3322
5293	3321
5294	3321
5295	3320
5296	3320
5297	3320
5298	3320
5299	3320
5300	3320
5301	3320
5302	3320
5303	3320
5304	3322
5305	3322
5306	3322
5307	3322
5308	3322
5309	3322
5310	3324
5311	3324
5312	3326
5313	3326
5314	3326
5315	3326
5316	3326
5317	3326
5318	3328
5319	3328
5320	3328
5321	3328
5322	3328
5323	3328
5324	3328
5325	3328
5326	3329
5327	3329
5328	3331
5329	3331
5330	3332
5331	3332
5332	3333
5333	3335
5334	3335
5335	3336
5336	3336
5337	3336
5338	3336
5339	3336
5340	3335
5341	3335
5342	3336
5343	3336
5344	3336
5345	3336
5346	3336
5347	3336
5348	3336
5349	3336
5350	3336
5351	3337
5352	3339
5353	3339
5354	3339
5355	3339
5356	3339
5357	3339
5358	3339
5359	3339
5360	3339
5361	3339
5362	3339
5363	3341
5364	3341
5365	3342
5366	3342
5367	3342
5368	3344
5369	3346
5370	3346
5371	3346
5372	3348
5373	3350
5374	3350
5375	3352
5376	3352
5377	3352
5378	3351
5379	3351
5380	3351
5381	3351
5382	3351
5383	3351
5384	3353
5385	3353
5386	3355
5387	3355
5388	3357
5389	3357
5390	3359
5391	3359
5392	3359
5393	3359
5394	3359
5395	3358
5396	3358
5397	3358
5398	3358
5399	3358
5400	3358
5401	3358
5402	3358
5403	3358
5404	3358
5405	3360
5406	3359
5407	3360
5408	3359
5409	3359
5410	3361
5411	3362
5412	3362
5413	3364
5414	3364
5415	3364
5416	3364
5417	3364
5418	3364
5419	3364
5420	3364
5421	3366
5422	3366
5423	3368
5424	3368
5425	3370
5426	3370
5427	3371
5428	3371
5429	3373
5430	3373
5431	3375
5432	3375
5433	3375
5434	3375
5435	3375
5436	3374
5437	3374
5438	3374
5439	3374
5440	3374
5441	3376
5442	3378
5443	3378
5444	3378
5445	3380
5446	3380
5447	3382
5448	3381
5449	3380
5450	3380
5451	3380
5452	3380
5453	3380
5454	3382
5455	3382
5456	3384
5457	3384
5458	3386
5459	3386
5460	3385
5461	3385
5462	3384
5463	3384
5464	3384
5465	3384
5466	3384
5467	3386
5468	3386
5469	3388
5470	3390
5471	3390
5472	3392
5473	3392
5474	3394
5475	3394
5476	3394
5477	3393
5478	3393
5479	3392
5480	3392
5481	3392
5482	3392
5483	3394
5484	3394
5485	3393
5486	3393
5487	3393
5488	3393
5489	3393
5490	3392
5491	3394
5492	3394
5493	3394
5494	3393
5495	3392
5496	3392
5497	3394
5498	3393
5499	3393
5500	3393
5501	3393
5502	3393
5503	3393
5504	3393
5505	3393
5506	3392
5507	3392
5508	3393
5509	3393
5510	3392
5511	3392
5512	3392
5513	3394
5514	3394
5515	3394
5516	3394
5517	3393
5518	3393
5519	3393
5520	3393
5521	3395
5522	3395
5523	3397
5524	3396
5525	3398
5526	3398
5527	3399
5528	3399
5529	3399
5530	3401
5531	3401
5532	3403
5533	3403
5534	3405
5535	3405
5536	3406
5537	3406
5538	3408
5539	3408
5540	3408
5541	3407
5542	3407
5543	3407
5544	3407
5545	3407
5546	3409
5547	3409
5548	3408
5549	3408
5550	3408
5551	3408
5552	3408
5553	3408
5554	3408
5555	3408
5556	3410
5557	3410
5558	3412
5559	3412
5560	3414
5561	3414
5562	3416
5563	3416
5564	3416
5565	3416
5566	3415
5567	3415
5568	3415
5569	3415
5570	3415
5571	3417
5572	3417
5573	3419
5574	3421
5575	3421
5576	3423
5577	3423
5578	3423
5579	3425
5580	3425
5581	3426
5582	3426
5583	3425
5584	3425
5585	3425
5586	3425
5587	3425
5588	3425
5589	3426
5590	3426
5591	3425
5592	3425
5593	3425
5594	3424
5595	3424
5596	3424
5597	3424
5598	3424
5599	3426
5600	3426
5601	3426
5602	3426
5603	3425
5604	3425
5605	3424
5606	3424
5607	3424
5608	3423
5609	3423
5610	3423
5611	3425
5612	3425
5613	3425
5614	3425
5615	3424
5616	3424
5617	3424
5618	3426
5619	3426
5620	3428
5621	3428
5622	3430
5623	3432
5624	3432
5625	3432
5626	3433
5627	3433
5628	3435
5629	3435
5630	3436
5631	3436
5632	3436
5633	3436
5634	3436
5635	3435
5636	3435
5637	3435
5638	3437
5639	3437
5640	3437
5641	3436
5642	3436
5643	3436
5644	3436
5645	3435
5646	3437
5647	3436
5648	3436
5649	3436
5650	3436
5651	3436
5652	3438
5653	3438
5654	3437
5655	3437
5656	3437
5657	3437
5658	3437
5659	3437
5660	3436
5661	3436
5662	3436
5663	3437
5664	3437
5665	3439
5666	3439
5667	3439
5668	3439
5669	3439
5670	3439
5671	3439
5672	3441
5673	3441
5674	3440
5675	3440
5676	3440
5677	3440
5678	3440
5679	3442
5680	3442
5681	3444
5682	3443
5683	3444
5684	3446
5685	3446
5686	3447
5687	3447
5688	3449
5689	3449
5690	3449
5691	3448
5692	3448
5693	3447
5694	3447
5695	3447
5696	3447
5697	3449
5698	3449
5699	3451
5700	3451
5701	3452
5702	3452
5703	3454
5704	3454
5705	3456
5706	3455
5707	3455
5708	3455
5709	3455
5710	3454
5711	3454
5712	3454
5713	3454
5714	3456
5715	3458
5716	3458
5717	3458
5718	3460
5719	3460
5720	3462
5721	3462
5722	3461
5723	3461
5724	3461
5725	3461
5726	3461
5727	3461
5728	3461
5729	3463
5730	3463
5731	3465
5732	3465
5733	3467
5734	3467
5735	3469
5736	3469
5737	3471
5738	3471
5739	3472
5740	3472
5741	3471
5742	3470
5743	3470
5744	3470
5745	3470
5746	3470
5747	3472
5748	3471
5749	3471
5750	3471
5751	3471
5752	3471
5753	3472
5754	3472
5755	3471
5756	3470
5757	3469
5758	3469
5759	3471
5760	3471
5761	3471
5762	3471
5763	3471
5764	3470
5765	3469
5766	3469
5767	3468
5768	3468
5769	3468
5770	3468
5771	3470
5772	3470
5773	3470
5774	3469
5775	3469
5776	3469
5777	3469
5778	3471
5779	3471
5780	3471
5781	3471
5782	3471
5783	3471
5784	3471
5785	3471
5786	3473
5787	3473
5788	3475
5789	3475
5790	3475
5791	3475
5792	3477
5793	3477
5794	3478
5795	3478
5796	3478
5797	3478
5798	3478
5799	3478
5800	3478
5801	3478
5802	3478
5803	3480
5804	3480
5805	3482
5806	3482
5807	3483
5808	3485
5809	3485
5810	3485
5811	3485
5812	3485
5813	3485
5814	3487
5815	3487
5816	3488
5817	3488
5818	3490
5819	3490
5820	3490
5821	3489
5822	3489
5823	3488
5824	3490
5825	3490
5826	3490
5827	3490
5828	3490
5829	3489
5830	3489
5831	3489
5832	3489
5833	3491
5834	3491
5835	3491
5836	3493
5837	3493
5838	3495
5839	3495
5840	3494
5841	3494
5842	3494
5843	3494
5844	3494
5845	3494
5846	3494
5847	3494
5848	3496
5849	3496
5850	3498
5851	3498
5852	3500
5853	3500
5854	3502
5855	3502
5856	3502
5857	3501
5858	3501
5859	3501
5860	3501
5861	3501
5862	3502
5863	3502
5864	3503
5865	3505
5866	3505
5867	3507
5868	3507
5869	3507
5870	3509
5871	3509
5872	3508
5873	3508
5874	3508
5875	3508
5876	3507
5877	3509
5878	3509
5879	3508
5880	3508
5881	3508
5882	3507
5883	3509
5884	3509
5885	3509
5886	3509
5887	3509
5888	3509
5889	3509
5890	3509
5891	3508
5892	3507
5893	3507
5894	3506
5895	3506
5896	3506
5897	3508
5898	3508
5899	3508
5900	3508
5901	3507
5902	3507
5903	3507
5904	3509
5905	3509
5906	3510
5907	3510
5908	3512
5909	3514
5910	3514
5911	3516
5912	3516
5913	3516
5914	3518
5915	3518
5916	3518
5917	3518
5918	3517
5919	3517
5920	3517
5921	3517
5922	3519
5923	3519
5924	3518
5925	3518
5926	3518
5927	3518
5928	3517
5929	3519
5930	3519
5931	3519
5932	3518
5933	3520
5934	3520
5935	3520
5936	3520
5937	3520
5938	3520
5939	3520
5940	3520
5941	3520
5942	3520
5943	3521
5944	3521
5945	3522
5946	3522
5947	3523
5948	3523
5949	3525
5950	3525
5951	3527
5952	3527
5953	3529
5954	3529
5955	3529
5956	3528
5957	3528
5958	3528
5959	3528
5960	3528
5961	3529
5962	3529
5963	3529
5964	3529
5965	3529
5966	3529
5967	3531
5968	3531
5969	3531
5970	3531
5971	3533
5972	3533
5973	3533
5974	3532
5975	3532
5976	3532
5977	3532
5978	3534
5979	3534
5980	3536
5981	3536
5982	3538
5983	3540
5984	3541
5985	3541
5986	3541
5987	3543
5988	3543
5989	3545
5990	3545
5991	3544
5992	3544
5993	3544
5994	3544
5995	3544
5996	3544
5997	3546
5998	3546
5999	3546
6000	3546
6001	3546
6002	3546
6003	3548
6004	3548
6005	3548
6006	3548
6007	3548
6008	3547
6009	3547
6010	3549
6011	3549
6012	3551
6013	3551
6014	3551
6015	3551
6016	3551
6017	3550
6018	3550
6019	3550
6020	3550
6021	3550
6022	3550
6023	3550
6024	3552
6025	3552
6026	3552
6027	3552
6028	3552
6029	3552
6030	3552
6031	3554
6032	3554
6033	3554
6034	3554
6035	3554
6036	3554
6037	3554
6038	3554
6039	3556
6040	3556
6041	3557
6042	3557
6043	3558
6044	3558
6045	3559
6046	3561
6047	3560
6048	3561
6049	3561
6050	3563
6051	3563
6052	3563
6053	3562
6054	3562
6055	3562
6056	3562
6057	3562
6058	3562
6059	3562
6060	3562
6061	3562
6062	3562
6063	3562
6064	3564
6065	3564
6066	3564
6067	3564
6068	3564
6069	3564
6070	3564
6071	3564
6072	3566
6073	3566
6074	3567
6075	3567
6076	3568
6077	3568
6078	3570
6079	3571
6080	3571
6081	3573
6082	3573
6083	3575
6084	3575
6085	3574
6086	3574
6087	3574
6088	3574
6089	3574
6090	3574
6091	3576
6092	3576
6093	3576
6094	3575
6095	3575
6096	3575
6097	3575
6098	3575
6099	3575
6100	3575
6101	3575
6102	3575
6103	3575
6104	3577
6105	3577
6106	3579
6107	3579
6108	3579
6109	3579
6110	3579
6111	3579
6112	3581
6113	3581
6114	3581
6115	3581
6116	3581
6117	3581
6118	3580
6119	3582
6120	3582
6121	3582
6122	3582
6123	3582
6124	3582
6125	3582
6126	3581
6127	3583
6128	3583
6129	3584
6130	3584
6131	3585
6132	3585
6133	3587
6134	3588
6135	3587
6136	3589
6137	3589
6138	3589
6139	3589
6140	3589
6141	3589
6142	3589
6143	3589
6144	3589
6145	3591
6146	3591
6147	3593
6148	3593
6149	3593
6150	3593
6151	3594
6152	3596
6153	3596
6154	3596
6155	3596
6156	3596
6157	3595
6158	3595
6159	3595
6160	3594
6161	3596
6162	3595
6163	3596
6164	3596
6165	3596
6166	3596
6167	3598
6168	3598
6169	3598
6170	3598
6171	3600
6172	3602
6173	3602
6174	3604
6175	3604
6176	3606
6177	3606
6178	3605
6179	3605
6180	3605
6181	3605
6182	3605
6183	3605
6184	3607
6185	3607
6186	3607
6187	3607
6188	3607
6189	3607
6190	3607
6191	3609
6192	3609
6193	3608
6194	3608
6195	3608
6196	3608
6197	3608
6198	3608
6199	3608
6200	3607
6201	3607
6202	3606
6203	3606
6204	3606
6205	3606
6206	3606
6207	3606
6208	3606
6209	3606
6210	3608
6211	3608
6212	3608
6213	3608
6214	3608
6215	3608
6216	3608
6217	3610
6218	3610
6219	3609
6220	3609
6221	3609
6222	3609
6223	3611
6224	3611
6225	3613
6226	3613
6227	3613
6228	3613
6229	3613
6230	3613
6231	3613
6232	3613
6233	3614
6234	3614
6235	3615
6236	3615
6237	3616
6238	3616
6239	3618
6240	3619
6241	3619
6242	3621
6243	3621
6244	3621
6245	3621
6246	3621
6247	3621
6248	3621
6249	3621
6250	3621
6251	3623
6252	3623
6253	3625
6254	3625
6255	3626
6256	3626
6257	3626
6258	3627
6259	3627
6260	3627
6261	3627
6262	3626
6263	3626
6264	3626
6265	3627
6266	3627
6267	3626
6268	3626
6269	3626
6270	3625
6271	3625
6272	3625
6273	3625
6274	3625
6275	3627
6276	3627
6277	3627
6278	3629
6279	3629
6280	3631
6281	3631
6282	3633
6283	3633
6284	3635
6285	3635
6286	3635
6287	3634
6288	3634
6289	3634
6290	3634
6291	3634
6292	3634
6293	3636
6294	3638
6295	3638
6296	3640
6297	3640
6298	3640
6299	3640
6300	3640
6301	3639
6302	3639
6303	3639
6304	3639
6305	3639
6306	3639
6307	3639
6308	3639
6309	3639
6310	3641
6311	3640
6312	3640
6313	3642
6314	3643
6315	3643
6316	3645
6317	3645
6318	3645
6319	3647
6320	3647
6321	3649
6322	3649
6323	3650
6324	3650
6325	3652
6326	3652
6327	3654
6328	3654
6329	3654
6330	3654
6331	3654
6332	3653
6333	3653
6334	3653
6335	3653
6336	3653
6337	3655
6338	3657
6339	3657
6340	3657
6341	3659
6342	3659
6343	3661
6344	3661
6345	3660
6346	3660
6347	3660
6348	3659
6349	3659
6350	3659
6351	3661
6352	3661
6353	3661
6354	3661
6355	3660
6356	3660
6357	3660
6358	3660
6359	3660
6360	3662
6361	3662
6362	3664
6363	3666
6364	3666
6365	3668
6366	3668
6367	3670
6368	3670
6369	3670
6370	3671
6371	3671
6372	3671
6373	3671
6374	3670
6375	3670
6376	3670
6377	3670
6378	3672
6379	3672
6380	3671
6381	3671
6382	3671
6383	3670
6384	3670
6385	3669
6386	3670
6387	3670
6388	3669
6389	3668
6390	3667
6391	3667
6392	3667
6393	3667
6394	3667
6395	3667
6396	3667
6397	3667
6398	3667
6399	3667
6400	3666
6401	3666
6402	3668
6403	3668
6404	3667
6405	3667
6406	3667
6407	3669
6408	3669
6409	3669
6410	3669
6411	3669
6412	3669
6413	3669
6414	3669
6415	3671
6416	3671
6417	3673
6418	3672
6419	3673
6420	3672
6421	3674
6422	3674
6423	3675
6424	3675
6425	3675
6426	3675
6427	3675
6428	3675
6429	3675
6430	3675
6431	3677
6432	3677
6433	3679
6434	3679
6435	3681
6436	3681
6437	3683
6438	3683
6439	3684
6440	3684
6441	3686
6442	3686
6443	3686
6444	3685
6445	3685
6446	3685
6447	3685
6448	3685
6449	3687
6450	3687
6451	3689
6452	3689
6453	3691
6454	3691
6455	3690
6456	3690
6457	3689
6458	3689
6459	3689
6460	3689
6461	3689
6462	3689
6463	3691
6464	3691
6465	3693
6466	3693
6467	3695
6468	3695
6469	3697
6470	3696
6471	3696
6472	3696
6473	3695
6474	3695
6475	3695
6476	3695
6477	3696
6478	3696
6479	3698
6480	3700
6481	3699
6482	3701
6483	3701
6484	3701
6485	3703
6486	3703
6487	3702
6488	3702
6489	3702
6490	3702
6491	3702
6492	3704
6493	3704
6494	3703
6495	3703
6496	3703
6497	3702
6498	3704
6499	3703
6500	3703
6501	3703
6502	3703
6503	3703
6504	3705
6505	3705
6506	3705
6507	3705
6508	3704
6509	3704
6510	3703
6511	3703
6512	3703
6513	3702
6514	3702
6515	3702
6516	3704
6517	3704
6518	3704
6519	3704
6520	3703
6521	3703
6522	3704
6523	3704
6524	3704
6525	3704
6526	3703
6527	3703
6528	3703
6529	3705
6530	3705
6531	3704
6532	3704
6533	3704
6534	3704
6535	3704
6536	3706
6537	3705
6538	3706
6539	3706
6540	3708
6541	3708
6542	3708
6543	3710
6544	3710
6545	3710
6546	3712
6547	3712
6548	3714
6549	3714
6550	3716
6551	3716
6552	3717
6553	3717
6554	3719
6555	3718
6556	3718
6557	3717
6558	3717
6559	3717
6560	3717
6561	3717
6562	3719
6563	3719
6564	3718
6565	3717
6566	3717
6567	3716
6568	3716
6569	3716
6570	3715
6571	3715
6572	3717
6573	3717
6574	3719
6575	3719
6576	3721
6577	3721
6578	3721
6579	3721
6580	3720
6581	3720
6582	3720
6583	3720
6584	3720
6585	3722
6586	3722
6587	3724
6588	3726
6589	3725
6590	3725
6591	3727
6592	3727
6593	3729
6594	3729
6595	3730
6596	3729
6597	3729
6598	3729
6599	3728
6600	3727
6601	3727
6602	3727
6603	3729
6604	3729
6605	3729
6606	3728
6607	3728
6608	3728
6609	3728
6610	3727
6611	3729
6612	3728
6613	3728
6614	3728
6615	3728
6616	3728
6617	3728
6618	3728
6619	3728
6620	3728
6621	3727
6622	3727
6623	3727
6624	3729
6625	3728
6626	3728
6627	3728
6628	3728
6629	3730
6630	3730
6631	3732
6632	3732
6633	3734
6634	3734
6635	3736
6636	3736
6637	3738
6638	3738
6639	3739
6640	3739
6641	3740
6642	3740
6643	3740
6644	3739
6645	3739
6646	3739
6647	3739
6648	3739
6649	3741
6650	3740
6651	3740
6652	3740
6653	3740
6654	3740
6655	3742
6656	3742
6657	3742
6658	3741
6659	3741
6660	3743
6661	3743
6662	3743
6663	3743
6664	3743
6665	3742
6666	3741
6667	3741
6668	3741
6669	3743
6670	3743
6671	3743
6672	3742
6673	3742
6674	3741
6675	3741
6676	3742
6677	3742
6678	3742
6679	3742
6680	3742
6681	3742
6682	3742
6683	3742
6684	3744
6685	3744
6686	3744
6687	3744
6688	3744
6689	3746
6690	3747
6691	3747
6692	3749
6693	3749
6694	3749
6695	3749
6696	3749
6697	3749
6698	3749
6699	3749
6700	3748
6701	3750
6702	3750
6703	3751
6704	3751
6705	3753
6706	3753
6707	3755
6708	3755
6709	3757
6710	3757
6711	3757
6712	3756
6713	3756
6714	3756
6715	3756
6716	3756
6717	3756
6718	3756
6719	3757
6720	3757
6721	3757
6722	3757
6723	3759
6724	3758
6725	3758
6726	3758
6727	3760
6728	3762
6729	3762
6730	3762
6731	3764
6732	3764
6733	3766
6734	3765
6735	3765
6736	3765
6737	3765
6738	3765
6739	3765
6740	3765
6741	3765
6742	3767
6743	3767
6744	3769
6745	3769
6746	3771
6747	3771
6748	3771
6749	3771
6750	3770
6751	3770
6752	3770
6753	3770
6754	3769
6755	3769
6756	3770
6757	3772
6758	3772
6759	3774
6760	3773
6761	3773
6762	3775
6763	3775
6764	3774
6765	3774
6766	3773
6767	3772
6768	3772
6769	3774
6770	3774
6771	3774
6772	3773
6773	3772
6774	3772
6775	3774
6776	3773
6777	3773
6778	3773
6779	3773
6780	3773
6781	3773
6782	3773
6783	3773
6784	3773
6785	3772
6786	3772
6787	3774
6788	3774
6789	3773
6790	3773
6791	3772
6792	3774
6793	3774
6794	3775
6795	3775
6796	3776
6797	3778
6798	3778
6799	3778
6800	3780
6801	3780
6802	3782
6803	3782
6804	3782
6805	3781
6806	3781
6807	3780
6808	3780
6809	3780
6810	3781
6811	3781
6812	3781
6813	3781
6814	3781
6815	3781
6816	3783
6817	3783
6818	3783
6819	3782
6820	3782
6821	3782
6822	3782
6823	3781
6824	3781
6825	3781
6826	3783
6827	3783
6828	3783
6829	3785
6830	3785
6831	3787
6832	3787
6833	3789
6834	3790
6835	3790
6836	3792
6837	3794
6838	3794
6839	3794
6840	3796
6841	3796
6842	3796
6843	3796
6844	3795
6845	3795
6846	3795
6847	3795
6848	3797
6849	3797
6850	3797
6851	3797
6852	3797
6853	3797
6854	3796
6855	3798
6856	3798
6857	3798
6858	3798
6859	3798
6860	3798
6861	3798
6862	3798
6863	3800
6864	3802
6865	3802
6866	3802
6867	3804
6868	3804
6869	3806
6870	3805
6871	3804
6872	3803
6873	3803
6874	3803
6875	3803
6876	3803
6877	3805
6878	3805
6879	3807
6880	3807
6881	3807
6882	3807
6883	3807
6884	3806
6885	3808
6886	3808
6887	3808
6888	3808
6889	3808
6890	3807
6891	3807
6892	3808
6893	3810
6894	3810
6895	3810
6896	3810
6897	3810
6898	3809
6899	3809
6900	3809
6901	3809
6902	3809
6903	3809
6904	3809
6905	3809
6906	3809
6907	3811
6908	3811
6909	3810
6910	3810
6911	3810
6912	3810
6913	3810
6914	3809
6915	3811
6916	3811
6917	3813
6918	3813
6919	3814
6920	3814
6921	3815
6922	3817
6923	3817
6924	3818
6925	3818
6926	3820
6927	3820
6928	3822
6929	3822
6930	3822
6931	3821
6932	3821
6933	3821
6934	3821
6935	3821
6936	3821
6937	3821
6938	3821
6939	3821
6940	3823
6941	3823
6942	3823
6943	3823
6944	3823
6945	3823
6946	3823
6947	3825
6948	3825
6949	3825
6950	3825
6951	3825
6952	3825
6953	3825
6954	3825
6955	3827
6956	3827
6957	3828
6958	3828
6959	3829
6960	3829
6961	3830
6962	3831
6963	3831
6964	3833
6965	3832
6966	3832
6967	3832
6968	3832
6969	3832
6970	3832
6971	3832
6972	3832
6973	3834
6974	3834
6975	3836
6976	3836
6977	3836
6978	3836
6979	3838
6980	3838
6981	3839
6982	3839
6983	3839
6984	3839
6985	3839
6986	3839
6987	3839
6988	3839
6989	3839
6990	3841
6991	3841
6992	3843
6993	3842
6994	3843
6995	3845
6996	3845
6997	3845
6998	3845
6999	3846
7000	3846
7001	3847
7002	3847
7003	3849
7004	3849
7005	3850
7006	3849
7007	3851
7008	3851
7009	3851
7010	3850
7011	3849
7012	3849
7013	3849
7014	3849
7015	3851
7016	3851
7017	3851
7018	3851
7019	3851
7020	3850
7021	3850
7022	3850
7023	3852
7024	3851
7025	3851
7026	3851
7027	3853
7028	3853
7029	3852
7030	3851
7031	3851
7032	3851
7033	3851
7034	3851
7035	3853
7036	3853
7037	3855
7038	3855
7039	3857
7040	3857
7041	3857
7042	3857
7043	3856
7044	3856
7045	3856
7046	3856
7047	3856
7048	3858
7049	3858
7050	3860
7051	3862
7052	3862
7053	3864
7054	3864
7055	3864
7056	3866
7057	3865
7058	3864
7059	3864
7060	3864
7061	3864
7062	3864
7063	3866
7064	3866
7065	3865
7066	3865
7067	3865
7068	3864
7069	3866
7070	3866
7071	3866
7072	3866
7073	3866
7074	3866
7075	3867
7076	3866
7077	3866
7078	3866
7079	3865
7080	3864
7081	3863
7082	3862
7083	3862
7084	3861
7085	3861
7086	3861
7087	3863
7088	3863
7089	3863
7090	3863
7091	3862
7092	3862
7093	3862
7094	3864
7095	3864
7096	3866
7097	3866
7098	3868
7099	3869
7100	3869
7101	3871
7102	3871
7103	3873
7104	3873
7105	3873
7106	3875
7107	3875
7108	3875
7109	3875
7110	3874
7111	3874
7112	3874
7113	3874
7114	3876
7115	3876
7116	3875
7117	3875
7118	3875
7119	3875
7120	3875
7121	3874
7122	3876
7123	3876
7124	3876
7125	3875
7126	3877
7127	3877
7128	3877
7129	3877
7130	3877
7131	3877
7132	3877
7133	3877
7134	3877
7135	3876
7136	3875
7137	3875
7138	3876
7139	3876
7140	3877
7141	3877
7142	3879
7143	3879
7144	3881
7145	3881
7146	3883
7147	3882
7148	3884
7149	3884
7150	3883
7151	3883
7152	3883
7153	3883
7154	3883
7155	3884
7156	3884
7157	3884
7158	3884
7159	3884
7160	3884
7161	3886
7162	3886
7163	3886
7164	3886
7165	3888
7166	3888
7167	3888
7168	3887
7169	3887
7170	3887
7171	3887
7172	3889
7173	3889
7174	3890
7175	3890
7176	3892
7177	3894
7178	3895
7179	3894
7180	3894
7181	3896
7182	3896
7183	3898
7184	3898
7185	3897
7186	3897
7187	3897
7188	3897
7189	3897
7190	3897
7191	3899
7192	3899
7193	3899
7194	3899
7195	3899
7196	3899
7197	3901
7198	3901
7199	3903
7200	3903
7201	3903
7202	3902
7203	3902
7204	3901
7205	3901
7206	3901
7207	3901
7208	3901
7209	3901
7210	3900
7211	3900
7212	3900
7213	3899
7214	3899
7215	3899
7216	3899
7217	3899
7218	3901
7219	3901
7220	3901
7221	3901
7222	3901
7223	3901
7224	3901
7225	3901
7226	3903
7227	3903
7228	3904
7229	3904
7230	3905
7231	3904
7232	3905
7233	3905
7234	3905
7235	3905
7236	3905
7237	3904
7238	3904
7239	3904
7240	3904
7241	3906
7242	3906
7243	3908
7244	3910
7245	3910
7246	3910
7247	3909
7248	3909
7249	3909
7250	3909
7251	3911
7252	3911
7253	3912
7254	3914
7255	3914
7256	3915
7257	3915
7258	3915
7259	3917
7260	3917
7261	3919
7262	3919
7263	3919
7264	3921
7265	3921
7266	3921
7267	3920
7268	3919
7269	3919
7270	3919
7271	3919
7272	3919
7273	3921
7274	3921
7275	3923
7276	3923
7277	3924
7278	3924
7279	3926
7280	3926
7281	3928
7282	3928
7283	3928
7284	3928
7285	3927
7286	3927
7287	3927
7288	3926
7289	3925
7290	3927
7291	3927
7292	3927
7293	3928
7294	3928
7295	3930
7296	3930
7297	3929
7298	3929
7299	3929
7300	3929
7301	3928
7302	3930
7303	3930
7304	3930
7305	3930
7306	3929
7307	3929
7308	3929
7309	3929
7310	3929
7311	3931
7312	3931
7313	3933
7314	3933
7315	3933
7316	3935
7317	3935
7318	3934
7319	3936
7320	3935
7321	3935
7322	3935
7323	3935
7324	3935
7325	3937
7326	3937
7327	3937
7328	3936
7329	3935
7330	3935
7331	3935
7332	3935
7333	3935
7334	3935
7335	3934
7336	3933
7337	3932
7338	3932
7339	3932
7340	3932
7341	3934
7342	3934
7343	3934
7344	3933
7345	3933
7346	3933
7347	3933
7348	3935
7349	3935
7350	3937
7351	3937
7352	3939
7353	3941
7354	3941
7355	3943
7356	3944
7357	3944
7358	3946
7359	3946
7360	3946
7361	3945
7362	3945
7363	3945
7364	3945
7365	3945
7366	3947
7367	3947
7368	3947
7369	3947
7370	3947
7371	3946
7372	3946
7373	3946
7374	3947
7375	3949
7376	3949
7377	3951
7378	3951
7379	3951
7380	3951
7381	3951
7382	3953
7383	3952
7384	3952
7385	3952
7386	3951
7387	3951
7388	3950
7389	3950
7390	3951
7391	3951
7392	3951
7393	3951
7394	3951
7395	3951
7396	3951
7397	3953
7398	3953
7399	3953
7400	3953
7401	3952
7402	3952
7403	3952
7404	3954
7405	3956
7406	3956
7407	3956
7408	3956
7409	3955
7410	3955
7411	3955
7412	3955
7413	3957
7414	3957
7415	3957
7416	3957
7417	3957
7418	3957
7419	3957
7420	3957
7421	3959
7422	3959
7423	3959
7424	3958
7425	3958
7426	3957
7427	3958
7428	3958
7429	3958
7430	3958
7431	3958
7432	3958
7433	3958
7434	3960
7435	3960
7436	3961
7437	3961
7438	3962
7439	3962
7440	3963
7441	3962
7442	3963
7443	3963
7444	3963
7445	3963
7446	3963
7447	3963
7448	3963
7449	3963
7450	3965
7451	3965
7452	3965
7453	3965
7454	3965
7455	3965
7456	3965
7457	3965
7458	3967
7459	3967
7460	3968
7461	3969
7462	3969
7463	3971
7464	3972
7465	3972
7466	3974
7467	3974
7468	3973
7469	3973
7470	3973
7471	3973
7472	3973
7473	3973
7474	3973
7475	3975
7476	3975
7477	3975
7478	3975
7479	3975
7480	3977
7481	3978
7482	3978
7483	3980
7484	3980
7485	3980
7486	3980
7487	3980
7488	3980
7489	3980
7490	3980
7491	3980
7492	3982
7493	3981
7494	3982
7495	3982
7496	3984
7497	3984
7498	3986
7499	3986
7500	3988
7501	3988
7502	3988
7503	3987
7504	3987
7505	3987
7506	3987
7507	3987
7508	3987
7509	3988
7510	3988
7511	3988
7512	3989
7513	3988
7514	3990
7515	3990
7516	3992
7517	3992
7518	3991
7519	3991
7520	3991
7521	3990
7522	3990
7523	3990
7524	3990
7525	3990
7526	3992
7527	3994
7528	3994
7529	3994
7530	3996
7531	3996
7532	3995
7533	3995
7534	3995
7535	3995
7536	3995
7537	3995
7538	3995
7539	3997
7540	3996
7541	3996
7542	3998
7543	3998
7544	3997
7545	3996
7546	3996
7547	3996
7548	3996
7549	3998
7550	3998
7551	4000
7552	4002
7553	4002
7554	4004
7555	4004
7556	4004
7557	4005
7558	4004
7559	4004
7560	4004
7561	4003
7562	4003
7563	4003
7564	4004
7565	4003
7566	4002
7567	4001
7568	4001
7569	4001
7570	4000
7571	3999
7572	4001
7573	4001
7574	4001
7575	4000
7576	3999
7577	3999
7578	4001
7579	4001
7580	4001
7581	4001
7582	4001
7583	4001
7584	4001
7585	4001
7586	4001
7587	4001
7588	4000
7589	4000
7590	4002
7591	4002
7592	4001
7593	4001
7594	4001
7595	4003
7596	4003
7597	4004
7598	4004
7599	4005
7600	4007
7601	4007
7602	4007
7603	4009
7604	4008
7605	4010
7606	4010
7607	4010
7608	4010
7609	4010
7610	4009
7611	4009
7612	4009
7613	4009
7614	4009
7615	4009
7616	4009
7617	4009
7618	4011
7619	4011
7620	4011
7621	4010
7622	4010
7623	4010
7624	4010
7625	4009
7626	4009
7627	4009
7628	4011
7629	4011
7630	4011
7631	4013
7632	4013
7633	4014
7634	4014
7635	4016
7636	4015
7637	4017
7638	4017
7639	4019
7640	4019
7641	4019
7642	4019
7643	4018
7644	4018
7645	4018
7646	4018
7647	4018
7648	4020
7649	4020
7650	4022
7651	4024
7652	4024
7653	4025
7654	4025
7655	4025
7656	4027
7657	4027
7658	4029
7659	4029
7660	4028
7661	4028
7662	4028
7663	4028
7664	4028
7665	4028
7666	4030
7667	4030
7668	4032
7669	4032
7670	4032
7671	4032
7672	4032
7673	4032
7674	4034
7675	4034
7676	4034
7677	4034
7678	4033
7679	4033
7680	4032
7681	4032
7682	4032
7683	4032
7684	4032
7685	4031
7686	4030
7687	4032
7688	4032
7689	4034
7690	4034
7691	4034
7692	4033
7693	4033
7694	4032
7695	4032
7696	4032
7697	4032
7698	4032
7699	4032
7700	4032
7701	4031
7702	4031
7703	4030
7704	4030
7705	4030
7706	4030
7707	4030
7708	4032
7709	4032
7710	4032
7711	4032
7712	4032
7713	4032
7714	4032
7715	4032
7716	4034
7717	4034
7718	4035
7719	4035
7720	4036
7721	4037
7722	4037
7723	4036
7724	4036
7725	4036
7726	4035
7727	4035
7728	4035
7729	4035
7730	4035
7731	4037
7732	4037
7733	4039
7734	4041
7735	4041
7736	4041
7737	4040
7738	4040
7739	4040
7740	4040
7741	4042
7742	4042
7743	4043
7744	4044
7745	4044
7746	4046
7747	4046
7748	4046
7749	4048
7750	4048
7751	4050
7752	4050
7753	4052
7754	4052
7755	4053
7756	4053
7757	4055
7758	4055
7759	4054
7760	4054
7761	4054
7762	4054
7763	4054
7764	4054
7765	4056
7766	4056
7767	4056
7768	4058
7769	4058
7770	4060
7771	4060
7772	4059
7773	4059
7774	4059
7775	4058
7776	4058
7777	4058
7778	4060
7779	4060
7780	4059
7781	4059
7782	4059
7783	4059
7784	4059
7785	4059
7786	4058
7787	4057
7788	4057
7789	4059
7790	4059
7791	4059
7792	4061
7793	4061
7794	4061
7795	4060
7796	4060
7797	4059
7798	4059
7799	4059
7800	4061
7801	4061
7802	4063
7803	4063
7804	4065
7805	4065
7806	4065
7807	4064
7808	4064
7809	4064
7810	4063
7811	4063
7812	4063
7813	4062
7814	4064
7815	4063
7816	4063
7817	4063
7818	4063
7819	4063
7820	4065
7821	4065
7822	4064
7823	4064
7824	4064
7825	4063
7826	4063
7827	4063
7828	4063
7829	4062
7830	4062
7831	4062
7832	4064
7833	4063
7834	4063
7835	4063
7836	4063
7837	4065
7838	4065
7839	4067
7840	4067
7841	4068
7842	4070
7843	4070
7844	4069
7845	4071
7846	4071
7847	4071
7848	4071
7849	4071
7850	4070
7851	4070
7852	4070
7853	4070
7854	4071
7855	4073
7856	4073
7857	4075
7858	4075
7859	4075
7860	4075
7861	4075
7862	4075
7863	4074
7864	4073
7865	4073
7866	4072
7867	4072
7868	4072
7869	4072
7870	4072
7871	4072
7872	4072
7873	4072
7874	4072
7875	4072
7876	4072
7877	4071
7878	4071
7879	4073
7880	4073
7881	4073
7882	4075
7883	4075
7884	4075
7885	4075
7886	4075
7887	4075
7888	4075
7889	4077
7890	4077
7891	4077
7892	4077
7893	4077
7894	4077
7895	4077
7896	4077
7897	4079
7898	4079
7899	4081
7900	4081
7901	4082
7902	4083
7903	4085
7904	4085
7905	4086
7906	4086
7907	4088
7908	4088
7909	4087
7910	4087
7911	4087
7912	4087
7913	4087
7914	4087
7915	4089
7916	4089
7917	4089
7918	4089
7919	4089
7920	4089
7921	4089
7922	4089
7923	4091
7924	4091
7925	4091
7926	4091
7927	4090
7928	4089
7929	4090
7930	4090
7931	4090
7932	4090
7933	4090
7934	4090
7935	4090
7936	4092
7937	4092
7938	4093
7939	4093
7940	4094
7941	4094
7942	4095
7943	4096
7944	4096
7945	4095
7946	4095
7947	4095
7948	4095
7949	4097
7950	4097
7951	4097
7952	4099
7953	4099
7954	4101
7955	4101
7956	4103
7957	4102
7958	4102
7959	4101
7960	4101
7961	4101
7962	4101
7963	4101
7964	4101
7965	4101
7966	4100
7967	4100
7968	4102
7969	4102
7970	4102
7971	4102
7972	4102
7973	4101
7974	4100
7975	4100
7976	4099
7977	4099
7978	4099
7979	4099
7980	4101
7981	4101
7982	4101
7983	4100
7984	4100
7985	4100
7986	4100
7987	4102
7988	4102
7989	4103
7990	4103
7991	4105
7992	4107
7993	4106
7994	4107
7995	4107
7996	4109
7997	4109
7998	4111
7999	4110
8000	4109
8001	4109
8002	4109
8003	4109
8004	4109
8005	4109
8006	4109
8007	4108
8008	4108
8009	4108
8010	4107
8011	4106
8012	4106
8013	4108
8014	4108
8015	4108
8016	4108
8017	4108
8018	4108
8019	4108
8020	4108
8021	4110
8022	4110
8023	4110
8024	4110
8025	4112
8026	4112
8027	4112
8028	4112
8029	4112
8030	4112
8031	4111
8032	4113
8033	4113
8034	4113
8035	4113
8036	4113
8037	4113
8038	4113
8039	4113
8040	4114
8041	4114
8042	4115
8043	4115
8044	4116
8045	4116
8046	4118
8047	4119
8048	4119
8049	4121
8050	4121
8051	4123
8052	4123
8053	4124
8054	4124
8055	4124
8056	4123
8057	4123
8058	4122
8059	4122
8060	4122
8061	4122
8062	4122
8063	4122
8064	4122
8065	4122
8066	4122
8067	4123
8068	4123
8069	4122
8070	4122
8071	4122
8072	4122
8073	4122
8074	4124
8075	4124
8076	4124
8077	4124
8078	4124
8079	4124
8080	4124
8081	4123
8082	4124
8083	4124
8084	4125
8085	4125
8086	4126
8087	4125
8088	4126
8089	4126
8090	4128
8091	4127
8092	4126
8093	4126
8094	4126
8095	4126
8096	4126
8097	4128
8098	4128
8099	4128
8100	4127
8101	4127
8102	4127
8103	4127
8104	4127
8105	4126
8106	4126
8107	4126
8108	4126
8109	4126
8110	4128
8111	4128
8112	4128
8113	4128
8114	4128
8115	4128
8116	4128
8117	4130
8118	4130
8119	4129
8120	4129
8121	4129
8122	4128
8123	4128
8124	4128
8125	4128
8126	4130
8127	4129
8128	4129
8129	4129
8130	4129
8131	4128
8132	4128
8133	4129
8134	4129
8135	4130
8136	4129
8137	4130
8138	4131
8139	4131
8140	4133
8141	4133
8142	4133
8143	4132
8144	4132
8145	4132
8146	4131
8147	4131
8148	4131
8149	4133
8150	4133
8151	4134
8152	4134
8153	4134
8154	4134
8155	4133
8156	4133
8157	4133
8158	4133
8159	4133
8160	4132
8161	4131
8162	4131
8163	4133
8164	4133
8165	4134
8166	4134
8167	4135
8168	4135
8169	4134
8170	4134
8171	4134
8172	4134
8173	4133
8174	4133
8175	4133
8176	4134
8177	4134
8178	4134
8179	4136
8180	4136
8181	4136
8182	4138
8183	4138
8184	4140
8185	4140
8186	4139
8187	4141
8188	4141
8189	4140
8190	4139
8191	4139
8192	4139
8193	4139
8194	4139
8195	4141
8196	4143
8197	4143
8198	4145
8199	4145
8200	4145
8201	4145
8202	4145
8203	4144
8204	4144
8205	4144
8206	4144
8207	4144
8208	4144
8209	4146
8210	4146
8211	4146
8212	4148
8213	4148
8214	4150
8215	4150
8216	4152
8217	4151
8218	4151
8219	4151
8220	4151
8221	4150
8222	4150
8223	4150
8224	4152
8225	4152
8226	4152
8227	4151
8228	4151
8229	4151
8230	4151
8231	4150
8232	4149
8233	4149
8234	4149
8235	4148
8236	4148
8237	4148
8238	4148
8239	4147
8240	4147
8241	4147
8242	4149
8243	4148
8244	4148
8245	4148
8246	4148
8247	4150
8248	4150
8249	4151
8250	4151
8251	4153
8252	4154
8253	4154
8254	4156
8255	4155
8256	4157
8257	4157
8258	4159
8259	4158
8260	4158
8261	4158
8262	4157
8263	4157
8264	4157
8265	4157
8266	4157
8267	4157
8268	4156
8269	4156
8270	4156
8271	4155
8272	4157
8273	4157
8274	4156
8275	4156
8276	4156
8277	4156
8278	4156
8279	4156
8280	4158
8281	4158
8282	4158
8283	4158
8284	4158
8285	4158
8286	4157
8287	4159
8288	4159
8289	4159
8290	4159
8291	4161
8292	4161
8293	4161
8294	4161
8295	4161
8296	4161
8297	4161
8298	4161
8299	4162
8300	4162
8301	4164
8302	4164
8303	4164
8304	4165
8305	4167
8306	4167
8307	4168
8308	4168
8309	4170
8310	4170
8311	4171
8312	4171
8313	4171
8314	4170
8315	4170
8316	4169
8317	4169
8318	4169
8319	4169
8320	4170
8321	4170
8322	4170
8323	4170
8324	4170
8325	4170
8326	4170
8327	4169
8328	4169
8329	4169
8330	4169
8331	4169
8332	4171
8333	4171
8334	4171
8335	4171
8336	4171
8337	4171
8338	4171
8339	4171
8340	4172
8341	4172
8342	4173
8343	4172
8344	4173
8345	4174
8346	4174
8347	4173
8348	4175
8349	4174
8350	4174
8351	4173
8352	4173
8353	4173
8354	4173
8355	4175
8356	4175
8357	4175
8358	4175
8359	4175
8360	4174
8361	4174
8362	4174
8363	4174
8364	4174
8365	4174
8366	4174
8367	4174
8368	4174
8369	4176
8370	4175
8371	4175
8372	4175
8373	4175
8374	4175
8375	4177
8376	4177
8377	4179
8378	4179
8379	4179
8380	4179
8381	4178
8382	4178
8383	4177
8384	4177
8385	4177
8386	4177
8387	4176
8388	4176
8389	4177
8390	4177
8391	4178
8392	4180
8393	4180
8394	4181
8395	4181
8396	4181
8397	4181
8398	4181
8399	4181
8400	4180
8401	4179
8402	4179
8403	4181
8404	4181
8405	4182
8406	4182
8407	4183
8408	4183
8409	4182
8410	4182
8411	4182
8412	4181
8413	4181
8414	4181
8415	4181
8416	4181
8417	4182
8418	4184
8419	4184
8420	4184
8421	4184
8422	4184
8423	4183
8424	4183
8425	4183
8426	4183
8427	4183
8428	4185
8429	4185
8430	4186
8431	4186
8432	4185
8433	4185
8434	4187
8435	4189
8436	4189
8437	4191
8438	4191
8439	4191
8440	4190
8441	4190
8442	4190
8443	4190
8444	4190
8445	4190
8446	4192
8447	4192
8448	4194
8449	4194
8450	4193
8451	4195
8452	4195
8453	4195
8454	4195
8455	4194
8456	4193
8457	4193
8458	4194
8459	4195
8460	4196
8461	4197
8462	4198
8463	4198
8464	4199
8465	4200
8466	4201
8467	4202
8468	4203
8469	4204
8470	4205
8471	4206
8472	4207
8473	4207
8474	4208
8475	4209
8476	4210
8477	4211
8478	4212
8479	4213
8480	4213
8481	4213
8482	4214
8483	4215
8484	4216
8485	4217
8486	4218
8487	4219
8488	4219
8489	4220
8490	4221
8491	4221
8492	4222
8493	4222
8494	4223
8495	4223
8496	4223
8497	4223
8498	4224
8499	4225
8500	4226
8501	4227
8502	4228
8503	4229
8504	4230
8505	4231
8506	4232
8507	4233
8508	4234
8509	4234
8510	4235
8511	4235
8512	4236
8513	4236
8514	4236
8515	4237
8516	4238
8517	4239
8518	4240
8519	4241
8520	4242
8521	4243
8522	4244
8523	4245
8524	4245
8525	4246
8526	4247
8527	4248
8528	4248
8529	4248
8530	4249
8531	4250
8532	4249
8533	4249
8534	4250
8535	4251
8536	4252
8537	4253
8538	4254
8539	4253
8540	4254
8541	4255
8542	4256
8543	4257
8544	4258
8545	4259
8546	4259
8547	4260
8548	4260
8549	4261
8550	4262
8551	4263
8552	4264
8553	4265
8554	4265
8555	4266
8556	4267
8557	4268
8558	4269
8559	4270
8560	4271
8561	4271
8562	4272
8563	4273
8564	4274
8565	4275
8566	4276
8567	4277
8568	4278
8569	4278
8570	4279
8571	4280
8572	4281
8573	4282
8574	4283
8575	4284
8576	4285
8577	4286
8578	4287
8579	4288
8580	4288
8581	4289
8582	4290
8583	4291
8584	4292
8585	4293
8586	4294
8587	4294
8588	4295
8589	4295
8590	4296
8591	4297
8592	4297
8593	4298
8594	4299
8595	4300
8596	4301
8597	4302
8598	4303
8599	4304
8600	4305
8601	4306
8602	4307
8603	4308
8604	4309
8605	4310
8606	4311
8607	4312
8608	4313
8609	4313
8610	4314
8611	4315
8612	4314
8613	4315
8614	4315
8615	4316
8616	4317
8617	4318
8618	4319
8619	4319
8620	4320
8621	4321
8622	4322
8623	4322
8624	4323
8625	4324
8626	4325
8627	4325
8628	4326
8629	4326
8630	4327
8631	4328
8632	4329
8633	4330
8634	4331
8635	4332
8636	4333
8637	4334
8638	4334
8639	4334
8640	4333
8641	4333
8642	4334
8643	4335
8644	4335
8645	4336
8646	4336
8647	4337
8648	4338
8649	4337
8650	4337
8651	4338
8652	4339
8653	4340
8654	4341
8655	4342
8656	4342
8657	4343
8658	4344
8659	4344
8660	4345
8661	4346
8662	4347
8663	4348
8664	4349
8665	4350
8666	4351
8667	4352
8668	4352
8669	4353
8670	4354
8671	4354
8672	4355
8673	4356
8674	4357
8675	4358
8676	4359
8677	4360
8678	4361
8679	4362
8680	4361
8681	4362
8682	4363
8683	4364
8684	4364
8685	4365
8686	4366
8687	4367
8688	4368
8689	4369
8690	4369
8691	4369
8692	4369
8693	4369
8694	4370
8695	4371
8696	4372
8697	4372
8698	4373
8699	4374
8700	4374
8701	4375
8702	4376
8703	4377
8704	4378
8705	4379
8706	4380
8707	4381
8708	4382
8709	4383
8710	4384
8711	4385
8712	4386
8713	4386
8714	4386
8715	4386
8716	4387
8717	4388
8718	4389
8719	4390
8720	4391
8721	4392
8722	4392
8723	4393
8724	4394
8725	4395
8726	4396
8727	4397
8728	4398
8729	4399
8730	4400
8731	4401
8732	4402
8733	4403
8734	4404
8735	4405
8736	4406
8737	4407
8738	4408
8739	4409
8740	4409
8741	4410
8742	4411
8743	4411
8744	4412
8745	4412
8746	4412
8747	4413
8748	4414
8749	4415
8750	4416
8751	4417
8752	4418
8753	4419
8754	4420
8755	4421
8756	4422
8757	4423
8758	4422
8759	4422
8760	4423
8761	4424
8762	4425
8763	4426
8764	4427
8765	4428
8766	4429
8767	4430
8768	4431
8769	4432
8770	4433
8771	4434
8772	4435
8773	4435
8774	4436
8775	4437
8776	4438
8777	4438
8778	4439
8779	4440
8780	4441
8781	4442
8782	4443
8783	4444
8784	4445
8785	4446
8786	4447
8787	4448
8788	4448
8789	4448
8790	4449
8791	4450
8792	4451
8793	4452
8794	4452
8795	4453
8796	4454
8797	4454
8798	4454
8799	4455
8800	4456
8801	4457
8802	4457
8803	4458
8804	4459
8805	4460
8806	4461
8807	4462
8808	4463
8809	4464
8810	4465
8811	4466
8812	4467
8813	4468
8814	4469
8815	4470
8816	4471
8817	4472
8818	4473
8819	4473
8820	4474
8821	4475
8822	4476
8823	4477
8824	4478
8825	4478
8826	4479
8827	4479
8828	4480
8829	4480
8830	4480
8831	4481
8832	4482
8833	4483
8834	4484
8835	4484
8836	4485
8837	4486
8838	4487
8839	4488
8840	4488
8841	4489
8842	4490
8843	4491
8844	4492
8845	4493
8846	4494
8847	4495
8848	4496
8849	4497
8850	4498
8851	4499
8852	4498
8853	4499
8854	4500
8855	4501
8856	4502
8857	4503
8858	4503
8859	4503
8860	4504
8861	4505
8862	4506
8863	4506
8864	4507
8865	4507
8866	4508
8867	4509
8868	4509
8869	4510
8870	4511
8871	4512
8872	4513
8873	4514
8874	4515
8875	4515
8876	4516
8877	4517
8878	4518
8879	4518
8880	4519
8881	4520
8882	4521
8883	4522
8884	4523
8885	4523
8886	4524
8887	4525
8888	4526
8889	4527
8890	4528
8891	4529
8892	4529
8893	4530
8894	4531
8895	4532
8896	4533
8897	4533
8898	4534
8899	4535
8900	4536
8901	4536
8902	4537
8903	4538
8904	4539
8905	4540
8906	4541
8907	4542
8908	4543
8909	4544
8910	4544
8911	4545
8912	4546
8913	4547
8914	4548
8915	4549
8916	4550
8917	4551
8918	4552
8919	4553
8920	4554
8921	4555
8922	4556
8923	4556
8924	4557
8925	4558
8926	4558
8927	4559
8928	4559
8929	4559
8930	4560
8931	4561
8932	4562
8933	4563
8934	4563
8935	4564
8936	4565
8937	4566
8938	4567
8939	4567
8940	4568
8941	4568
8942	4568
8943	4569
8944	4570
8945	4571
8946	4572
8947	4573
8948	4574
8949	4574
8950	4575
8951	4576
8952	4577
8953	4578
8954	4579
8955	4580
8956	4581
8957	4582
8958	4582
8959	4582
8960	4583
8961	4583
8962	4584
8963	4585
8964	4586
8965	4587
8966	4588
8967	4589
8968	4590
8969	4590
8970	4591
8971	4592
8972	4593
8973	4594
8974	4594
8975	4595
8976	4596
8977	4597
8978	4598
8979	4598
8980	4599
8981	4599
8982	4600
8983	4601
8984	4601
8985	4602
8986	4602
8987	4603
8988	4604
8989	4605
8990	4606
8991	4607
8992	4608
8993	4609
8994	4609
8995	4610
8996	4611
8997	4611
8998	4611
8999	4612
9000	4613
9001	4614
9002	4614
9003	4615
9004	4614
9005	4614
9006	4615
9007	4616
9008	4617
9009	4616
9010	4617
9011	4618
9012	4619
9013	4620
9014	4621
9015	4621
9016	4622
9017	4623
9018	4623
9019	4624
9020	4625
9021	4626
9022	4627
9023	4628
9024	4629
9025	4629
9026	4630
9027	4631
9028	4630
9029	4631
9030	4631
9031	4632
9032	4633
9033	4634
9034	4635
9035	4636
9036	4637
9037	4638
9038	4638
9039	4639
9040	4639
9041	4640
9042	4641
9043	4642
9044	4643
9045	4644
9046	4645
9047	4646
9048	4647
9049	4648
9050	4649
9051	4649
9052	4650
9053	4651
9054	4651
9055	4652
9056	4653
9057	4654
9058	4655
9059	4655
9060	4656
9061	4657
9062	4658
9063	4658
9064	4659
9065	4660
9066	4661
9067	4662
9068	4663
9069	4664
9070	4665
9071	4666
9072	4667
9073	4668
9074	4669
9075	4670
9076	4671
9077	4671
9078	4672
9079	4673
9080	4673
9081	4674
9082	4675
9083	4676
9084	4677
9085	4677
9086	4678
9087	4679
9088	4680
9089	4681
9090	4682
9091	4683
9092	4684
9093	4685
9094	4685
9095	4686
9096	4686
9097	4686
9098	4687
9099	4688
9100	4688
9101	4689
9102	4690
9103	4690
9104	4691
9105	4692
9106	4693
9107	4694
9108	4695
9109	4695
9110	4696
9111	4697
9112	4697
9113	4698
9114	4699
9115	4700
9116	4701
9117	4701
9118	4702
9119	4703
9120	4704
9121	4705
9122	4706
9123	4707
9124	4708
9125	4708
9126	4708
9127	4709
9128	4710
9129	4710
9130	4710
9131	4711
9132	4712
9133	4712
9134	4713
9135	4714
9136	4715
9137	4716
9138	4717
9139	4718
9140	4717
9141	4718
9142	4719
9143	4720
9144	4721
9145	4722
9146	4723
9147	4724
9148	4725
9149	4725
9150	4726
9151	4727
9152	4727
9153	4727
9154	4728
9155	4729
9156	4730
9157	4730
9158	4730
9159	4731
9160	4732
9161	4733
9162	4734
9163	4735
9164	4736
9165	4737
9166	4737
9167	4737
9168	4736
9169	4737
9170	4738
9171	4739
9172	4739
9173	4740
9174	4741
9175	4742
9176	4743
9177	4744
9178	4744
9179	4745
9180	4746
9181	4747
9182	4748
9183	4749
9184	4750
9185	4751
9186	4751
9187	4752
9188	4753
9189	4754
9190	4755
9191	4756
9192	4757
9193	4758
9194	4758
9195	4759
9196	4760
9197	4761
9198	4761
9199	4761
9200	4762
9201	4761
9202	4762
9203	4763
9204	4763
9205	4764
9206	4764
9207	4765
9208	4765
9209	4766
9210	4767
9211	4768
9212	4768
9213	4769
9214	4770
9215	4771
9216	4772
9217	4773
9218	4774
9219	4775
9220	4776
9221	4777
9222	4778
9223	4779
9224	4780
9225	4781
9226	4782
9227	4783
9228	4784
9229	4784
9230	4785
9231	4786
9232	4786
9233	4787
9234	4787
9235	4787
9236	4788
9237	4789
9238	4790
9239	4791
9240	4792
9241	4793
9242	4793
9243	4794
9244	4794
9245	4795
9246	4796
9247	4797
9248	4798
9249	4799
9250	4799
9251	4800
9252	4800
9253	4800
9254	4801
9255	4802
9256	4803
9257	4804
9258	4805
9259	4806
9260	4807
9261	4808
9262	4809
9263	4810
9264	4811
9265	4812
9266	4812
9267	4813
9268	4814
9269	4814
9270	4815
9271	4816
9272	4816
9273	4817
9274	4818
9275	4819
9276	4820
9277	4821
9278	4822
9279	4822
9280	4822
9281	4823
9282	4824
9283	4824
9284	4825
9285	4826
9286	4827
9287	4828
9288	4829
9289	4829
9290	4830
9291	4831
9292	4831
9293	4832
9294	4833
9295	4834
9296	4835
9297	4836
9298	4837
9299	4837
9300	4838
9301	4838
9302	4839
9303	4839
9304	4839
9305	4840
9306	4841
9307	4842
9308	4842
9309	4842
9310	4843
9311	4844
9312	4845
9313	4846
9314	4847
9315	4848
9316	4849
9317	4850
9318	4851
9319	4851
9320	4852
9321	4852
9322	4853
9323	4853
9324	4854
9325	4855
9326	4856
9327	4857
9328	4858
9329	4858
9330	4859
9331	4860
9332	4861
9333	4862
9334	4863
9335	4864
9336	4864
9337	4864
9338	4865
9339	4866
9340	4867
9341	4868
9342	4869
9343	4870
9344	4871
9345	4872
9346	4873
9347	4873
9348	4874
9349	4875
9350	4876
9351	4877
9352	4877
9353	4878
9354	4879
9355	4880
9356	4880
9357	4881
9358	4882
9359	4883
9360	4884
9361	4885
9362	4885
9363	4886
9364	4887
9365	4888
9366	4889
9367	4890
9368	4891
9369	4891
9370	4892
9371	4892
9372	4892
9373	4892
9374	4893
9375	4894
9376	4895
9377	4895
9378	4895
9379	4895
9380	4896
9381	4896
9382	4897
9383	4897
9384	4898
9385	4899
9386	4900
9387	4901
9388	4902
9389	4903
9390	4904
9391	4905
9392	4906
9393	4906
9394	4907
9395	4908
9396	4909
9397	4910
9398	4910
9399	4910
9400	4911
9401	4912
9402	4912
9403	4913
9404	4914
9405	4915
9406	4916
9407	4916
9408	4917
9409	4918
9410	4919
9411	4920
9412	4921
9413	4922
9414	4923
9415	4922
9416	4923
9417	4924
9418	4925
9419	4926
9420	4927
9421	4928
9422	4928
9423	4929
9424	4929
9425	4930
9426	4931
9427	4931
9428	4932
9429	4933
9430	4934
9431	4934
9432	4935
9433	4935
9434	4936
9435	4937
9436	4937
9437	4938
9438	4939
9439	4940
9440	4941
9441	4942
9442	4943
9443	4944
9444	4945
9445	4946
9446	4947
9447	4948
9448	4948
9449	4949
9450	4950
9451	4951
9452	4952
9453	4953
9454	4954
9455	4954
9456	4955
9457	4955
9458	4956
9459	4957
9460	4957
9461	4958
9462	4959
9463	4960
9464	4960
9465	4960
9466	4961
9467	4962
9468	4963
9469	4964
9470	4965
9471	4966
9472	4966
9473	4966
9474	4967
9475	4968
9476	4969
9477	4970
9478	4970
9479	4971
9480	4971
9481	4972
9482	4972
9483	4973
9484	4974
9485	4975
9486	4975
9487	4976
9488	4976
9489	4977
9490	4978
9491	4978
9492	4979
9493	4979
9494	4980
9495	4981
9496	4982
9497	4982
9498	4983
9499	4984
9500	4985
9501	4986
9502	4987
9503	4988
9504	4989
9505	4989
9506	4990
9507	4991
9508	4992
9509	4993
9510	4994
9511	4995
9512	4996
9513	4997
9514	4997
9515	4998
9516	4999
9517	5000
9518	5001
9519	5002
9520	5003
9521	5004
9522	5004
9523	5005
9524	5005
9525	5005
9526	5005
9527	5006
9528	5007
9529	5007
9530	5007
9531	5008
9532	5009
9533	5010
9534	5011
9535	5012
9536	5013
9537	5014
9538	5015
9539	5016
9540	5017
9541	5018
9542	5018
9543	5019
9544	5020
9545	5021
9546	5022
9547	5023
9548	5023
9549	5024
9550	5025
9551	5026
9552	5027
9553	5028
9554	5028
9555	5029
9556	5030
9557	5031
9558	5031
9559	5032
9560	5033
9561	5034
9562	5035
9563	5036
9564	5037
9565	5037
9566	5038
9567	5039
9568	5040
9569	5041
9570	5042
9571	5042
9572	5043
9573	5044
9574	5044
9575	5045
9576	5045
9577	5045
9578	5045
9579	5045
9580	5046
9581	5047
9582	5048
9583	5049
9584	5050
9585	5051
9586	5052
9587	5053
9588	5054
9589	5054
9590	5055
9591	5056
9592	5056
9593	5057
9594	5058
9595	5059
9596	5060
9597	5061
9598	5061
9599	5062
9600	5063
9601	5064
9602	5065
9603	5066
9604	5067
9605	5068
9606	5068
9607	5068
9608	5069
9609	5069
9610	5070
9611	5071
9612	5072
9613	5073
9614	5074
9615	5075
9616	5075
9617	5076
9618	5077
9619	5077
9620	5077
9621	5078
9622	5079
9623	5079
9624	5080
9625	5081
9626	5082
9627	5083
9628	5084
9629	5085
9630	5085
9631	5085
9632	5086
9633	5087
9634	5088
9635	5088
9636	5089
9637	5090
9638	5091
9639	5091
9640	5092
9641	5093
9642	5094
9643	5095
9644	5096
9645	5097
9646	5098
9647	5099
9648	5100
9649	5101
9650	5101
9651	5102
9652	5103
9653	5104
9654	5104
9655	5105
9656	5106
9657	5107
9658	5108
9659	5109
9660	5110
9661	5110
9662	5110
9663	5111
9664	5112
9665	5113
9666	5114
9667	5115
9668	5116
9669	5117
9670	5118
9671	5119
9672	5119
9673	5120
9674	5120
9675	5120
9676	5121
9677	5122
9678	5123
9679	5124
9680	5125
9681	5126
9682	5127
9683	5128
9684	5129
9685	5130
9686	5130
9687	5131
9688	5131
9689	5132
9690	5133
9691	5134
9692	5135
9693	5136
9694	5136
9695	5137
9696	5137
9697	5138
9698	5139
9699	5140
9700	5140
9701	5140
9702	5141
9703	5142
9704	5143
9705	5144
9706	5144
9707	5145
9708	5145
9709	5146
9710	5147
9711	5148
9712	5149
9713	5150
9714	5151
9715	5152
9716	5153
9717	5153
9718	5154
9719	5154
9720	5155
9721	5156
9722	5156
9723	5157
9724	5157
9725	5158
9726	5159
9727	5160
9728	5161
9729	5162
9730	5163
9731	5164
9732	5164
9733	5165
9734	5166
9735	5167
9736	5168
9737	5169
9738	5170
9739	5171
9740	5172
9741	5173
9742	5174
9743	5174
9744	5175
9745	5176
9746	5177
9747	5177
9748	5177
9749	5178
9750	5178
9751	5179
9752	5179
9753	5180
9754	5181
9755	5182
9756	5183
9757	5184
9758	5185
9759	5186
9760	5187
9761	5187
9762	5188
9763	5189
9764	5190
9765	5190
9766	5191
9767	5192
9768	5193
9769	5194
9770	5195
9771	5196
9772	5197
9773	5197
9774	5198
9775	5198
9776	5199
9777	5200
9778	5200
9779	5201
9780	5202
9781	5203
9782	5204
9783	5205
9784	5206
9785	5207
9786	5208
9787	5209
9788	5210
9789	5211
9790	5212
9791	5213
9792	5214
9793	5215
9794	5216
9795	5217
9796	5217
9797	5218
9798	5219
9799	5220
9800	5221
9801	5222
9802	5223
9803	5224
9804	5225
9805	5225
9806	5226
9807	5227
9808	5227
9809	5228
9810	5229
9811	5229
9812	5230
9813	5231
9814	5231
9815	5232
9816	5233
9817	5234
9818	5235
9819	5236
9820	5236
9821	5237
9822	5238
9823	5239
9824	5239
9825	5240
9826	5241
9827	5242
9828	5242
9829	5243
9830	5243
9831	5244
9832	5245
9833	5245
9834	5245
9835	5246
9836	5247
9837	5248
9838	5248
9839	5249
9840	5250
9841	5250
9842	5249
9843	5250
9844	5251
9845	5252
9846	5253
9847	5254
9848	5255
9849	5256
9850	5257
9851	5258
9852	5259
9853	5260
9854	5260
9855	5261
9856	5262
9857	5262
9858	5263
9859	5263
9860	5264
9861	5265
9862	5266
9863	5266
9864	5267
9865	5268
9866	5269
9867	5270
9868	5270
9869	5270
9870	5270
9871	5271
9872	5272
9873	5273
9874	5274
9875	5275
9876	5276
9877	5277
9878	5278
9879	5279
9880	5280
9881	5281
9882	5282
9883	5283
9884	5283
9885	5283
9886	5284
9887	5285
9888	5286
9889	5287
9890	5288
9891	5289
9892	5290
9893	5291
9894	5292
9895	5292
9896	5292
9897	5293
9898	5293
9899	5294
9900	5295
9901	5295
9902	5295
9903	5295
9904	5296
9905	5297
9906	5298
9907	5299
9908	5300
9909	5301
9910	5301
9911	5302
9912	5303
9913	5303
9914	5304
9915	5304
9916	5304
9917	5305
9918	5306
9919	5307
9920	5308
9921	5309
9922	5310
9923	5311
9924	5312
9925	5313
9926	5314
9927	5315
9928	5316
9929	5317
9930	5318
9931	5318
9932	5319
9933	5320
9934	5321
9935	5322
9936	5323
9937	5324
9938	5325
9939	5326
9940	5327
9941	5328
9942	5329
9943	5330
9944	5331
9945	5331
9946	5332
9947	5333
9948	5334
9949	5335
9950	5336
9951	5337
9952	5338
9953	5338
9954	5339
9955	5340
9956	5341
9957	5341
9958	5342
9959	5343
9960	5344
9961	5344
9962	5345
9963	5345
9964	5346
9965	5347
9966	5348
9967	5349
9968	5350
9969	5350
9970	5351
9971	5352
9972	5352
9973	5352
9974	5353
9975	5354
9976	5355
9977	5355
9978	5356
9979	5357
9980	5358
9981	5359
9982	5360
9983	5360
9984	5361
9985	5362
9986	5363
9987	5364
9988	5365
9989	5366
9990	5366
9991	5367
9992	5368
9993	5369
9994	5369
9995	5370
9996	5371
9997	5372
9998	5373
9999	5374
10000	5374
10001	5375
10002	5376
10003	5377
10004	5378
10005	5378
10006	5379
10007	5380
10008	5380
10009	5381
10010	5382
10011	5383
10012	5384
10013	5385
10014	5385
10015	5385
10016	5386
10017	5386
10018	5387
10019	5388
10020	5389
10021	5389
10022	5390
10023	5391
10024	5392
10025	5393
10026	5394
10027	5394
10028	5394
10029	5395
10030	5396
10031	5397
10032	5397
10033	5398
10034	5399
10035	5400
10036	5401
10037	5400
10038	5401
10039	5402
10040	5403
10041	5404
10042	5405
10043	5406
10044	5407
10045	5408
10046	5409
10047	5410
10048	5411
10049	5412
10050	5412
10051	5413
10052	5414
10053	5415
10054	5415
10055	5416
10056	5416
10057	5417
10058	5418
10059	5417
10060	5418
10061	5419
10062	5420
10063	5421
10064	5421
10065	5422
10066	5422
10067	5423
10068	5424
10069	5425
10070	5426
10071	5427
10072	5428
10073	5429
10074	5430
10075	5431
10076	5432
10077	5433
10078	5434
10079	5434
10080	5433
10081	5434
10082	5435
10083	5436
10084	5437
10085	5438
10086	5439
10087	5440
10088	5441
10089	5442
10090	5443
10091	5444
10092	5445
10093	5446
10094	5447
10095	5447
10096	5448
10097	5449
10098	5449
10099	5450
10100	5451
10101	5452
10102	5453
10103	5454
10104	5455
10105	5456
10106	5457
10107	5458
10108	5459
10109	5459
10110	5458
10111	5458
10112	5459
10113	5460
10114	5460
10115	5460
10116	5461
10117	5462
10118	5463
10119	5464
10120	5464
10121	5465
10122	5465
10123	5465
10124	5466
10125	5467
10126	5468
10127	5469
10128	5470
10129	5471
10130	5471
10131	5472
10132	5473
10133	5474
10134	5475
10135	5475
10136	5476
10137	5477
10138	5478
10139	5479
10140	5479
10141	5480
10142	5481
10143	5482
10144	5483
10145	5484
10146	5485
10147	5485
10148	5486
10149	5487
10150	5488
10151	5489
10152	5490
10153	5491
10154	5492
10155	5493
10156	5494
10157	5494
10158	5495
10159	5496
10160	5497
10161	5498
10162	5498
10163	5499
10164	5499
10165	5500
10166	5500
10167	5501
10168	5502
10169	5502
10170	5503
10171	5503
10172	5504
10173	5505
10174	5506
10175	5507
10176	5508
10177	5509
10178	5510
10179	5509
10180	5510
10181	5510
10182	5510
10183	5511
10184	5512
10185	5513
10186	5513
10187	5514
10188	5514
10189	5514
10190	5513
10191	5514
10192	5515
10193	5516
10194	5517
10195	5517
10196	5517
10197	5518
10198	5519
10199	5520
10200	5521
10201	5522
10202	5523
10203	5524
10204	5525
10205	5526
10206	5527
10207	5526
10208	5527
10209	5526
10210	5527
10211	5528
10212	5528
10213	5528
10214	5527
10215	5528
10216	5528
10217	5529
10218	5530
10219	5531
10220	5532
10221	5533
10222	5533
10223	5534
10224	5535
10225	5536
10226	5536
10227	5537
10228	5538
10229	5539
10230	5540
10231	5541
10232	5541
10233	5542
10234	5543
10235	5543
10236	5543
10237	5544
10238	5543
10239	5544
10240	5545
10241	5546
10242	5547
10243	5547
10244	5548
10245	5549
10246	5550
10247	5551
10248	5551
10249	5552
10250	5553
10251	5554
10252	5554
10253	5554
10254	5555
10255	5556
10256	5557
10257	5558
10258	5559
10259	5560
10260	5561
10261	5561
10262	5562
10263	5563
10264	5564
10265	5565
10266	5565
10267	5565
10268	5565
10269	5565
10270	5566
10271	5567
10272	5568
10273	5569
10274	5570
10275	5571
10276	5572
10277	5572
10278	5573
10279	5574
10280	5575
10281	5576
10282	5577
10283	5578
10284	5579
10285	5580
10286	5581
10287	5582
10288	5582
10289	5583
10290	5584
10291	5585
10292	5586
10293	5586
10294	5587
10295	5588
10296	5589
10297	5590
10298	5591
10299	5592
10300	5593
10301	5594
10302	5595
10303	5596
10304	5597
10305	5598
10306	5599
10307	5600
10308	5601
10309	5602
10310	5602
10311	5603
10312	5604
10313	5604
10314	5605
10315	5605
10316	5605
10317	5606
10318	5606
10319	5607
10320	5608
10321	5609
10322	5609
10323	5608
10324	5609
10325	5610
10326	5611
10327	5612
10328	5613
10329	5614
10330	5615
10331	5616
10332	5617
10333	5618
10334	5618
10335	5619
10336	5620
10337	5621
10338	5621
10339	5621
10340	5621
10341	5622
10342	5622
10343	5623
10344	5623
10345	5624
10346	5624
10347	5625
10348	5624
10349	5625
10350	5626
10351	5627
10352	5628
10353	5629
10354	5630
10355	5631
10356	5632
10357	5633
10358	5634
10359	5635
10360	5636
10361	5637
10362	5638
10363	5639
10364	5640
10365	5640
10366	5641
10367	5642
10368	5643
10369	5643
10370	5643
10371	5644
10372	5644
10373	5645
10374	5646
10375	5646
10376	5646
10377	5647
10378	5647
10379	5648
10380	5649
10381	5650
10382	5651
10383	5650
10384	5651
10385	5652
10386	5653
10387	5654
10388	5655
10389	5656
10390	5657
10391	5658
10392	5659
10393	5660
10394	5661
10395	5662
10396	5663
10397	5664
10398	5665
10399	5666
10400	5667
10401	5668
10402	5668
10403	5669
10404	5670
10405	5670
10406	5671
10407	5671
10408	5670
10409	5671
10410	5671
10411	5672
10412	5673
10413	5673
10414	5674
10415	5673
10416	5674
10417	5675
10418	5675
10419	5675
10420	5676
10421	5676
10422	5676
10423	5677
10424	5678
10425	5679
10426	5680
10427	5681
10428	5682
10429	5683
10430	5684
10431	5684
10432	5685
10433	5686
10434	5687
10435	5688
10436	5689
10437	5689
10438	5690
10439	5691
10440	5692
10441	5692
10442	5693
10443	5694
10444	5695
10445	5696
10446	5697
10447	5697
10448	5698
10449	5699
10450	5700
10451	5700
10452	5701
10453	5701
10454	5702
10455	5703
10456	5704
10457	5705
10458	5706
10459	5707
10460	5708
10461	5708
10462	5709
10463	5710
10464	5711
10465	5712
10466	5713
10467	5714
10468	5715
10469	5716
10470	5717
10471	5717
10472	5717
10473	5718
10474	5719
10475	5719
10476	5719
10477	5720
10478	5721
10479	5722
10480	5723
10481	5723
10482	5722
10483	5723
10484	5724
10485	5725
10486	5726
10487	5727
10488	5728
10489	5728
10490	5729
10491	5730
10492	5731
10493	5732
10494	5733
10495	5733
10496	5734
10497	5735
10498	5736
10499	5736
10500	5736
10501	5737
10502	5738
10503	5739
10504	5740
10505	5740
10506	5741
10507	5742
10508	5742
10509	5743
10510	5744
10511	5745
10512	5746
10513	5746
10514	5747
10515	5748
10516	5749
10517	5750
10518	5751
10519	5751
10520	5751
10521	5752
10522	5753
10523	5754
10524	5755
10525	5756
10526	5757
10527	5757
10528	5757
10529	5758
10530	5759
10531	5760
10532	5760
10533	5761
10534	5762
10535	5762
10536	5762
10537	5762
10538	5763
10539	5764
10540	5764
10541	5765
10542	5766
10543	5767
10544	5768
10545	5769
10546	5770
10547	5771
10548	5772
10549	5773
10550	5773
10551	5774
10552	5775
10553	5776
10554	5777
10555	5777
10556	5778
10557	5779
10558	5780
10559	5781
10560	5782
10561	5783
10562	5784
10563	5785
10564	5786
10565	5787
10566	5788
10567	5788
10568	5789
10569	5790
10570	5791
10571	5792
10572	5793
10573	5792
10574	5792
10575	5793
10576	5794
10577	5795
10578	5795
10579	5796
10580	5796
10581	5797
10582	5798
10583	5799
10584	5799
10585	5800
10586	5801
10587	5802
10588	5802
10589	5803
10590	5804
10591	5805
10592	5805
10593	5806
10594	5806
10595	5807
10596	5808
10597	5809
10598	5809
10599	5810
10600	5811
10601	5812
10602	5812
10603	5813
10604	5814
10605	5815
10606	5816
10607	5817
10608	5818
10609	5819
10610	5820
10611	5821
10612	5822
10613	5823
10614	5824
10615	5825
10616	5826
10617	5826
10618	5827
10619	5828
10620	5829
10621	5830
10622	5831
10623	5831
10624	5831
10625	5831
10626	5832
10627	5832
10628	5833
10629	5834
10630	5834
10631	5834
10632	5835
10633	5836
10634	5837
10635	5838
10636	5839
10637	5840
10638	5841
10639	5842
10640	5843
10641	5844
10642	5845
10643	5846
10644	5847
10645	5848
10646	5849
10647	5850
10648	5851
10649	5852
10650	5853
10651	5854
10652	5854
10653	5855
10654	5856
10655	5856
10656	5857
10657	5857
10658	5858
10659	5859
10660	5860
10661	5861
10662	5862
10663	5863
10664	5863
10665	5862
10666	5863
10667	5863
10668	5864
10669	5865
10670	5866
10671	5866
10672	5867
10673	5868
10674	5868
10675	5869
10676	5869
10677	5870
10678	5871
10679	5872
10680	5873
10681	5874
10682	5874
10683	5875
10684	5876
10685	5877
10686	5878
10687	5879
10688	5880
10689	5881
10690	5882
10691	5883
10692	5884
10693	5885
10694	5886
10695	5887
10696	5887
10697	5888
10698	5889
10699	5890
10700	5890
10701	5891
10702	5892
10703	5893
10704	5894
10705	5894
10706	5895
10707	5896
10708	5896
10709	5897
10710	5897
10711	5898
10712	5898
10713	5899
10714	5900
10715	5901
10716	5902
10717	5903
10718	5904
10719	5905
10720	5906
10721	5906
10722	5907
10723	5908
10724	5909
10725	5910
10726	5911
10727	5912
10728	5913
10729	5914
10730	5915
10731	5915
10732	5916
10733	5917
10734	5918
10735	5919
10736	5920
10737	5921
10738	5921
10739	5921
10740	5922
10741	5923
10742	5923
10743	5924
10744	5925
10745	5925
10746	5926
10747	5927
10748	5928
10749	5929
10750	5930
10751	5931
10752	5932
10753	5932
10754	5933
10755	5934
10756	5935
10757	5936
10758	5936
10759	5937
10760	5938
10761	5939
10762	5939
10763	5939
10764	5939
10765	5939
10766	5940
10767	5940
10768	5941
10769	5942
10770	5943
10771	5944
10772	5945
10773	5946
10774	5947
10775	5947
10776	5948
10777	5949
10778	5950
10779	5950
10780	5951
10781	5952
10782	5953
10783	5954
10784	5955
10785	5956
10786	5957
10787	5958
10788	5959
10789	5960
10790	5961
10791	5961
10792	5962
10793	5962
10794	5963
10795	5964
10796	5964
10797	5964
10798	5964
10799	5965
10800	5965
10801	5965
10802	5966
10803	5967
10804	5968
10805	5969
10806	5970
10807	5971
10808	5972
10809	5973
10810	5974
10811	5975
10812	5975
10813	5976
10814	5976
10815	5977
10816	5978
10817	5978
10818	5979
10819	5980
10820	5980
10821	5981
10822	5982
10823	5983
10824	5984
10825	5985
10826	5986
10827	5986
10828	5987
10829	5988
10830	5989
10831	5990
10832	5991
10833	5992
10834	5993
10835	5994
10836	5995
10837	5996
10838	5997
10839	5997
10840	5998
10841	5999
10842	6000
10843	6000
10844	6001
10845	6002
10846	6003
10847	6003
10848	6004
10849	6005
10850	6006
10851	6007
10852	6007
10853	6008
10854	6008
10855	6008
10856	6009
10857	6010
10858	6011
10859	6012
10860	6013
10861	6013
10862	6014
10863	6015
10864	6016
10865	6017
10866	6018
10867	6019
10868	6020
10869	6021
10870	6022
10871	6022
10872	6023
10873	6022
10874	6022
10875	6023
10876	6024
10877	6024
10878	6025
10879	6025
10880	6026
10881	6027
10882	6028
10883	6028
10884	6029
10885	6029
10886	6030
10887	6031
10888	6032
10889	6032
10890	6033
10891	6033
10892	6034
10893	6035
10894	6036
10895	6037
10896	6036
10897	6037
10898	6037
10899	6037
10900	6037
10901	6037
10902	6038
10903	6039
10904	6039
10905	6040
10906	6041
10907	6042
10908	6043
10909	6043
10910	6044
10911	6045
10912	6045
10913	6046
10914	6047
10915	6047
10916	6047
10917	6048
10918	6049
10919	6050
10920	6050
10921	6050
10922	6051
10923	6052
10924	6053
10925	6053
10926	6053
10927	6054
10928	6055
10929	6056
10930	6057
10931	6058
10932	6059
10933	6059
10934	6060
10935	6061
10936	6061
10937	6062
10938	6063
10939	6064
10940	6065
10941	6066
10942	6067
10943	6068
10944	6068
10945	6069
10946	6070
10947	6071
10948	6072
10949	6073
10950	6074
10951	6075
10952	6075
10953	6076
10954	6077
10955	6078
10956	6079
10957	6080
10958	6081
10959	6082
10960	6083
10961	6083
10962	6084
10963	6085
10964	6086
10965	6087
10966	6088
10967	6088
10968	6089
10969	6089
10970	6090
10971	6090
10972	6091
10973	6091
10974	6092
10975	6093
10976	6093
10977	6094
10978	6095
10979	6096
10980	6096
10981	6097
10982	6097
10983	6098
10984	6099
10985	6100
10986	6101
10987	6102
10988	6103
10989	6104
10990	6105
10991	6106
10992	6107
10993	6108
10994	6109
10995	6109
10996	6110
10997	6111
10998	6112
10999	6113
11000	6114
11001	6115
11002	6116
11003	6117
11004	6118
11005	6118
11006	6119
11007	6120
11008	6121
11009	6122
11010	6122
11011	6123
11012	6123
11013	6124
11014	6125
11015	6126
11016	6127
11017	6128
11018	6129
11019	6130
11020	6130
11021	6131
11022	6132
11023	6133
11024	6134
11025	6134
11026	6135
11027	6134
11028	6135
11029	6135
11030	6136
11031	6136
11032	6137
11033	6138
11034	6139
11035	6140
11036	6141
11037	6142
11038	6143
11039	6144
11040	6144
11041	6145
11042	6145
11043	6146
11044	6147
11045	6148
11046	6148
11047	6149
11048	6150
11049	6151
11050	6152
11051	6153
11052	6154
11053	6155
11054	6155
11055	6156
11056	6157
11057	6158
11058	6159
11059	6160
11060	6160
11061	6161
11062	6162
11063	6163
11064	6164
11065	6165
11066	6166
11067	6167
11068	6168
11069	6169
11070	6169
11071	6170
11072	6170
11073	6171
11074	6172
11075	6173
11076	6174
11077	6174
11078	6175
11079	6176
11080	6177
11081	6178
11082	6179
11083	6180
11084	6181
11085	6182
11086	6183
11087	6184
11088	6185
11089	6186
11090	6187
11091	6188
11092	6188
11093	6189
11094	6190
11095	6190
11096	6191
11097	6191
11098	6192
11099	6193
11100	6194
11101	6195
11102	6195
11103	6196
11104	6196
11105	6197
11106	6198
11107	6199
11108	6200
11109	6199
11110	6199
11111	6200
11112	6200
11113	6199
11114	6200
11115	6201
11116	6202
11117	6203
11118	6204
11119	6205
11120	6206
11121	6206
11122	6207
11123	6207
11124	6208
11125	6209
11126	6209
11127	6210
11128	6211
11129	6212
11130	6212
11131	6213
11132	6214
11133	6215
11134	6216
11135	6217
11136	6218
11137	6218
11138	6218
11139	6219
11140	6220
11141	6221
11142	6222
11143	6223
11144	6224
11145	6225
11146	6225
11147	6226
11148	6227
11149	6228
11150	6229
11151	6229
11152	6230
11153	6231
11154	6231
11155	6232
11156	6233
11157	6234
11158	6235
11159	6236
11160	6237
11161	6238
11162	6239
11163	6239
11164	6240
11165	6240
11166	6241
11167	6241
11168	6241
11169	6242
11170	6243
11171	6243
11172	6244
11173	6244
11174	6245
11175	6245
11176	6246
11177	6247
11178	6248
11179	6249
11180	6249
11181	6250
11182	6251
11183	6252
11184	6253
11185	6254
11186	6255
11187	6254
11188	6254
11189	6255
11190	6256
11191	6257
11192	6258
11193	6259
11194	6260
11195	6261
11196	6262
11197	6262
11198	6263
11199	6264
11200	6264
11201	6264
11202	6265
11203	6266
11204	6267
11205	6267
11206	6268
11207	6269
11208	6270
11209	6271
11210	6272
11211	6273
11212	6274
11213	6275
11214	6276
11215	6277
11216	6277
11217	6278
11218	6279
11219	6280
11220	6281
11221	6281
11222	6282
11223	6283
11224	6284
11225	6285
11226	6285
11227	6286
11228	6286
11229	6286
11230	6287
11231	6288
11232	6288
11233	6289
11234	6290
11235	6291
11236	6292
11237	6292
11238	6292
11239	6293
11240	6294
11241	6294
11242	6295
11243	6296
11244	6296
11245	6297
11246	6298
11247	6298
11248	6298
11249	6298
11250	6299
11251	6299
11252	6300
11253	6301
11254	6302
11255	6303
11256	6304
11257	6305
11258	6306
11259	6307
11260	6308
11261	6308
11262	6309
11263	6310
11264	6310
11265	6311
11266	6312
11267	6312
11268	6313
11269	6313
11270	6314
11271	6315
11272	6316
11273	6316
11274	6317
11275	6317
11276	6317
11277	6318
11278	6319
11279	6320
11280	6321
11281	6322
11282	6323
11283	6324
11284	6325
11285	6326
11286	6327
11287	6328
11288	6329
11289	6329
11290	6330
11291	6331
11292	6332
11293	6332
11294	6333
11295	6334
11296	6335
11297	6336
11298	6336
11299	6337
11300	6337
11301	6337
11302	6338
11303	6339
11304	6340
11305	6340
11306	6341
11307	6342
11308	6343
11309	6344
11310	6345
11311	6346
11312	6347
11313	6348
11314	6349
11315	6349
11316	6350
11317	6351
11318	6352
11319	6353
11320	6354
11321	6355
11322	6356
11323	6356
11324	6357
11325	6358
11326	6358
11327	6358
11328	6359
11329	6360
11330	6360
11331	6361
11332	6362
11333	6363
11334	6364
11335	6364
11336	6365
11337	6366
11338	6367
11339	6367
11340	6368
11341	6369
11342	6369
11343	6369
11344	6370
11345	6371
11346	6372
11347	6373
11348	6374
11349	6375
11350	6376
11351	6377
11352	6377
11353	6378
11354	6379
11355	6380
11356	6381
11357	6382
11358	6383
11359	6384
11360	6385
11361	6386
11362	6387
11363	6388
11364	6388
11365	6389
11366	6390
11367	6391
11368	6392
11369	6393
11370	6393
11371	6394
11372	6395
11373	6395
11374	6396
11375	6397
11376	6398
11377	6399
11378	6400
11379	6401
11380	6402
11381	6402
11382	6403
11383	6403
11384	6404
11385	6405
11386	6405
11387	6406
11388	6406
11389	6407
11390	6408
11391	6408
11392	6408
11393	6409
11394	6410
11395	6411
11396	6412
11397	6411
11398	6412
11399	6413
11400	6414
11401	6415
11402	6416
11403	6417
11404	6418
11405	6418
11406	6419
11407	6420
11408	6420
11409	6421
11410	6422
11411	6422
11412	6423
11413	6424
11414	6425
11415	6426
11416	6427
11417	6428
11418	6429
11419	6430
11420	6430
11421	6431
11422	6431
11423	6432
11424	6433
11425	6434
11426	6434
11427	6435
11428	6436
11429	6437
11430	6438
11431	6438
11432	6439
11433	6440
11434	6441
11435	6442
11436	6442
11437	6443
11438	6444
11439	6444
11440	6445
11441	6446
11442	6447
11443	6447
11444	6447
11445	6448
11446	6449
11447	6450
11448	6451
11449	6452
11450	6453
11451	6453
11452	6454
11453	6454
11454	6455
11455	6456
11456	6457
11457	6458
11458	6459
11459	6459
11460	6460
11461	6461
11462	6462
11463	6462
11464	6463
11465	6464
11466	6465
11467	6466
11468	6467
11469	6467
11470	6468
11471	6469
11472	6470
11473	6471
11474	6472
11475	6473
11476	6474
11477	6475
11478	6476
11479	6477
11480	6478
11481	6479
11482	6480
11483	6480
11484	6481
11485	6482
11486	6483
11487	6484
11488	6485
11489	6486
11490	6487
11491	6488
11492	6489
11493	6489
11494	6489
11495	6489
11496	6489
11497	6490
11498	6491
11499	6492
11500	6492
11501	6492
11502	6493
11503	6494
11504	6494
11505	6495
11506	6496
11507	6497
11508	6498
11509	6499
11510	6499
11511	6500
11512	6500
11513	6501
11514	6502
11515	6502
11516	6503
11517	6504
11518	6505
11519	6506
11520	6506
11521	6507
11522	6508
11523	6508
11524	6509
11525	6510
11526	6509
11527	6510
11528	6509
11529	6509
11530	6509
11531	6509
11532	6509
11533	6510
11534	6509
11535	6509
11536	6510
11537	6510
11538	6511
11539	6511
11540	6512
11541	6513
11542	6513
11543	6514
11544	6515
11545	6516
11546	6516
11547	6517
11548	6518
11549	6518
11550	6519
11551	6520
11552	6520
11553	6520
11554	6521
11555	6522
11556	6523
11557	6523
11558	6524
11559	6525
11560	6526
11561	6526
11562	6527
11563	6528
11564	6529
11565	6529
11566	6529
11567	6529
11568	6530
11569	6531
11570	6532
11571	6533
11572	6534
11573	6535
11574	6536
11575	6537
11576	6538
11577	6538
11578	6539
11579	6540
11580	6540
11581	6540
11582	6541
11583	6542
11584	6543
11585	6544
11586	6544
11587	6545
11588	6546
11589	6547
11590	6548
11591	6549
11592	6550
11593	6551
11594	6552
11595	6552
11596	6553
11597	6554
11598	6555
11599	6555
11600	6556
11601	6557
11602	6558
11603	6559
11604	6560
11605	6561
11606	6560
11607	6561
11608	6561
11609	6562
11610	6561
11611	6562
11612	6562
11613	6563
11614	6564
11615	6564
11616	6565
11617	6566
11618	6567
11619	6568
11620	6569
11621	6570
11622	6569
11623	6570
11624	6570
11625	6571
11626	6572
11627	6573
11628	6573
11629	6574
11630	6575
11631	6576
11632	6576
11633	6577
11634	6577
11635	6578
11636	6579
11637	6578
11638	6579
11639	6580
11640	6581
11641	6582
11642	6583
11643	6584
11644	6585
11645	6586
11646	6586
11647	6587
11648	6588
11649	6589
11650	6590
11651	6591
11652	6592
11653	6593
11654	6593
11655	6594
11656	6595
11657	6596
11658	6597
11659	6598
11660	6599
11661	6600
11662	6600
11663	6601
11664	6602
11665	6603
11666	6603
11667	6604
11668	6605
11669	6606
11670	6607
11671	6608
11672	6609
11673	6610
11674	6610
11675	6611
11676	6611
11677	6611
11678	6612
11679	6612
11680	6613
11681	6614
11682	6615
11683	6615
11684	6616
11685	6617
11686	6617
11687	6618
11688	6618
11689	6619
11690	6620
11691	6621
11692	6622
11693	6623
11694	6624
11695	6625
11696	6626
11697	6627
11698	6628
11699	6629
11700	6630
11701	6630
11702	6631
11703	6632
11704	6633
11705	6634
11706	6635
11707	6636
11708	6637
11709	6638
11710	6639
11711	6639
11712	6640
11713	6640
11714	6640
11715	6640
11716	6641
11717	6642
11718	6642
11719	6643
11720	6644
11721	6645
11722	6646
11723	6646
11724	6647
11725	6648
11726	6648
11727	6649
11728	6650
11729	6649
11730	6648
11731	6648
11732	6649
11733	6649
11734	6650
11735	6649
11736	6650
11737	6651
11738	6652
11739	6653
11740	6654
11741	6655
11742	6655
11743	6655
11744	6656
11745	6657
11746	6658
11747	6658
11748	6659
11749	6660
11750	6661
11751	6661
11752	6662
11753	6663
11754	6664
11755	6665
11756	6666
11757	6667
11758	6667
11759	6667
11760	6668
11761	6669
11762	6670
11763	6671
11764	6672
11765	6673
11766	6673
11767	6674
11768	6675
11769	6676
11770	6677
11771	6678
11772	6678
11773	6679
11774	6680
11775	6680
11776	6681
11777	6682
11778	6683
11779	6684
11780	6685
11781	6686
11782	6687
11783	6688
11784	6688
11785	6688
11786	6689
11787	6690
11788	6690
11789	6691
11790	6692
11791	6692
11792	6692
11793	6693
11794	6694
11795	6695
11796	6696
11797	6697
11798	6698
11799	6699
11800	6699
11801	6700
11802	6701
11803	6702
11804	6703
11805	6703
11806	6704
11807	6704
11808	6704
11809	6705
11810	6705
11811	6706
11812	6707
11813	6707
11814	6708
11815	6709
11816	6709
11817	6710
11818	6710
11819	6711
11820	6711
11821	6712
11822	6713
11823	6714
11824	6715
11825	6716
11826	6716
11827	6717
11828	6718
11829	6719
11830	6720
11831	6721
11832	6721
11833	6720
11834	6721
11835	6722
11836	6723
11837	6724
11838	6724
11839	6725
11840	6726
11841	6727
11842	6728
11843	6728
11844	6728
11845	6729
11846	6730
11847	6730
11848	6731
11849	6732
11850	6733
11851	6734
11852	6735
11853	6736
11854	6736
11855	6736
11856	6737
11857	6737
11858	6738
11859	6738
11860	6739
11861	6740
11862	6741
11863	6742
11864	6742
11865	6743
11866	6743
11867	6743
11868	6744
11869	6744
11870	6745
11871	6745
11872	6746
11873	6746
11874	6747
11875	6748
11876	6749
11877	6750
11878	6751
11879	6752
11880	6752
11881	6753
11882	6754
11883	6755
11884	6755
11885	6756
11886	6757
11887	6758
11888	6758
11889	6758
11890	6759
11891	6760
11892	6761
11893	6762
11894	6763
11895	6764
11896	6765
11897	6766
11898	6767
11899	6767
11900	6768
11901	6768
11902	6768
11903	6769
11904	6770
11905	6771
11906	6772
11907	6773
11908	6773
11909	6774
11910	6775
11911	6775
11912	6776
11913	6777
11914	6778
11915	6779
11916	6780
11917	6780
11918	6781
11919	6782
11920	6782
11921	6783
11922	6784
11923	6785
11924	6786
11925	6787
11926	6787
11927	6787
11928	6788
11929	6789
11930	6790
11931	6790
11932	6791
11933	6792
11934	6793
11935	6793
11936	6793
11937	6794
11938	6795
11939	6796
11940	6796
11941	6796
11942	6796
11943	6797
11944	6798
11945	6799
11946	6799
11947	6800
11948	6800
11949	6801
11950	6801
11951	6802
11952	6803
11953	6804
11954	6805
11955	6806
11956	6807
11957	6808
11958	6809
11959	6809
11960	6810
11961	6810
11962	6810
11963	6811
11964	6812
11965	6813
11966	6814
11967	6815
11968	6816
11969	6817
11970	6818
11971	6819
11972	6819
11973	6819
11974	6820
11975	6821
11976	6822
11977	6822
11978	6823
11979	6824
11980	6825
11981	6825
11982	6826
11983	6827
11984	6828
11985	6829
11986	6830
11987	6830
11988	6831
11989	6832
11990	6833
11991	6833
11992	6834
11993	6835
11994	6836
11995	6837
11996	6838
11997	6839
11998	6840
11999	6840
12000	6841
12001	6842
12002	6843
12003	6844
12004	6844
12005	6845
12006	6846
12007	6846
12008	6847
12009	6848
12010	6849
12011	6850
12012	6851
12013	6852
12014	6853
12015	6853
12016	6852
12017	6852
12018	6853
12019	6854
12020	6854
12021	6855
12022	6856
12023	6856
12024	6856
12025	6857
12026	6858
12027	6858
12028	6859
12029	6860
12030	6861
12031	6862
12032	6863
12033	6864
12034	6865
12035	6866
12036	6867
12037	6866
12038	6867
12039	6867
12040	6868
12041	6868
12042	6869
12043	6870
12044	6870
12045	6871
12046	6872
12047	6872
12048	6872
12049	6873
12050	6874
12051	6874
12052	6875
12053	6875
12054	6876
12055	6876
12056	6877
12057	6878
12058	6879
12059	6880
12060	6881
12061	6882
12062	6883
12063	6884
12064	6885
12065	6885
12066	6886
12067	6887
12068	6888
12069	6889
12070	6890
12071	6891
12072	6891
12073	6892
12074	6893
12075	6893
12076	6894
12077	6895
12078	6896
12079	6897
12080	6898
12081	6899
12082	6899
12083	6900
12084	6900
12085	6901
12086	6902
12087	6903
12088	6904
12089	6905
12090	6906
12091	6907
12092	6907
12093	6908
12094	6909
12095	6910
12096	6911
12097	6912
12098	6912
12099	6913
12100	6913
12101	6913
12102	6914
12103	6915
12104	6916
12105	6916
12106	6917
12107	6918
12108	6919
12109	6920
12110	6919
12111	6920
12112	6921
12113	6922
12114	6923
12115	6924
12116	6924
12117	6924
12118	6925
12119	6926
12120	6927
12121	6927
12122	6927
12123	6927
12124	6927
12125	6928
12126	6929
12127	6930
12128	6931
12129	6932
12130	6933
12131	6934
12132	6935
12133	6936
12134	6937
12135	6938
12136	6937
12137	6938
12138	6938
12139	6939
12140	6939
12141	6940
12142	6941
12143	6942
12144	6943
12145	6944
12146	6945
12147	6946
12148	6947
12149	6948
12150	6948
12151	6949
12152	6950
12153	6951
12154	6952
12155	6953
12156	6954
12157	6955
12158	6955
12159	6956
12160	6957
12161	6958
12162	6959
12163	6960
12164	6961
12165	6962
12166	6962
12167	6963
12168	6964
12169	6964
12170	6965
12171	6966
12172	6967
12173	6966
12174	6967
12175	6968
12176	6969
12177	6970
12178	6971
12179	6971
12180	6972
12181	6973
12182	6974
12183	6975
12184	6975
12185	6975
12186	6975
12187	6976
12188	6977
12189	6978
12190	6979
12191	6979
12192	6979
12193	6980
12194	6980
12195	6980
12196	6981
12197	6982
12198	6983
12199	6984
12200	6984
12201	6985
12202	6985
12203	6985
12204	6985
12205	6986
12206	6986
12207	6987
12208	6988
12209	6989
12210	6989
12211	6990
12212	6991
12213	6992
12214	6992
12215	6993
12216	6994
12217	6995
12218	6996
12219	6997
12220	6997
12221	6998
12222	6998
12223	6999
12224	7000
12225	7001
12226	7002
12227	7003
12228	7003
12229	7003
12230	7004
12231	7005
12232	7006
12233	7007
12234	7007
12235	7008
12236	7009
12237	7010
12238	7011
12239	7012
12240	7012
12241	7013
12242	7014
12243	7015
12244	7014
12245	7015
12246	7016
12247	7017
12248	7017
12249	7018
12250	7018
12251	7018
12252	7019
12253	7020
12254	7021
12255	7022
12256	7023
12257	7024
12258	7024
12259	7025
12260	7026
12261	7027
12262	7028
12263	7029
12264	7030
12265	7031
12266	7032
12267	7033
12268	7034
12269	7034
12270	7035
12271	7036
12272	7037
12273	7037
12274	7038
12275	7039
12276	7040
12277	7040
12278	7040
12279	7041
12280	7041
12281	7042
12282	7043
12283	7044
12284	7045
12285	7046
12286	7046
12287	7047
12288	7048
12289	7049
12290	7050
12291	7050
12292	7050
12293	7051
12294	7052
12295	7053
12296	7054
12297	7054
12298	7055
12299	7056
12300	7057
12301	7058
12302	7059
12303	7060
12304	7061
12305	7062
12306	7062
12307	7063
12308	7064
12309	7065
12310	7066
12311	7066
12312	7067
12313	7068
12314	7068
12315	7069
12316	7070
12317	7071
12318	7072
12319	7073
12320	7074
12321	7075
12322	7075
12323	7075
12324	7076
12325	7077
12326	7078
12327	7079
12328	7080
12329	7081
12330	7082
12331	7083
12332	7084
12333	7085
12334	7086
12335	7087
12336	7088
12337	7089
12338	7089
12339	7090
12340	7091
12341	7092
12342	7093
12343	7093
12344	7094
12345	7095
12346	7096
12347	7097
12348	7098
12349	7099
12350	7099
12351	7100
12352	7101
12353	7102
12354	7102
12355	7103
12356	7103
12357	7103
12358	7103
12359	7104
12360	7104
12361	7105
12362	7106
12363	7107
12364	7107
12365	7108
12366	7109
12367	7110
12368	7111
12369	7112
12370	7113
12371	7114
12372	7115
12373	7116
12374	7117
12375	7118
12376	7119
12377	7120
12378	7121
12379	7122
12380	7123
12381	7123
12382	7123
12383	7124
12384	7124
12385	7125
12386	7125
12387	7126
12388	7127
12389	7128
12390	7129
12391	7130
12392	7131
12393	7132
12394	7133
12395	7134
12396	7135
12397	7136
12398	7137
12399	7138
12400	7138
12401	7139
12402	7140
12403	7141
12404	7142
12405	7142
12406	7142
12407	7143
12408	7144
12409	7144
12410	7145
12411	7146
12412	7147
12413	7147
12414	7148
12415	7149
12416	7150
12417	7151
12418	7152
12419	7153
12420	7152
12421	7153
12422	7154
12423	7155
12424	7155
12425	7155
12426	7156
12427	7157
12428	7158
12429	7158
12430	7158
12431	7158
12432	7159
12433	7160
12434	7161
12435	7162
12436	7163
12437	7164
12438	7165
12439	7165
12440	7166
12441	7167
12442	7167
12443	7168
12444	7169
12445	7170
12446	7171
12447	7172
12448	7173
12449	7174
12450	7173
12451	7174
12452	7175
12453	7176
12454	7177
12455	7178
12456	7179
12457	7180
12458	7180
12459	7181
12460	7182
12461	7183
12462	7184
12463	7185
12464	7186
12465	7187
12466	7187
12467	7187
12468	7188
12469	7189
12470	7190
12471	7190
12472	7191
12473	7192
12474	7193
12475	7193
12476	7194
12477	7195
12478	7194
12479	7195
12480	7196
12481	7197
12482	7198
12483	7199
12484	7200
12485	7200
12486	7201
12487	7202
12488	7203
12489	7204
12490	7205
12491	7206
12492	7206
12493	7206
12494	7207
12495	7207
12496	7207
12497	7208
12498	7208
12499	7208
12500	7208
12501	7209
12502	7210
12503	7211
12504	7212
12505	7212
12506	7212
12507	7213
12508	7213
12509	7213
12510	7214
12511	7215
12512	7216
12513	7216
12514	7217
12515	7218
12516	7219
12517	7219
12518	7220
12519	7220
12520	7221
12521	7222
12522	7223
12523	7224
12524	7224
12525	7225
12526	7225
12527	7226
12528	7227
12529	7228
12530	7229
12531	7230
12532	7230
12533	7230
12534	7231
12535	7232
12536	7233
12537	7234
12538	7234
12539	7235
12540	7236
12541	7237
12542	7236
12543	7237
12544	7238
12545	7239
12546	7240
12547	7240
12548	7241
12549	7242
12550	7243
12551	7244
12552	7245
12553	7246
12554	7247
12555	7248
12556	7249
12557	7249
12558	7249
12559	7250
12560	7250
12561	7250
12562	7251
12563	7251
12564	7252
12565	7253
12566	7254
12567	7255
12568	7256
12569	7257
12570	7258
12571	7259
12572	7259
12573	7260
12574	7261
12575	7261
12576	7262
12577	7263
12578	7264
12579	7264
12580	7264
12581	7265
12582	7266
12583	7267
12584	7268
12585	7269
12586	7270
12587	7271
12588	7271
12589	7272
12590	7273
12591	7274
12592	7275
12593	7276
12594	7276
12595	7277
12596	7278
12597	7279
12598	7280
12599	7281
12600	7282
12601	7282
12602	7283
12603	7284
12604	7284
12605	7285
12606	7286
12607	7286
12608	7287
12609	7287
12610	7288
12611	7289
12612	7289
12613	7290
12614	7291
12615	7292
12616	7293
12617	7293
12618	7294
12619	7295
12620	7296
12621	7297
12622	7298
12623	7298
12624	7299
12625	7300
12626	7301
12627	7302
12628	7302
12629	7303
12630	7304
12631	7305
12632	7306
12633	7307
12634	7308
12635	7309
12636	7310
12637	7311
12638	7312
12639	7313
12640	7313
12641	7313
12642	7314
12643	7315
12644	7316
12645	7317
12646	7318
12647	7319
12648	7320
12649	7321
12650	7322
12651	7321
12652	7321
12653	7321
12654	7321
12655	7321
12656	7321
12657	7321
12658	7323
12659	7322
12660	7322
12661	7322
12662	7322
12663	7324
12664	7325
12665	7325
12666	7327
12667	7327
12668	7327
12669	7327
12670	7327
12671	7327
12672	7327
12673	7327
12674	7327
12675	7329
12676	7329
12677	7330
12678	7330
12679	7332
12680	7332
12681	7334
12682	7334
12683	7336
12684	7336
12685	7336
12686	7335
12687	7335
12688	7335
12689	7335
12690	7335
12691	7335
12692	7336
12693	7336
12694	7336
12695	7337
12696	7337
12697	7339
12698	7339
12699	7341
12700	7341
12701	7340
12702	7339
12703	7339
12704	7338
12705	7338
12706	7338
12707	7338
12708	7338
12709	7340
12710	7342
12711	7342
12712	7342
12713	7344
12714	7344
12715	7343
12716	7343
12717	7343
12717
0.165547
