1	1
2	4
3	5
4	6
5	7
6	8
7	8
8	8
9	8
10	8
11	8
12	8
13	8
14	8
15	9
16	10
17	11
18	12
19	13
20	14
21	15
22	16
23	16
24	18
25	18
26	20
27	20
28	22
29	22
30	24
31	26
32	26
33	28
34	28
35	30
36	30
37	32
38	32
39	33
40	34
41	35
42	36
43	37
44	38
45	39
46	40
47	41
48	42
49	43
50	44
51	45
52	46
53	47
54	48
55	49
56	49
57	50
58	51
59	52
60	52
61	53
62	54
63	55
64	56
65	56
66	57
67	58
68	59
69	59
70	60
71	62
72	62
73	61
74	61
75	61
76	61
77	61
78	61
79	63
80	63
81	63
82	62
83	62
84	62
85	62
86	62
87	64
88	64
89	64
90	64
91	63
92	63
93	63
94	63
95	65
96	65
97	65
98	65
99	65
100	64
101	64
102	64
103	64
104	64
105	64
106	64
107	64
108	64
109	66
110	66
111	66
112	66
113	66
114	66
115	66
116	68
117	68
118	68
119	68
120	68
121	68
122	68
123	70
124	70
125	70
126	70
127	70
128	70
129	70
130	72
131	73
132	74
133	75
134	76
135	77
136	78
137	79
138	80
139	81
140	82
141	83
142	84
143	85
144	86
145	87
146	88
147	89
148	90
149	91
150	92
151	93
152	94
153	95
154	95
155	96
156	97
157	98
158	99
159	100
160	101
161	102
162	102
163	103
164	104
165	105
166	106
167	107
168	107
169	108
170	109
171	110
172	111
173	112
174	113
175	114
176	115
177	115
178	116
179	117
180	118
181	119
182	120
183	121
184	122
185	122
186	123
187	124
188	124
189	125
190	126
191	127
192	128
193	129
194	129
195	130
196	130
197	131
198	132
199	133
200	134
201	135
202	136
203	136
204	136
205	136
206	136
207	136
208	136
209	136
210	138
211	138
212	140
213	140
214	141
215	141
216	142
217	144
218	144
219	145
220	145
221	145
222	145
223	145
224	145
225	145
226	145
227	145
228	147
229	147
230	149
231	149
232	150
233	150
234	151
235	153
236	153
237	154
238	154
239	154
240	154
241	154
242	154
243	154
244	154
245	154
246	156
247	156
248	157
249	157
250	157
251	159
252	160
253	160
254	162
255	162
256	162
257	162
258	162
259	162
260	162
261	162
262	162
263	164
264	164
265	164
266	165
267	165
268	167
269	168
270	168
271	170
272	170
273	170
274	172
275	172
276	174
277	174
278	176
279	176
280	177
281	177
282	179
283	179
284	179
285	178
286	178
287	178
288	178
289	178
290	178
291	180
292	180
293	182
294	182
295	183
296	183
297	185
298	185
299	187
300	187
301	187
302	187
303	187
304	186
305	186
306	186
307	186
308	186
309	188
310	190
311	190
312	190
313	192
314	192
315	194
316	194
317	193
318	193
319	193
320	193
321	193
322	193
323	193
324	193
325	195
326	195
327	197
328	197
329	199
330	199
331	201
332	201
333	201
334	201
335	200
336	200
337	200
338	200
339	201
340	202
341	203
342	203
343	204
344	205
345	206
346	207
347	208
348	209
349	210
350	211
351	212
352	213
353	214
354	215
355	216
356	217
357	218
358	219
359	220
360	221
361	221
362	222
363	223
364	223
365	224
366	225
367	226
368	227
369	228
370	229
371	229
372	230
373	231
374	232
375	233
376	234
377	235
378	236
379	237
380	238
381	239
382	240
383	241
384	242
385	243
386	244
387	244
388	245
389	246
390	247
391	247
392	248
393	249
394	250
395	250
396	251
397	252
398	253
399	254
400	255
401	256
402	257
403	258
404	259
405	260
406	261
407	262
408	263
409	264
410	265
411	266
412	266
413	267
414	268
415	269
416	269
417	270
418	271
419	272
420	273
421	274
422	274
423	275
424	276
425	277
426	278
427	279
428	280
429	281
430	282
431	283
432	284
433	285
434	286
435	287
436	288
437	288
438	289
439	290
440	290
441	291
442	292
443	293
444	294
445	295
446	296
447	297
448	298
449	298
450	299
451	300
452	301
453	302
454	302
455	303
456	303
457	303
458	304
459	305
460	306
461	307
462	308
463	309
464	310
465	311
466	312
467	313
468	314
469	315
470	316
471	317
472	318
473	319
474	319
475	320
476	321
477	321
478	321
479	322
480	323
481	324
482	324
483	325
484	326
485	327
486	328
487	329
488	330
489	331
490	332
491	333
492	334
493	335
494	336
495	337
496	338
497	339
498	340
499	340
500	341
501	342
502	343
503	344
504	345
505	345
506	346
507	347
508	348
509	349
510	350
511	351
512	352
513	353
514	354
515	355
516	356
517	357
518	358
519	359
520	360
521	361
522	362
523	362
524	363
525	364
526	365
527	366
528	366
529	367
530	368
531	369
532	370
533	371
534	372
535	373
536	374
537	375
538	376
539	376
540	378
541	378
542	380
543	382
544	382
545	382
546	384
547	384
548	386
549	386
550	388
551	388
552	388
553	388
554	388
555	387
556	387
557	387
558	389
559	389
560	389
561	388
562	388
563	388
564	388
565	387
566	389
567	389
568	389
569	389
570	389
571	389
572	391
573	391
574	390
575	390
576	390
577	389
578	389
579	389
580	389
581	388
582	388
583	388
584	390
585	389
586	389
587	389
588	389
589	391
590	391
591	393
592	393
593	395
594	397
595	397
596	399
597	399
598	401
599	401
600	401
601	403
602	403
603	403
604	403
605	402
606	402
607	402
608	402
609	404
610	404
611	403
612	403
613	403
614	403
615	403
616	402
617	404
618	404
619	404
620	403
621	402
622	402
623	404
624	404
625	404
626	404
627	404
628	404
629	404
630	404
631	404
632	404
633	403
634	403
635	405
636	405
637	404
638	404
639	404
640	406
641	406
642	408
643	408
644	410
645	410
646	412
647	412
648	414
649	414
650	416
651	416
652	418
653	418
654	418
655	417
656	417
657	417
658	417
659	417
660	419
661	419
662	419
663	419
664	419
665	419
666	421
667	421
668	423
669	423
670	423
671	423
672	423
673	422
674	421
675	421
676	420
677	420
678	420
679	420
680	422
681	422
682	422
683	421
684	421
685	421
686	421
687	423
688	423
689	425
690	425
691	427
692	429
693	429
694	431
695	431
696	431
697	433
698	433
699	435
700	435
701	434
702	434
703	434
704	434
705	434
706	434
707	436
708	436
709	438
710	438
711	438
712	438
713	438
714	438
715	440
716	440
717	440
718	440
719	439
720	439
721	438
722	438
723	438
724	437
725	437
726	437
727	439
728	439
729	439
730	439
731	438
732	438
733	438
734	440
735	442
736	442
737	442
738	442
739	441
740	441
741	441
742	441
743	443
744	443
745	443
746	443
747	443
748	443
749	443
750	443
751	445
752	445
753	445
754	445
755	445
756	445
757	445
758	447
759	447
760	447
761	447
762	449
763	449
764	449
765	449
766	449
767	449
768	449
769	449
770	451
771	451
772	453
773	453
774	454
775	454
776	455
777	457
778	457
779	458
780	458
781	460
782	460
783	459
784	459
785	459
786	459
787	459
788	459
789	461
790	461
791	461
792	461
793	461
794	461
795	461
796	461
797	463
798	463
799	463
800	463
801	465
802	465
803	465
804	465
805	465
806	465
807	465
808	467
809	467
810	467
811	467
812	467
813	467
814	467
815	467
816	469
817	469
818	470
819	470
820	471
821	471
822	473
823	474
824	474
825	476
826	476
827	478
828	478
829	480
830	480
831	480
832	480
833	480
834	479
835	479
836	479
837	479
838	479
839	479
840	479
841	479
842	479
843	481
844	481
845	483
846	483
847	483
848	483
849	483
850	483
851	483
852	485
853	485
854	485
855	485
856	485
857	485
858	485
859	485
860	487
861	487
862	489
863	489
864	490
865	490
866	491
867	493
868	493
869	494
870	494
871	496
872	496
873	498
874	498
875	498
876	497
877	497
878	497
879	497
880	497
881	497
882	499
883	499
884	499
885	499
886	499
887	499
888	499
889	501
890	501
891	501
892	501
893	501
894	501
895	501
896	503
897	503
898	503
899	503
900	503
901	503
902	503
903	503
904	505
905	505
906	506
907	506
908	507
909	507
910	509
911	510
912	510
913	512
914	512
915	513
916	514
917	515
918	516
919	517
920	518
921	518
922	519
923	520
924	520
925	521
926	522
927	523
928	523
929	524
930	524
931	525
932	526
933	527
934	527
935	528
936	529
937	530
938	531
939	532
940	533
941	534
942	535
943	536
944	537
945	538
946	539
947	540
948	541
949	542
950	543
951	544
952	545
953	546
954	547
955	548
956	549
957	550
958	550
959	551
960	552
961	553
962	554
963	555
964	556
965	557
966	558
967	558
968	559
969	560
970	561
971	562
972	563
973	564
974	565
975	566
976	567
977	568
978	569
979	570
980	571
981	572
982	573
983	573
984	574
985	575
986	576
987	577
988	578
989	578
990	578
991	579
992	580
993	581
994	581
995	582
996	583
997	584
998	585
999	585
1000	586
1001	587
1002	588
1003	589
1004	590
1005	591
1006	592
1007	593
1008	594
1009	595
1010	596
1011	597
1012	598
1013	599
1014	600
1015	601
1016	602
1017	603
1018	604
1019	605
1020	606
1021	607
1022	608
1023	609
1024	610
1025	611
1026	612
1027	613
1028	614
1029	614
1030	615
1031	616
1032	617
1033	618
1034	618
1035	619
1036	620
1037	621
1038	622
1039	623
1040	624
1041	625
1042	626
1043	627
1044	628
1045	629
1046	630
1047	631
1048	632
1049	633
1050	634
1051	635
1052	635
1053	636
1054	637
1055	638
1056	639
1057	639
1058	640
1059	641
1060	642
1061	643
1062	643
1063	644
1064	644
1065	645
1066	645
1067	646
1068	647
1069	648
1070	649
1071	650
1072	651
1073	652
1074	653
1075	654
1076	655
1077	656
1078	657
1079	658
1080	659
1081	660
1082	661
1083	662
1084	663
1085	664
1086	665
1087	666
1088	667
1089	668
1090	669
1091	670
1092	671
1093	671
1094	672
1095	673
1096	674
1097	675
1098	676
1099	677
1100	678
1101	679
1102	680
1103	680
1104	681
1105	682
1106	683
1107	684
1108	685
1109	686
1110	687
1111	688
1112	688
1113	689
1114	690
1115	691
1116	692
1117	693
1118	694
1119	695
1120	695
1121	696
1122	697
1123	697
1124	697
1125	698
1126	699
1127	700
1128	701
1129	702
1130	702
1131	703
1132	704
1133	705
1134	706
1135	707
1136	708
1137	709
1138	710
1139	711
1140	712
1141	713
1142	714
1143	715
1144	716
1145	717
1146	718
1147	719
1148	720
1149	721
1150	722
1151	723
1152	724
1153	725
1154	726
1155	727
1156	728
1157	729
1158	729
1159	730
1160	731
1161	732
1162	733
1163	734
1164	735
1165	736
1166	737
1167	738
1168	738
1169	739
1170	740
1171	741
1172	742
1173	743
1174	744
1175	745
1176	746
1177	747
1178	748
1179	749
1180	749
1181	750
1182	751
1183	752
1184	753
1185	754
1186	754
1187	755
1188	756
1189	756
1190	757
1191	758
1192	759
1193	760
1194	761
1195	762
1196	763
1197	763
1198	764
1199	765
1200	765
1201	766
1202	767
1203	768
1204	769
1205	770
1206	771
1207	772
1208	773
1209	774
1210	775
1211	776
1212	777
1213	778
1214	779
1215	780
1216	781
1217	781
1218	782
1219	783
1220	784
1221	785
1222	786
1223	787
1224	788
1225	789
1226	790
1227	791
1228	792
1229	793
1230	794
1231	795
1232	796
1233	796
1234	797
1235	798
1236	799
1237	799
1238	800
1239	801
1240	802
1241	803
1242	804
1243	805
1244	806
1245	806
1246	807
1247	808
1248	809
1249	810
1250	810
1251	811
1252	812
1253	812
1254	813
1255	814
1256	815
1257	816
1258	817
1259	818
1260	819
1261	820
1262	821
1263	822
1264	823
1265	824
1266	825
1267	825
1268	826
1269	826
1270	827
1271	828
1272	829
1273	830
1274	831
1275	832
1276	833
1277	834
1278	835
1279	836
1280	836
1281	837
1282	838
1283	839
1284	840
1285	841
1286	842
1287	843
1288	844
1289	845
1290	846
1291	847
1292	848
1293	849
1294	850
1295	851
1296	852
1297	852
1298	853
1299	854
1300	854
1301	855
1302	856
1303	857
1304	857
1305	858
1306	859
1307	860
1308	861
1309	862
1310	863
1311	863
1312	864
1313	865
1314	866
1315	867
1316	868
1317	868
1318	869
1319	870
1320	871
1321	872
1322	873
1323	874
1324	875
1325	876
1326	877
1327	878
1328	879
1329	879
1330	880
1331	880
1332	881
1333	882
1334	883
1335	884
1336	885
1337	886
1338	887
1339	888
1340	889
1341	889
1342	890
1343	891
1344	892
1345	893
1346	894
1347	895
1348	896
1349	897
1350	898
1351	899
1352	900
1353	901
1354	902
1355	903
1356	904
1357	905
1358	906
1359	907
1360	907
1361	908
1362	909
1363	909
1364	910
1365	911
1366	911
1367	912
1368	913
1369	914
1370	915
1371	916
1372	917
1373	918
1374	918
1375	919
1376	920
1377	921
1378	922
1379	923
1380	924
1381	925
1382	926
1383	926
1384	927
1385	928
1386	929
1387	930
1388	931
1389	932
1390	933
1391	933
1392	934
1393	935
1394	935
1395	936
1396	937
1397	938
1398	939
1399	940
1400	941
1401	942
1402	942
1403	943
1404	944
1405	945
1406	946
1407	947
1408	948
1409	949
1410	950
1411	951
1412	952
1413	953
1414	954
1415	955
1416	956
1417	957
1418	958
1419	959
1420	960
1421	960
1422	961
1423	962
1424	963
1425	963
1426	964
1427	966
1428	966
1429	965
1430	965
1431	965
1432	965
1433	965
1434	965
1435	967
1436	967
1437	967
1438	966
1439	966
1440	966
1441	966
1442	966
1443	966
1444	966
1445	966
1446	966
1447	966
1448	968
1449	968
1450	970
1451	970
1452	970
1453	970
1454	970
1455	970
1456	972
1457	972
1458	972
1459	972
1460	972
1461	972
1462	972
1463	974
1464	974
1465	974
1466	974
1467	974
1468	974
1469	974
1470	974
1471	976
1472	976
1473	977
1474	977
1475	978
1476	978
1477	980
1478	981
1479	981
1480	983
1481	983
1482	983
1483	983
1484	983
1485	983
1486	983
1487	983
1488	983
1489	985
1490	985
1491	987
1492	987
1493	987
1494	987
1495	988
1496	990
1497	990
1498	990
1499	990
1500	990
1501	990
1502	990
1503	990
1504	990
1505	992
1506	992
1507	993
1508	993
1509	993
1510	993
1511	995
1512	995
1513	995
1514	995
1515	995
1516	995
1517	995
1518	995
1519	995
1520	997
1521	997
1522	998
1523	998
1524	1000
1525	1000
1526	1000
1527	1002
1528	1004
1529	1004
1530	1006
1531	1006
1532	1008
1533	1008
1534	1007
1535	1007
1536	1007
1537	1007
1538	1007
1539	1007
1540	1007
1541	1009
1542	1011
1543	1011
1544	1013
1545	1013
1546	1013
1547	1013
1548	1012
1549	1012
1550	1012
1551	1012
1552	1014
1553	1014
1554	1013
1555	1013
1556	1013
1557	1013
1558	1013
1559	1015
1560	1015
1561	1015
1562	1014
1563	1014
1564	1014
1565	1014
1566	1014
1567	1014
1568	1014
1569	1014
1570	1014
1571	1014
1572	1016
1573	1016
1574	1016
1575	1016
1576	1016
1577	1016
1578	1016
1579	1018
1580	1018
1581	1018
1582	1018
1583	1018
1584	1018
1585	1018
1586	1020
1587	1020
1588	1022
1589	1022
1590	1022
1591	1022
1592	1022
1593	1022
1594	1022
1595	1022
1596	1024
1597	1024
1598	1025
1599	1025
1600	1026
1601	1026
1602	1028
1603	1029
1604	1029
1605	1031
1606	1031
1607	1031
1608	1031
1609	1031
1610	1031
1611	1031
1612	1031
1613	1031
1614	1033
1615	1033
1616	1035
1617	1035
1618	1036
1619	1036
1620	1036
1621	1038
1622	1038
1623	1038
1624	1038
1625	1038
1626	1038
1627	1038
1628	1038
1629	1038
1630	1040
1631	1040
1632	1041
1633	1041
1634	1043
1635	1043
1636	1043
1637	1043
1638	1043
1639	1043
1640	1043
1641	1043
1642	1045
1643	1045
1644	1045
1645	1046
1646	1046
1647	1046
1648	1048
1649	1048
1650	1048
1651	1050
1652	1050
1653	1052
1654	1052
1655	1054
1656	1054
1657	1056
1658	1056
1659	1056
1660	1055
1661	1055
1662	1055
1663	1055
1664	1055
1665	1055
1666	1057
1667	1059
1668	1059
1669	1061
1670	1061
1671	1061
1672	1061
1673	1061
1674	1060
1675	1060
1676	1060
1677	1062
1678	1062
1679	1062
1680	1062
1681	1061
1682	1061
1683	1061
1684	1061
1685	1063
1686	1063
1687	1063
1688	1063
1689	1062
1690	1062
1691	1062
1692	1062
1693	1064
1694	1064
1695	1064
1696	1064
1697	1064
1698	1064
1699	1064
1700	1066
1701	1066
1702	1066
1703	1066
1704	1066
1705	1066
1706	1066
1707	1068
1708	1068
1709	1068
1710	1068
1711	1068
1712	1068
1713	1070
1714	1070
1715	1070
1716	1070
1717	1070
1718	1070
1719	1070
1720	1070
1721	1072
1722	1072
1723	1074
1724	1074
1725	1075
1726	1075
1727	1076
1728	1078
1729	1078
1730	1079
1731	1079
1732	1079
1733	1079
1734	1079
1735	1079
1736	1079
1737	1079
1738	1078
1739	1080
1740	1080
1741	1081
1742	1081
1743	1081
1744	1083
1745	1083
1746	1083
1747	1083
1748	1083
1749	1083
1750	1083
1751	1082
1752	1082
1753	1081
1754	1081
1755	1083
1756	1083
1757	1083
1758	1083
1759	1083
1760	1083
1761	1083
1762	1083
1763	1085
1764	1085
1765	1085
1766	1086
1767	1086
1768	1088
1769	1090
1770	1090
1771	1090
1772	1092
1773	1094
1774	1094
1775	1096
1776	1096
1777	1095
1778	1095
1779	1095
1780	1095
1781	1095
1782	1095
1783	1095
1784	1095
1785	1097
1786	1099
1787	1099
1788	1101
1789	1101
1790	1103
1791	1103
1792	1103
1793	1103
1794	1102
1795	1102
1796	1102
1797	1102
1798	1104
1799	1104
1800	1104
1801	1103
1802	1103
1803	1103
1804	1103
1805	1105
1806	1105
1807	1105
1808	1105
1809	1105
1810	1104
1811	1104
1812	1104
1813	1104
1814	1104
1815	1104
1816	1104
1817	1104
1818	1104
1819	1106
1820	1106
1821	1106
1822	1106
1823	1106
1824	1106
1825	1108
1826	1108
1827	1110
1828	1110
1829	1110
1830	1110
1831	1110
1832	1110
1833	1110
1834	1112
1835	1112
1836	1112
1837	1112
1838	1112
1839	1112
1840	1112
1841	1112
1842	1114
1843	1114
1844	1116
1845	1116
1846	1117
1847	1117
1848	1118
1849	1120
1850	1120
1851	1121
1852	1121
1853	1121
1854	1121
1855	1121
1856	1120
1857	1120
1858	1119
1859	1119
1860	1121
1861	1121
1862	1121
1863	1121
1864	1121
1865	1121
1866	1121
1867	1120
1868	1122
1869	1122
1870	1122
1871	1122
1872	1123
1873	1125
1874	1125
1875	1125
1876	1125
1877	1125
1878	1125
1879	1125
1880	1125
1881	1125
1882	1125
1883	1125
1884	1127
1885	1127
1886	1128
1887	1128
1888	1128
1889	1130
1890	1132
1891	1132
1892	1132
1893	1134
1894	1136
1895	1136
1896	1138
1897	1138
1898	1138
1899	1137
1900	1137
1901	1137
1902	1137
1903	1137
1904	1137
1905	1139
1906	1139
1907	1141
1908	1141
1909	1143
1910	1143
1911	1145
1912	1145
1913	1145
1914	1145
1915	1145
1916	1144
1917	1144
1918	1144
1919	1144
1920	1144
1921	1144
1922	1144
1923	1144
1924	1144
1925	1144
1926	1146
1927	1145
1928	1146
1929	1145
1930	1145
1931	1147
1932	1148
1933	1148
1934	1150
1935	1150
1936	1150
1937	1150
1938	1150
1939	1150
1940	1150
1941	1150
1942	1152
1943	1152
1944	1154
1945	1154
1946	1156
1947	1156
1948	1157
1949	1157
1950	1159
1951	1159
1952	1161
1953	1161
1954	1161
1955	1161
1956	1161
1957	1160
1958	1160
1959	1160
1960	1160
1961	1160
1962	1162
1963	1164
1964	1164
1965	1164
1966	1166
1967	1166
1968	1168
1969	1168
1970	1167
1971	1167
1972	1167
1973	1167
1974	1167
1975	1167
1976	1169
1977	1169
1978	1171
1979	1171
1980	1173
1981	1173
1982	1173
1983	1173
1984	1172
1985	1172
1986	1172
1987	1172
1988	1172
1989	1174
1990	1174
1991	1176
1992	1178
1993	1178
1994	1180
1995	1180
1996	1182
1997	1182
1998	1182
1999	1183
2000	1183
2001	1183
2002	1183
2003	1182
2004	1182
2005	1182
2006	1182
2007	1184
2008	1184
2009	1183
2010	1183
2011	1183
2012	1183
2013	1183
2014	1182
2015	1184
2016	1184
2017	1184
2018	1183
2019	1182
2020	1182
2021	1184
2022	1183
2023	1183
2024	1183
2025	1183
2026	1183
2027	1183
2028	1183
2029	1183
2030	1183
2031	1182
2032	1182
2033	1184
2034	1184
2035	1183
2036	1183
2037	1183
2038	1185
2039	1185
2040	1185
2041	1185
2042	1185
2043	1185
2044	1185
2045	1185
2046	1187
2047	1187
2048	1189
2049	1188
2050	1189
2051	1188
2052	1190
2053	1190
2054	1191
2055	1191
2056	1191
2057	1191
2058	1191
2059	1191
2060	1191
2061	1191
2062	1193
2063	1193
2064	1195
2065	1195
2066	1197
2067	1197
2068	1199
2069	1199
2070	1200
2071	1200
2072	1202
2073	1202
2074	1202
2075	1201
2076	1201
2077	1201
2078	1201
2079	1201
2080	1203
2081	1203
2082	1205
2083	1205
2084	1207
2085	1207
2086	1206
2087	1206
2088	1206
2089	1206
2090	1206
2091	1206
2092	1206
2093	1206
2094	1208
2095	1208
2096	1210
2097	1210
2098	1212
2099	1212
2100	1214
2101	1214
2102	1214
2103	1214
2104	1213
2105	1213
2106	1213
2107	1213
2108	1213
2109	1215
2110	1215
2111	1217
2112	1219
2113	1219
2114	1221
2115	1221
2116	1221
2117	1223
2118	1223
2119	1224
2120	1224
2121	1223
2122	1223
2123	1223
2124	1223
2125	1223
2126	1223
2127	1225
2128	1225
2129	1224
2130	1224
2131	1224
2132	1223
2133	1225
2134	1224
2135	1224
2136	1224
2137	1224
2138	1224
2139	1226
2140	1226
2141	1226
2142	1226
2143	1225
2144	1225
2145	1224
2146	1224
2147	1224
2148	1223
2149	1223
2150	1223
2151	1225
2152	1225
2153	1225
2154	1225
2155	1224
2156	1224
2157	1224
2158	1226
2159	1226
2160	1226
2161	1226
2162	1226
2163	1226
2164	1226
2165	1228
2166	1228
2167	1228
2168	1228
2169	1228
2170	1228
2171	1228
2172	1228
2173	1230
2174	1229
2175	1228
2176	1229
2177	1229
2178	1231
2179	1232
2180	1232
2181	1234
2182	1234
2183	1234
2184	1236
2185	1236
2186	1238
2187	1238
2188	1240
2189	1240
2190	1241
2191	1241
2192	1243
2193	1242
2194	1242
2195	1241
2196	1241
2197	1241
2198	1241
2199	1241
2200	1243
2201	1243
2202	1243
2203	1242
2204	1242
2205	1241
2206	1241
2207	1241
2208	1241
2209	1241
2210	1243
2211	1243
2212	1245
2213	1245
2214	1247
2215	1247
2216	1249
2217	1249
2218	1249
2219	1249
2220	1248
2221	1248
2222	1248
2223	1248
2224	1248
2225	1250
2226	1250
2227	1252
2228	1254
2229	1254
2230	1254
2231	1256
2232	1256
2233	1258
2234	1258
2235	1259
2236	1259
2237	1259
2238	1259
2239	1259
2240	1258
2241	1258
2242	1258
2243	1260
2244	1260
2245	1260
2246	1259
2247	1259
2248	1259
2249	1259
2250	1258
2251	1260
2252	1259
2253	1259
2254	1259
2255	1259
2256	1259
2257	1261
2258	1261
2259	1260
2260	1260
2261	1260
2262	1259
2263	1259
2264	1259
2265	1259
2266	1258
2267	1258
2268	1258
2269	1260
2270	1259
2271	1259
2272	1259
2273	1259
2274	1261
2275	1261
2276	1261
2277	1261
2278	1261
2279	1261
2280	1261
2281	1263
2282	1263
2283	1263
2284	1263
2285	1263
2286	1263
2287	1263
2288	1263
2289	1265
2290	1265
2291	1267
2292	1266
2293	1265
2294	1266
2295	1268
2296	1268
2297	1269
2298	1269
2299	1271
2300	1271
2301	1271
2302	1270
2303	1270
2304	1269
2305	1269
2306	1269
2307	1269
2308	1271
2309	1271
2310	1273
2311	1273
2312	1274
2313	1274
2314	1276
2315	1276
2316	1278
2317	1277
2318	1277
2319	1277
2320	1277
2321	1276
2322	1276
2323	1276
2324	1276
2325	1276
2326	1278
2327	1280
2328	1280
2329	1280
2330	1282
2331	1282
2332	1284
2333	1284
2334	1283
2335	1283
2336	1283
2337	1283
2338	1283
2339	1283
2340	1283
2341	1285
2342	1285
2343	1287
2344	1287
2345	1289
2346	1289
2347	1291
2348	1291
2349	1293
2350	1293
2351	1294
2352	1294
2353	1294
2354	1293
2355	1293
2356	1293
2357	1293
2358	1293
2359	1295
2360	1294
2361	1294
2362	1294
2363	1294
2364	1294
2365	1296
2366	1296
2367	1296
2368	1295
2369	1294
2370	1294
2371	1296
2372	1296
2373	1296
2374	1296
2375	1296
2376	1295
2377	1294
2378	1294
2379	1293
2380	1293
2381	1293
2382	1293
2383	1295
2384	1295
2385	1295
2386	1294
2387	1294
2388	1294
2389	1294
2390	1296
2391	1297
2392	1298
2393	1299
2394	1300
2395	1301
2396	1302
2397	1302
2398	1303
2399	1304
2400	1305
2401	1306
2402	1307
2403	1308
2404	1309
2405	1310
2406	1311
2407	1311
2408	1312
2409	1312
2410	1313
2411	1314
2412	1315
2413	1316
2414	1317
2415	1318
2416	1319
2417	1320
2418	1321
2419	1322
2420	1323
2421	1323
2422	1324
2423	1324
2424	1325
2425	1326
2426	1327
2427	1328
2428	1329
2429	1329
2430	1330
2431	1330
2432	1331
2433	1332
2434	1332
2435	1333
2436	1334
2437	1335
2438	1336
2439	1337
2440	1338
2441	1339
2442	1339
2443	1340
2444	1341
2445	1341
2446	1342
2447	1343
2448	1344
2449	1345
2450	1346
2451	1347
2452	1348
2453	1349
2454	1350
2455	1351
2456	1352
2457	1353
2458	1354
2459	1354
2460	1355
2461	1356
2462	1356
2463	1357
2464	1358
2465	1359
2466	1360
2467	1361
2468	1362
2469	1363
2470	1363
2471	1364
2472	1365
2473	1366
2474	1367
2475	1368
2476	1369
2477	1370
2478	1371
2479	1372
2480	1373
2481	1374
2482	1375
2483	1376
2484	1377
2485	1377
2486	1378
2487	1379
2488	1380
2489	1381
2490	1381
2491	1382
2492	1383
2493	1384
2494	1384
2495	1385
2496	1386
2497	1387
2498	1388
2499	1389
2500	1390
2501	1391
2502	1391
2503	1392
2504	1393
2505	1394
2506	1394
2507	1395
2508	1396
2509	1397
2510	1397
2511	1398
2512	1398
2513	1399
2514	1400
2515	1401
2516	1402
2517	1403
2518	1404
2519	1405
2520	1406
2521	1407
2522	1408
2523	1408
2524	1409
2525	1410
2526	1411
2527	1412
2528	1413
2529	1414
2530	1415
2531	1415
2532	1416
2533	1416
2534	1417
2535	1418
2536	1418
2537	1419
2538	1420
2539	1421
2540	1422
2541	1423
2542	1424
2543	1425
2544	1426
2545	1427
2546	1428
2547	1429
2548	1430
2549	1431
2550	1432
2551	1433
2552	1434
2553	1434
2554	1435
2555	1436
2556	1437
2557	1438
2558	1439
2559	1440
2560	1441
2561	1442
2562	1443
2563	1444
2564	1445
2565	1446
2566	1447
2567	1448
2568	1449
2569	1450
2570	1451
2571	1451
2572	1452
2573	1453
2574	1454
2575	1455
2576	1456
2577	1456
2578	1457
2579	1458
2580	1459
2581	1459
2582	1460
2583	1461
2584	1461
2585	1462
2586	1463
2587	1464
2588	1465
2589	1466
2590	1466
2591	1467
2592	1468
2593	1469
2594	1469
2595	1470
2596	1471
2597	1472
2598	1472
2599	1472
2600	1473
2601	1473
2602	1474
2603	1475
2604	1476
2605	1476
2606	1477
2607	1478
2608	1479
2609	1480
2610	1481
2611	1482
2612	1483
2613	1483
2614	1482
2615	1483
2616	1484
2617	1485
2618	1485
2619	1486
2620	1487
2621	1488
2622	1489
2623	1490
2624	1491
2625	1492
2626	1493
2627	1493
2628	1494
2629	1495
2630	1495
2631	1496
2632	1496
2633	1497
2634	1498
2635	1499
2636	1499
2637	1500
2638	1501
2639	1502
2640	1503
2641	1503
2642	1503
2643	1504
2644	1505
2645	1506
2646	1507
2647	1508
2648	1509
2649	1510
2650	1511
2651	1512
2652	1513
2653	1514
2654	1515
2655	1516
2656	1517
2657	1518
2658	1518
2659	1518
2660	1519
2661	1520
2662	1521
2663	1521
2664	1522
2665	1522
2666	1523
2667	1524
2668	1525
2669	1526
2670	1527
2671	1528
2672	1529
2673	1530
2674	1531
2675	1532
2676	1532
2677	1533
2678	1534
2679	1535
2680	1536
2681	1537
2682	1537
2683	1538
2684	1538
2685	1539
2686	1540
2687	1541
2688	1542
2689	1543
2690	1544
2691	1545
2692	1545
2693	1546
2694	1547
2695	1547
2696	1548
2697	1549
2698	1550
2699	1551
2700	1552
2701	1553
2702	1554
2703	1555
2704	1555
2705	1556
2706	1557
2707	1558
2708	1559
2709	1559
2710	1559
2711	1560
2712	1561
2713	1562
2714	1563
2715	1564
2716	1565
2717	1566
2718	1567
2719	1568
2720	1569
2721	1570
2722	1571
2723	1572
2724	1573
2725	1573
2726	1574
2727	1575
2728	1576
2729	1577
2730	1578
2731	1579
2732	1580
2733	1581
2734	1582
2735	1583
2736	1584
2737	1585
2738	1586
2739	1587
2740	1588
2741	1589
2742	1589
2743	1590
2744	1591
2745	1592
2746	1593
2747	1594
2748	1595
2749	1596
2750	1597
2751	1598
2752	1598
2753	1599
2754	1600
2755	1601
2756	1602
2757	1603
2758	1604
2759	1604
2760	1604
2761	1605
2762	1606
2763	1607
2764	1608
2765	1609
2766	1610
2767	1610
2768	1611
2769	1612
2770	1612
2771	1613
2772	1613
2773	1614
2774	1615
2775	1616
2776	1616
2777	1616
2778	1617
2779	1618
2780	1619
2781	1620
2782	1621
2783	1622
2784	1623
2785	1624
2786	1625
2787	1626
2788	1627
2789	1627
2790	1628
2791	1629
2792	1629
2793	1630
2794	1631
2795	1632
2796	1633
2797	1634
2798	1635
2799	1636
2800	1637
2801	1638
2802	1639
2803	1640
2804	1641
2805	1641
2806	1642
2807	1643
2808	1644
2809	1644
2810	1645
2811	1646
2812	1647
2813	1648
2814	1648
2815	1649
2816	1650
2817	1651
2818	1652
2819	1653
2820	1653
2821	1654
2822	1655
2823	1656
2824	1657
2825	1658
2826	1659
2827	1659
2828	1660
2829	1660
2830	1661
2831	1662
2832	1663
2833	1663
2834	1664
2835	1665
2836	1666
2837	1667
2838	1668
2839	1669
2840	1670
2841	1671
2842	1672
2843	1672
2844	1673
2845	1674
2846	1675
2847	1676
2848	1677
2849	1678
2850	1679
2851	1680
2852	1681
2853	1682
2854	1683
2855	1684
2856	1685
2857	1686
2858	1686
2859	1687
2860	1688
2861	1689
2862	1690
2863	1691
2864	1692
2865	1693
2866	1694
2867	1694
2868	1695
2869	1696
2870	1697
2871	1698
2872	1699
2873	1700
2874	1701
2875	1702
2876	1703
2877	1704
2878	1705
2879	1706
2880	1707
2881	1708
2882	1709
2883	1710
2884	1710
2885	1711
2886	1711
2887	1712
2888	1713
2889	1713
2890	1714
2891	1715
2892	1716
2893	1717
2894	1718
2895	1719
2896	1720
2897	1721
2898	1722
2899	1723
2900	1724
2901	1725
2902	1726
2903	1727
2904	1728
2905	1729
2906	1729
2907	1730
2908	1731
2909	1732
2910	1733
2911	1734
2912	1734
2913	1735
2914	1736
2915	1737
2916	1738
2917	1739
2918	1739
2919	1740
2920	1741
2921	1742
2922	1742
2923	1743
2924	1744
2925	1745
2926	1745
2927	1746
2928	1746
2929	1747
2930	1748
2931	1749
2932	1750
2933	1751
2934	1752
2935	1753
2936	1754
2937	1755
2938	1755
2939	1755
2940	1755
2941	1756
2942	1756
2943	1757
2944	1757
2945	1758
2946	1759
2947	1760
2948	1761
2949	1760
2950	1760
2951	1761
2952	1762
2953	1763
2954	1764
2955	1764
2956	1765
2957	1765
2958	1766
2959	1767
2960	1767
2961	1768
2962	1769
2963	1770
2964	1771
2965	1772
2966	1773
2967	1774
2968	1775
2969	1775
2970	1776
2971	1777
2972	1777
2973	1778
2974	1779
2975	1780
2976	1781
2977	1781
2978	1782
2979	1783
2980	1784
2981	1785
2982	1786
2983	1787
2984	1788
2985	1789
2986	1790
2987	1790
2988	1791
2989	1792
2990	1793
2991	1794
2992	1795
2993	1795
2994	1796
2995	1797
2996	1798
2997	1798
2998	1799
2999	1800
3000	1800
3001	1801
3002	1802
3003	1803
3004	1803
3005	1804
3006	1805
3007	1805
3008	1806
3009	1807
3010	1808
3011	1809
3012	1810
3013	1811
3014	1812
3015	1813
3016	1814
3017	1815
3018	1816
3019	1817
3020	1818
3021	1818
3022	1818
3023	1819
3024	1820
3025	1821
3026	1822
3027	1823
3028	1824
3029	1824
3030	1825
3031	1826
3032	1827
3033	1828
3034	1829
3035	1830
3036	1831
3037	1832
3038	1833
3039	1834
3040	1835
3041	1836
3042	1837
3043	1838
3044	1839
3045	1840
3046	1841
3047	1841
3048	1842
3049	1843
3050	1844
3051	1845
3052	1845
3053	1845
3054	1846
3055	1847
3056	1848
3057	1849
3058	1850
3059	1851
3060	1852
3061	1853
3062	1854
3063	1855
3064	1856
3065	1856
3066	1856
3067	1857
3068	1858
3069	1859
3070	1860
3071	1861
3072	1862
3073	1863
3074	1864
3075	1865
3076	1866
3077	1867
3078	1868
3079	1869
3080	1869
3081	1870
3082	1871
3083	1872
3084	1872
3085	1873
3086	1874
3087	1875
3088	1876
3089	1877
3090	1878
3091	1879
3092	1880
3093	1881
3094	1882
3095	1882
3096	1883
3097	1884
3098	1885
3099	1886
3100	1887
3101	1887
3102	1888
3103	1889
3104	1889
3105	1889
3106	1890
3107	1891
3108	1892
3109	1892
3110	1893
3111	1894
3112	1895
3113	1896
3114	1897
3115	1898
3116	1899
3117	1900
3118	1901
3119	1902
3120	1903
3121	1904
3122	1905
3123	1906
3124	1907
3125	1908
3126	1908
3127	1909
3128	1910
3129	1911
3130	1912
3131	1913
3132	1913
3133	1914
3134	1915
3135	1916
3136	1917
3137	1917
3138	1918
3139	1919
3140	1920
3141	1920
3142	1921
3143	1922
3144	1922
3145	1923
3146	1924
3147	1925
3148	1926
3149	1926
3150	1927
3151	1928
3152	1929
3153	1930
3154	1931
3155	1931
3156	1932
3157	1933
3158	1934
3159	1935
3160	1936
3161	1937
3162	1937
3163	1938
3164	1939
3165	1940
3166	1941
3167	1942
3168	1942
3169	1942
3170	1943
3171	1944
3172	1945
3173	1945
3174	1946
3175	1947
3176	1948
3177	1949
3178	1949
3179	1950
3180	1951
3181	1952
3182	1953
3183	1954
3184	1955
3185	1956
3186	1957
3187	1958
3188	1959
3189	1960
3190	1961
3191	1962
3192	1963
3193	1964
3194	1965
3195	1966
3196	1967
3197	1968
3198	1969
3199	1970
3200	1971
3201	1972
3202	1973
3203	1974
3204	1975
3205	1976
3206	1976
3207	1977
3208	1978
3209	1979
3210	1980
3211	1980
3212	1981
3213	1981
3214	1982
3215	1983
3216	1984
3217	1985
3218	1986
3219	1987
3220	1988
3221	1989
3222	1990
3223	1991
3224	1992
3225	1993
3226	1993
3227	1993
3228	1994
3229	1995
3230	1996
3231	1997
3232	1998
3233	1999
3234	2000
3235	2001
3236	2002
3237	2003
3238	2004
3239	2005
3240	2006
3241	2007
3242	2007
3243	2008
3244	2009
3245	2009
3246	2010
3247	2011
3248	2012
3249	2013
3250	2014
3251	2015
3252	2016
3253	2017
3254	2018
3255	2019
3256	2019
3257	2019
3258	2020
3259	2021
3260	2022
3261	2023
3262	2023
3263	2024
3264	2025
3265	2026
3266	2027
3267	2027
3268	2028
3269	2028
3270	2028
3271	2029
3272	2030
3273	2031
3274	2032
3275	2033
3276	2034
3277	2034
3278	2035
3279	2036
3280	2037
3281	2038
3282	2038
3283	2039
3284	2040
3285	2041
3286	2042
3287	2042
3288	2043
3289	2044
3290	2045
3291	2046
3292	2047
3293	2048
3294	2048
3295	2049
3296	2050
3297	2051
3298	2052
3299	2053
3300	2054
3301	2055
3302	2056
3303	2057
3304	2058
3305	2058
3306	2059
3307	2060
3308	2061
3309	2062
3310	2062
3311	2063
3312	2064
3313	2065
3314	2066
3315	2066
3316	2067
3317	2068
3318	2069
3319	2070
3320	2070
3321	2071
3322	2071
3323	2072
3324	2073
3325	2074
3326	2075
3327	2076
3328	2077
3329	2078
3330	2078
3331	2079
3332	2080
3333	2080
3334	2080
3335	2081
3336	2082
3337	2083
3338	2083
3339	2084
3340	2084
3341	2084
3342	2085
3343	2086
3344	2087
3345	2086
3346	2087
3347	2088
3348	2089
3349	2090
3350	2091
3351	2092
3352	2093
3353	2094
3354	2095
3355	2096
3356	2097
3357	2098
3358	2099
3359	2100
3360	2101
3361	2102
3362	2103
3363	2104
3364	2105
3365	2105
3366	2106
3367	2107
3368	2107
3369	2108
3370	2108
3371	2109
3372	2110
3373	2111
3374	2112
3375	2113
3376	2114
3377	2115
3378	2115
3379	2116
3380	2116
3381	2117
3382	2118
3383	2119
3384	2120
3385	2121
3386	2122
3387	2123
3388	2124
3389	2125
3390	2126
3391	2127
3392	2128
3393	2129
3394	2130
3395	2131
3396	2132
3397	2133
3398	2133
3399	2133
3400	2134
3401	2135
3402	2136
3403	2137
3404	2138
3405	2139
3406	2140
3407	2141
3408	2142
3409	2143
3410	2144
3411	2144
3412	2145
3413	2146
3414	2146
3415	2147
3416	2148
3417	2149
3418	2150
3419	2151
3420	2152
3421	2153
3422	2154
3423	2154
3424	2155
3425	2156
3426	2157
3427	2158
3428	2158
3429	2158
3430	2158
3431	2158
3432	2159
3433	2160
3434	2161
3435	2162
3436	2163
3437	2164
3438	2165
3439	2165
3440	2166
3441	2167
3442	2168
3443	2169
3444	2170
3445	2170
3446	2171
3447	2172
3448	2173
3449	2174
3450	2174
3451	2175
3452	2176
3453	2177
3454	2178
3455	2179
3456	2179
3457	2180
3458	2181
3459	2182
3460	2183
3461	2183
3462	2184
3463	2185
3464	2186
3465	2187
3466	2188
3467	2189
3468	2190
3469	2191
3470	2192
3471	2193
3472	2194
3473	2195
3474	2196
3475	2197
3476	2198
3477	2199
3478	2199
3479	2200
3480	2201
3481	2201
3482	2202
3483	2203
3484	2204
3485	2204
3486	2205
3487	2205
3488	2206
3489	2207
3490	2208
3491	2208
3492	2209
3493	2210
3494	2211
3495	2212
3496	2213
3497	2214
3498	2215
3499	2216
3500	2217
3501	2218
3502	2219
3503	2220
3504	2221
3505	2221
3506	2222
3507	2223
3508	2224
3509	2225
3510	2226
3511	2227
3512	2228
3513	2228
3514	2229
3515	2230
3516	2231
3517	2232
3518	2233
3519	2234
3520	2235
3521	2236
3522	2236
3523	2237
3524	2237
3525	2238
3526	2239
3527	2240
3528	2241
3529	2242
3530	2243
3531	2244
3532	2245
3533	2246
3534	2247
3535	2248
3536	2249
3537	2250
3538	2251
3539	2252
3540	2253
3541	2254
3542	2255
3543	2256
3544	2257
3545	2258
3546	2259
3547	2260
3548	2261
3549	2261
3550	2261
3551	2262
3552	2263
3553	2264
3554	2265
3555	2266
3556	2267
3557	2268
3558	2269
3559	2270
3560	2271
3561	2272
3562	2272
3563	2273
3564	2274
3565	2275
3566	2275
3567	2276
3568	2277
3569	2278
3570	2279
3571	2280
3572	2281
3573	2281
3574	2282
3575	2283
3576	2284
3577	2285
3578	2286
3579	2287
3580	2288
3581	2289
3582	2289
3583	2290
3584	2291
3585	2291
3586	2291
3587	2292
3588	2293
3589	2294
3590	2294
3591	2294
3592	2295
3593	2296
3594	2297
3595	2298
3596	2299
3597	2300
3598	2301
3599	2301
3600	2302
3601	2302
3602	2302
3603	2303
3604	2304
3605	2305
3606	2305
3607	2306
3608	2307
3609	2308
3610	2309
3611	2310
3612	2310
3613	2311
3614	2312
3615	2313
3616	2314
3617	2315
3618	2316
3619	2317
3620	2317
3621	2318
3622	2319
3623	2320
3624	2321
3625	2322
3626	2323
3627	2324
3628	2324
3629	2325
3630	2326
3631	2327
3632	2327
3633	2327
3634	2328
3635	2328
3636	2329
3637	2330
3638	2330
3639	2331
3640	2331
3641	2332
3642	2332
3643	2333
3644	2334
3645	2335
3646	2336
3647	2335
3648	2336
3649	2337
3650	2338
3651	2339
3652	2340
3653	2341
3654	2342
3655	2343
3656	2344
3657	2345
3658	2346
3659	2347
3660	2348
3661	2349
3662	2350
3663	2351
3664	2352
3665	2353
3666	2353
3667	2354
3668	2355
3669	2355
3670	2356
3671	2356
3672	2356
3673	2357
3674	2358
3675	2359
3676	2360
3677	2361
3678	2362
3679	2362
3680	2363
3681	2363
3682	2364
3683	2365
3684	2366
3685	2367
3686	2368
3687	2368
3688	2368
3689	2368
3690	2368
3691	2368
3692	2368
3693	2368
3694	2370
3695	2370
3696	2372
3697	2372
3698	2372
3699	2372
3700	2374
3701	2374
3702	2375
3703	2375
3704	2375
3705	2375
3706	2375
3707	2375
3708	2375
3709	2375
3710	2375
3711	2377
3712	2377
3713	2379
3714	2379
3715	2380
3716	2382
3717	2382
3718	2382
3719	2382
3720	2383
3721	2383
3722	2384
3723	2384
3724	2386
3725	2386
3726	2387
3727	2387
3728	2389
3729	2389
3730	2389
3731	2388
3732	2387
3733	2387
3734	2387
3735	2387
3736	2389
3737	2389
3738	2389
3739	2389
3740	2389
3741	2388
3742	2388
3743	2388
3744	2388
3745	2390
3746	2390
3747	2390
3748	2392
3749	2392
3750	2394
3751	2394
3752	2393
3753	2393
3754	2393
3755	2393
3756	2393
3757	2393
3758	2393
3759	2393
3760	2395
3761	2395
3762	2397
3763	2397
3764	2399
3765	2399
3766	2401
3767	2401
3768	2401
3769	2400
3770	2400
3771	2400
3772	2400
3773	2400
3774	2402
3775	2402
3776	2404
3777	2406
3778	2406
3779	2408
3780	2408
3781	2408
3782	2409
3783	2408
3784	2410
3785	2410
3786	2409
3787	2409
3788	2409
3789	2409
3790	2409
3791	2411
3792	2411
3793	2410
3794	2410
3795	2410
3796	2409
3797	2411
3798	2411
3799	2411
3800	2411
3801	2411
3802	2411
3803	2412
3804	2412
3805	2412
3806	2412
3807	2411
3808	2411
3809	2410
3810	2409
3811	2409
3812	2408
3813	2408
3814	2408
3815	2410
3816	2410
3817	2410
3818	2410
3819	2409
3820	2409
3821	2409
3822	2411
3823	2411
3824	2413
3825	2413
3826	2415
3827	2416
3828	2416
3829	2418
3830	2418
3831	2420
3832	2420
3833	2420
3834	2422
3835	2422
3836	2422
3837	2422
3838	2421
3839	2421
3840	2421
3841	2421
3842	2423
3843	2423
3844	2422
3845	2422
3846	2422
3847	2422
3848	2422
3849	2421
3850	2423
3851	2423
3852	2423
3853	2422
3854	2424
3855	2424
3856	2424
3857	2424
3858	2424
3859	2424
3860	2424
3861	2424
3862	2424
3863	2424
3864	2423
3865	2423
3866	2424
3867	2424
3868	2425
3869	2425
3870	2426
3871	2426
3872	2428
3873	2428
3874	2430
3875	2430
3876	2432
3877	2432
3878	2434
3879	2434
3880	2433
3881	2433
3882	2433
3883	2433
3884	2433
3885	2434
3886	2434
3887	2434
3888	2434
3889	2434
3890	2434
3891	2436
3892	2436
3893	2436
3894	2436
3895	2438
3896	2438
3897	2438
3898	2437
3899	2437
3900	2437
3901	2437
3902	2439
3903	2439
3904	2441
3905	2441
3906	2443
3907	2445
3908	2446
3909	2446
3910	2446
3911	2448
3912	2448
3913	2450
3914	2450
3915	2449
3916	2449
3917	2449
3918	2449
3919	2449
3920	2449
3921	2451
3922	2451
3923	2451
3924	2451
3925	2451
3926	2451
3927	2453
3928	2453
3929	2453
3930	2453
3931	2453
3932	2452
3933	2452
3934	2454
3935	2454
3936	2456
3937	2456
3938	2456
3939	2456
3940	2456
3941	2455
3942	2455
3943	2455
3944	2455
3945	2455
3946	2455
3947	2455
3948	2455
3949	2457
3950	2457
3951	2457
3952	2457
3953	2457
3954	2457
3955	2457
3956	2459
3957	2459
3958	2459
3959	2459
3960	2459
3961	2459
3962	2459
3963	2459
3964	2461
3965	2461
3966	2462
3967	2462
3968	2463
3969	2463
3970	2464
3971	2466
3972	2466
3973	2467
3974	2467
3975	2469
3976	2469
3977	2469
3978	2468
3979	2468
3980	2468
3981	2468
3982	2468
3983	2468
3984	2468
3985	2468
3986	2468
3987	2468
3988	2468
3989	2470
3990	2470
3991	2470
3992	2470
3993	2470
3994	2470
3995	2470
3996	2470
3997	2472
3998	2472
3999	2473
4000	2473
4001	2474
4002	2474
4003	2476
4004	2477
4005	2477
4006	2479
4007	2479
4008	2479
4009	2479
4010	2479
4011	2479
4012	2479
4013	2479
4014	2479
4015	2481
4016	2481
4017	2483
4018	2483
4019	2484
4020	2486
4021	2486
4022	2486
4023	2486
4024	2486
4025	2486
4026	2486
4027	2486
4028	2486
4029	2486
4030	2488
4031	2488
4032	2490
4033	2490
4034	2490
4035	2490
4036	2492
4037	2492
4038	2493
4039	2493
4040	2493
4041	2495
4042	2495
4043	2497
4044	2497
4045	2497
4046	2499
4047	2499
4048	2499
4049	2498
4050	2498
4051	2498
4052	2498
4053	2498
4054	2498
4055	2500
4056	2500
4057	2502
4058	2502
4059	2503
4060	2503
4061	2505
4062	2505
4063	2507
4064	2507
4065	2507
4066	2507
4067	2506
4068	2506
4069	2506
4070	2506
4071	2506
4072	2508
4073	2508
4074	2508
4075	2509
4076	2509
4077	2511
4078	2511
4079	2510
4080	2510
4081	2510
4082	2510
4083	2510
4084	2512
4085	2512
4086	2512
4087	2512
4088	2511
4089	2511
4090	2511
4091	2511
4092	2511
4093	2513
4094	2513
4095	2515
4096	2515
4097	2517
4098	2517
4099	2519
4100	2519
4101	2521
4102	2521
4103	2520
4104	2520
4105	2520
4106	2520
4107	2520
4108	2522
4109	2522
4110	2522
4111	2522
4112	2522
4113	2522
4114	2524
4115	2524
4116	2524
4117	2523
4118	2522
4119	2522
4120	2522
4121	2522
4122	2522
4123	2522
4124	2521
4125	2520
4126	2519
4127	2519
4128	2519
4129	2519
4130	2521
4131	2521
4132	2521
4133	2520
4134	2520
4135	2520
4136	2520
4137	2522
4138	2522
4139	2524
4140	2524
4141	2526
4142	2528
4143	2528
4144	2528
4145	2528
4146	2530
4147	2530
4148	2532
4149	2532
4150	2532
4151	2532
4152	2532
4153	2531
4154	2531
4155	2531
4156	2533
4157	2533
4158	2533
4159	2532
4160	2532
4161	2532
4162	2531
4163	2530
4164	2532
4165	2532
4166	2532
4167	2532
4168	2532
4169	2532
4170	2534
4171	2534
4172	2533
4173	2533
4174	2533
4175	2533
4176	2533
4177	2533
4178	2533
4179	2534
4180	2534
4181	2536
4182	2536
4183	2538
4184	2538
4185	2540
4186	2540
4187	2542
4188	2543
4189	2543
4190	2545
4191	2545
4192	2545
4193	2544
4194	2544
4195	2544
4196	2544
4197	2544
4198	2546
4199	2546
4200	2546
4201	2546
4202	2546
4203	2546
4204	2548
4205	2548
4206	2548
4207	2548
4208	2548
4209	2547
4210	2547
4211	2547
4212	2548
4213	2548
4214	2549
4215	2551
4216	2551
4217	2553
4218	2553
4219	2553
4220	2555
4221	2555
4222	2557
4223	2556
4224	2556
4225	2556
4226	2556
4227	2556
4228	2556
4229	2558
4230	2558
4231	2559
4232	2559
4233	2559
4234	2559
4235	2559
4236	2559
4237	2559
4238	2559
4239	2561
4240	2561
4241	2561
4242	2561
4243	2560
4244	2560
4245	2560
4246	2562
4247	2564
4248	2564
4249	2564
4250	2564
4251	2563
4252	2563
4253	2563
4254	2563
4255	2565
4256	2565
4257	2565
4258	2565
4259	2565
4260	2565
4261	2565
4262	2565
4263	2567
4264	2567
4265	2567
4266	2566
4267	2566
4268	2566
4269	2568
4270	2568
4271	2568
4272	2568
4273	2568
4274	2568
4275	2568
4276	2568
4277	2570
4278	2570
4279	2571
4280	2571
4281	2572
4282	2572
4283	2573
4284	2575
4285	2575
4286	2576
4287	2576
4288	2578
4289	2578
4290	2577
4291	2577
4292	2577
4293	2577
4294	2577
4295	2577
4296	2577
4297	2577
4298	2577
4299	2577
4300	2577
4301	2577
4302	2579
4303	2579
4304	2579
4305	2579
4306	2579
4307	2579
4308	2579
4309	2579
4310	2581
4311	2581
4312	2582
4313	2582
4314	2583
4315	2583
4316	2585
4317	2586
4318	2586
4319	2588
4320	2588
4321	2587
4322	2587
4323	2587
4324	2587
4325	2587
4326	2587
4327	2587
4328	2589
4329	2589
4330	2589
4331	2589
4332	2589
4333	2591
4334	2592
4335	2592
4336	2594
4337	2594
4338	2594
4339	2594
4340	2594
4341	2594
4342	2594
4343	2594
4344	2594
4345	2596
4346	2596
4347	2597
4348	2597
4349	2599
4350	2599
4351	2601
4352	2601
4353	2603
4354	2603
4355	2603
4356	2602
4357	2602
4358	2602
4359	2602
4360	2602
4361	2602
4362	2603
4363	2603
4364	2603
4365	2604
4366	2604
4367	2606
4368	2606
4369	2608
4370	2608
4371	2607
4372	2607
4373	2607
4374	2606
4375	2606
4376	2606
4377	2606
4378	2606
4379	2608
4380	2610
4381	2610
4382	2610
4383	2612
4384	2612
4385	2614
4386	2613
4387	2613
4388	2613
4389	2613
4390	2613
4391	2613
4392	2613
4393	2613
4394	2615
4395	2615
4396	2617
4397	2617
4398	2619
4399	2619
4400	2619
4401	2619
4402	2618
4403	2618
4404	2618
4405	2618
4406	2618
4407	2620
4408	2620
4409	2622
4410	2624
4411	2624
4412	2626
4413	2626
4414	2627
4415	2626
4416	2626
4417	2627
4418	2627
4419	2627
4420	2627
4421	2626
4422	2626
4423	2626
4424	2627
4425	2627
4426	2626
4427	2626
4428	2626
4429	2626
4430	2625
4431	2624
4432	2626
4433	2626
4434	2626
4435	2625
4436	2624
4437	2624
4438	2626
4439	2626
4440	2626
4441	2626
4442	2626
4443	2626
4444	2626
4445	2626
4446	2626
4447	2626
4448	2625
4449	2625
4450	2627
4451	2627
4452	2626
4453	2626
4454	2626
4455	2628
4456	2628
4457	2629
4458	2629
4459	2630
4460	2632
4461	2632
4462	2632
4463	2634
4464	2634
4465	2636
4466	2636
4467	2636
4468	2636
4469	2636
4470	2635
4471	2635
4472	2635
4473	2635
4474	2635
4475	2635
4476	2635
4477	2635
4478	2637
4479	2637
4480	2637
4481	2636
4482	2636
4483	2636
4484	2636
4485	2635
4486	2635
4487	2635
4488	2637
4489	2637
4490	2637
4491	2639
4492	2639
4493	2640
4494	2640
4495	2642
4496	2641
4497	2643
4498	2643
4499	2645
4500	2645
4501	2645
4502	2645
4503	2644
4504	2644
4505	2644
4506	2644
4507	2644
4508	2646
4509	2646
4510	2648
4511	2650
4512	2650
4513	2651
4514	2651
4515	2651
4516	2653
4517	2653
4518	2655
4519	2655
4520	2654
4521	2654
4522	2654
4523	2654
4524	2654
4525	2654
4526	2656
4527	2656
4528	2658
4529	2658
4530	2658
4531	2658
4532	2658
4533	2658
4534	2660
4535	2660
4536	2660
4537	2660
4538	2659
4539	2659
4540	2658
4541	2658
4542	2658
4543	2658
4544	2658
4545	2657
4546	2657
4547	2657
4548	2658
4549	2660
4550	2660
4551	2660
4552	2660
4553	2660
4554	2659
4555	2659
4556	2659
4557	2659
4558	2659
4559	2659
4560	2659
4561	2659
4562	2659
4563	2661
4564	2661
4565	2661
4566	2661
4567	2661
4568	2661
4569	2661
4570	2661
4571	2663
4572	2663
4573	2665
4574	2665
4575	2666
4576	2666
4577	2667
4578	2669
4579	2669
4580	2670
4581	2670
4582	2672
4583	2672
4584	2674
4585	2674
4586	2674
4587	2673
4588	2673
4589	2673
4590	2673
4591	2673
4592	2673
4593	2673
4594	2673
4595	2673
4596	2673
4597	2675
4598	2675
4599	2675
4600	2675
4601	2675
4602	2675
4603	2675
4604	2677
4605	2677
4606	2677
4607	2677
4608	2677
4609	2677
4610	2677
4611	2677
4612	2679
4613	2679
4614	2680
4615	2680
4616	2681
4617	2681
4618	2682
4619	2683
4620	2683
4621	2685
4622	2685
4623	2685
4624	2685
4625	2685
4626	2685
4627	2685
4628	2685
4629	2685
4630	2687
4631	2687
4632	2688
4633	2688
4634	2690
4635	2690
4636	2692
4637	2692
4638	2692
4639	2691
4640	2691
4641	2691
4642	2691
4643	2691
4644	2691
4645	2693
4646	2693
4647	2693
4648	2693
4649	2693
4650	2695
4651	2696
4652	2696
4653	2698
4654	2698
4655	2698
4656	2700
4657	2700
4658	2702
4659	2702
4660	2704
4661	2704
4662	2705
4663	2705
4664	2707
4665	2707
4666	2706
4667	2706
4668	2706
4669	2706
4670	2706
4671	2706
4672	2708
4673	2708
4674	2708
4675	2710
4676	2710
4677	2712
4678	2712
4679	2712
4680	2712
4681	2712
4682	2711
4683	2711
4684	2711
4685	2713
4686	2713
4687	2712
4688	2712
4689	2712
4690	2712
4691	2712
4692	2712
4693	2712
4694	2712
4695	2712
4696	2714
4697	2714
4698	2714
4699	2716
4700	2716
4701	2716
4702	2715
4703	2715
4704	2715
4705	2715
4706	2715
4707	2717
4708	2717
4709	2719
4710	2719
4711	2721
4712	2721
4713	2723
4714	2723
4715	2724
4716	2724
4717	2724
4718	2724
4719	2723
4720	2723
4721	2723
4722	2723
4723	2723
4724	2722
4725	2722
4726	2722
4727	2721
4728	2723
4729	2723
4730	2723
4731	2723
4732	2723
4733	2723
4734	2725
4735	2725
4736	2724
4737	2724
4738	2724
4739	2723
4740	2723
4741	2723
4742	2723
4743	2722
4744	2722
4745	2722
4746	2724
4747	2723
4748	2723
4749	2723
4750	2723
4751	2725
4752	2725
4753	2727
4754	2727
4755	2728
4756	2730
4757	2730
4758	2729
4759	2731
4760	2731
4761	2731
4762	2731
4763	2731
4764	2730
4765	2730
4766	2730
4767	2730
4768	2731
4769	2731
4770	2732
4771	2734
4772	2734
4773	2736
4774	2736
4775	2738
4776	2738
4777	2738
4778	2738
4779	2738
4780	2737
4781	2737
4782	2737
4783	2737
4784	2739
4785	2739
4786	2738
4787	2738
4788	2738
4789	2738
4790	2738
4791	2738
4792	2738
4793	2738
4794	2738
4795	2738
4796	2738
4797	2737
4798	2737
4799	2739
4800	2739
4801	2739
4802	2741
4803	2741
4804	2743
4805	2743
4806	2745
4807	2745
4808	2747
4809	2747
4810	2749
4811	2749
4812	2749
4813	2751
4814	2751
4815	2751
4816	2750
4817	2750
4818	2750
4819	2750
4820	2750
4821	2752
4822	2752
4823	2752
4824	2752
4825	2752
4826	2752
4827	2754
4828	2754
4829	2756
4830	2756
4831	2756
4832	2756
4833	2756
4834	2755
4835	2754
4836	2753
4837	2753
4838	2753
4839	2753
4840	2753
4841	2753
4842	2754
4843	2756
4844	2756
4845	2756
4846	2756
4847	2755
4848	2755
4849	2755
4850	2755
4851	2755
4852	2755
4853	2755
4854	2755
4855	2755
4856	2755
4857	2757
4858	2757
4859	2757
4860	2757
4861	2757
4862	2757
4863	2757
4864	2757
4865	2759
4866	2759
4867	2761
4868	2761
4869	2762
4870	2762
4871	2763
4872	2765
4873	2765
4874	2766
4875	2766
4876	2768
4877	2768
4878	2767
4879	2767
4880	2767
4881	2767
4882	2767
4883	2767
4884	2769
4885	2769
4886	2769
4887	2769
4888	2769
4889	2769
4890	2769
4891	2769
4892	2771
4893	2771
4894	2771
4895	2771
4896	2770
4897	2770
4898	2772
4899	2772
4900	2772
4901	2772
4902	2772
4903	2772
4904	2772
4905	2772
4906	2774
4907	2774
4908	2775
4909	2775
4910	2776
4911	2776
4912	2777
4913	2778
4914	2778
4915	2780
4916	2780
4917	2780
4918	2780
4919	2780
4920	2782
4921	2782
4922	2782
4923	2784
4924	2784
4925	2786
4926	2786
4927	2788
4928	2787
4929	2787
4930	2786
4931	2786
4932	2786
4933	2786
4934	2786
4935	2786
4936	2786
4937	2786
4938	2786
4939	2788
4940	2788
4941	2788
4942	2788
4943	2788
4944	2787
4945	2786
4946	2786
4947	2785
4948	2785
4949	2785
4950	2785
4951	2787
4952	2787
4953	2787
4954	2786
4955	2786
4956	2786
4957	2786
4958	2788
4959	2788
4960	2789
4961	2789
4962	2791
4963	2793
4964	2792
4965	2793
4966	2793
4967	2795
4968	2795
4969	2797
4970	2796
4971	2795
4972	2795
4973	2795
4974	2795
4975	2795
4976	2795
4977	2795
4978	2794
4979	2794
4980	2794
4981	2793
4982	2793
4983	2793
4984	2795
4985	2795
4986	2795
4987	2795
4988	2795
4989	2795
4990	2795
4991	2795
4992	2797
4993	2797
4994	2797
4995	2797
4996	2799
4997	2799
4998	2799
4999	2799
5000	2799
5001	2799
5002	2799
5003	2801
5004	2801
5005	2801
5006	2801
5007	2801
5008	2801
5009	2801
5010	2801
5011	2802
5012	2802
5013	2803
5014	2803
5015	2804
5016	2804
5017	2806
5018	2807
5019	2807
5020	2809
5021	2809
5022	2811
5023	2811
5024	2813
5025	2813
5026	2813
5027	2813
5028	2813
5029	2812
5030	2812
5031	2812
5032	2812
5033	2812
5034	2812
5035	2812
5036	2812
5037	2811
5038	2812
5039	2812
5040	2813
5041	2813
5042	2813
5043	2813
5044	2813
5045	2813
5046	2813
5047	2815
5048	2815
5049	2815
5050	2815
5051	2815
5052	2815
5053	2815
5054	2817
5055	2817
5056	2819
5057	2819
5058	2820
5059	2820
5060	2821
5061	2820
5062	2821
5063	2821
5064	2821
5065	2821
5066	2821
5067	2821
5068	2821
5069	2821
5070	2823
5071	2823
5072	2823
5073	2823
5074	2823
5075	2823
5076	2823
5077	2825
5078	2825
5079	2825
5080	2825
5081	2825
5082	2825
5083	2825
5084	2825
5085	2827
5086	2828
5087	2828
5088	2829
5089	2829
5090	2831
5091	2832
5092	2832
5093	2834
5094	2834
5095	2836
5096	2836
5097	2835
5098	2835
5099	2835
5100	2835
5101	2835
5102	2837
5103	2837
5104	2837
5105	2836
5106	2836
5107	2836
5108	2836
5109	2836
5110	2835
5111	2835
5112	2835
5113	2835
5114	2835
5115	2837
5116	2837
5117	2837
5118	2837
5119	2837
5120	2837
5121	2837
5122	2839
5123	2839
5124	2838
5125	2838
5126	2838
5127	2838
5128	2838
5129	2839
5130	2839
5131	2841
5132	2840
5133	2840
5134	2840
5135	2840
5136	2840
5137	2841
5138	2841
5139	2842
5140	2842
5141	2843
5142	2842
5143	2843
5144	2844
5145	2844
5146	2846
5147	2846
5148	2846
5149	2846
5150	2846
5151	2846
5152	2845
5153	2845
5154	2845
5155	2847
5156	2847
5157	2848
5158	2848
5159	2849
5160	2849
5161	2849
5162	2850
5163	2850
5164	2850
5165	2850
5166	2850
5167	2850
5168	2849
5169	2848
5170	2848
5171	2850
5172	2850
5173	2851
5174	2851
5175	2852
5176	2852
5177	2852
5178	2852
5179	2852
5180	2852
5181	2852
5182	2852
5183	2852
5184	2853
5185	2853
5186	2853
5187	2855
5188	2855
5189	2855
5190	2857
5191	2857
5192	2859
5193	2859
5194	2859
5195	2861
5196	2861
5197	2860
5198	2859
5199	2859
5200	2859
5201	2859
5202	2859
5203	2859
5204	2861
5205	2863
5206	2863
5207	2865
5208	2865
5209	2865
5210	2865
5211	2865
5212	2864
5213	2864
5214	2864
5215	2864
5216	2864
5217	2864
5218	2866
5219	2866
5220	2866
5221	2868
5222	2868
5223	2870
5224	2870
5225	2872
5226	2871
5227	2871
5228	2871
5229	2871
5230	2870
5231	2870
5232	2870
5233	2872
5234	2872
5235	2872
5236	2871
5237	2871
5238	2871
5239	2871
5240	2870
5241	2869
5242	2869
5243	2869
5244	2869
5245	2869
5246	2869
5247	2869
5248	2868
5249	2868
5250	2868
5251	2870
5252	2869
5253	2869
5254	2869
5255	2869
5256	2871
5257	2871
5258	2872
5259	2872
5260	2874
5261	2875
5262	2875
5263	2877
5264	2876
5265	2878
5266	2878
5267	2880
5268	2879
5269	2879
5270	2879
5271	2878
5272	2878
5273	2878
5274	2878
5275	2878
5276	2878
5277	2877
5278	2877
5279	2877
5280	2877
5281	2879
5282	2879
5283	2878
5284	2878
5285	2878
5286	2878
5287	2878
5288	2878
5289	2880
5290	2880
5291	2880
5292	2880
5293	2880
5294	2880
5295	2880
5296	2882
5297	2882
5298	2882
5299	2882
5300	2884
5301	2884
5302	2884
5303	2884
5304	2884
5305	2884
5306	2884
5307	2884
5308	2885
5309	2885
5310	2887
5311	2887
5312	2887
5313	2888
5314	2890
5315	2890
5316	2891
5317	2891
5318	2891
5319	2891
5320	2891
5321	2891
5322	2891
5323	2891
5324	2893
5325	2893
5326	2893
5327	2893
5328	2893
5329	2893
5330	2893
5331	2895
5332	2895
5333	2895
5334	2895
5335	2895
5336	2895
5337	2895
5338	2895
5339	2897
5340	2897
5341	2899
5342	2900
5343	2900
5344	2901
5345	2903
5346	2903
5347	2904
5348	2904
5349	2906
5350	2906
5351	2908
5352	2908
5353	2908
5354	2907
5355	2907
5356	2907
5357	2907
5358	2907
5359	2907
5360	2908
5361	2908
5362	2908
5363	2908
5364	2908
5365	2908
5366	2907
5367	2908
5368	2908
5369	2908
5370	2908
5371	2908
5372	2908
5373	2908
5374	2910
5375	2910
5376	2910
5377	2910
5378	2910
5379	2910
5380	2910
5381	2912
5382	2912
5383	2913
5384	2913
5385	2914
5386	2914
5387	2916
5388	2917
5389	2917
5390	2916
5391	2918
5392	2918
5393	2918
5394	2917
5395	2917
5396	2917
5397	2917
5398	2919
5399	2919
5400	2919
5401	2919
5402	2919
5403	2918
5404	2918
5405	2918
5406	2918
5407	2918
5408	2918
5409	2918
5410	2918
5411	2918
5412	2920
5413	2919
5414	2919
5415	2919
5416	2919
5417	2919
5418	2921
5419	2921
5420	2923
5421	2923
5422	2923
5423	2923
5424	2923
5425	2923
5426	2922
5427	2922
5428	2922
5429	2922
5430	2922
5431	2923
5432	2923
5433	2924
5434	2924
5435	2925
5436	2927
5437	2927
5438	2928
5439	2928
5440	2928
5441	2928
5442	2928
5443	2928
5444	2927
5445	2926
5446	2926
5447	2928
5448	2928
5449	2929
5450	2929
5451	2930
5452	2930
5453	2930
5454	2930
5455	2930
5456	2930
5457	2930
5458	2930
5459	2930
5460	2930
5461	2931
5462	2933
5463	2933
5464	2933
5465	2933
5466	2933
5467	2933
5468	2933
5469	2933
5470	2933
5471	2933
5472	2935
5473	2935
5474	2936
5475	2936
5476	2936
5477	2937
5478	2937
5479	2937
5480	2939
5481	2941
5482	2941
5483	2943
5484	2943
5485	2943
5486	2942
5487	2942
5488	2942
5489	2942
5490	2942
5491	2942
5492	2944
5493	2944
5494	2946
5495	2946
5496	2946
5497	2948
5498	2948
5499	2948
5500	2948
5501	2947
5502	2946
5503	2946
5504	2946
5505	2946
5506	2948
5507	2948
5508	2949
5509	2951
5510	2951
5511	2953
5512	2952
5513	2953
5514	2953
5515	2955
5516	2954
5517	2954
5518	2953
5519	2953
5520	2953
5521	2953
5522	2953
5523	2953
5524	2955
5525	2955
5526	2955
5527	2957
5528	2957
5529	2959
5530	2959
5531	2959
5532	2959
5533	2961
5534	2960
5535	2959
5536	2959
5537	2959
5538	2959
5539	2959
5540	2959
5541	2959
5542	2959
5543	2959
5544	2959
5545	2961
5546	2961
5547	2961
5548	2961
5549	2960
5550	2960
5551	2959
5552	2959
5553	2959
5554	2958
5555	2958
5556	2958
5557	2960
5558	2960
5559	2960
5560	2960
5561	2959
5562	2959
5563	2959
5564	2961
5565	2963
5566	2963
5567	2963
5568	2963
5569	2962
5570	2962
5571	2962
5572	2962
5573	2964
5574	2964
5575	2964
5576	2964
5577	2964
5578	2964
5579	2964
5580	2964
5581	2966
5582	2966
5583	2966
5584	2966
5585	2966
5586	2966
5587	2965
5588	2965
5589	2965
5590	2965
5591	2966
5592	2966
5593	2966
5594	2966
5595	2966
5596	2966
5597	2966
5598	2966
5599	2968
5600	2968
5601	2969
5602	2969
5603	2970
5604	2969
5605	2970
5606	2970
5607	2970
5608	2970
5609	2970
5610	2970
5611	2969
5612	2969
5613	2969
5614	2971
5615	2970
5616	2970
5617	2972
5618	2973
5619	2973
5620	2975
5621	2975
5622	2977
5623	2977
5624	2977
5625	2977
5626	2976
5627	2975
5628	2975
5629	2975
5630	2975
5631	2975
5632	2977
5633	2977
5634	2977
5635	2977
5636	2977
5637	2977
5638	2977
5639	2979
5640	2979
5641	2979
5642	2979
5643	2979
5644	2979
5645	2979
5646	2981
5647	2981
5648	2981
5649	2981
5650	2981
5651	2981
5652	2981
5653	2981
5654	2982
5655	2982
5656	2983
5657	2983
5658	2984
5659	2984
5660	2986
5661	2987
5662	2987
5663	2989
5664	2989
5665	2991
5666	2991
5667	2990
5668	2990
5669	2990
5670	2990
5671	2990
5672	2990
5673	2992
5674	2992
5675	2992
5676	2991
5677	2991
5678	2991
5679	2991
5680	2990
5681	2990
5682	2990
5683	2990
5684	2990
5685	2990
5686	2991
5687	2991
5688	2993
5689	2992
5690	2992
5691	2992
5692	2992
5693	2992
5694	2994
5695	2994
5696	2994
5697	2994
5698	2994
5699	2994
5700	2994
5701	2996
5702	2996
5703	2995
5704	2995
5705	2995
5706	2995
5707	2995
5708	2995
5709	2996
5710	2996
5711	2997
5712	2996
5713	2997
5714	2998
5715	2998
5716	3000
5717	3000
5718	3000
5719	3000
5720	2999
5721	2999
5722	2999
5723	2999
5724	2999
5725	3001
5726	3001
5727	3001
5728	3001
5729	3001
5730	3002
5731	3003
5732	3003
5733	3003
5734	3003
5735	3003
5736	3003
5737	3003
5738	3003
5739	3003
5740	3004
5741	3004
5742	3004
5743	3004
5744	3006
5745	3006
5746	3006
5747	3006
5748	3005
5749	3004
5750	3004
5751	3004
5752	3004
5753	3006
5754	3006
5755	3007
5756	3007
5757	3008
5758	3008
5759	3008
5760	3010
5761	3010
5762	3012
5763	3012
5764	3014
5765	3014
5766	3013
5767	3012
5768	3012
5769	3012
5770	3011
5771	3011
5772	3011
5773	3013
5774	3015
5775	3015
5776	3017
5777	3017
5778	3017
5779	3017
5780	3016
5781	3016
5782	3016
5783	3016
5784	3016
5785	3018
5786	3018
5787	3019
5788	3021
5789	3021
5790	3022
5791	3022
5792	3024
5793	3023
5794	3025
5795	3024
5796	3024
5797	3024
5798	3024
5799	3023
5800	3023
5801	3023
5802	3023
5803	3025
5804	3025
5805	3025
5806	3027
5807	3027
5808	3029
5809	3029
5810	3029
5811	3029
5812	3031
5813	3030
5814	3030
5815	3030
5816	3029
5817	3029
5818	3029
5819	3029
5820	3031
5821	3031
5822	3030
5823	3030
5824	3030
5825	3030
5826	3030
5827	3029
5828	3029
5829	3028
5830	3028
5831	3028
5832	3028
5833	3028
5834	3028
5835	3028
5836	3027
5837	3027
5838	3029
5839	3029
5840	3028
5841	3028
5842	3028
5843	3030
5844	3030
5845	3030
5846	3030
5847	3030
5848	3030
5849	3029
5850	3029
5851	3031
5852	3031
5853	3033
5854	3032
5855	3034
5856	3034
5857	3035
5858	3035
5859	3037
5860	3037
5861	3036
5862	3036
5863	3036
5864	3036
5865	3036
5866	3036
5867	3038
5868	3038
5869	3038
5870	3038
5871	3038
5872	3038
5873	3038
5874	3038
5875	3040
5876	3040
5877	3040
5878	3040
5879	3041
5880	3041
5881	3041
5882	3041
5883	3041
5884	3041
5885	3040
5886	3040
5887	3040
5888	3040
5889	3040
5890	3040
5891	3040
5892	3040
5893	3041
5894	3041
5895	3042
5896	3042
5897	3044
5898	3045
5899	3045
5900	3044
5901	3046
5902	3046
5903	3046
5904	3046
5905	3046
5906	3045
5907	3045
5908	3045
5909	3045
5910	3045
5911	3045
5912	3045
5913	3045
5914	3045
5915	3047
5916	3047
5917	3049
5918	3049
5919	3048
5920	3048
5921	3048
5922	3048
5923	3048
5924	3050
5925	3050
5926	3050
5927	3050
5928	3050
5929	3050
5930	3050
5931	3050
5932	3051
5933	3051
5934	3053
5935	3053
5936	3054
5937	3054
5938	3056
5939	3056
5940	3057
5941	3057
5942	3059
5943	3059
5944	3059
5945	3059
5946	3058
5947	3058
5948	3058
5949	3058
5950	3060
5951	3060
5952	3060
5953	3060
5954	3059
5955	3059
5956	3059
5957	3059
5958	3061
5959	3061
5960	3061
5961	3061
5962	3061
5963	3061
5964	3061
5965	3061
5966	3061
5967	3061
5968	3061
5969	3061
5970	3063
5971	3062
5972	3062
5973	3062
5974	3062
5975	3062
5976	3064
5977	3064
5978	3063
5979	3063
5980	3063
5981	3063
5982	3063
5983	3063
5984	3064
5985	3064
5986	3065
5987	3067
5988	3067
5989	3068
5990	3068
5991	3068
5992	3068
5993	3068
5994	3068
5995	3068
5996	3068
5997	3068
5998	3069
5999	3069
6000	3069
6001	3071
6002	3071
6003	3071
6004	3071
6005	3071
6006	3071
6007	3070
6008	3069
6009	3069
6010	3069
6011	3069
6012	3071
6013	3071
6014	3072
6015	3072
6016	3073
6017	3073
6018	3073
6019	3073
6020	3073
6021	3073
6022	3073
6023	3075
6024	3075
6025	3075
6026	3076
6027	3076
6028	3076
6029	3076
6030	3078
6031	3080
6032	3080
6033	3082
6034	3082
6035	3081
6036	3081
6037	3081
6038	3081
6039	3081
6040	3081
6041	3081
6042	3081
6043	3083
6044	3083
6045	3085
6046	3085
6047	3087
6048	3087
6049	3087
6050	3087
6051	3086
6052	3085
6053	3085
6054	3084
6055	3084
6056	3085
6057	3085
6058	3085
6059	3086
6060	3087
6061	3088
6062	3089
6063	3090
6064	3091
6065	3092
6066	3093
6067	3094
6068	3095
6069	3096
6070	3097
6071	3097
6072	3098
6073	3099
6074	3099
6075	3100
6076	3101
6077	3101
6078	3102
6079	3103
6080	3104
6081	3105
6082	3106
6083	3107
6084	3107
6085	3108
6086	3109
6087	3110
6088	3111
6089	3112
6090	3113
6091	3114
6092	3115
6093	3116
6094	3117
6095	3118
6096	3119
6097	3119
6098	3120
6099	3121
6100	3122
6101	3123
6102	3124
6103	3125
6104	3126
6105	3126
6106	3127
6107	3128
6108	3129
6109	3130
6110	3130
6111	3131
6112	3131
6113	3131
6114	3132
6115	3133
6116	3134
6117	3135
6118	3136
6119	3137
6120	3138
6121	3139
6122	3140
6123	3141
6124	3142
6125	3143
6126	3144
6127	3145
6128	3146
6129	3147
6130	3147
6131	3148
6132	3148
6133	3149
6134	3149
6135	3150
6136	3151
6137	3152
6138	3153
6139	3154
6140	3154
6141	3155
6142	3156
6143	3157
6144	3158
6145	3159
6146	3160
6147	3160
6148	3160
6149	3161
6150	3162
6151	3163
6152	3164
6153	3165
6154	3166
6155	3167
6156	3168
6157	3169
6158	3169
6159	3170
6160	3171
6161	3172
6162	3173
6163	3173
6164	3174
6165	3175
6166	3176
6167	3177
6168	3178
6169	3179
6170	3180
6171	3181
6172	3182
6173	3183
6174	3183
6175	3184
6176	3185
6177	3186
6178	3187
6179	3188
6180	3189
6181	3190
6182	3190
6183	3191
6184	3192
6185	3192
6186	3192
6187	3193
6188	3194
6189	3195
6190	3196
6191	3196
6192	3196
6193	3196
6194	3197
6195	3198
6196	3199
6197	3200
6198	3200
6199	3201
6200	3202
6201	3203
6202	3204
6203	3205
6204	3206
6205	3207
6206	3208
6207	3209
6208	3210
6209	3211
6210	3212
6211	3213
6212	3214
6213	3215
6214	3216
6215	3217
6216	3218
6217	3219
6218	3219
6219	3220
6220	3221
6221	3222
6222	3223
6223	3224
6224	3225
6225	3226
6226	3227
6227	3227
6228	3228
6229	3229
6230	3230
6231	3231
6232	3232
6233	3233
6234	3234
6235	3235
6236	3235
6237	3236
6238	3237
6239	3238
6240	3239
6241	3240
6242	3240
6243	3241
6244	3242
6245	3243
6246	3243
6247	3244
6248	3244
6249	3245
6250	3246
6251	3246
6252	3247
6253	3248
6254	3249
6255	3249
6256	3250
6257	3251
6258	3252
6259	3253
6260	3254
6261	3255
6262	3256
6263	3257
6264	3258
6265	3259
6266	3260
6267	3261
6268	3262
6269	3263
6270	3263
6271	3264
6272	3265
6273	3266
6274	3267
6275	3268
6276	3269
6277	3270
6278	3271
6279	3272
6280	3272
6281	3273
6282	3274
6283	3275
6284	3276
6285	3276
6286	3277
6287	3277
6288	3278
6289	3279
6290	3279
6291	3279
6292	3280
6293	3281
6294	3282
6295	3283
6296	3284
6297	3285
6298	3286
6299	3286
6300	3287
6301	3288
6302	3289
6303	3290
6304	3290
6305	3291
6306	3291
6307	3292
6308	3292
6309	3293
6310	3294
6311	3294
6312	3295
6313	3296
6314	3297
6315	3298
6316	3299
6317	3300
6318	3301
6319	3302
6320	3302
6321	3303
6322	3303
6323	3304
6324	3305
6325	3306
6326	3306
6327	3307
6328	3308
6329	3309
6330	3310
6331	3311
6332	3312
6333	3313
6334	3313
6335	3314
6336	3315
6337	3316
6338	3317
6339	3318
6340	3319
6341	3320
6342	3321
6343	3321
6344	3322
6345	3323
6346	3324
6347	3325
6348	3326
6349	3327
6350	3328
6351	3328
6352	3329
6353	3329
6354	3330
6355	3330
6356	3331
6357	3332
6358	3333
6359	3333
6360	3334
6361	3335
6362	3336
6363	3337
6364	3338
6365	3339
6366	3340
6367	3341
6368	3342
6369	3343
6370	3344
6371	3345
6372	3346
6373	3347
6374	3348
6375	3349
6376	3350
6377	3350
6378	3351
6379	3352
6380	3353
6381	3354
6382	3355
6383	3355
6384	3356
6385	3357
6386	3358
6387	3358
6388	3359
6389	3360
6390	3361
6391	3362
6392	3363
6393	3364
6394	3364
6395	3365
6396	3366
6397	3367
6398	3368
6399	3369
6400	3369
6401	3370
6402	3370
6403	3371
6404	3372
6405	3373
6406	3374
6407	3374
6408	3375
6409	3375
6410	3376
6411	3377
6412	3378
6413	3379
6414	3380
6415	3381
6416	3382
6417	3383
6418	3384
6419	3384
6420	3385
6421	3386
6422	3386
6423	3387
6424	3388
6425	3389
6426	3390
6427	3391
6428	3392
6429	3393
6430	3394
6431	3395
6432	3396
6433	3397
6434	3398
6435	3399
6436	3399
6437	3399
6438	3400
6439	3401
6440	3401
6441	3402
6442	3403
6443	3404
6444	3405
6445	3406
6446	3407
6447	3407
6448	3408
6449	3409
6450	3409
6451	3409
6452	3410
6453	3411
6454	3411
6455	3412
6456	3413
6457	3414
6458	3415
6459	3416
6460	3417
6461	3418
6462	3418
6463	3419
6464	3420
6465	3421
6466	3421
6467	3422
6468	3423
6469	3424
6470	3424
6471	3425
6472	3426
6473	3427
6474	3428
6475	3429
6476	3430
6477	3431
6478	3432
6479	3433
6480	3434
6481	3434
6482	3435
6483	3436
6484	3437
6485	3437
6486	3438
6487	3439
6488	3440
6489	3441
6490	3441
6491	3442
6492	3443
6493	3444
6494	3445
6495	3446
6496	3447
6497	3448
6498	3449
6499	3450
6500	3451
6501	3452
6502	3453
6503	3454
6504	3455
6505	3456
6506	3456
6507	3457
6508	3458
6509	3459
6510	3459
6511	3460
6512	3461
6513	3461
6514	3461
6515	3462
6516	3463
6517	3464
6518	3465
6519	3466
6520	3467
6521	3468
6522	3469
6523	3469
6524	3470
6525	3471
6526	3472
6527	3472
6528	3473
6529	3474
6530	3475
6531	3475
6532	3476
6533	3476
6534	3477
6535	3477
6536	3478
6537	3479
6538	3480
6539	3481
6540	3481
6541	3482
6542	3483
6543	3484
6544	3485
6545	3486
6546	3487
6547	3488
6548	3488
6549	3488
6550	3489
6551	3490
6552	3491
6553	3492
6554	3493
6555	3494
6556	3495
6557	3496
6558	3496
6559	3497
6560	3498
6561	3498
6562	3498
6563	3499
6564	3500
6565	3501
6566	3501
6567	3502
6568	3503
6569	3504
6570	3505
6571	3506
6572	3507
6573	3508
6574	3509
6575	3510
6576	3511
6577	3512
6578	3513
6579	3513
6580	3514
6581	3515
6582	3516
6583	3517
6584	3517
6585	3518
6586	3519
6587	3520
6588	3521
6589	3522
6590	3523
6591	3524
6592	3525
6593	3525
6594	3526
6595	3527
6596	3528
6597	3529
6598	3530
6599	3531
6600	3532
6601	3532
6602	3533
6603	3534
6604	3535
6605	3535
6606	3536
6607	3537
6608	3537
6609	3538
6610	3539
6611	3540
6612	3541
6613	3542
6614	3542
6615	3543
6616	3543
6617	3544
6618	3544
6619	3545
6620	3545
6621	3546
6622	3546
6623	3547
6624	3548
6625	3549
6626	3549
6627	3549
6628	3550
6629	3551
6630	3552
6631	3553
6632	3554
6633	3555
6634	3556
6635	3557
6636	3558
6637	3559
6638	3560
6639	3561
6640	3562
6641	3563
6642	3564
6643	3564
6644	3565
6645	3565
6646	3566
6647	3567
6648	3568
6649	3569
6650	3570
6651	3571
6652	3571
6653	3572
6654	3573
6655	3574
6656	3575
6657	3576
6658	3577
6659	3578
6660	3579
6661	3580
6662	3581
6663	3582
6664	3583
6665	3583
6666	3583
6667	3584
6668	3585
6669	3585
6670	3586
6671	3587
6672	3588
6673	3588
6674	3589
6675	3590
6676	3590
6677	3590
6678	3591
6679	3592
6680	3592
6681	3593
6682	3594
6683	3595
6684	3596
6685	3597
6686	3598
6687	3599
6688	3600
6689	3601
6690	3602
6691	3603
6692	3604
6693	3605
6694	3606
6695	3607
6696	3608
6697	3609
6698	3610
6699	3610
6700	3611
6701	3612
6702	3613
6703	3614
6704	3615
6705	3616
6706	3617
6707	3617
6708	3618
6709	3618
6710	3619
6711	3620
6712	3621
6713	3621
6714	3622
6715	3623
6716	3624
6717	3625
6718	3626
6719	3626
6720	3627
6721	3628
6722	3629
6723	3630
6724	3630
6725	3631
6726	3632
6727	3633
6728	3634
6729	3634
6730	3635
6731	3635
6732	3635
6733	3636
6734	3637
6735	3638
6736	3639
6737	3640
6738	3641
6739	3642
6740	3643
6741	3644
6742	3645
6743	3646
6744	3647
6745	3648
6746	3649
6747	3650
6748	3651
6749	3651
6750	3652
6751	3653
6752	3654
6753	3655
6754	3655
6755	3656
6756	3657
6757	3658
6758	3659
6759	3660
6760	3661
6761	3661
6762	3662
6763	3663
6764	3664
6765	3664
6766	3665
6767	3666
6768	3666
6769	3666
6770	3667
6771	3668
6772	3669
6773	3670
6774	3671
6775	3671
6776	3672
6777	3673
6778	3674
6779	3674
6780	3675
6781	3676
6782	3677
6783	3678
6784	3679
6785	3680
6786	3681
6787	3681
6788	3682
6789	3683
6790	3684
6791	3684
6792	3684
6793	3685
6794	3686
6795	3687
6796	3688
6797	3689
6798	3690
6799	3691
6800	3692
6801	3693
6802	3693
6803	3694
6804	3695
6805	3696
6806	3697
6807	3698
6808	3699
6809	3700
6810	3701
6811	3702
6812	3703
6813	3704
6814	3704
6815	3705
6816	3706
6817	3707
6818	3708
6819	3709
6820	3709
6821	3710
6822	3711
6823	3711
6824	3712
6825	3713
6826	3714
6827	3715
6828	3716
6829	3717
6830	3718
6831	3718
6832	3719
6833	3719
6834	3720
6835	3721
6836	3722
6837	3723
6838	3724
6839	3725
6840	3726
6841	3727
6842	3728
6843	3728
6844	3728
6845	3729
6846	3730
6847	3731
6848	3732
6849	3733
6850	3734
6851	3735
6852	3736
6853	3737
6854	3738
6855	3739
6856	3740
6857	3741
6858	3741
6859	3741
6860	3741
6861	3742
6862	3742
6863	3743
6864	3744
6865	3745
6866	3746
6867	3747
6868	3748
6869	3749
6870	3749
6871	3750
6872	3750
6873	3751
6874	3751
6875	3752
6876	3753
6877	3753
6878	3754
6879	3755
6880	3756
6881	3757
6882	3758
6883	3759
6884	3760
6885	3761
6886	3761
6887	3762
6888	3762
6889	3763
6890	3764
6891	3765
6892	3766
6893	3767
6894	3768
6895	3768
6896	3769
6897	3770
6898	3771
6899	3772
6900	3773
6901	3774
6902	3775
6903	3775
6904	3776
6905	3777
6906	3777
6907	3778
6908	3779
6909	3780
6910	3780
6911	3780
6912	3781
6913	3782
6914	3783
6915	3784
6916	3785
6917	3786
6918	3786
6919	3787
6920	3787
6921	3788
6922	3789
6923	3790
6924	3791
6925	3792
6926	3792
6927	3793
6928	3794
6929	3795
6930	3795
6931	3796
6932	3797
6933	3798
6934	3799
6935	3800
6936	3800
6937	3801
6938	3802
6939	3803
6940	3804
6941	3805
6942	3806
6943	3807
6944	3808
6945	3809
6946	3810
6947	3811
6948	3812
6949	3813
6950	3814
6951	3814
6952	3815
6953	3816
6954	3817
6955	3818
6956	3819
6957	3820
6958	3821
6959	3822
6960	3823
6961	3823
6962	3823
6963	3823
6964	3823
6965	3824
6966	3825
6967	3826
6968	3826
6969	3826
6970	3827
6971	3828
6972	3829
6973	3829
6974	3830
6975	3831
6976	3832
6977	3833
6978	3834
6979	3835
6980	3836
6981	3836
6982	3837
6983	3838
6984	3839
6985	3840
6986	3841
6987	3842
6988	3843
6989	3843
6990	3844
6991	3845
6992	3846
6993	3847
6994	3848
6995	3848
6996	3849
6997	3849
6998	3850
6999	3851
7000	3851
7001	3852
7002	3853
7003	3853
7004	3854
7005	3854
7006	3855
7007	3856
7008	3856
7009	3857
7010	3858
7011	3859
7012	3860
7013	3860
7014	3861
7015	3862
7016	3863
7017	3864
7018	3865
7019	3865
7020	3865
7021	3866
7022	3867
7023	3868
7024	3869
7025	3870
7026	3870
7027	3871
7028	3872
7029	3873
7030	3874
7031	3875
7032	3875
7033	3875
7034	3876
7035	3877
7036	3878
7037	3878
7038	3879
7039	3880
7040	3881
7041	3881
7042	3882
7043	3882
7044	3883
7045	3883
7046	3884
7047	3885
7048	3886
7049	3886
7050	3886
7051	3887
7052	3888
7053	3888
7054	3889
7055	3890
7056	3891
7057	3892
7058	3893
7059	3894
7060	3895
7061	3896
7062	3897
7063	3898
7064	3899
7065	3900
7066	3900
7067	3901
7068	3902
7069	3903
7070	3904
7071	3904
7072	3905
7073	3906
7074	3907
7075	3908
7076	3909
7077	3910
7078	3911
7079	3912
7080	3912
7081	3913
7082	3914
7083	3915
7084	3915
7085	3916
7086	3917
7087	3918
7088	3919
7089	3920
7090	3921
7091	3920
7092	3921
7093	3921
7094	3922
7095	3922
7096	3923
7097	3923
7098	3924
7099	3925
7100	3926
7101	3926
7102	3927
7103	3928
7104	3929
7105	3930
7106	3931
7107	3932
7108	3931
7109	3932
7110	3932
7111	3933
7112	3934
7113	3935
7114	3935
7115	3936
7116	3937
7117	3938
7118	3938
7119	3939
7120	3939
7121	3940
7122	3941
7123	3941
7124	3942
7125	3943
7126	3944
7127	3945
7128	3946
7129	3947
7130	3948
7131	3949
7132	3949
7133	3950
7134	3951
7135	3952
7136	3953
7137	3954
7138	3955
7139	3956
7140	3956
7141	3957
7142	3958
7143	3959
7144	3960
7145	3961
7146	3962
7147	3963
7148	3963
7149	3964
7150	3965
7151	3966
7152	3966
7153	3967
7154	3968
7155	3969
7156	3970
7157	3971
7158	3972
7159	3973
7160	3973
7161	3974
7162	3974
7163	3974
7164	3975
7165	3976
7166	3977
7167	3978
7168	3979
7169	3979
7170	3980
7171	3981
7172	3981
7173	3982
7174	3983
7175	3984
7176	3985
7177	3986
7178	3987
7179	3988
7180	3989
7181	3990
7182	3991
7183	3992
7184	3993
7185	3994
7186	3995
7187	3995
7188	3996
7189	3997
7190	3998
7191	3999
7192	4000
7193	4001
7194	4002
7195	4003
7196	4004
7197	4004
7198	4005
7199	4005
7200	4005
7201	4005
7202	4006
7203	4006
7204	4007
7205	4008
7206	4008
7207	4009
7208	4010
7209	4011
7210	4012
7211	4012
7212	4013
7213	4014
7214	4014
7215	4015
7216	4015
7217	4016
7218	4016
7219	4016
7220	4017
7221	4018
7222	4019
7223	4020
7224	4021
7225	4022
7226	4023
7227	4024
7228	4024
7229	4025
7230	4026
7231	4026
7232	4027
7233	4028
7234	4029
7235	4030
7236	4031
7237	4032
7238	4033
7239	4033
7240	4034
7241	4035
7242	4036
7243	4037
7244	4038
7245	4039
7246	4040
7247	4040
7248	4041
7249	4042
7250	4042
7251	4043
7252	4044
7253	4044
7254	4045
7255	4046
7256	4047
7257	4048
7258	4049
7259	4050
7260	4051
7261	4051
7262	4052
7263	4053
7264	4054
7265	4053
7266	4053
7267	4054
7268	4055
7269	4055
7270	4056
7271	4057
7272	4058
7273	4058
7274	4059
7275	4060
7276	4060
7277	4061
7278	4062
7279	4063
7280	4064
7281	4065
7282	4066
7283	4067
7284	4067
7285	4068
7286	4069
7287	4070
7288	4070
7289	4071
7290	4072
7291	4073
7292	4074
7293	4075
7294	4076
7295	4077
7296	4078
7297	4079
7298	4080
7299	4081
7300	4082
7301	4083
7302	4083
7303	4084
7304	4085
7305	4085
7306	4085
7307	4086
7308	4087
7309	4088
7310	4088
7311	4089
7312	4090
7313	4091
7314	4092
7315	4093
7316	4094
7317	4095
7318	4096
7319	4097
7320	4098
7321	4099
7322	4100
7323	4101
7324	4102
7325	4103
7326	4104
7327	4105
7328	4105
7329	4106
7330	4107
7331	4108
7332	4109
7333	4109
7334	4109
7335	4110
7336	4111
7337	4112
7338	4113
7339	4113
7340	4113
7341	4114
7342	4115
7343	4116
7344	4117
7345	4118
7346	4119
7347	4119
7348	4120
7349	4121
7350	4121
7351	4122
7352	4123
7353	4124
7354	4125
7355	4126
7356	4127
7357	4128
7358	4129
7359	4129
7360	4130
7361	4131
7362	4132
7363	4133
7364	4133
7365	4134
7366	4134
7367	4134
7368	4135
7369	4135
7370	4136
7371	4137
7372	4137
7373	4138
7374	4139
7375	4139
7376	4140
7377	4140
7378	4141
7379	4141
7380	4142
7381	4143
7382	4144
7383	4145
7384	4146
7385	4146
7386	4147
7387	4148
7388	4149
7389	4150
7390	4151
7391	4151
7392	4151
7393	4152
7394	4153
7395	4154
7396	4155
7397	4156
7398	4157
7399	4158
7400	4159
7401	4160
7402	4161
7403	4161
7404	4161
7405	4162
7406	4162
7407	4163
7408	4164
7409	4164
7410	4165
7411	4166
7412	4167
7413	4168
7414	4169
7415	4170
7416	4171
7417	4172
7418	4173
7419	4173
7420	4174
7421	4175
7422	4175
7423	4176
7424	4177
7425	4178
7426	4179
7427	4179
7428	4180
7429	4181
7430	4181
7431	4182
7432	4182
7433	4183
7434	4184
7435	4185
7436	4185
7437	4186
7438	4186
7439	4187
7440	4187
7441	4188
7442	4189
7443	4189
7444	4189
7445	4190
7446	4190
7447	4191
7448	4192
7449	4193
7450	4194
7451	4195
7452	4196
7453	4197
7454	4197
7455	4198
7456	4199
7457	4200
7458	4201
7459	4202
7460	4203
7461	4204
7462	4205
7463	4205
7464	4206
7465	4207
7466	4208
7467	4209
7468	4210
7469	4211
7470	4212
7471	4213
7472	4214
7473	4214
7474	4215
7475	4216
7476	4217
7477	4218
7478	4219
7479	4220
7480	4221
7481	4222
7482	4222
7483	4223
7484	4224
7485	4224
7486	4225
7487	4226
7488	4227
7489	4228
7490	4229
7491	4230
7492	4231
7493	4232
7494	4232
7495	4233
7496	4234
7497	4235
7498	4236
7499	4237
7500	4237
7501	4238
7502	4239
7503	4239
7504	4239
7505	4240
7506	4241
7507	4242
7508	4242
7509	4243
7510	4244
7511	4245
7512	4246
7513	4245
7514	4245
7515	4246
7516	4247
7517	4248
7518	4249
7519	4250
7520	4251
7521	4252
7522	4253
7523	4253
7524	4254
7525	4255
7526	4254
7527	4254
7528	4255
7529	4256
7530	4257
7531	4258
7532	4258
7533	4259
7534	4259
7535	4260
7536	4260
7537	4261
7538	4262
7539	4263
7540	4264
7541	4265
7542	4266
7543	4267
7544	4268
7545	4269
7546	4270
7547	4271
7548	4272
7549	4272
7550	4272
7551	4273
7552	4274
7553	4275
7554	4275
7555	4276
7556	4277
7557	4278
7558	4279
7559	4279
7560	4279
7561	4279
7562	4280
7563	4281
7564	4281
7565	4282
7566	4283
7567	4284
7568	4285
7569	4286
7570	4287
7571	4288
7572	4289
7573	4290
7574	4290
7575	4291
7576	4292
7577	4293
7578	4294
7579	4295
7580	4296
7581	4297
7582	4298
7583	4299
7584	4300
7585	4301
7586	4302
7587	4302
7588	4303
7589	4304
7590	4304
7591	4304
7592	4304
7593	4305
7594	4306
7595	4307
7596	4307
7597	4308
7598	4309
7599	4310
7600	4311
7601	4312
7602	4312
7603	4313
7604	4313
7605	4314
7606	4315
7607	4315
7608	4316
7609	4316
7610	4316
7611	4317
7612	4318
7613	4319
7614	4320
7615	4321
7616	4322
7617	4323
7618	4324
7619	4325
7620	4325
7621	4325
7622	4326
7623	4327
7624	4328
7625	4329
7626	4330
7627	4331
7628	4332
7629	4333
7630	4334
7631	4335
7632	4335
7633	4336
7634	4337
7635	4338
7636	4338
7637	4339
7638	4340
7639	4341
7640	4341
7641	4342
7642	4343
7643	4344
7644	4345
7645	4346
7646	4347
7647	4348
7648	4348
7649	4349
7650	4350
7651	4351
7652	4352
7653	4352
7654	4353
7655	4354
7656	4354
7657	4355
7658	4356
7659	4357
7660	4358
7661	4359
7662	4360
7663	4361
7664	4361
7665	4360
7666	4360
7667	4361
7668	4362
7669	4363
7670	4364
7671	4365
7672	4366
7673	4367
7674	4368
7675	4368
7676	4369
7677	4369
7678	4370
7679	4371
7680	4372
7681	4373
7682	4374
7683	4375
7684	4376
7685	4377
7686	4378
7687	4379
7688	4380
7689	4381
7690	4382
7691	4382
7692	4383
7693	4384
7694	4384
7695	4384
7696	4384
7697	4384
7698	4385
7699	4386
7700	4386
7701	4387
7702	4388
7703	4388
7704	4388
7705	4389
7706	4390
7707	4390
7708	4391
7709	4391
7710	4392
7711	4392
7712	4393
7713	4394
7714	4395
7715	4396
7716	4397
7717	4398
7718	4399
7719	4400
7720	4401
7721	4401
7722	4402
7723	4403
7724	4404
7725	4405
7726	4406
7727	4407
7728	4408
7729	4408
7730	4409
7731	4410
7732	4410
7733	4411
7734	4412
7735	4413
7736	4414
7737	4415
7738	4416
7739	4416
7740	4417
7741	4417
7742	4418
7743	4419
7744	4420
7745	4421
7746	4422
7747	4423
7748	4424
7749	4424
7750	4425
7751	4426
7752	4427
7753	4428
7754	4429
7755	4429
7756	4430
7757	4430
7758	4430
7759	4431
7760	4432
7761	4433
7762	4433
7763	4434
7764	4435
7765	4436
7766	4437
7767	4436
7768	4437
7769	4438
7770	4439
7771	4440
7772	4441
7773	4441
7774	4441
7775	4442
7776	4443
7777	4444
7778	4445
7779	4445
7780	4445
7781	4445
7782	4445
7783	4446
7784	4447
7785	4448
7786	4449
7787	4450
7788	4451
7789	4452
7790	4453
7791	4454
7792	4455
7793	4456
7794	4457
7795	4458
7796	4458
7797	4459
7798	4459
7799	4460
7800	4461
7801	4461
7802	4462
7803	4463
7804	4464
7805	4465
7806	4466
7807	4467
7808	4468
7809	4468
7810	4469
7811	4470
7812	4471
7813	4472
7814	4473
7815	4474
7816	4475
7817	4476
7818	4477
7819	4478
7820	4479
7821	4480
7822	4481
7823	4482
7824	4483
7825	4483
7826	4484
7827	4485
7828	4485
7829	4486
7830	4487
7831	4488
7832	4488
7833	4489
7834	4490
7835	4491
7836	4492
7837	4493
7838	4494
7839	4494
7840	4495
7841	4496
7842	4497
7843	4498
7844	4499
7845	4499
7846	4500
7847	4501
7848	4502
7849	4503
7850	4504
7851	4505
7852	4506
7853	4507
7854	4507
7855	4508
7856	4508
7857	4509
7858	4510
7859	4511
7860	4512
7861	4513
7862	4514
7863	4515
7864	4515
7865	4516
7866	4516
7867	4516
7868	4517
7869	4517
7870	4518
7871	4519
7872	4520
7873	4519
7874	4520
7875	4520
7876	4521
7877	4522
7878	4523
7879	4523
7880	4524
7881	4525
7882	4526
7883	4526
7884	4527
7885	4528
7886	4528
7887	4529
7888	4530
7889	4531
7890	4532
7891	4533
7892	4534
7893	4535
7894	4535
7895	4536
7896	4537
7897	4537
7898	4538
7899	4539
7900	4540
7901	4541
7902	4542
7903	4543
7904	4544
7905	4544
7906	4545
7907	4546
7908	4547
7909	4548
7910	4549
7911	4550
7912	4551
7913	4552
7914	4553
7915	4553
7916	4554
7917	4555
7918	4556
7919	4557
7920	4558
7921	4559
7922	4560
7923	4560
7924	4561
7925	4562
7926	4563
7927	4563
7928	4564
7929	4565
7930	4566
7931	4567
7932	4568
7933	4569
7934	4569
7935	4570
7936	4570
7937	4571
7938	4572
7939	4573
7940	4574
7941	4575
7942	4575
7943	4576
7944	4577
7945	4578
7946	4579
7947	4580
7948	4580
7949	4581
7950	4582
7951	4583
7952	4584
7953	4585
7954	4585
7955	4586
7956	4587
7957	4588
7958	4587
7959	4588
7960	4589
7961	4590
7962	4590
7963	4591
7964	4591
7965	4591
7966	4591
7967	4592
7968	4593
7969	4594
7970	4595
7971	4596
7972	4597
7973	4598
7974	4599
7975	4600
7976	4600
7977	4600
7978	4601
7979	4602
7980	4603
7981	4604
7982	4605
7983	4606
7984	4607
7985	4608
7986	4609
7987	4610
7988	4610
7989	4611
7990	4612
7991	4613
7992	4613
7993	4614
7994	4615
7995	4615
7996	4616
7997	4616
7998	4617
7999	4618
8000	4619
8001	4620
8002	4621
8003	4622
8004	4623
8005	4624
8006	4625
8007	4626
8008	4627
8009	4627
8010	4628
8011	4629
8012	4629
8013	4629
8014	4630
8015	4631
8016	4631
8017	4631
8018	4632
8019	4633
8020	4634
8021	4635
8022	4635
8023	4636
8024	4637
8025	4638
8026	4639
8027	4640
8028	4641
8029	4642
8030	4643
8031	4644
8032	4644
8033	4645
8034	4646
8035	4647
8036	4648
8037	4649
8038	4649
8039	4650
8040	4651
8041	4651
8042	4652
8043	4653
8044	4654
8045	4655
8046	4656
8047	4657
8048	4658
8049	4658
8050	4658
8051	4659
8052	4660
8053	4659
8054	4660
8055	4661
8056	4662
8057	4663
8058	4664
8059	4665
8060	4664
8061	4665
8062	4666
8063	4667
8064	4668
8065	4669
8066	4670
8067	4670
8068	4671
8069	4672
8070	4673
8071	4674
8072	4675
8073	4676
8074	4677
8075	4678
8076	4679
8077	4680
8078	4681
8079	4681
8080	4682
8081	4683
8082	4684
8083	4684
8084	4685
8085	4685
8086	4685
8087	4685
8088	4686
8089	4686
8090	4687
8091	4688
8092	4689
8093	4689
8094	4690
8095	4691
8096	4692
8097	4693
8098	4694
8099	4695
8100	4696
8101	4697
8102	4698
8103	4699
8104	4700
8105	4701
8106	4702
8107	4703
8108	4704
8109	4705
8110	4705
8111	4705
8112	4706
8113	4707
8114	4707
8115	4708
8116	4708
8117	4709
8118	4710
8119	4711
8120	4712
8121	4713
8122	4714
8123	4715
8124	4716
8125	4717
8126	4718
8127	4719
8128	4720
8129	4721
8130	4721
8131	4722
8132	4723
8133	4724
8134	4725
8135	4725
8136	4725
8137	4726
8138	4727
8139	4727
8140	4728
8141	4729
8142	4730
8143	4730
8144	4731
8145	4732
8146	4733
8147	4734
8148	4735
8149	4736
8150	4735
8151	4736
8152	4737
8153	4738
8154	4738
8155	4738
8156	4739
8157	4740
8158	4741
8159	4742
8160	4742
8161	4742
8162	4742
8163	4743
8164	4744
8165	4745
8166	4746
8167	4747
8168	4748
8169	4749
8170	4749
8171	4750
8172	4751
8173	4751
8174	4752
8175	4752
8176	4753
8177	4754
8178	4755
8179	4756
8180	4757
8181	4758
8182	4759
8183	4760
8184	4761
8185	4762
8186	4763
8187	4764
8188	4765
8189	4766
8190	4766
8191	4767
8192	4768
8193	4769
8194	4770
8195	4771
8196	4772
8197	4773
8198	4773
8199	4774
8200	4775
8201	4776
8202	4777
8203	4777
8204	4778
8205	4779
8206	4780
8207	4780
8208	4781
8209	4782
8210	4782
8211	4783
8212	4784
8213	4785
8214	4786
8215	4787
8216	4788
8217	4789
8218	4789
8219	4790
8220	4790
8221	4791
8222	4792
8223	4793
8224	4794
8225	4795
8226	4796
8227	4797
8228	4798
8229	4799
8230	4799
8231	4800
8232	4801
8233	4802
8234	4803
8235	4804
8236	4805
8237	4806
8238	4807
8239	4808
8240	4809
8241	4810
8242	4811
8243	4811
8244	4812
8245	4813
8246	4814
8247	4815
8248	4815
8249	4816
8250	4817
8251	4817
8252	4818
8253	4819
8254	4819
8255	4820
8256	4821
8257	4822
8258	4823
8259	4824
8260	4825
8261	4826
8262	4826
8263	4827
8264	4828
8265	4829
8266	4830
8267	4831
8268	4832
8269	4833
8270	4833
8271	4834
8272	4835
8273	4836
8274	4837
8275	4838
8276	4838
8277	4839
8278	4840
8279	4840
8280	4841
8281	4842
8282	4843
8283	4844
8284	4845
8285	4846
8286	4846
8287	4846
8288	4847
8289	4848
8290	4848
8291	4849
8292	4849
8293	4850
8294	4851
8295	4852
8296	4853
8297	4853
8298	4854
8299	4855
8300	4856
8301	4857
8302	4856
8303	4856
8304	4857
8305	4857
8306	4858
8307	4859
8308	4860
8309	4861
8310	4862
8311	4862
8312	4863
8313	4863
8314	4864
8315	4865
8316	4866
8317	4867
8318	4868
8319	4868
8320	4869
8321	4870
8322	4871
8323	4872
8324	4873
8325	4873
8326	4874
8327	4875
8328	4876
8329	4875
8330	4876
8331	4877
8332	4878
8333	4879
8334	4879
8335	4880
8336	4881
8337	4882
8338	4883
8339	4884
8340	4885
8341	4886
8342	4887
8343	4888
8344	4888
8345	4888
8346	4889
8347	4889
8348	4889
8349	4889
8350	4890
8351	4891
8352	4891
8353	4892
8354	4892
8355	4893
8356	4894
8357	4895
8358	4896
8359	4897
8360	4898
8361	4899
8362	4900
8363	4900
8364	4901
8365	4902
8366	4902
8367	4903
8368	4904
8369	4905
8370	4905
8371	4905
8372	4906
8373	4907
8374	4908
8375	4909
8376	4910
8377	4911
8378	4912
8379	4912
8380	4913
8381	4914
8382	4915
8383	4916
8384	4917
8385	4918
8386	4919
8387	4919
8388	4920
8389	4921
8390	4922
8391	4923
8392	4924
8393	4925
8394	4925
8395	4926
8396	4927
8397	4927
8398	4928
8399	4929
8400	4929
8401	4929
8402	4930
8403	4931
8404	4932
8405	4933
8406	4934
8407	4935
8408	4936
8409	4937
8410	4938
8411	4938
8412	4939
8413	4940
8414	4940
8415	4940
8416	4941
8417	4942
8418	4943
8419	4944
8420	4945
8421	4945
8422	4946
8423	4947
8424	4948
8425	4949
8426	4950
8427	4951
8428	4952
8429	4953
8430	4954
8431	4955
8432	4956
8433	4957
8434	4958
8435	4959
8436	4960
8437	4961
8438	4961
8439	4961
8440	4962
8441	4963
8442	4962
8443	4963
8444	4964
8445	4965
8446	4966
8447	4967
8448	4968
8449	4969
8450	4968
8451	4969
8452	4970
8453	4971
8454	4972
8455	4973
8456	4974
8457	4974
8458	4975
8459	4975
8460	4976
8461	4977
8462	4978
8463	4979
8464	4979
8465	4979
8466	4979
8467	4980
8468	4981
8469	4982
8470	4983
8471	4982
8472	4983
8473	4984
8474	4985
8475	4986
8476	4987
8477	4987
8478	4988
8479	4989
8480	4989
8481	4990
8482	4991
8483	4991
8484	4992
8485	4993
8486	4993
8487	4993
8488	4994
8489	4995
8490	4995
8491	4995
8492	4996
8493	4997
8494	4998
8495	4999
8496	5000
8497	5001
8498	5002
8499	5003
8500	5004
8501	5004
8502	5003
8503	5004
8504	5005
8505	5006
8506	5007
8507	5008
8508	5009
8509	5009
8510	5010
8511	5010
8512	5011
8513	5012
8514	5013
8515	5014
8516	5015
8517	5016
8518	5017
8519	5017
8520	5018
8521	5018
8522	5019
8523	5020
8524	5021
8525	5022
8526	5023
8527	5023
8528	5024
8529	5025
8530	5025
8531	5025
8532	5026
8533	5027
8534	5028
8535	5029
8536	5030
8537	5030
8538	5031
8539	5031
8540	5031
8541	5032
8542	5033
8543	5034
8544	5035
8545	5036
8546	5037
8547	5038
8548	5038
8549	5039
8550	5040
8551	5040
8552	5041
8553	5042
8554	5043
8555	5044
8556	5045
8557	5046
8558	5046
8559	5047
8560	5047
8561	5048
8562	5049
8563	5049
8564	5049
8565	5048
8566	5049
8567	5049
8568	5049
8569	5050
8570	5051
8571	5052
8572	5053
8573	5054
8574	5055
8575	5055
8576	5056
8577	5057
8578	5058
8579	5059
8580	5060
8581	5060
8582	5061
8583	5062
8584	5063
8585	5064
8586	5065
8587	5066
8588	5067
8589	5068
8590	5069
8591	5069
8592	5070
8593	5071
8594	5071
8595	5072
8596	5073
8597	5074
8598	5074
8599	5075
8600	5075
8601	5076
8602	5076
8603	5076
8604	5076
8605	5077
8606	5078
8607	5079
8608	5080
8609	5081
8610	5082
8611	5082
8612	5083
8613	5084
8614	5085
8615	5085
8616	5086
8617	5087
8618	5088
8619	5088
8620	5088
8621	5089
8622	5089
8623	5090
8624	5091
8625	5092
8626	5093
8627	5094
8628	5095
8629	5096
8630	5096
8631	5097
8632	5098
8633	5099
8634	5100
8635	5101
8636	5102
8637	5103
8638	5104
8639	5105
8640	5106
8641	5107
8642	5108
8643	5109
8644	5110
8645	5111
8646	5112
8647	5113
8648	5113
8649	5114
8650	5115
8651	5116
8652	5116
8653	5117
8654	5118
8655	5119
8656	5120
8657	5121
8658	5122
8659	5123
8660	5123
8661	5124
8662	5125
8663	5126
8664	5127
8665	5128
8666	5128
8667	5129
8668	5129
8669	5130
8670	5130
8671	5130
8672	5130
8673	5131
8674	5132
8675	5132
8676	5133
8677	5133
8678	5134
8679	5135
8680	5136
8681	5137
8682	5138
8683	5138
8684	5139
8685	5140
8686	5141
8687	5142
8688	5143
8689	5143
8690	5144
8691	5144
8692	5145
8693	5146
8694	5145
8695	5146
8696	5147
8697	5148
8698	5149
8699	5150
8700	5151
8701	5151
8702	5152
8703	5153
8704	5154
8705	5155
8706	5156
8707	5157
8708	5158
8709	5159
8710	5160
8711	5161
8712	5161
8713	5162
8714	5163
8715	5163
8716	5164
8717	5165
8718	5165
8719	5166
8720	5167
8721	5168
8722	5168
8723	5169
8724	5170
8725	5171
8726	5172
8727	5173
8728	5173
8729	5174
8730	5175
8731	5176
8732	5177
8733	5178
8734	5178
8735	5178
8736	5178
8737	5179
8738	5179
8739	5179
8740	5180
8741	5181
8742	5182
8743	5183
8744	5184
8745	5185
8746	5185
8747	5186
8748	5187
8749	5188
8750	5188
8751	5189
8752	5190
8753	5191
8754	5191
8755	5191
8756	5192
8757	5193
8758	5194
8759	5195
8760	5195
8761	5196
8762	5197
8763	5198
8764	5199
8765	5200
8766	5201
8767	5202
8768	5203
8769	5204
8770	5205
8771	5204
8772	5204
8773	5205
8774	5205
8775	5206
8776	5207
8777	5208
8778	5209
8779	5210
8780	5211
8781	5212
8782	5213
8783	5214
8784	5215
8785	5216
8786	5217
8787	5218
8788	5219
8789	5219
8790	5220
8791	5221
8792	5222
8793	5223
8794	5224
8795	5225
8796	5226
8797	5227
8798	5228
8799	5229
8800	5230
8801	5231
8802	5232
8803	5233
8804	5234
8805	5235
8806	5235
8807	5236
8808	5236
8809	5237
8810	5238
8811	5238
8812	5238
8813	5239
8814	5240
8815	5241
8816	5241
8817	5242
8818	5243
8819	5244
8820	5245
8821	5246
8822	5245
8823	5246
8824	5247
8825	5248
8826	5249
8827	5249
8828	5250
8829	5250
8830	5251
8831	5251
8832	5251
8833	5252
8834	5253
8835	5254
8836	5254
8837	5255
8838	5256
8839	5256
8840	5256
8841	5257
8842	5258
8843	5259
8844	5260
8845	5261
8846	5262
8847	5263
8848	5264
8849	5265
8850	5266
8851	5267
8852	5268
8853	5269
8854	5270
8855	5271
8856	5271
8857	5271
8858	5272
8859	5271
8860	5272
8861	5272
8862	5273
8863	5273
8864	5274
8865	5275
8866	5276
8867	5277
8868	5278
8869	5279
8870	5280
8871	5281
8872	5282
8873	5283
8874	5284
8875	5285
8876	5286
8877	5287
8878	5287
8879	5288
8880	5289
8881	5290
8882	5291
8883	5292
8884	5293
8885	5294
8886	5295
8887	5296
8888	5296
8889	5297
8890	5298
8891	5299
8892	5299
8893	5300
8894	5301
8895	5301
8896	5302
8897	5303
8898	5304
8899	5304
8900	5304
8901	5305
8902	5306
8903	5307
8904	5308
8905	5308
8906	5309
8907	5309
8908	5309
8909	5310
8910	5311
8911	5312
8912	5313
8913	5314
8914	5315
8915	5316
8916	5317
8917	5318
8918	5319
8919	5320
8920	5321
8921	5321
8922	5322
8923	5322
8924	5323
8925	5324
8926	5324
8927	5325
8928	5326
8929	5326
8930	5326
8931	5327
8932	5327
8933	5328
8934	5329
8935	5330
8936	5331
8937	5332
8938	5332
8939	5333
8940	5332
8941	5332
8942	5333
8943	5333
8944	5334
8945	5335
8946	5335
8947	5336
8948	5336
8949	5337
8950	5337
8951	5337
8952	5338
8953	5338
8954	5339
8955	5339
8956	5340
8957	5341
8958	5342
8959	5342
8960	5343
8961	5344
8962	5345
8963	5346
8964	5347
8965	5348
8966	5349
8967	5349
8968	5349
8969	5350
8970	5351
8971	5352
8972	5353
8973	5354
8974	5355
8975	5356
8976	5357
8977	5358
8978	5358
8979	5359
8980	5360
8981	5361
8982	5362
8983	5363
8984	5364
8985	5365
8986	5366
8987	5367
8988	5368
8989	5369
8990	5370
8991	5370
8992	5371
8993	5372
8994	5372
8995	5373
8996	5374
8997	5374
8998	5375
8999	5376
9000	5377
9001	5378
9002	5379
9003	5380
9004	5380
9005	5381
9006	5382
9007	5383
9008	5384
9009	5385
9010	5386
9011	5386
9012	5386
9013	5387
9014	5387
9015	5388
9016	5389
9017	5390
9018	5391
9019	5392
9020	5392
9021	5392
9022	5393
9023	5394
9024	5394
9025	5394
9026	5395
9027	5396
9028	5396
9029	5397
9030	5396
9031	5397
9032	5398
9033	5399
9034	5399
9035	5400
9036	5401
9037	5402
9038	5403
9039	5404
9040	5405
9041	5405
9042	5406
9043	5407
9044	5407
9045	5408
9046	5409
9047	5410
9048	5411
9049	5412
9050	5413
9051	5414
9052	5415
9053	5415
9054	5416
9055	5417
9056	5418
9057	5418
9058	5419
9059	5419
9060	5420
9061	5420
9062	5420
9063	5421
9064	5422
9065	5423
9066	5424
9067	5425
9068	5426
9069	5427
9070	5428
9071	5429
9072	5429
9073	5430
9074	5430
9075	5431
9076	5432
9077	5433
9078	5433
9079	5433
9080	5434
9081	5435
9082	5436
9083	5437
9084	5438
9085	5439
9086	5440
9087	5440
9088	5441
9089	5442
9090	5442
9091	5443
9092	5444
9093	5444
9094	5445
9095	5446
9096	5447
9097	5448
9098	5449
9099	5449
9100	5450
9101	5451
9102	5452
9103	5453
9104	5453
9105	5454
9106	5455
9107	5456
9108	5457
9109	5458
9110	5459
9111	5459
9112	5460
9113	5461
9114	5462
9115	5463
9116	5464
9117	5465
9118	5466
9119	5467
9120	5468
9121	5469
9122	5470
9123	5471
9124	5472
9125	5473
9126	5474
9127	5473
9128	5473
9129	5474
9130	5474
9131	5475
9132	5476
9133	5477
9134	5478
9135	5479
9136	5480
9137	5481
9138	5482
9139	5482
9140	5482
9141	5484
9142	5484
9143	5484
9144	5486
9145	5486
9146	5488
9147	5488
9148	5490
9149	5490
9150	5490
9151	5490
9152	5490
9153	5489
9154	5489
9155	5489
9156	5491
9157	5491
9158	5491
9159	5490
9160	5490
9161	5490
9162	5489
9163	5488
9164	5488
9165	5487
9166	5487
9167	5487
9168	5487
9169	5487
9170	5487
9171	5487
9172	5486
9173	5486
9174	5486
9175	5488
9176	5487
9177	5487
9178	5487
9179	5487
9180	5489
9181	5489
9182	5491
9183	5491
9184	5493
9185	5495
9186	5495
9187	5497
9188	5497
9189	5499
9190	5499
9191	5499
9192	5501
9193	5501
9194	5501
9195	5501
9196	5500
9197	5500
9198	5500
9199	5500
9200	5502
9201	5502
9202	5501
9203	5501
9204	5501
9205	5501
9206	5501
9207	5500
9208	5501
9209	5501
9210	5501
9211	5501
9212	5501
9213	5501
9214	5501
9215	5501
9216	5501
9217	5501
9218	5500
9219	5500
9220	5502
9221	5502
9222	5504
9223	5504
9224	5504
9225	5503
9226	5503
9227	5503
9228	5503
9229	5504
9230	5504
9231	5504
9232	5504
9233	5504
9234	5504
9235	5506
9236	5506
9237	5506
9238	5506
9239	5506
9240	5506
9241	5506
9242	5508
9243	5508
9244	5508
9245	5508
9246	5509
9247	5509
9248	5509
9249	5509
9250	5509
9251	5509
9252	5509
9253	5509
9254	5511
9255	5511
9256	5513
9257	5513
9258	5514
9259	5516
9260	5516
9261	5516
9262	5516
9263	5516
9264	5516
9265	5516
9266	5516
9267	5516
9268	5516
9269	5516
9270	5518
9271	5518
9272	5519
9273	5519
9274	5520
9275	5520
9276	5522
9277	5522
9278	5523
9279	5523
9280	5523
9281	5523
9282	5523
9283	5523
9284	5523
9285	5523
9286	5523
9287	5524
9288	5524
9289	5526
9290	5526
9291	5526
9292	5526
9293	5526
9294	5526
9295	5526
9296	5528
9297	5528
9298	5528
9299	5528
9300	5528
9301	5528
9302	5528
9303	5528
9304	5530
9305	5530
9306	5531
9307	5532
9308	5532
9309	5534
9310	5534
9311	5535
9312	5535
9313	5537
9314	5537
9315	5539
9316	5539
9317	5539
9318	5538
9319	5538
9320	5538
9321	5538
9322	5538
9323	5538
9324	5540
9325	5540
9326	5540
9327	5540
9328	5540
9329	5540
9330	5540
9331	5542
9332	5542
9333	5542
9334	5542
9335	5542
9336	5542
9337	5542
9338	5544
9339	5544
9340	5543
9341	5543
9342	5543
9343	5543
9344	5543
9345	5543
9346	5544
9347	5544
9348	5545
9349	5545
9350	5546
9351	5547
9352	5547
9353	5548
9354	5548
9355	5550
9356	5550
9357	5550
9358	5549
9359	5549
9360	5549
9361	5549
9362	5551
9363	5551
9364	5551
9365	5551
9366	5551
9367	5550
9368	5550
9369	5550
9370	5550
9371	5550
9372	5550
9373	5550
9374	5550
9375	5550
9376	5552
9377	5552
9378	5552
9379	5552
9380	5552
9381	5552
9382	5554
9383	5554
9384	5556
9385	5556
9386	5556
9387	5555
9388	5555
9389	5555
9390	5555
9391	5555
9392	5555
9393	5554
9394	5554
9395	5555
9396	5555
9397	5556
9398	5556
9399	5557
9400	5557
9401	5557
9402	5557
9403	5557
9404	5557
9405	5557
9406	5557
9407	5557
9408	5559
9409	5559
9410	5561
9411	5561
9412	5562
9413	5562
9414	5562
9415	5562
9416	5562
9417	5562
9418	5562
9419	5561
9420	5562
9421	5562
9422	5562
9423	5562
9424	5563
9425	5565
9426	5565
9427	5565
9428	5565
9429	5565
9430	5564
9431	5564
9432	5564
9433	5564
9434	5565
9435	5565
9436	5566
9437	5566
9438	5566
9439	5566
9440	5566
9441	5568
9442	5570
9443	5570
9444	5571
9445	5571
9446	5571
9447	5570
9448	5570
9449	5570
9450	5570
9451	5570
9452	5570
9453	5572
9454	5572
9455	5574
9456	5574
9457	5576
9458	5576
9459	5578
9460	5578
9461	5578
9462	5578
9463	5578
9464	5577
9465	5577
9466	5577
9467	5579
9468	5579
9469	5578
9470	5578
9471	5578
9472	5578
9473	5578
9474	5580
9475	5580
9476	5580
9477	5579
9478	5579
9479	5579
9480	5579
9481	5579
9482	5578
9483	5578
9484	5578
9485	5578
9486	5579
9487	5579
9488	5579
9489	5579
9490	5579
9491	5579
9492	5581
9493	5581
9494	5581
9495	5581
9496	5581
9497	5581
9498	5581
9499	5583
9500	5583
9501	5585
9502	5585
9503	5585
9504	5585
9505	5585
9506	5585
9507	5585
9508	5587
9509	5587
9510	5588
9511	5588
9512	5589
9513	5589
9514	5591
9515	5592
9516	5592
9517	5594
9518	5594
9519	5594
9520	5594
9521	5594
9522	5594
9523	5594
9524	5594
9525	5594
9526	5596
9527	5596
9528	5598
9529	5598
9530	5599
9531	5599
9532	5599
9533	5601
9534	5601
9535	5601
9536	5601
9537	5601
9538	5601
9539	5601
9540	5601
9541	5603
9542	5603
9543	5604
9544	5604
9545	5604
9546	5604
9547	5604
9548	5604
9549	5604
9550	5603
9551	5605
9552	5605
9553	5605
9554	5606
9555	5606
9556	5606
9557	5608
9558	5608
9559	5608
9560	5609
9561	5609
9562	5610
9563	5610
9564	5610
9565	5612
9566	5612
9567	5612
9568	5612
9569	5612
9570	5612
9571	5611
9572	5611
9573	5611
9574	5611
9575	5613
9576	5613
9577	5613
9578	5612
9579	5611
9580	5611
9581	5611
9582	5613
9583	5613
9584	5612
9585	5611
9586	5611
9587	5611
9588	5611
9589	5612
9590	5612
9591	5612
9592	5612
9593	5612
9594	5612
9595	5612
9596	5614
9597	5614
9598	5614
9599	5614
9600	5614
9601	5614
9602	5615
9603	5615
9604	5615
9605	5615
9606	5615
9607	5615
9608	5615
9609	5617
9610	5617
9611	5618
9612	5618
9613	5619
9614	5621
9615	5621
9616	5622
9617	5622
9618	5621
9619	5621
9620	5621
9621	5621
9622	5621
9623	5621
9624	5622
9625	5622
9626	5624
9627	5624
9628	5624
9629	5624
9630	5624
9631	5624
9632	5624
9633	5624
9634	5623
9635	5623
9636	5625
9637	5627
9638	5627
9639	5629
9640	5629
9641	5628
9642	5628
9643	5628
9644	5628
9645	5628
9646	5628
9647	5628
9648	5628
9649	5630
9650	5631
9651	5631
9652	5633
9653	5633
9654	5635
9655	5635
9656	5635
9657	5635
9658	5634
9659	5634
9660	5634
9661	5634
9662	5636
9663	5636
9664	5636
9665	5635
9666	5635
9667	5635
9668	5635
9669	5637
9670	5637
9671	5637
9672	5637
9673	5637
9674	5636
9675	5636
9676	5636
9677	5636
9678	5636
9679	5636
9680	5636
9681	5636
9682	5636
9683	5635
9684	5635
9685	5635
9686	5635
9687	5637
9688	5637
9689	5637
9690	5637
9691	5637
9692	5637
9693	5637
9694	5639
9695	5639
9696	5639
9697	5639
9698	5639
9699	5639
9700	5639
9701	5639
9702	5641
9703	5641
9704	5642
9705	5642
9706	5643
9707	5643
9708	5644
9709	5646
9710	5646
9711	5647
9712	5647
9713	5647
9714	5647
9715	5647
9716	5647
9717	5647
9718	5647
9719	5646
9720	5648
9721	5648
9722	5648
9723	5648
9724	5649
9725	5651
9726	5651
9727	5651
9728	5651
9729	5651
9730	5651
9731	5651
9732	5651
9733	5651
9734	5651
9735	5653
9736	5653
9737	5654
9738	5654
9739	5654
9740	5656
9741	5658
9742	5657
9743	5657
9744	5657
9745	5657
9746	5657
9747	5657
9748	5657
9749	5659
9750	5659
9751	5659
9752	5659
9753	5659
9754	5659
9755	5659
9756	5659
9757	5661
9758	5660
9759	5659
9760	5659
9761	5659
9762	5661
9763	5662
9764	5662
9765	5664
9766	5664
9767	5663
9768	5664
9769	5664
9770	5665
9771	5665
9772	5667
9773	5668
9774	5668
9775	5668
9776	5667
9777	5667
9778	5667
9779	5666
9780	5666
9781	5666
9782	5666
9783	5667
9784	5667
9785	5669
9786	5669
9787	5671
9788	5671
9789	5673
9790	5673
9791	5673
9792	5673
9793	5672
9794	5672
9795	5672
9796	5672
9797	5672
9798	5674
9799	5674
9800	5676
9801	5678
9802	5678
9803	5678
9804	5680
9805	5680
9806	5682
9807	5682
9808	5682
9809	5682
9810	5682
9811	5682
9812	5681
9813	5681
9814	5681
9815	5682
9816	5682
9817	5682
9818	5682
9819	5681
9820	5680
9821	5682
9822	5681
9823	5681
9824	5681
9825	5681
9826	5681
9827	5683
9828	5683
9829	5682
9830	5682
9831	5682
9832	5681
9833	5681
9834	5681
9835	5680
9836	5680
9837	5680
9838	5680
9839	5679
9840	5679
9841	5679
9842	5679
9843	5681
9844	5681
9845	5681
9846	5681
9847	5681
9848	5681
9849	5681
9850	5681
9851	5683
9852	5683
9853	5685
9854	5684
9855	5683
9856	5684
9857	5686
9858	5686
9859	5686
9860	5686
9861	5686
9862	5688
9863	5690
9864	5689
9865	5689
9866	5691
9867	5691
9868	5693
9869	5693
9870	5692
9871	5692
9872	5692
9873	5692
9874	5692
9875	5692
9876	5692
9877	5694
9878	5694
9879	5696
9880	5696
9881	5697
9882	5696
9883	5698
9884	5698
9885	5700
9886	5700
9887	5701
9888	5701
9889	5700
9890	5700
9891	5700
9892	5700
9893	5700
9894	5700
9895	5700
9896	5700
9897	5700
9898	5700
9899	5702
9900	5702
9901	5702
9902	5701
9903	5700
9904	5700
9905	5702
9906	5702
9907	5702
9908	5702
9909	5701
9910	5700
9911	5699
9912	5699
9913	5698
9914	5698
9915	5698
9916	5698
9917	5700
9918	5700
9919	5700
9920	5699
9921	5699
9922	5699
9923	5699
9924	5701
9925	5701
9926	5703
9927	5703
9928	5705
9929	5707
9930	5707
9931	5707
9932	5709
9933	5709
9934	5711
9935	5711
9936	5713
9937	5712
9938	5712
9939	5712
9940	5712
9941	5711
9942	5710
9943	5710
9944	5712
9945	5712
9946	5712
9947	5711
9948	5711
9949	5711
9950	5711
9951	5710
9952	5711
9953	5711
9954	5710
9955	5710
9956	5710
9957	5710
9958	5710
9959	5710
9960	5710
9961	5709
9962	5709
9963	5709
9964	5711
9965	5711
9966	5713
9967	5713
9968	5715
9969	5715
9970	5717
9971	5717
9972	5719
9973	5719
9974	5719
9975	5719
9976	5721
9977	5721
9978	5721
9979	5721
9980	5720
9981	5720
9982	5720
9983	5720
9984	5722
9985	5722
9986	5721
9987	5721
9988	5721
9989	5721
9990	5720
9991	5719
9992	5719
9993	5719
9994	5718
9995	5718
9996	5718
9997	5718
9998	5718
9999	5718
10000	5718
10001	5717
10002	5717
10003	5719
10004	5719
10005	5718
10006	5718
10007	5718
10008	5720
10009	5720
10010	5720
10011	5720
10012	5720
10013	5720
10014	5720
10015	5720
10016	5722
10017	5722
10018	5722
10019	5722
10020	5722
10021	5722
10022	5722
10023	5723
10024	5723
10025	5725
10026	5725
10027	5725
10028	5725
10029	5725
10030	5725
10031	5725
10032	5725
10033	5727
10034	5727
10035	5728
10036	5728
10037	5729
10038	5731
10039	5731
10040	5732
10041	5732
10042	5734
10043	5734
10044	5733
10045	5733
10046	5733
10047	5733
10048	5733
10049	5733
10050	5735
10051	5735
10052	5735
10053	5735
10054	5735
10055	5735
10056	5735
10057	5735
10058	5737
10059	5737
10060	5737
10061	5737
10062	5739
10063	5739
10064	5739
10065	5739
10066	5739
10067	5739
10068	5739
10069	5741
10070	5740
10071	5740
10072	5739
10073	5739
10074	5739
10075	5739
10076	5739
10077	5740
10078	5740
10079	5741
10080	5741
10081	5742
10082	5743
10083	5743
10084	5744
10085	5744
10086	5745
10087	5745
10088	5745
10089	5745
10090	5745
10091	5744
10092	5744
10093	5744
10094	5744
10095	5744
10096	5746
10097	5746
10098	5747
10099	5747
10100	5747
10101	5747
10102	5747
10103	5749
10104	5749
10105	5749
10106	5748
10107	5748
10108	5748
10109	5748
10110	5747
10111	5749
10112	5749
10113	5751
10114	5751
10115	5752
10116	5754
10117	5754
10118	5754
10119	5754
10120	5754
10121	5754
10122	5754
10123	5754
10124	5754
10125	5754
10126	5756
10127	5756
10128	5757
10129	5757
10130	5758
10131	5758
10132	5760
10133	5760
10134	5761
10135	5761
10136	5763
10137	5763
10138	5763
10139	5763
10140	5763
10141	5763
10142	5763
10143	5765
10144	5764
10145	5764
10146	5764
10147	5763
10148	5763
10149	5763
10150	5763
10151	5765
10152	5765
10153	5765
10154	5765
10155	5765
10156	5765
10157	5764
10158	5766
10159	5766
10160	5766
10161	5766
10162	5766
10163	5766
10164	5768
10165	5768
10166	5768
10167	5767
10168	5767
10169	5767
10170	5766
10171	5766
10172	5767
10173	5766
10174	5767
10175	5767
10176	5766
10177	5766
10178	5766
10179	5766
10180	5766
10181	5766
10182	5766
10183	5765
10184	5766
10185	5766
10186	5767
10187	5767
10188	5767
10189	5769
10190	5769
10191	5769
10192	5769
10193	5769
10194	5769
10195	5769
10196	5769
10197	5769
10198	5769
10199	5769
10200	5771
10201	5771
10202	5773
10203	5773
10204	5774
10205	5773
10206	5774
10207	5774
10208	5774
10209	5774
10210	5774
10211	5774
10212	5776
10213	5778
10214	5778
10215	5779
10216	5778
10217	5777
10218	5777
10219	5777
10220	5777
10221	5777
10222	5777
10223	5777
10224	5777
10225	5779
10226	5781
10227	5781
10228	5783
10229	5783
10230	5785
10231	5785
10232	5785
10233	5785
10234	5784
10235	5784
10236	5784
10237	5784
10238	5786
10239	5786
10240	5785
10241	5785
10242	5785
10243	5785
10244	5785
10245	5785
10246	5787
10247	5787
10248	5787
10249	5786
10250	5786
10251	5786
10252	5786
10253	5786
10254	5786
10255	5786
10256	5786
10257	5786
10258	5788
10259	5788
10260	5790
10261	5790
10262	5790
10263	5790
10264	5790
10265	5790
10266	5790
10267	5792
10268	5792
10269	5792
10270	5792
10271	5792
10272	5792
10273	5791
10274	5793
10275	5793
10276	5794
10277	5794
10278	5795
10279	5794
10280	5796
10281	5797
10282	5797
10283	5799
10284	5799
10285	5799
10286	5799
10287	5799
10288	5799
10289	5799
10290	5799
10291	5799
10292	5801
10293	5801
10294	5803
10295	5803
10296	5803
10297	5803
10298	5804
10299	5804
10300	5804
10301	5804
10302	5804
10303	5804
10304	5804
10305	5803
10306	5805
10307	5805
10308	5806
10309	5806
10310	5806
10311	5806
10312	5808
10313	5808
10314	5808
10315	5808
10316	5808
10317	5807
10318	5807
10319	5807
10320	5807
10321	5809
10322	5809
10323	5810
10324	5810
10325	5810
10326	5811
10327	5811
10328	5812
10329	5812
10330	5814
10331	5814
10332	5814
10333	5814
10334	5814
10335	5816
10336	5816
10337	5816
10338	5816
10339	5815
10340	5815
10341	5815
10342	5815
10343	5817
10344	5817
10345	5817
10346	5817
10347	5816
10348	5816
10349	5816
10350	5816
10351	5818
10352	5818
10353	5818
10354	5818
10355	5817
10356	5817
10357	5817
10358	5819
10359	5819
10360	5819
10361	5819
10362	5819
10363	5819
10364	5818
10365	5817
10366	5817
10367	5817
10368	5817
10369	5817
10370	5817
10371	5817
10372	5817
10373	5817
10374	5817
10375	5819
10376	5819
10377	5820
10378	5820
10379	5821
10380	5821
10381	5822
10382	5824
10383	5824
10384	5825
10385	5825
10386	5825
10387	5825
10388	5825
10389	5825
10390	5824
10391	5824
10392	5823
10393	5825
10394	5825
10395	5826
10396	5826
10397	5826
10398	5828
10399	5828
10400	5828
10401	5828
10402	5828
10403	5828
10404	5828
10405	5828
10406	5828
10407	5828
10408	5830
10409	5830
10410	5830
10411	5831
10412	5831
10413	5833
10414	5835
10415	5834
10416	5836
10417	5836
10418	5835
10419	5835
10420	5834
10421	5834
10422	5834
10423	5834
10424	5833
10425	5833
10426	5833
10427	5833
10428	5833
10429	5833
10430	5833
10431	5833
10432	5833
10433	5835
10434	5835
10435	5835
10436	5835
10437	5835
10438	5835
10439	5836
10440	5836
10441	5838
10442	5837
10443	5837
10444	5837
10445	5837
10446	5836
10447	5836
10448	5837
10449	5837
10450	5837
10451	5837
10452	5837
10453	5837
10454	5837
10455	5839
10456	5838
10457	5839
10458	5839
10459	5840
10460	5842
10461	5842
10462	5843
10463	5843
10464	5843
10465	5843
10466	5843
10467	5842
10468	5842
10469	5842
10470	5844
10471	5844
10472	5844
10473	5843
10474	5843
10475	5843
10476	5843
10477	5843
10478	5844
10479	5846
10480	5846
10481	5846
10482	5846
10483	5848
10484	5848
10485	5850
10486	5850
10487	5850
10488	5849
10489	5849
10490	5849
10491	5849
10492	5849
10493	5849
10494	5851
10495	5851
10496	5853
10497	5853
10498	5854
10499	5854
10500	5856
10501	5856
10502	5856
10503	5856
10504	5856
10505	5855
10506	5855
10507	5855
10508	5855
10509	5855
10510	5855
10511	5855
10512	5855
10513	5855
10514	5855
10515	5857
10516	5856
10517	5856
10518	5855
10519	5855
10520	5857
10521	5858
10522	5858
10523	5860
10524	5860
10525	5860
10526	5860
10527	5860
10528	5860
10529	5860
10530	5860
10531	5862
10532	5862
10533	5863
10534	5863
10535	5865
10536	5865
10537	5866
10538	5866
10539	5868
10540	5868
10541	5870
10542	5870
10543	5870
10544	5870
10545	5870
10546	5869
10547	5869
10548	5869
10549	5869
10550	5868
10551	5869
10552	5869
10553	5870
10554	5870
10555	5869
10556	5869
10557	5869
10558	5869
10559	5868
10560	5868
10561	5868
10562	5870
10563	5870
10564	5872
10565	5874
10566	5874
10567	5876
10568	5876
10569	5878
10570	5878
10571	5878
10572	5878
10573	5878
10574	5878
10575	5877
10576	5877
10577	5877
10578	5877
10579	5878
10580	5878
10581	5878
10582	5878
10583	5877
10584	5876
10585	5878
10586	5878
10587	5878
10588	5877
10589	5876
10590	5876
10591	5878
10592	5877
10593	5877
10594	5877
10595	5877
10596	5877
10597	5877
10598	5877
10599	5877
10600	5876
10601	5876
10602	5876
10603	5875
10604	5875
10605	5875
10606	5877
10607	5877
10608	5877
10609	5877
10610	5877
10611	5877
10612	5877
10613	5877
10614	5879
10615	5879
10616	5881
10617	5880
10618	5881
10619	5880
10620	5882
10621	5882
10622	5882
10623	5882
10624	5884
10625	5884
10626	5886
10627	5886
10628	5888
10629	5887
10630	5887
10631	5889
10632	5889
10633	5889
10634	5888
10635	5888
10636	5888
10637	5888
10638	5888
10639	5887
10640	5889
10641	5889
10642	5891
10643	5893
10644	5893
10645	5895
10646	5895
10647	5895
10648	5896
10649	5895
10650	5896
10651	5895
10652	5895
10653	5895
10654	5895
10655	5895
10656	5895
10657	5897
10658	5897
10659	5896
10660	5896
10661	5896
10662	5895
10663	5895
10664	5895
10665	5895
10666	5895
10667	5895
10668	5897
10669	5897
10670	5897
10671	5897
10672	5896
10673	5895
10674	5894
10675	5894
10676	5894
10677	5893
10678	5893
10679	5893
10680	5895
10681	5895
10682	5895
10683	5895
10684	5894
10685	5894
10686	5894
10687	5896
10688	5896
10689	5898
10690	5898
10691	5898
10692	5900
10693	5900
10694	5902
10695	5902
10696	5904
10697	5904
10698	5904
10699	5903
10700	5903
10701	5903
10702	5903
10703	5903
10704	5902
10705	5902
10706	5902
10707	5902
10708	5904
10709	5904
10710	5904
10711	5904
10712	5904
10713	5903
10714	5902
10715	5901
10716	5900
10717	5900
10718	5900
10719	5900
10720	5902
10721	5902
10722	5902
10723	5901
10724	5901
10725	5901
10726	5901
10727	5903
10728	5903
10729	5905
10730	5905
10731	5907
10732	5909
10733	5909
10734	5911
10735	5911
10736	5911
10737	5913
10738	5913
10739	5915
10740	5915
10741	5914
10742	5913
10743	5913
10744	5913
10745	5913
10746	5913
10747	5914
10748	5914
10749	5914
10750	5914
10751	5914
10752	5914
10753	5916
10754	5916
10755	5916
10756	5916
10757	5915
10758	5915
10759	5914
10760	5914
10761	5914
10762	5916
10763	5916
10764	5916
10765	5916
10766	5915
10767	5915
10768	5915
10769	5917
10770	5917
10771	5917
10772	5917
10773	5917
10774	5917
10775	5917
10776	5917
10777	5918
10778	5918
10779	5919
10780	5919
10781	5920
10782	5920
10783	5921
10784	5921
10785	5921
10786	5921
10787	5921
10788	5921
10789	5921
10790	5922
10791	5922
10792	5922
10793	5924
10794	5924
10795	5924
10796	5924
10797	5925
10798	5925
10799	5925
10800	5925
10801	5925
10802	5925
10803	5925
10804	5927
10805	5927
10806	5927
10807	5926
10808	5926
10809	5926
10810	5926
10811	5926
10812	5928
10813	5927
10814	5928
10815	5928
10816	5930
10817	5930
10818	5932
10819	5932
10820	5934
10821	5934
10822	5936
10823	5936
10824	5936
10825	5936
10826	5936
10827	5935
10828	5935
10829	5935
10830	5935
10831	5935
10832	5935
10833	5935
10834	5935
10835	5935
10836	5937
10837	5937
10838	5939
10839	5939
10840	5939
10841	5939
10842	5939
10843	5939
10844	5939
10845	5941
10846	5941
10847	5941
10848	5941
10849	5941
10850	5941
10851	5940
10852	5940
10853	5941
10854	5941
10855	5942
10856	5941
10857	5942
10858	5942
10859	5942
10860	5942
10861	5944
10862	5944
10863	5944
10864	5944
10865	5944
10866	5944
10867	5944
10868	5945
10869	5945
10870	5945
10871	5945
10872	5945
10873	5945
10874	5945
10875	5947
10876	5947
10877	5947
10878	5947
10879	5947
10880	5947
10881	5947
10882	5947
10883	5949
10884	5950
10885	5950
10886	5950
10887	5951
10888	5952
10889	5952
10890	5954
10891	5954
10892	5956
10893	5956
10894	5955
10895	5955
10896	5955
10897	5955
10898	5955
10899	5957
10900	5957
10901	5957
10902	5956
10903	5956
10904	5956
10905	5956
10906	5956
10907	5956
10908	5956
10909	5956
10910	5956
10911	5956
10912	5958
10913	5958
10914	5958
10915	5958
10916	5958
10917	5958
10918	5958
10919	5960
10920	5960
10921	5960
10922	5959
10923	5959
10924	5961
10925	5961
10926	5961
10927	5961
10928	5961
10929	5961
10930	5962
10931	5962
10932	5963
10933	5964
10934	5964
10935	5964
10936	5964
10937	5964
10938	5964
10939	5964
10940	5965
10941	5965
10942	5965
10943	5966
10944	5966
10945	5966
10946	5966
10947	5966
10948	5966
10949	5966
10950	5966
10951	5966
10952	5966
10953	5968
10954	5968
10955	5969
10956	5969
10957	5971
10958	5971
10959	5971
10960	5971
10961	5971
10962	5971
10963	5971
10964	5970
10965	5971
10966	5971
10967	5971
10968	5972
10969	5972
10970	5972
10971	5974
10972	5974
10973	5974
10974	5976
10975	5976
10976	5978
10977	5978
10978	5979
10979	5979
10980	5981
10981	5981
10982	5981
10983	5980
10984	5980
10985	5980
10986	5980
10987	5980
10988	5980
10989	5982
10990	5984
10991	5984
10992	5984
10993	5984
10994	5984
10995	5984
10996	5983
10997	5983
10998	5983
10999	5983
11000	5982
11001	5981
11002	5981
11003	5981
11004	5983
11005	5983
11006	5983
11007	5982
11008	5982
11009	5981
11010	5981
11011	5980
11012	5980
11013	5980
11014	5979
11015	5978
11016	5980
11017	5980
11018	5980
11019	5980
11020	5980
11021	5980
11022	5980
11023	5980
11024	5980
11025	5980
11026	5980
11027	5980
11028	5980
11029	5982
11030	5982
11031	5983
11032	5983
11033	5984
11034	5984
11035	5986
11036	5987
11037	5987
11038	5989
11039	5989
11040	5989
11041	5990
11042	5990
11043	5990
11044	5990
11045	5992
11046	5992
11047	5992
11048	5992
11049	5992
11050	5991
11051	5991
11052	5991
11053	5993
11054	5993
11055	5995
11056	5995
11057	5995
11058	5997
11059	5997
11060	5999
11061	5999
11062	6001
11063	6001
11064	6001
11065	6001
11066	6001
11067	6001
11068	6001
11069	6003
11070	6003
11071	6005
11072	6005
11073	6005
11074	6005
11075	6004
11076	6003
11077	6003
11078	6003
11079	6005
11080	6005
11081	6005
11082	6005
11083	6004
11084	6006
11085	6006
11086	6006
11087	6005
11088	6005
11089	6005
11090	6005
11091	6005
11092	6005
11093	6005
11094	6005
11095	6004
11096	6004
11097	6004
11098	6006
11099	6006
11100	6006
11101	6006
11102	6006
11103	6006
11104	6006
11105	6006
11106	6008
11107	6008
11108	6009
11109	6009
11110	6010
11111	6010
11112	6011
11113	6011
11114	6012
11115	6012
11116	6014
11117	6014
11118	6014
11119	6013
11120	6013
11121	6013
11122	6013
11123	6015
11124	6015
11125	6015
11126	6015
11127	6015
11128	6014
11129	6014
11130	6014
11131	6014
11132	6014
11133	6014
11134	6014
11135	6014
11136	6016
11137	6015
11138	6015
11139	6015
11140	6015
11141	6016
11142	6016
11143	6018
11144	6018
11145	6018
11146	6018
11147	6018
11148	6018
11149	6018
11150	6020
11151	6020
11152	6020
11153	6020
11154	6020
11155	6020
11156	6020
11157	6022
11158	6022
11159	6024
11160	6024
11161	6025
11162	6025
11163	6026
11164	6028
11165	6028
11166	6029
11167	6029
11168	6029
11169	6029
11170	6029
11171	6028
11172	6027
11173	6026
11174	6026
11175	6028
11176	6028
11177	6028
11178	6028
11179	6028
11180	6028
11181	6028
11182	6030
11183	6030
11184	6030
11185	6030
11186	6031
11187	6033
11188	6033
11189	6033
11190	6033
11191	6033
11192	6033
11193	6033
11194	6033
11195	6033
11196	6033
11197	6033
11198	6035
11199	6035
11200	6036
11201	6036
11202	6036
11203	6038
11204	6040
11205	6039
11206	6039
11207	6040
11208	6040
11209	6039
11210	6041
11211	6041
11212	6041
11213	6041
11214	6041
11215	6041
11216	6041
11217	6041
11218	6041
11219	6041
11220	6041
11221	6041
11222	6043
11223	6042
11224	6041
11225	6042
11226	6042
11227	6044
11228	6044
11229	6046
11230	6046
11231	6046
11232	6046
11233	6048
11234	6048
11235	6050
11236	6052
11237	6052
11238	6054
11239	6054
11240	6054
11241	6054
11242	6053
11243	6053
11244	6053
11245	6053
11246	6053
11247	6055
11248	6055
11249	6057
11250	6058
11251	6057
11252	6057
11253	6059
11254	6059
11255	6061
11256	6061
11257	6062
11258	6062
11259	6062
11260	6062
11261	6061
11262	6061
11263	6061
11264	6063
11265	6063
11266	6062
11267	6061
11268	6061
11269	6061
11270	6061
11271	6060
11272	6060
11273	6060
11274	6060
11275	6060
11276	6060
11277	6062
11278	6062
11279	6061
11280	6061
11281	6061
11282	6060
11283	6060
11284	6060
11285	6060
11286	6059
11287	6059
11288	6059
11289	6061
11290	6060
11291	6060
11292	6060
11293	6060
11294	6062
11295	6062
11296	6062
11297	6062
11298	6062
11299	6062
11300	6062
11301	6064
11302	6064
11303	6064
11304	6064
11305	6064
11306	6064
11307	6064
11308	6064
11309	6066
11310	6066
11311	6068
11312	6067
11313	6066
11314	6066
11315	6068
11316	6068
11317	6069
11318	6069
11319	6069
11320	6070
11321	6070
11322	6071
11323	6071
11324	6073
11325	6073
11326	6073
11327	6073
11328	6072
11329	6072
11330	6071
11331	6071
11332	6071
11333	6072
11334	6074
11335	6074
11336	6074
11337	6076
11338	6076
11339	6078
11340	6078
11341	6077
11342	6077
11343	6077
11344	6077
11345	6077
11346	6077
11347	6077
11348	6079
11349	6079
11350	6081
11351	6081
11352	6083
11353	6083
11354	6085
11355	6085
11356	6087
11357	6087
11358	6087
11359	6087
11360	6086
11361	6086
11362	6086
11363	6086
11364	6086
11365	6088
11366	6087
11367	6087
11368	6087
11369	6087
11370	6087
11371	6089
11372	6089
11373	6089
11374	6088
11375	6087
11376	6087
11377	6088
11378	6088
11379	6088
11380	6088
11381	6087
11382	6086
11383	6085
11384	6085
11385	6085
11386	6085
11387	6087
11388	6087
11389	6087
11390	6086
11391	6086
11392	6086
11393	6086
11394	6086
11395	6088
11396	6088
11397	6090
11398	6090
11399	6092
11400	6092
11401	6094
11402	6094
11403	6096
11404	6096
11405	6098
11406	6097
11407	6096
11408	6095
11409	6095
11410	6095
11411	6095
11412	6094
11413	6095
11414	6095
11415	6094
11416	6094
11417	6094
11418	6094
11419	6096
11420	6096
11421	6096
11422	6096
11423	6096
11424	6095
11425	6094
11426	6094
11427	6094
11428	6096
11429	6096
11430	6096
11431	6095
11432	6095
11433	6095
11434	6095
11435	6097
11436	6097
11437	6099
11438	6101
11439	6101
11440	6103
11441	6103
11442	6103
11443	6103
11444	6105
11445	6105
11446	6104
11447	6104
11448	6104
11449	6104
11450	6104
11451	6104
11452	6104
11453	6103
11454	6103
11455	6103
11456	6105
11457	6105
11458	6105
11459	6105
11460	6104
11461	6104
11462	6103
11463	6102
11464	6102
11465	6101
11466	6101
11467	6101
11468	6103
11469	6103
11470	6103
11471	6103
11472	6102
11473	6102
11474	6102
11475	6104
11476	6106
11477	6106
11478	6106
11479	6106
11480	6105
11481	6105
11482	6105
11483	6105
11484	6107
11485	6107
11486	6107
11487	6107
11488	6107
11489	6107
11490	6107
11491	6107
11492	6109
11493	6109
11494	6109
11495	6109
11496	6109
11497	6109
11498	6109
11499	6111
11500	6111
11501	6111
11502	6111
11503	6113
11504	6113
11505	6113
11506	6112
11507	6112
11508	6112
11509	6111
11510	6111
11511	6112
11512	6112
11513	6113
11514	6112
11515	6113
11516	6113
11517	6113
11518	6113
11519	6113
11520	6113
11521	6113
11522	6113
11523	6113
11524	6115
11525	6115
11526	6117
11527	6117
11528	6117
11529	6117
11530	6117
11531	6117
11532	6117
11533	6118
11534	6118
11535	6118
11536	6118
11537	6118
11538	6118
11539	6118
11540	6118
11541	6120
11542	6120
11543	6121
11544	6121
11545	6122
11546	6123
11547	6123
11548	6125
11549	6125
11550	6125
11551	6125
11552	6125
11553	6125
11554	6125
11555	6125
11556	6125
11557	6126
11558	6126
11559	6127
11560	6127
11561	6128
11562	6128
11563	6129
11564	6129
11565	6129
11566	6130
11567	6130
11568	6130
11569	6130
11570	6131
11571	6131
11572	6130
11573	6130
11574	6130
11575	6130
11576	6130
11577	6132
11578	6132
11579	6134
11580	6134
11581	6134
11582	6134
11583	6133
11584	6132
11585	6132
11586	6131
11587	6133
11588	6132
11589	6133
11590	6133
11591	6135
11592	6135
11593	6137
11594	6137
11595	6139
11596	6139
11597	6139
11598	6139
11599	6139
11600	6139
11601	6139
11602	6141
11603	6140
11604	6140
11605	6139
11606	6139
11607	6139
11608	6139
11609	6139
11610	6141
11611	6141
11612	6141
11613	6141
11614	6141
11615	6141
11616	6143
11617	6143
11618	6143
11619	6143
11620	6143
11621	6143
11622	6142
11623	6144
11624	6144
11625	6143
11626	6143
11627	6143
11628	6143
11629	6144
11630	6143
11631	6144
11632	6143
11633	6143
11634	6142
11635	6143
11636	6143
11637	6143
11638	6143
11639	6143
11640	6143
11641	6143
11642	6143
11643	6143
11644	6143
11645	6143
11646	6143
11647	6142
11648	6143
11649	6143
11650	6144
11651	6144
11652	6144
11653	6144
11654	6146
11655	6146
11656	6146
11657	6146
11658	6146
11659	6146
11660	6146
11661	6146
11662	6146
11663	6148
11664	6148
11665	6149
11666	6149
11667	6151
11668	6151
11669	6151
11670	6153
11671	6154
11672	6154
11673	6156
11674	6156
11675	6158
11676	6158
11677	6157
11678	6157
11679	6157
11680	6157
11681	6157
11682	6157
11683	6157
11684	6159
11685	6161
11686	6161
11687	6160
11688	6160
11689	6160
11690	6159
11691	6159
11692	6159
11693	6159
11694	6161
11695	6161
11696	6160
11697	6160
11698	6160
11699	6160
11700	6160
11701	6160
11702	6162
11703	6162
11704	6162
11705	6162
11706	6161
11707	6161
11708	6161
11709	6161
11710	6161
11711	6160
11712	6160
11713	6162
11714	6162
11715	6162
11716	6162
11717	6162
11718	6162
11719	6162
11720	6162
11721	6164
11722	6164
11723	6165
11724	6165
11725	6166
11726	6166
11727	6167
11728	6167
11729	6168
11730	6168
11731	6170
11732	6170
11733	6169
11734	6169
11735	6169
11736	6168
11737	6168
11738	6167
11739	6166
11740	6166
11741	6166
11742	6166
11743	6166
11744	6166
11745	6166
11746	6166
11747	6166
11748	6166
11749	6166
11750	6166
11751	6166
11752	6166
11753	6166
11754	6168
11755	6167
11756	6167
11757	6167
11758	6167
11759	6166
11760	6165
11761	6167
11762	6166
11763	6167
11764	6167
11765	6168
11766	6168
11767	6170
11768	6171
11769	6171
11770	6173
11771	6173
11772	6173
11773	6173
11774	6172
11775	6172
11776	6172
11777	6172
11778	6174
11779	6174
11780	6176
11781	6176
11782	6176
11783	6177
11784	6177
11785	6177
11786	6179
11787	6179
11788	6179
11789	6181
11790	6181
11791	6183
11792	6183
11793	6183
11794	6185
11795	6185
11796	6185
11797	6185
11798	6185
11799	6185
11800	6185
11801	6187
11802	6187
11803	6189
11804	6189
11805	6189
11806	6189
11807	6188
11808	6187
11809	6187
11810	6187
11811	6189
11812	6189
11813	6189
11814	6189
11815	6188
11816	6188
11817	6188
11818	6188
11819	6190
11820	6190
11821	6189
11822	6189
11823	6189
11824	6189
11825	6189
11826	6191
11827	6191
11828	6191
11829	6191
11830	6191
11831	6191
11832	6191
11833	6193
11834	6193
11835	6193
11836	6193
11837	6193
11838	6193
11839	6195
11840	6195
11841	6195
11842	6195
11843	6195
11844	6195
11845	6195
11846	6194
11847	6196
11848	6195
11849	6197
11850	6197
11851	6198
11852	6198
11853	6199
11854	6201
11855	6201
11856	6202
11857	6202
11858	6202
11859	6202
11860	6202
11861	6202
11862	6202
11863	6202
11864	6204
11865	6204
11866	6205
11867	6205
11868	6205
11869	6207
11870	6207
11871	6207
11872	6207
11873	6207
11874	6207
11875	6206
11876	6205
11877	6205
11878	6204
11879	6204
11880	6206
11881	6206
11882	6206
11883	6206
11884	6206
11885	6206
11886	6206
11887	6206
11888	6208
11889	6208
11890	6208
11891	6209
11892	6209
11893	6211
11894	6211
11895	6210
11896	6209
11897	6210
11898	6210
11899	6212
11900	6212
11901	6212
11902	6212
11903	6212
11904	6212
11905	6212
11906	6212
11907	6212
11908	6212
11909	6212
11910	6212
11911	6214
11912	6213
11913	6214
11914	6213
11915	6213
11916	6215
11917	6215
11918	6217
11919	6217
11920	6217
11921	6219
11922	6219
11923	6221
11924	6221
11925	6221
11926	6223
11927	6225
11928	6225
11929	6225
11930	6225
11931	6225
11932	6224
11933	6224
11934	6224
11935	6223
11936	6225
11937	6225
11938	6227
11939	6229
11940	6229
11941	6231
11942	6231
11943	6232
11944	6231
11945	6231
11946	6232
11947	6232
11948	6232
11949	6231
11950	6231
11951	6231
11952	6231
11953	6233
11954	6233
11955	6232
11956	6231
11957	6231
11958	6231
11959	6231
11960	6230
11961	6232
11962	6232
11963	6232
11964	6231
11965	6230
11966	6230
11967	6230
11968	6230
11969	6230
11970	6230
11971	6230
11972	6230
11973	6230
11974	6230
11975	6230
11976	6229
11977	6229
11978	6231
11979	6231
11980	6230
11981	6230
11982	6230
11983	6232
11984	6232
11985	6232
11986	6232
11987	6232
11988	6232
11989	6232
11990	6232
11991	6234
11992	6234
11993	6236
11994	6235
11995	6235
11996	6234
11997	6236
11998	6236
11999	6237
12000	6237
12001	6237
12002	6237
12003	6237
12004	6237
12005	6237
12006	6237
12007	6239
12008	6239
12009	6240
12010	6240
12011	6242
12012	6242
12013	6244
12014	6244
12015	6245
12016	6245
12017	6247
12018	6247
12019	6247
12020	6246
12021	6246
12022	6246
12023	6246
12024	6246
12025	6246
12026	6246
12027	6247
12028	6247
12029	6247
12030	6247
12031	6246
12032	6246
12033	6246
12034	6245
12035	6245
12036	6247
12037	6247
12038	6249
12039	6251
12040	6251
12041	6253
12042	6253
12043	6253
12044	6255
12045	6255
12046	6255
12047	6254
12048	6254
12049	6254
12050	6254
12051	6254
12052	6254
12053	6256
12054	6256
12055	6255
12056	6255
12057	6255
12058	6254
12059	6256
12060	6255
12061	6255
12062	6255
12063	6255
12064	6255
12065	6256
12066	6256
12067	6256
12068	6256
12069	6255
12070	6254
12071	6254
12072	6253
12073	6253
12074	6253
12075	6255
12076	6255
12077	6255
12078	6255
12079	6254
12080	6254
12081	6254
12082	6254
12083	6254
12084	6256
12085	6255
12086	6255
12087	6255
12088	6254
12089	6254
12090	6254
12091	6253
12092	6252
12093	6252
12094	6252
12095	6252
12096	6252
12097	6252
12098	6252
12099	6253
12100	6253
12101	6253
12102	6253
12103	6253
12104	6253
12105	6255
12106	6255
12107	6255
12108	6255
12109	6254
12110	6254
12111	6254
12112	6254
12113	6256
12114	6256
12115	6257
12116	6257
12117	6258
12118	6260
12119	6260
12120	6261
12121	6261
12122	6262
12123	6262
12124	6262
12125	6263
12126	6262
12127	6262
12128	6261
12129	6261
12130	6261
12131	6261
12132	6261
12133	6261
12134	6261
12135	6261
12136	6263
12137	6262
12138	6262
12139	6263
12140	6263
12141	6265
12142	6265
12143	6265
12144	6267
12145	6269
12146	6269
12147	6271
12148	6271
12149	6270
12150	6270
12151	6270
12152	6270
12153	6270
12154	6270
12155	6270
12156	6270
12157	6272
12158	6272
12159	6274
12160	6274
12161	6276
12162	6276
12163	6276
12164	6276
12165	6275
12166	6275
12167	6275
12168	6275
12169	6277
12170	6277
12171	6276
12172	6276
12173	6276
12174	6278
12175	6278
12176	6278
12177	6278
12178	6278
12179	6277
12180	6277
12181	6277
12182	6277
12183	6277
12184	6277
12185	6277
12186	6277
12187	6277
12188	6277
12189	6277
12190	6278
12191	6278
12192	6278
12193	6278
12194	6278
12195	6278
12196	6278
12197	6279
12198	6279
12199	6279
12200	6279
12201	6279
12202	6279
12203	6279
12204	6279
12205	6280
12206	6280
12207	6281
12208	6281
12209	6281
12210	6282
12211	6282
12212	6282
12213	6283
12214	6283
12215	6282
12216	6283
12217	6283
12218	6284
12219	6284
12220	6284
12221	6284
12222	6284
12223	6284
12224	6284
12225	6284
12226	6285
12227	6285
12228	6286
12229	6286
12230	6288
12231	6288
12232	6289
12233	6289
12234	6291
12235	6291
12236	6291
12237	6290
12238	6289
12239	6289
12240	6289
12241	6289
12242	6291
12243	6291
12244	6293
12245	6293
12246	6295
12247	6295
12248	6294
12249	6294
12250	6294
12251	6294
12252	6294
12253	6294
12254	6294
12255	6294
12256	6296
12257	6296
12258	6298
12259	6298
12260	6300
12261	6300
12262	6302
12263	6302
12264	6302
12265	6301
12266	6301
12267	6301
12268	6301
12269	6301
12270	6303
12271	6303
12272	6305
12273	6306
12274	6306
12275	6308
12276	6308
12277	6308
12278	6309
12279	6308
12280	6308
12281	6308
12282	6308
12283	6308
12284	6307
12285	6307
12286	6308
12287	6308
12288	6307
12289	6306
12290	6306
12291	6305
12292	6307
12293	6306
12294	6306
12295	6306
12296	6306
12297	6306
12298	6307
12299	6307
12300	6307
12301	6307
12302	6306
12303	6306
12304	6305
12305	6304
12306	6304
12307	6303
12308	6303
12309	6303
12310	6305
12311	6305
12312	6305
12313	6305
12314	6304
12315	6304
12316	6304
12317	6306
12318	6306
12319	6306
12320	6306
12321	6306
12322	6306
12323	6306
12324	6308
12325	6308
12326	6308
12327	6308
12328	6308
12329	6307
12330	6306
12331	6306
12332	6308
12333	6307
12334	6306
12335	6307
12336	6307
12337	6309
12338	6310
12339	6310
12340	6312
12341	6312
12342	6312
12343	6314
12344	6314
12345	6315
12346	6315
12347	6317
12348	6316
12349	6317
12350	6317
12351	6316
12352	6315
12353	6315
12354	6315
12355	6316
12356	6316
12357	6316
12358	6315
12359	6315
12360	6315
12361	6315
12362	6315
12363	6316
12364	6316
12365	6318
12366	6318
12367	6320
12368	6320
12369	6322
12370	6322
12371	6321
12372	6321
12373	6320
12374	6320
12375	6320
12376	6320
12377	6320
12378	6322
12379	6321
12380	6323
12381	6323
12382	6323
12383	6323
12384	6325
12385	6325
12386	6325
12387	6325
12388	6324
12389	6324
12390	6324
12391	6325
12392	6325
12393	6325
12394	6325
12395	6325
12396	6327
12397	6326
12398	6326
12399	6326
12400	6326
12401	6326
12402	6326
12403	6325
12404	6325
12405	6325
12406	6324
12407	6323
12408	6323
12409	6323
12410	6323
12411	6325
12412	6325
12413	6327
12414	6327
12415	6329
12416	6329
12417	6330
12418	6330
12419	6332
12420	6332
12421	6334
12422	6333
12423	6333
12424	6333
12425	6333
12426	6332
12427	6332
12428	6332
12429	6332
12430	6332
12431	6334
12432	6336
12433	6336
12434	6336
12435	6338
12436	6338
12437	6340
12438	6340
12439	6339
12440	6339
12441	6339
12442	6339
12443	6339
12444	6339
12445	6339
12446	6341
12447	6341
12448	6343
12449	6343
12450	6344
12451	6344
12452	6346
12453	6346
12454	6348
12455	6348
12456	6349
12457	6348
12458	6348
12459	6347
12460	6347
12461	6347
12462	6347
12463	6347
12464	6347
12465	6347
12466	6347
12467	6347
12468	6347
12469	6347
12470	6346
12471	6345
12472	6345
12473	6347
12474	6347
12475	6347
12476	6347
12477	6347
12478	6346
12479	6345
12480	6345
12481	6344
12482	6344
12483	6344
12484	6344
12485	6346
12486	6346
12487	6346
12488	6345
12489	6345
12490	6345
12491	6345
12492	6347
12493	6346
12494	6346
12495	6346
12496	6345
12497	6345
12498	6345
12499	6345
12500	6346
12501	6346
12502	6348
12503	6348
12504	6350
12505	6350
12506	6350
12507	6350
12508	6350
12509	6350
12510	6350
12511	6350
12512	6350
12513	6350
12514	6352
12515	6352
12516	6354
12517	6354
12518	6354
12519	6354
12520	6356
12521	6356
12522	6357
12523	6357
12524	6358
12525	6358
12526	6360
12527	6360
12528	6360
12529	6362
12530	6362
12531	6362
12532	6361
12533	6360
12534	6360
12535	6360
12536	6360
12537	6360
12538	6362
12539	6362
12540	6363
12541	6363
12542	6364
12543	6364
12544	6366
12545	6366
12546	6366
12547	6366
12548	6366
12549	6365
12550	6365
12551	6364
12552	6364
12553	6366
12554	6366
12555	6366
12556	6366
12557	6366
12558	6365
12559	6365
12560	6365
12561	6364
12562	6366
12563	6366
12564	6366
12565	6366
12566	6365
12567	6364
12568	6364
12569	6364
12570	6364
12571	6365
12572	6366
12573	6366
12574	6368
12575	6368
12576	6368
12577	6367
12578	6366
12579	6366
12580	6367
12581	6367
12582	6367
12583	6367
12584	6367
12585	6367
12586	6369
12587	6369
12588	6369
12589	6368
12590	6367
12591	6367
12592	6367
12593	6367
12594	6366
12595	6365
12596	6364
12597	6364
12598	6364
12599	6364
12600	6366
12601	6366
12602	6366
12603	6365
12604	6365
12605	6365
12606	6365
12607	6367
12608	6367
12609	6368
12610	6368
12611	6370
12612	6370
12613	6370
12614	6372
12615	6371
12616	6372
12617	6372
12618	6372
12619	6372
12620	6372
12621	6371
12622	6371
12623	6371
12624	6373
12625	6373
12626	6373
12627	6372
12628	6372
12629	6372
12630	6374
12631	6374
12632	6374
12633	6374
12634	6374
12635	6374
12636	6374
12637	6373
12638	6373
12639	6373
12640	6373
12641	6373
12642	6373
12643	6373
12644	6375
12645	6375
12646	6376
12647	6376
12648	6375
12649	6377
12650	6377
12651	6377
12652	6376
12653	6376
12654	6376
12655	6376
12656	6376
12657	6376
12658	6376
12659	6376
12660	6375
12661	6374
12662	6375
12663	6375
12664	6375
12665	6375
12666	6374
12667	6374
12668	6374
12669	6374
12670	6374
12671	6375
12672	6376
12673	6376
12674	6378
12675	6377
12676	6377
12677	6378
12678	6377
12679	6378
12680	6378
12681	6379
12682	6379
12683	6379
12684	6379
12685	6379
12686	6379
12687	6379
12688	6379
12689	6381
12690	6381
12691	6381
12692	6381
12693	6380
12694	6380
12695	6380
12696	6381
12697	6383
12698	6383
12699	6382
12700	6382
12701	6381
12702	6381
12703	6381
12704	6381
12705	6383
12706	6383
12707	6383
12708	6383
12709	6382
12710	6382
12711	6382
12712	6383
12713	6383
12714	6383
12715	6383
12716	6383
12717	6383
12718	6383
12719	6383
12720	6385
12721	6385
12722	6386
12723	6386
12724	6387
12725	6388
12726	6388
12727	6390
12728	6390
12729	6389
12730	6389
12731	6389
12732	6389
12733	6389
12734	6389
12735	6388
12736	6388
12737	6388
12738	6388
12739	6388
12740	6388
12741	6390
12742	6390
12743	6390
12744	6390
12745	6390
12746	6390
12747	6389
12748	6389
12749	6391
12750	6391
12751	6392
12752	6392
12753	6393
12754	6393
12755	6395
12756	6396
12757	6396
12758	6398
12759	6398
12760	6398
12761	6398
12762	6398
12763	6400
12764	6399
12765	6399
12766	6398
12767	6398
12768	6398
12769	6398
12770	6397
12771	6396
12772	6396
12773	6396
12774	6396
12775	6396
12776	6396
12777	6398
12778	6398
12779	6398
12780	6398
12781	6398
12782	6398
12783	6398
12784	6399
12785	6399
12786	6399
12787	6398
12788	6398
12789	6398
12790	6398
12791	6398
12792	6399
12793	6399
12794	6400
12795	6400
12796	6402
12797	6403
12798	6403
12799	6405
12800	6405
12801	6405
12802	6405
12803	6405
12804	6405
12805	6405
12806	6405
12807	6405
12808	6407
12809	6407
12810	6409
12811	6408
12812	6408
12813	6408
12814	6409
12815	6409
12816	6409
12817	6409
12818	6408
12819	6409
12820	6408
12821	6408
12822	6408
12823	6410
12824	6410
12825	6412
12826	6412
12827	6414
12828	6414
12829	6413
12830	6413
12831	6413
12832	6413
12833	6413
12834	6413
12835	6413
12836	6415
12837	6417
12838	6417
12839	6419
12840	6419
12841	6419
12842	6419
12843	6418
12844	6418
12845	6418
12846	6418
12847	6420
12848	6420
12849	6419
12850	6419
12851	6419
12852	6421
12853	6421
12854	6421
12855	6420
12856	6420
12857	6420
12858	6420
12859	6420
12860	6420
12861	6420
12862	6420
12863	6421
12864	6421
12865	6421
12866	6421
12867	6421
12868	6421
12869	6421
12870	6421
12871	6421
12872	6421
12873	6421
12874	6421
12875	6422
12876	6422
12877	6422
12878	6422
12879	6422
12880	6422
12881	6422
12882	6422
12883	6423
12884	6423
12885	6424
12886	6425
12887	6424
12888	6424
12889	6424
12890	6424
12891	6425
12892	6424
12893	6424
12894	6424
12895	6424
12896	6425
12897	6425
12898	6425
12899	6425
12900	6424
12901	6424
12902	6424
12903	6424
12904	6423
12905	6424
12906	6424
12907	6425
12908	6425
12909	6427
12910	6427
12911	6429
12912	6429
12913	6428
12914	6428
12915	6428
12916	6427
12917	6427
12918	6427
12919	6427
12920	6427
12921	6429
12922	6431
12923	6431
12924	6431
12925	6433
12926	6433
12927	6435
12928	6434
12929	6434
12930	6434
12931	6434
12932	6434
12933	6434
12934	6436
12935	6436
12936	6438
12937	6438
12938	6440
12939	6440
12940	6440
12941	6439
12942	6438
12943	6438
12944	6438
12945	6438
12946	6438
12947	6440
12948	6440
12949	6442
12950	6444
12951	6444
12952	6445
12953	6445
12954	6446
12955	6445
12956	6445
12957	6445
12958	6444
12959	6444
12960	6444
12961	6444
12962	6443
12963	6444
12964	6444
12965	6443
12966	6443
12967	6443
12968	6443
12969	6442
12970	6441
12971	6441
12972	6443
12973	6442
12974	6442
12975	6442
12976	6442
12977	6442
12978	6442
12979	6442
12980	6442
12981	6442
12982	6441
12983	6441
12984	6443
12985	6443
12986	6442
12987	6442
12988	6442
12989	6444
12990	6444
12991	6446
12992	6446
12993	6448
12994	6448
12995	6450
12996	6450
12997	6451
12998	6451
12999	6453
13000	6452
13001	6452
13002	6451
13003	6450
13004	6450
13005	6450
13006	6450
13007	6450
13008	6450
13009	6452
13010	6452
13011	6454
13012	6454
13013	6456
13014	6456
13015	6458
13016	6458
13017	6458
13018	6458
13019	6457
13020	6457
13021	6457
13022	6457
13023	6457
13024	6459
13025	6459
13026	6461
13027	6462
13028	6462
13029	6462
13030	6464
13031	6464
13032	6466
13033	6466
13034	6467
13035	6466
13036	6466
13037	6466
13038	6466
13039	6465
13040	6465
13041	6465
13042	6467
13043	6467
13044	6467
13045	6466
13046	6465
13047	6465
13048	6465
13049	6464
13050	6464
13051	6464
13052	6464
13053	6464
13054	6464
13055	6463
13056	6462
13057	6462
13058	6461
13059	6461
13060	6461
13061	6461
13062	6460
13063	6460
13064	6460
13065	6462
13066	6461
13067	6461
13068	6461
13069	6461
13070	6463
13071	6463
13072	6463
13073	6463
13074	6463
13075	6463
13076	6463
13077	6465
13078	6465
13079	6465
13080	6465
13081	6465
13082	6464
13083	6463
13084	6463
13085	6465
13086	6465
13087	6467
13088	6466
13089	6465
13090	6466
13091	6468
13092	6468
13093	6469
13094	6469
13095	6470
13096	6470
13097	6470
13098	6469
13099	6469
13100	6469
13101	6469
13102	6471
13103	6471
13104	6472
13105	6472
13106	6473
13107	6473
13108	6475
13109	6474
13110	6474
13111	6474
13112	6473
13113	6472
13114	6472
13115	6472
13116	6473
13117	6475
13118	6475
13119	6475
13120	6477
13121	6477
13122	6479
13123	6479
13124	6478
13125	6478
13126	6477
13127	6477
13128	6477
13129	6477
13130	6477
13131	6479
13132	6478
13133	6478
13134	6480
13135	6480
13136	6482
13137	6481
13138	6481
13139	6481
13140	6480
13141	6480
13142	6480
13143	6480
13144	6482
13145	6481
13146	6481
13147	6481
13148	6481
13149	6481
13150	6481
13151	6481
13152	6480
13153	6479
13154	6479
13155	6480
13156	6480
13157	6480
13158	6480
13159	6480
13160	6479
13161	6479
13162	6479
13163	6479
13164	6481
13165	6480
13166	6480
13167	6479
13168	6479
13169	6479
13170	6479
13171	6478
13172	6479
13173	6479
13174	6479
13175	6481
13176	6481
13177	6483
13178	6483
13179	6483
13180	6483
13181	6483
13182	6483
13183	6483
13184	6483
13185	6483
13186	6485
13187	6485
13188	6485
13189	6485
13190	6485
13191	6487
13192	6488
13193	6488
13194	6490
13195	6490
13196	6490
13197	6492
13198	6492
13199	6493
13200	6493
13201	6495
13202	6495
13203	6496
13204	6496
13205	6496
13206	6495
13207	6495
13208	6495
13209	6494
13210	6494
13211	6495
13212	6495
13213	6495
13214	6497
13215	6497
13216	6499
13217	6499
13218	6498
13219	6498
13220	6498
13221	6497
13222	6497
13223	6497
13224	6499
13225	6499
13226	6498
13227	6497
13228	6497
13229	6497
13230	6497
13231	6497
13232	6497
13233	6497
13234	6497
13235	6497
13236	6497
13237	6496
13238	6495
13239	6497
13240	6497
13241	6498
13242	6497
13243	6497
13244	6496
13245	6495
13246	6494
13247	6495
13248	6494
13249	6494
13250	6494
13251	6494
13252	6494
13253	6496
13254	6496
13255	6495
13256	6495
13257	6495
13258	6494
13259	6494
13260	6494
13261	6494
13262	6493
13263	6493
13264	6493
13265	6495
13266	6494
13267	6494
13268	6494
13269	6493
13270	6495
13271	6495
13272	6497
13273	6497
13274	6498
13275	6497
13276	6497
13277	6499
13278	6499
13279	6499
13280	6499
13281	6499
13282	6498
13283	6498
13284	6498
13285	6499
13286	6499
13287	6499
13288	6499
13289	6499
13290	6498
13291	6498
13292	6498
13293	6498
13294	6497
13295	6496
13296	6496
13297	6496
13298	6496
13299	6497
13300	6499
13301	6498
13302	6499
13303	6499
13304	6500
13305	6499
13306	6499
13307	6500
13308	6500
13309	6499
13310	6499
13311	6500
13312	6500
13313	6500
13314	6500
13315	6500
13316	6500
13317	6500
13318	6500
13319	6500
13320	6500
13321	6499
13322	6499
13323	6500
13324	6500
13325	6500
13326	6502
13327	6502
13328	6503
13329	6503
13330	6503
13331	6505
13332	6505
13333	6507
13334	6506
13335	6507
13336	6506
13337	6505
13338	6504
13339	6504
13340	6504
13341	6504
13342	6504
13343	6506
13344	6506
13345	6506
13346	6506
13347	6506
13348	6505
13349	6505
13350	6507
13351	6507
13352	6507
13353	6507
13354	6507
13355	6507
13356	6509
13357	6509
13358	6509
13359	6509
13360	6508
13361	6508
13362	6508
13363	6508
13364	6507
13365	6507
13366	6507
13367	6507
13368	6507
13369	6507
13370	6509
13371	6508
13372	6508
13373	6508
13374	6508
13375	6507
13376	6507
13377	6506
13378	6508
13379	6508
13380	6510
13381	6510
13382	6511
13383	6511
13384	6512
13385	6514
13386	6514
13387	6515
13388	6515
13389	6517
13390	6517
13391	6516
13392	6516
13393	6515
13394	6515
13395	6515
13396	6515
13397	6517
13398	6517
13399	6517
13400	6517
13401	6517
13402	6516
13403	6516
13404	6517
13405	6517
13406	6517
13407	6517
13408	6517
13409	6517
13410	6517
13411	6517
13412	6519
13413	6519
13414	6520
13415	6520
13416	6521
13417	6522
13418	6522
13419	6524
13420	6524
13421	6524
13422	6524
13423	6523
13424	6523
13425	6523
13426	6523
13427	6525
13428	6525
13429	6525
13430	6524
13431	6524
13432	6524
13433	6524
13434	6524
13435	6524
13436	6524
13437	6524
13438	6525
13439	6525
13440	6525
13441	6525
13442	6525
13443	6525
13444	6525
13445	6525
13446	6525
13447	6526
13448	6526
13449	6526
13450	6526
13451	6526
13452	6526
13453	6526
13454	6526
13455	6527
13456	6527
13457	6528
13458	6528
13459	6528
13460	6529
13461	6529
13462	6531
13463	6530
13464	6530
13465	6529
13466	6529
13467	6529
13468	6529
13469	6529
13470	6529
13471	6529
13472	6529
13473	6529
13474	6529
13475	6529
13476	6529
13477	6529
13478	6530
13479	6530
13480	6530
13481	6530
13482	6530
13483	6530
13484	6532
13485	6531
13486	6530
13487	6530
13488	6530
13489	6530
13490	6530
13491	6530
13492	6529
13493	6529
13494	6531
13495	6531
13496	6532
13497	6532
13498	6533
13499	6535
13500	6535
13501	6536
13502	6536
13503	6536
13504	6536
13505	6537
13506	6537
13507	6536
13508	6536
13509	6536
13510	6536
13511	6536
13512	6536
13513	6536
13514	6536
13515	6538
13516	6538
13517	6539
13518	6538
13519	6538
13520	6540
13521	6540
13522	6540
13523	6542
13524	6544
13525	6544
13526	6546
13527	6546
13528	6546
13529	6545
13530	6545
13531	6545
13532	6545
13533	6545
13534	6545
13535	6547
13536	6547
13537	6549
13538	6549
13539	6549
13540	6551
13541	6551
13542	6551
13543	6551
13544	6551
13545	6550
13546	6550
13547	6550
13548	6550
13549	6550
13550	6549
13551	6549
13552	6549
13553	6549
13554	6551
13555	6550
13556	6549
13557	6549
13558	6551
13559	6552
13560	6552
13561	6554
13562	6554
13563	6554
13564	6554
13565	6554
13566	6554
13567	6553
13568	6553
13569	6555
13570	6555
13571	6555
13572	6556
13573	6556
13574	6557
13575	6557
13576	6559
13577	6559
13578	6560
13579	6560
13580	6560
13581	6559
13582	6559
13583	6558
13584	6558
13585	6558
13586	6558
13587	6558
13588	6560
13589	6561
13590	6560
13591	6560
13592	6561
13593	6560
13594	6562
13595	6562
13596	6564
13597	6564
13598	6565
13599	6565
13600	6564
13601	6564
13602	6564
13603	6564
13604	6563
13605	6563
13606	6565
13607	6565
13608	6566
13609	6566
13610	6568
13611	6568
13612	6568
13613	6567
13614	6567
13615	6567
13616	6567
13617	6567
13618	6567
13619	6566
13620	6565
13621	6565
13622	6567
13623	6566
13624	6566
13625	6566
13626	6566
13627	6566
13628	6566
13629	6565
13630	6565
13631	6565
13632	6567
13633	6567
13634	6569
13635	6569
13636	6570
13637	6572
13638	6572
13639	6574
13640	6574
13641	6574
13642	6575
13643	6574
13644	6573
13645	6573
13646	6573
13647	6573
13648	6573
13649	6573
13650	6575
13651	6575
13652	6575
13653	6574
13654	6573
13655	6573
13656	6572
13657	6572
13658	6572
13659	6571
13660	6571
13661	6571
13662	6573
13663	6573
13664	6573
13665	6573
13666	6572
13667	6572
13668	6572
13669	6574
13670	6574
13671	6574
13672	6574
13673	6574
13674	6574
13675	6574
13676	6574
13677	6575
13678	6575
13679	6574
13680	6573
13681	6574
13682	6574
13683	6576
13684	6576
13685	6576
13686	6575
13687	6574
13688	6573
13689	6573
13690	6573
13691	6573
13692	6575
13693	6575
13694	6577
13695	6577
13696	6578
13697	6578
13698	6580
13699	6580
13700	6582
13701	6582
13702	6582
13703	6582
13704	6581
13705	6581
13706	6581
13707	6581
13708	6582
13709	6584
13710	6584
13711	6584
13712	6585
13713	6585
13714	6587
13715	6587
13716	6586
13717	6586
13718	6586
13719	6585
13720	6585
13721	6585
13722	6585
13723	6587
13724	6587
13725	6589
13726	6589
13727	6590
13728	6589
13729	6590
13730	6590
13731	6592
13732	6592
13733	6592
13734	6592
13735	6592
13736	6592
13737	6591
13738	6591
13739	6593
13740	6592
13741	6592
13742	6592
13743	6592
13744	6592
13745	6593
13746	6593
13747	6592
13748	6591
13749	6590
13750	6590
13751	6591
13752	6591
13753	6591
13754	6591
13755	6591
13756	6590
13757	6589
13758	6588
13759	6587
13760	6587
13761	6587
13762	6587
13763	6589
13764	6589
13765	6589
13766	6588
13767	6588
13768	6588
13769	6588
13770	6590
13771	6590
13772	6590
13773	6590
13774	6590
13775	6590
13776	6590
13777	6590
13778	6592
13779	6592
13780	6594
13781	6594
13782	6594
13783	6594
13784	6596
13785	6596
13786	6597
13787	6597
13788	6597
13789	6596
13790	6596
13791	6596
13792	6596
13793	6595
13794	6595
13795	6595
13796	6597
13797	6597
13798	6599
13799	6599
13800	6599
13801	6599
13802	6599
13803	6601
13804	6601
13805	6602
13806	6602
13807	6602
13808	6602
13809	6601
13810	6601
13811	6603
13812	6603
13813	6603
13814	6603
13815	6602
13816	6601
13817	6601
13818	6601
13819	6603
13820	6603
13821	6603
13822	6604
13823	6604
13824	6606
13825	6606
13826	6605
13827	6605
13828	6605
13829	6604
13830	6604
13831	6604
13832	6604
13833	6604
13834	6606
13835	6606
13836	6608
13837	6608
13838	6609
13839	6609
13840	6609
13841	6609
13842	6608
13843	6608
13844	6608
13845	6607
13846	6607
13847	6608
13848	6608
13849	6608
13850	6610
13851	6610
13852	6610
13853	6610
13854	6609
13855	6611
13856	6611
13857	6610
13858	6610
13859	6610
13860	6609
13861	6610
13862	6610
13863	6610
13864	6610
13865	6610
13866	6610
13867	6610
13868	6610
13869	6609
13870	6608
13871	6608
13872	6607
13873	6607
13874	6607
13875	6609
13876	6609
13877	6609
13878	6609
13879	6608
13880	6608
13881	6608
13882	6610
13883	6610
13884	6610
13885	6611
13886	6613
13887	6612
13888	6614
13889	6614
13890	6614
13891	6615
13892	6615
13893	6614
13894	6614
13895	6613
13896	6613
13897	6613
13898	6613
13899	6615
13900	6615
13901	6615
13902	6615
13903	6614
13904	6616
13905	6616
13906	6616
13907	6616
13908	6616
13909	6616
13910	6616
13911	6616
13912	6616
13913	6616
13914	6615
13915	6615
13916	6615
13917	6615
13918	6614
13919	6615
13920	6615
13921	6617
13922	6616
13923	6617
13924	6617
13925	6617
13926	6617
13927	6617
13928	6617
13929	6618
13930	6618
13931	6618
13932	6618
13933	6620
13934	6620
13935	6620
13936	6619
13937	6619
13938	6619
13939	6619
13940	6620
13941	6620
13942	6621
13943	6621
13944	6623
13945	6623
13946	6622
13947	6624
13948	6624
13949	6623
13950	6623
13951	6623
13952	6623
13953	6623
13954	6623
13955	6623
13956	6623
13957	6623
13958	6622
13959	6621
13960	6622
13961	6622
13962	6622
13963	6622
13964	6621
13965	6621
13966	6623
13967	6623
13968	6625
13969	6625
13970	6625
13971	6624
13972	6624
13973	6623
13974	6623
13975	6623
13976	6623
13977	6622
13978	6622
13979	6622
13980	6622
13981	6623
13982	6623
13983	6623
13984	6623
13985	6623
13986	6623
13987	6623
13988	6623
13989	6625
13990	6625
13991	6626
13992	6626
13993	6627
13994	6628
13995	6628
13996	6630
13997	6630
13998	6630
13999	6629
14000	6629
14001	6629
14002	6629
14003	6629
14004	6629
14005	6628
14006	6628
14007	6628
14008	6628
14009	6628
14010	6630
14011	6630
14012	6630
14013	6630
14014	6629
14015	6629
14016	6629
14017	6629
14018	6631
14019	6631
14020	6632
14021	6632
14022	6633
14023	6633
14024	6635
14025	6636
14026	6636
14027	6638
14028	6638
14029	6640
14030	6640
14031	6639
14032	6639
14033	6639
14034	6639
14035	6639
14036	6639
14037	6641
14038	6641
14039	6641
14040	6640
14041	6640
14042	6640
14043	6640
14044	6640
14045	6640
14046	6640
14047	6640
14048	6641
14049	6641
14050	6641
14051	6641
14052	6642
14053	6642
14054	6642
14055	6642
14056	6642
14057	6642
14058	6642
14059	6642
14060	6642
14061	6642
14062	6642
14063	6642
14064	6642
14065	6643
14066	6643
14067	6644
14068	6645
14069	6644
14070	6644
14071	6644
14072	6646
14073	6645
14074	6644
14075	6644
14076	6644
14077	6644
14078	6644
14079	6644
14080	6644
14081	6644
14082	6644
14083	6644
14084	6644
14085	6644
14086	6644
14087	6646
14088	6646
14089	6646
14090	6646
14091	6646
14092	6646
14093	6646
14094	6647
14095	6646
14096	6645
14097	6645
14098	6645
14099	6645
14100	6645
14101	6644
14102	6644
14103	6644
14104	6645
14105	6645
14106	6646
14107	6646
14108	6648
14109	6649
14110	6649
14111	6651
14112	6651
14113	6651
14114	6651
14115	6651
14116	6651
14117	6651
14118	6651
14119	6651
14120	6653
14121	6653
14122	6655
14123	6655
14124	6656
14125	6655
14126	6655
14127	6655
14128	6655
14129	6655
14130	6654
14131	6654
14132	6656
14133	6656
14134	6658
14135	6658
14136	6658
14137	6660
14138	6660
14139	6660
14140	6659
14141	6659
14142	6659
14143	6659
14144	6659
14145	6659
14146	6661
14147	6663
14148	6663
14149	6665
14150	6665
14151	6665
14152	6665
14153	6665
14154	6664
14155	6664
14156	6664
14157	6664
14158	6666
14159	6666
14160	6667
14161	6669
14162	6669
14163	6671
14164	6671
14165	6671
14166	6672
14167	6671
14168	6671
14169	6671
14170	6670
14171	6670
14172	6670
14173	6670
14174	6672
14175	6672
14176	6671
14177	6671
14178	6671
14179	6670
14180	6670
14181	6669
14182	6669
14183	6669
14184	6669
14185	6669
14186	6668
14187	6668
14188	6670
14189	6670
14190	6669
14191	6669
14192	6669
14193	6671
14194	6671
14195	6671
14196	6670
14197	6670
14198	6670
14199	6670
14200	6672
14201	6672
14202	6674
14203	6673
14204	6672
14205	6674
14206	6674
14207	6675
14208	6675
14209	6675
14210	6675
14211	6675
14212	6675
14213	6674
14214	6674
14215	6676
14216	6676
14217	6676
14218	6677
14219	6677
14220	6679
14221	6679
14222	6680
14223	6680
14224	6681
14225	6681
14226	6681
14227	6680
14228	6680
14229	6679
14230	6679
14231	6679
14232	6681
14233	6681
14234	6683
14235	6683
14236	6684
14237	6684
14238	6683
14239	6683
14240	6683
14241	6683
14242	6683
14243	6683
14244	6685
14245	6685
14246	6686
14247	6685
14248	6686
14249	6685
14250	6684
14251	6684
14252	6686
14253	6687
14254	6686
14255	6686
14256	6686
14257	6688
14258	6688
14259	6688
14260	6687
14261	6687
14262	6687
14263	6686
14264	6688
14265	6687
14266	6687
14267	6687
14268	6687
14269	6687
14270	6686
14271	6686
14272	6686
14273	6686
14274	6686
14275	6685
14276	6685
14277	6685
14278	6687
14279	6687
14280	6687
14281	6687
14282	6686
14283	6686
14284	6686
14285	6686
14286	6687
14287	6686
14288	6686
14289	6686
14290	6686
14291	6685
14292	6685
14293	6687
14294	6687
14295	6689
14296	6689
14297	6691
14298	6691
14299	6692
14300	6692
14301	6694
14302	6694
14303	6693
14304	6693
14305	6693
14306	6693
14307	6693
14308	6695
14309	6695
14310	6694
14311	6693
14312	6693
14313	6692
14314	6692
14315	6692
14316	6691
14317	6691
14318	6693
14319	6693
14320	6694
14321	6694
14322	6696
14323	6696
14324	6696
14325	6695
14326	6694
14327	6694
14328	6694
14329	6694
14330	6694
14331	6696
14332	6696
14333	6698
14334	6699
14335	6698
14336	6698
14337	6700
14338	6700
14339	6701
14340	6701
14341	6701
14342	6700
14343	6700
14344	6700
14345	6700
14346	6699
14347	6700
14348	6700
14349	6700
14350	6699
14351	6699
14352	6699
14353	6698
14354	6697
14355	6699
14356	6698
14357	6698
14358	6698
14359	6698
14360	6698
14361	6698
14362	6698
14363	6698
14364	6698
14365	6697
14366	6697
14367	6697
14368	6699
14369	6698
14370	6698
14371	6698
14372	6698
14373	6700
14374	6700
14375	6700
14376	6700
14377	6700
14378	6700
14379	6700
14380	6700
14381	6702
14382	6702
14383	6702
14384	6702
14385	6702
14386	6704
14387	6705
14388	6705
14389	6707
14390	6707
14391	6707
14392	6706
14393	6706
14394	6706
14395	6705
14396	6705
14397	6704
14398	6704
14399	6704
14400	6706
14401	6706
14402	6708
14403	6708
14404	6710
14405	6710
14406	6709
14407	6708
14408	6708
14409	6708
14410	6708
14411	6708
14412	6708
14413	6708
14414	6709
14415	6709
14416	6709
14417	6709
14418	6708
14419	6708
14420	6708
14421	6710
14422	6712
14423	6712
14424	6712
14425	6713
14426	6713
14427	6712
14428	6712
14429	6712
14430	6712
14431	6711
14432	6711
14433	6711
14434	6713
14435	6713
14436	6714
14437	6714
14438	6716
14439	6716
14440	6716
14441	6715
14442	6714
14443	6714
14444	6714
14445	6714
14446	6713
14447	6715
14448	6715
14449	6715
14450	6714
14451	6714
14452	6713
14453	6712
14454	6714
14455	6714
14456	6714
14457	6713
14458	6712
14459	6712
14460	6713
14461	6712
14462	6712
14463	6712
14464	6712
14465	6712
14466	6712
14467	6712
14468	6712
14469	6712
14470	6711
14471	6711
14472	6713
14473	6713
14474	6712
14475	6712
14476	6711
14477	6713
14478	6712
14479	6712
14480	6712
14481	6711
14482	6711
14483	6713
14484	6712
14485	6713
14486	6713
14487	6714
14488	6714
14489	6714
14490	6714
14491	6714
14492	6714
14493	6715
14494	6715
14495	6715
14496	6714
14497	6714
14498	6714
14499	6714
14500	6713
14501	6713
14502	6713
14503	6714
14504	6714
14505	6714
14506	6716
14507	6716
14508	6717
14509	6717
14510	6719
14511	6718
14512	6718
14513	6720
14514	6720
14515	6720
14516	6720
14517	6719
14518	6719
14519	6719
14520	6719
14521	6720
14522	6720
14523	6720
14524	6720
14525	6720
14526	6719
14527	6719
14528	6719
14529	6719
14530	6718
14531	6717
14532	6717
14533	6717
14534	6718
14535	6720
14536	6719
14537	6719
14538	6721
14539	6721
14540	6722
14541	6721
14542	6720
14543	6719
14544	6718
14545	6718
14546	6718
14547	6718
14548	6718
14549	6720
14550	6720
14551	6720
14552	6720
14553	6720
14554	6719
14555	6721
14556	6721
14557	6721
14558	6723
14559	6723
14560	6723
14561	6723
14562	6723
14563	6722
14564	6722
14565	6722
14566	6722
14567	6721
14568	6721
14569	6721
14570	6721
14571	6721
14572	6723
14573	6723
14574	6722
14575	6721
14576	6721
14577	6721
14578	6721
14579	6720
14580	6722
14581	6722
14582	6724
14583	6724
14584	6725
14585	6725
14586	6726
14587	6728
14588	6728
14589	6729
14590	6729
14591	6731
14592	6731
14593	6733
14594	6733
14595	6733
14596	6732
14597	6732
14598	6731
14599	6731
14600	6731
14601	6731
14602	6731
14603	6730
14604	6730
14605	6730
14606	6731
14607	6731
14608	6731
14609	6731
14610	6731
14611	6731
14612	6731
14613	6731
14614	6733
14615	6733
14616	6734
14617	6734
14618	6735
14619	6736
14620	6736
14621	6737
14622	6738
14623	6739
14624	6739
14625	6740
14626	6740
14627	6741
14628	6741
14629	6742
14630	6742
14631	6743
14632	6744
14633	6745
14634	6745
14635	6746
14636	6747
14637	6748
14638	6749
14639	6750
14640	6751
14641	6752
14642	6753
14643	6754
14644	6755
14645	6756
14646	6756
14647	6757
14648	6758
14649	6759
14650	6759
14651	6760
14652	6760
14653	6761
14654	6762
14655	6762
14656	6762
14657	6763
14658	6763
14659	6764
14660	6765
14661	6766
14662	6767
14663	6768
14664	6769
14665	6770
14666	6771
14667	6772
14668	6773
14669	6774
14670	6775
14671	6776
14672	6776
14673	6777
14674	6778
14675	6779
14676	6780
14677	6781
14678	6781
14679	6781
14680	6782
14681	6783
14682	6784
14683	6784
14684	6785
14685	6786
14686	6787
14687	6788
14688	6788
14689	6789
14690	6790
14691	6791
14692	6792
14693	6793
14694	6793
14695	6794
14696	6795
14697	6794
14698	6794
14699	6795
14700	6796
14701	6797
14702	6798
14703	6799
14704	6800
14705	6801
14706	6802
14707	6802
14708	6802
14709	6803
14710	6804
14711	6804
14712	6804
14713	6805
14714	6806
14715	6807
14716	6807
14717	6808
14718	6809
14719	6810
14720	6811
14721	6812
14722	6813
14723	6814
14724	6815
14725	6815
14726	6816
14727	6816
14728	6817
14729	6818
14730	6818
14731	6819
14732	6820
14733	6820
14734	6821
14735	6821
14736	6822
14737	6823
14738	6824
14739	6825
14740	6826
14741	6827
14742	6827
14743	6828
14744	6829
14745	6829
14746	6830
14747	6831
14748	6832
14749	6833
14750	6834
14751	6835
14752	6836
14753	6837
14754	6838
14755	6839
14756	6840
14757	6841
14758	6842
14759	6842
14760	6842
14761	6842
14762	6842
14763	6843
14764	6843
14765	6844
14766	6845
14767	6846
14768	6847
14769	6848
14770	6848
14771	6849
14772	6850
14773	6851
14774	6851
14775	6851
14776	6852
14777	6853
14778	6854
14779	6855
14780	6856
14781	6856
14782	6857
14783	6857
14784	6858
14785	6859
14786	6859
14787	6860
14788	6861
14789	6862
14790	6862
14791	6863
14792	6864
14793	6865
14794	6866
14795	6867
14796	6868
14797	6868
14798	6869
14799	6870
14800	6871
14801	6872
14802	6873
14803	6874
14804	6874
14805	6874
14806	6875
14807	6876
14808	6877
14809	6878
14810	6879
14811	6880
14812	6881
14813	6882
14814	6883
14815	6884
14816	6884
14817	6885
14818	6885
14819	6886
14820	6887
14821	6888
14822	6888
14823	6889
14824	6890
14825	6891
14826	6892
14827	6893
14828	6893
14829	6894
14830	6895
14831	6896
14832	6897
14833	6898
14834	6899
14835	6899
14836	6900
14837	6900
14838	6900
14839	6901
14840	6902
14841	6903
14842	6904
14843	6904
14844	6905
14845	6906
14846	6906
14847	6907
14848	6908
14849	6908
14850	6909
14851	6910
14852	6911
14853	6912
14854	6912
14855	6913
14856	6914
14857	6914
14858	6915
14859	6916
14860	6917
14861	6918
14862	6919
14863	6919
14864	6920
14865	6921
14866	6921
14867	6922
14868	6923
14869	6924
14870	6925
14871	6926
14872	6927
14873	6927
14874	6927
14875	6928
14876	6929
14877	6929
14878	6929
14879	6930
14880	6931
14881	6932
14882	6933
14883	6934
14884	6934
14885	6935
14886	6934
14887	6935
14888	6936
14889	6937
14890	6938
14891	6938
14892	6939
14893	6940
14894	6940
14895	6941
14896	6942
14897	6943
14898	6942
14899	6943
14900	6944
14901	6944
14902	6944
14903	6945
14904	6946
14905	6947
14906	6947
14907	6948
14908	6949
14909	6949
14910	6950
14911	6951
14912	6952
14913	6953
14914	6954
14915	6954
14916	6955
14917	6956
14918	6957
14919	6958
14920	6959
14921	6959
14922	6960
14923	6961
14924	6962
14925	6962
14926	6962
14927	6963
14928	6964
14929	6964
14930	6965
14931	6965
14932	6966
14933	6967
14934	6968
14935	6969
14936	6970
14937	6971
14938	6972
14939	6973
14940	6973
14941	6973
14942	6973
14943	6974
14944	6974
14945	6974
14946	6974
14947	6975
14948	6975
14949	6975
14950	6976
14951	6977
14952	6978
14953	6979
14954	6980
14955	6981
14956	6981
14957	6981
14958	6982
14959	6983
14960	6984
14961	6984
14962	6984
14963	6984
14964	6985
14965	6986
14966	6987
14967	6988
14968	6989
14969	6989
14970	6990
14971	6991
14972	6992
14973	6993
14974	6994
14975	6995
14976	6995
14977	6996
14978	6997
14979	6998
14980	6998
14981	6999
14982	7000
14983	7001
14984	7002
14985	7003
14986	7004
14987	7005
14988	7006
14989	7006
14990	7007
14991	7008
14992	7008
14993	7009
14994	7010
14995	7010
14996	7011
14997	7011
14998	7012
14999	7013
15000	7014
15001	7015
15002	7015
15003	7016
15004	7017
15005	7018
15006	7019
15007	7020
15008	7021
15009	7022
15010	7023
15011	7023
15012	7024
15013	7025
15014	7026
15015	7027
15016	7027
15017	7028
15018	7029
15019	7030
15020	7030
15021	7031
15022	7032
15023	7033
15024	7034
15025	7035
15026	7036
15027	7037
15028	7037
15029	7038
15030	7039
15031	7040
15032	7040
15033	7040
15034	7040
15035	7041
15036	7042
15037	7043
15038	7044
15039	7045
15040	7046
15041	7047
15042	7048
15043	7049
15044	7050
15045	7051
15046	7052
15047	7053
15048	7054
15049	7054
15050	7055
15051	7055
15052	7056
15053	7057
15054	7058
15055	7059
15056	7060
15057	7060
15058	7061
15059	7062
15060	7063
15061	7064
15062	7064
15063	7065
15064	7066
15065	7067
15066	7068
15067	7068
15068	7069
15069	7070
15070	7071
15071	7072
15072	7073
15073	7074
15074	7074
15075	7074
15076	7075
15077	7075
15078	7076
15079	7077
15080	7078
15081	7078
15082	7079
15083	7080
15084	7081
15085	7082
15086	7083
15087	7083
15088	7084
15089	7084
15090	7085
15091	7086
15092	7086
15093	7086
15094	7087
15095	7087
15096	7088
15097	7089
15098	7090
15099	7091
15100	7092
15101	7093
15102	7092
15103	7093
15104	7094
15105	7094
15106	7095
15107	7095
15108	7096
15109	7097
15110	7098
15111	7098
15112	7099
15113	7100
15114	7101
15115	7102
15116	7102
15117	7102
15118	7103
15119	7104
15120	7105
15121	7106
15122	7107
15123	7108
15124	7109
15125	7110
15126	7110
15127	7111
15128	7112
15129	7113
15130	7114
15131	7115
15132	7116
15133	7115
15134	7115
15135	7116
15136	7117
15137	7117
15138	7118
15139	7118
15140	7118
15141	7119
15142	7120
15143	7121
15144	7122
15145	7123
15146	7124
15147	7125
15148	7126
15149	7127
15150	7128
15151	7129
15152	7129
15153	7130
15154	7131
15155	7132
15156	7133
15157	7134
15158	7135
15159	7136
15160	7137
15161	7137
15162	7138
15163	7139
15164	7139
15165	7140
15166	7141
15167	7141
15168	7142
15169	7143
15170	7144
15171	7144
15172	7145
15173	7146
15174	7146
15175	7146
15176	7147
15177	7148
15178	7149
15179	7150
15180	7151
15181	7152
15182	7153
15183	7152
15184	7153
15185	7154
15186	7155
15187	7156
15188	7157
15189	7158
15190	7159
15191	7160
15192	7160
15193	7161
15194	7162
15195	7162
15196	7163
15197	7164
15198	7165
15199	7165
15200	7166
15201	7167
15202	7167
15203	7168
15204	7169
15205	7169
15206	7170
15207	7170
15208	7171
15209	7172
15210	7173
15211	7173
15212	7173
15213	7174
15214	7175
15215	7176
15216	7176
15217	7177
15218	7178
15219	7179
15220	7180
15221	7181
15222	7181
15223	7182
15224	7183
15225	7184
15226	7185
15227	7186
15228	7187
15229	7188
15230	7188
15231	7189
15232	7190
15233	7191
15234	7191
15235	7192
15236	7193
15237	7194
15238	7194
15239	7194
15240	7194
15241	7195
15242	7196
15243	7197
15244	7196
15245	7197
15246	7198
15247	7198
15248	7199
15249	7200
15250	7200
15251	7201
15252	7201
15253	7202
15254	7203
15255	7204
15256	7204
15257	7205
15258	7206
15259	7207
15260	7207
15261	7208
15262	7209
15263	7210
15264	7210
15265	7211
15266	7212
15267	7213
15268	7214
15269	7215
15270	7215
15271	7215
15272	7216
15273	7217
15274	7218
15275	7219
15276	7220
15277	7221
15278	7222
15279	7223
15280	7224
15281	7225
15282	7225
15283	7226
15284	7227
15285	7227
15286	7228
15287	7229
15288	7230
15289	7231
15290	7231
15291	7232
15292	7233
15293	7233
15294	7234
15295	7234
15296	7235
15297	7236
15298	7237
15299	7238
15300	7239
15301	7240
15302	7240
15303	7241
15304	7242
15305	7243
15306	7244
15307	7245
15308	7245
15309	7246
15310	7247
15311	7248
15312	7249
15313	7250
15314	7250
15315	7251
15316	7251
15317	7252
15318	7251
15319	7251
15320	7251
15321	7252
15322	7253
15323	7254
15324	7255
15325	7255
15326	7255
15327	7254
15328	7255
15329	7255
15330	7256
15331	7256
15332	7257
15333	7258
15334	7259
15335	7260
15336	7259
15337	7259
15338	7260
15339	7261
15340	7261
15341	7262
15342	7262
15343	7263
15344	7263
15345	7264
15346	7264
15347	7265
15348	7266
15349	7267
15350	7268
15351	7269
15352	7270
15353	7271
15354	7272
15355	7272
15356	7273
15357	7274
15358	7274
15359	7275
15360	7276
15361	7277
15362	7277
15363	7278
15364	7279
15365	7279
15366	7280
15367	7281
15368	7282
15369	7283
15370	7283
15371	7283
15372	7284
15373	7285
15374	7286
15375	7286
15376	7287
15377	7287
15378	7288
15379	7289
15380	7290
15381	7290
15382	7291
15383	7292
15384	7291
15385	7291
15386	7292
15387	7293
15388	7294
15389	7295
15390	7296
15391	7297
15392	7298
15393	7299
15394	7300
15395	7301
15396	7302
15397	7303
15398	7303
15399	7303
15400	7304
15401	7305
15402	7306
15403	7307
15404	7308
15405	7309
15406	7310
15407	7311
15408	7312
15409	7313
15410	7314
15411	7315
15412	7316
15413	7316
15414	7316
15415	7317
15416	7318
15417	7319
15418	7320
15419	7321
15420	7322
15421	7323
15422	7324
15423	7325
15424	7326
15425	7326
15426	7327
15427	7328
15428	7328
15429	7329
15430	7330
15431	7331
15432	7332
15433	7332
15434	7331
15435	7332
15436	7332
15437	7333
15438	7334
15439	7333
15440	7333
15441	7333
15442	7334
15443	7335
15444	7336
15445	7336
15446	7337
15447	7338
15448	7338
15449	7339
15450	7340
15451	7340
15452	7341
15453	7341
15454	7342
15455	7343
15456	7344
15457	7345
15458	7345
15459	7346
15460	7347
15461	7348
15462	7349
15463	7350
15464	7351
15465	7352
15466	7353
15467	7354
15468	7355
15469	7356
15470	7357
15471	7358
15472	7359
15473	7360
15474	7361
15475	7360
15476	7361
15477	7362
15478	7362
15479	7363
15480	7364
15481	7365
15482	7365
15483	7366
15484	7366
15485	7367
15486	7368
15487	7369
15488	7369
15489	7370
15490	7370
15491	7371
15492	7371
15493	7372
15494	7373
15495	7374
15496	7375
15497	7376
15498	7376
15499	7377
15500	7378
15501	7379
15502	7379
15503	7380
15504	7381
15505	7381
15506	7382
15507	7383
15508	7384
15509	7385
15510	7386
15511	7387
15512	7388
15513	7389
15514	7389
15515	7390
15516	7391
15517	7392
15518	7393
15519	7394
15520	7395
15521	7395
15522	7396
15523	7397
15524	7398
15525	7399
15526	7400
15527	7401
15528	7402
15529	7402
15530	7402
15531	7403
15532	7404
15533	7405
15534	7406
15535	7407
15536	7408
15537	7409
15538	7410
15539	7411
15540	7412
15541	7413
15542	7413
15543	7414
15544	7415
15545	7416
15546	7417
15547	7417
15548	7417
15549	7418
15550	7419
15551	7420
15552	7420
15553	7421
15554	7421
15555	7422
15556	7423
15557	7423
15558	7424
15559	7425
15560	7426
15561	7427
15562	7428
15563	7429
15564	7430
15565	7430
15566	7431
15567	7432
15568	7433
15569	7433
15570	7433
15571	7434
15572	7434
15573	7434
15574	7435
15575	7436
15576	7437
15577	7437
15578	7438
15579	7439
15580	7440
15581	7440
15582	7441
15583	7441
15584	7442
15585	7442
15586	7443
15587	7444
15588	7444
15589	7443
15590	7444
15591	7445
15592	7446
15593	7447
15594	7448
15595	7449
15596	7450
15597	7451
15598	7452
15599	7453
15600	7453
15601	7454
15602	7455
15603	7456
15604	7457
15605	7458
15606	7457
15607	7458
15608	7459
15609	7459
15610	7460
15611	7460
15612	7461
15613	7462
15614	7463
15615	7464
15616	7465
15617	7466
15618	7466
15619	7467
15620	7467
15621	7468
15622	7469
15623	7470
15624	7471
15625	7471
15626	7472
15627	7473
15628	7473
15629	7474
15630	7475
15631	7476
15632	7476
15633	7477
15634	7478
15635	7478
15636	7479
15637	7480
15638	7481
15639	7481
15640	7482
15641	7482
15642	7483
15643	7484
15644	7485
15645	7485
15646	7486
15647	7487
15648	7488
15649	7489
15650	7490
15651	7491
15652	7490
15653	7491
15654	7492
15655	7493
15656	7494
15657	7495
15658	7496
15659	7497
15660	7498
15661	7498
15662	7498
15663	7499
15664	7500
15665	7500
15666	7501
15667	7502
15668	7502
15669	7503
15670	7504
15671	7505
15672	7506
15673	7507
15674	7508
15675	7509
15676	7510
15677	7511
15678	7511
15679	7512
15680	7513
15681	7514
15682	7514
15683	7515
15684	7516
15685	7516
15686	7516
15687	7517
15688	7518
15689	7519
15690	7519
15691	7520
15692	7521
15693	7521
15694	7522
15695	7523
15696	7524
15697	7525
15698	7526
15699	7527
15700	7528
15701	7529
15702	7530
15703	7531
15704	7532
15705	7533
15706	7533
15707	7534
15708	7535
15709	7536
15710	7536
15711	7536
15712	7536
15713	7537
15714	7538
15715	7539
15716	7539
15717	7540
15718	7540
15719	7541
15720	7542
15721	7543
15722	7544
15723	7545
15724	7546
15725	7547
15726	7548
15727	7549
15728	7550
15729	7551
15730	7552
15731	7552
15732	7553
15733	7554
15734	7555
15735	7556
15736	7556
15737	7557
15738	7558
15739	7558
15740	7558
15741	7559
15742	7559
15743	7560
15744	7561
15745	7562
15746	7563
15747	7564
15748	7565
15749	7566
15750	7567
15751	7568
15752	7569
15753	7570
15754	7571
15755	7572
15756	7572
15757	7573
15758	7574
15759	7575
15760	7576
15761	7576
15762	7577
15763	7577
15764	7578
15765	7578
15766	7579
15767	7580
15768	7580
15769	7581
15770	7582
15771	7583
15772	7583
15773	7584
15774	7585
15775	7585
15776	7586
15777	7587
15778	7588
15779	7589
15780	7589
15781	7590
15782	7591
15783	7592
15784	7593
15785	7593
15786	7594
15787	7594
15788	7594
15789	7594
15790	7595
15791	7596
15792	7597
15793	7598
15794	7599
15795	7600
15796	7601
15797	7602
15798	7603
15799	7604
15800	7604
15801	7605
15802	7605
15803	7606
15804	7606
15805	7607
15806	7608
15807	7609
15808	7610
15809	7611
15810	7611
15811	7612
15812	7613
15813	7613
15814	7614
15815	7614
15816	7615
15817	7616
15818	7617
15819	7618
15820	7619
15821	7619
15822	7620
15823	7621
15824	7622
15825	7621
15826	7622
15827	7623
15828	7623
15829	7623
15830	7624
15831	7624
15832	7625
15833	7625
15834	7626
15835	7627
15836	7628
15837	7629
15838	7630
15839	7631
15840	7632
15841	7633
15842	7634
15843	7635
15844	7636
15845	7637
15846	7637
15847	7638
15848	7638
15849	7639
15850	7640
15851	7641
15852	7642
15853	7643
15854	7644
15855	7643
15856	7644
15857	7644
15858	7645
15859	7645
15860	7646
15861	7647
15862	7648
15863	7649
15864	7650
15865	7650
15866	7651
15867	7651
15868	7652
15869	7652
15870	7652
15871	7653
15872	7654
15873	7655
15874	7656
15875	7656
15876	7657
15877	7657
15878	7658
15879	7659
15880	7659
15881	7660
15882	7661
15883	7662
15884	7663
15885	7664
15886	7665
15887	7665
15888	7666
15889	7667
15890	7668
15891	7668
15892	7668
15893	7669
15894	7670
15895	7670
15896	7671
15897	7672
15898	7673
15899	7674
15900	7675
15901	7676
15902	7676
15903	7677
15904	7678
15905	7679
15906	7680
15907	7681
15908	7682
15909	7683
15910	7684
15911	7684
15912	7685
15913	7686
15914	7687
15915	7688
15916	7688
15917	7688
15918	7689
15919	7690
15920	7690
15921	7691
15922	7691
15923	7692
15924	7693
15925	7693
15926	7693
15927	7694
15928	7695
15929	7696
15930	7697
15931	7698
15932	7699
15933	7700
15934	7700
15935	7700
15936	7701
15937	7702
15938	7703
15939	7703
15940	7703
15941	7704
15942	7705
15943	7705
15944	7706
15945	7706
15946	7706
15947	7707
15948	7708
15949	7709
15950	7710
15951	7711
15952	7712
15953	7713
15954	7714
15955	7715
15956	7716
15957	7717
15958	7717
15959	7718
15960	7718
15961	7719
15962	7720
15963	7721
15964	7721
15965	7721
15966	7722
15967	7722
15968	7723
15969	7724
15970	7725
15971	7726
15972	7727
15973	7727
15974	7728
15975	7729
15976	7730
15977	7731
15978	7732
15979	7732
15980	7733
15981	7734
15982	7735
15983	7736
15984	7737
15985	7738
15986	7739
15987	7740
15988	7741
15989	7742
15990	7743
15991	7743
15992	7744
15993	7745
15994	7746
15995	7747
15996	7748
15997	7749
15998	7749
15999	7750
16000	7751
16001	7752
16002	7753
16003	7754
16004	7755
16005	7756
16006	7756
16007	7756
16008	7756
16009	7757
16010	7758
16011	7758
16012	7759
16013	7760
16014	7761
16015	7762
16016	7763
16017	7764
16018	7765
16019	7766
16020	7767
16021	7768
16022	7769
16023	7770
16024	7771
16025	7772
16026	7773
16027	7773
16028	7773
16029	7774
16030	7775
16031	7776
16032	7777
16033	7778
16034	7779
16035	7780
16036	7781
16037	7781
16038	7781
16039	7781
16040	7782
16041	7783
16042	7784
16043	7785
16044	7786
16045	7786
16046	7787
16047	7788
16048	7789
16049	7790
16050	7791
16051	7792
16052	7792
16053	7792
16054	7792
16055	7793
16056	7793
16057	7793
16058	7793
16059	7793
16060	7794
16061	7794
16062	7795
16063	7796
16064	7796
16065	7796
16066	7797
16067	7797
16068	7798
16069	7799
16070	7800
16071	7799
16072	7800
16073	7801
16074	7802
16075	7803
16076	7803
16077	7804
16078	7804
16079	7805
16080	7806
16081	7806
16082	7807
16083	7808
16084	7809
16085	7810
16086	7810
16087	7811
16088	7812
16089	7812
16090	7813
16091	7814
16092	7815
16093	7816
16094	7817
16095	7817
16096	7818
16097	7818
16098	7819
16099	7820
16100	7821
16101	7822
16102	7823
16103	7824
16104	7825
16105	7825
16106	7826
16107	7827
16108	7828
16109	7829
16110	7830
16111	7831
16112	7832
16113	7833
16114	7834
16115	7835
16116	7835
16117	7836
16118	7837
16119	7838
16120	7838
16121	7839
16122	7840
16123	7841
16124	7841
16125	7841
16126	7842
16127	7843
16128	7844
16129	7845
16130	7846
16131	7847
16132	7848
16133	7849
16134	7850
16135	7850
16136	7851
16137	7852
16138	7852
16139	7853
16140	7853
16141	7854
16142	7854
16143	7855
16144	7856
16145	7857
16146	7857
16147	7858
16148	7858
16149	7859
16150	7860
16151	7861
16152	7862
16153	7863
16154	7863
16155	7864
16156	7865
16157	7866
16158	7867
16159	7868
16160	7869
16161	7870
16162	7871
16163	7872
16164	7872
16165	7873
16166	7874
16167	7875
16168	7876
16169	7877
16170	7877
16171	7877
16172	7877
16173	7878
16174	7879
16175	7879
16176	7880
16177	7881
16178	7881
16179	7882
16180	7882
16181	7881
16182	7882
16183	7881
16184	7881
16185	7882
16186	7883
16187	7884
16188	7885
16189	7884
16190	7884
16191	7884
16192	7885
16193	7885
16194	7886
16195	7887
16196	7888
16197	7889
16198	7890
16199	7891
16200	7892
16201	7893
16202	7894
16203	7895
16204	7896
16205	7896
16206	7897
16207	7898
16208	7899
16209	7899
16210	7900
16211	7901
16212	7902
16213	7903
16214	7903
16215	7904
16216	7905
16217	7906
16218	7907
16219	7907
16220	7908
16221	7909
16222	7910
16223	7910
16224	7911
16225	7911
16226	7911
16227	7911
16228	7912
16229	7913
16230	7914
16231	7915
16232	7915
16233	7915
16234	7916
16235	7916
16236	7917
16237	7918
16238	7919
16239	7920
16240	7921
16241	7922
16242	7923
16243	7924
16244	7925
16245	7926
16246	7927
16247	7928
16248	7928
16249	7929
16250	7930
16251	7931
16252	7932
16253	7933
16254	7933
16255	7934
16256	7935
16257	7934
16258	7935
16259	7936
16260	7937
16261	7937
16262	7938
16263	7939
16264	7940
16265	7940
16266	7941
16267	7942
16268	7943
16269	7943
16270	7944
16271	7944
16272	7945
16273	7946
16274	7946
16275	7947
16276	7947
16277	7948
16278	7949
16279	7949
16280	7948
16281	7948
16282	7949
16283	7949
16284	7948
16285	7949
16286	7950
16287	7951
16288	7950
16289	7949
16290	7950
16291	7950
16292	7951
16293	7952
16294	7952
16295	7953
16296	7954
16297	7955
16298	7956
16299	7957
16300	7958
16301	7959
16302	7959
16303	7960
16304	7961
16305	7961
16306	7961
16307	7962
16308	7963
16309	7964
16310	7964
16311	7965
16312	7966
16313	7966
16314	7967
16315	7968
16316	7969
16317	7969
16318	7970
16319	7970
16320	7969
16321	7970
16322	7971
16323	7972
16324	7972
16325	7973
16326	7974
16327	7974
16328	7975
16329	7976
16330	7976
16331	7977
16332	7978
16333	7979
16334	7980
16335	7981
16336	7982
16337	7982
16338	7983
16339	7983
16340	7984
16341	7985
16342	7986
16343	7987
16344	7988
16345	7989
16346	7990
16347	7991
16348	7991
16349	7992
16350	7993
16351	7994
16352	7995
16353	7995
16354	7996
16355	7997
16356	7998
16357	7998
16358	7999
16359	8000
16360	8000
16361	8001
16362	8001
16363	8002
16364	8003
16365	8003
16366	8003
16367	8004
16368	8005
16369	8006
16370	8007
16371	8008
16372	8009
16373	8010
16374	8011
16375	8012
16376	8013
16377	8014
16378	8015
16379	8015
16380	8016
16381	8017
16382	8018
16383	8018
16384	8019
16385	8020
16386	8021
16387	8022
16388	8023
16389	8024
16390	8025
16391	8026
16392	8027
16393	8028
16394	8028
16395	8029
16396	8030
16397	8031
16398	8032
16399	8032
16400	8033
16401	8034
16402	8034
16403	8034
16404	8034
16405	8035
16406	8036
16407	8036
16408	8037
16409	8038
16410	8039
16411	8040
16412	8041
16413	8042
16414	8042
16415	8043
16416	8044
16417	8045
16418	8045
16419	8046
16420	8047
16421	8048
16422	8049
16423	8048
16424	8048
16425	8048
16426	8048
16427	8048
16428	8049
16429	8050
16430	8051
16431	8050
16432	8051
16433	8052
16434	8053
16435	8054
16436	8055
16437	8055
16438	8055
16439	8056
16440	8057
16441	8058
16442	8058
16443	8059
16444	8060
16445	8061
16446	8062
16447	8062
16448	8063
16449	8064
16450	8064
16451	8064
16452	8065
16453	8066
16454	8067
16455	8068
16456	8069
16457	8070
16458	8070
16459	8071
16460	8072
16461	8073
16462	8074
16463	8075
16464	8076
16465	8077
16466	8078
16467	8079
16468	8080
16469	8080
16470	8080
16471	8081
16472	8082
16473	8083
16474	8084
16475	8084
16476	8085
16477	8086
16478	8087
16479	8088
16480	8088
16481	8089
16482	8090
16483	8091
16484	8092
16485	8093
16486	8093
16487	8093
16488	8094
16489	8095
16490	8096
16491	8097
16492	8098
16493	8099
16494	8100
16495	8101
16496	8102
16497	8103
16498	8104
16499	8105
16500	8106
16501	8107
16502	8107
16503	8108
16504	8109
16505	8109
16506	8108
16507	8109
16508	8110
16509	8111
16510	8112
16511	8112
16512	8113
16513	8114
16514	8115
16515	8116
16516	8116
16517	8116
16518	8117
16519	8118
16520	8119
16521	8120
16522	8121
16523	8121
16524	8122
16525	8123
16526	8124
16527	8124
16528	8125
16529	8126
16530	8127
16531	8127
16532	8127
16533	8128
16534	8129
16535	8129
16536	8130
16537	8131
16538	8131
16539	8131
16540	8132
16541	8133
16542	8134
16543	8134
16544	8135
16545	8136
16546	8136
16547	8135
16548	8136
16549	8137
16550	8138
16551	8139
16552	8140
16553	8141
16554	8141
16555	8142
16556	8143
16557	8144
16558	8145
16559	8146
16560	8147
16561	8148
16562	8149
16563	8150
16564	8151
16565	8150
16566	8151
16567	8152
16568	8152
16569	8152
16570	8153
16571	8154
16572	8155
16573	8156
16574	8157
16575	8158
16576	8159
16577	8159
16578	8160
16579	8159
16580	8160
16581	8161
16582	8162
16583	8162
16584	8163
16585	8163
16586	8164
16587	8165
16588	8165
16589	8165
16590	8166
16591	8167
16592	8167
16593	8168
16594	8168
16595	8169
16596	8169
16597	8170
16598	8171
16599	8172
16600	8173
16601	8174
16602	8175
16603	8176
16604	8177
16605	8177
16606	8177
16607	8178
16608	8179
16609	8179
16610	8180
16611	8180
16612	8181
16613	8182
16614	8182
16615	8183
16616	8184
16617	8185
16618	8186
16619	8187
16620	8188
16621	8189
16622	8190
16623	8190
16624	8191
16625	8191
16626	8192
16627	8193
16628	8194
16629	8195
16630	8196
16631	8197
16632	8197
16633	8198
16634	8199
16635	8200
16636	8201
16637	8202
16638	8203
16639	8204
16640	8204
16641	8205
16642	8206
16643	8206
16644	8206
16645	8207
16646	8208
16647	8209
16648	8210
16649	8211
16650	8211
16651	8212
16652	8212
16653	8213
16654	8214
16655	8214
16656	8215
16657	8216
16658	8217
16659	8217
16660	8217
16661	8218
16662	8219
16663	8220
16664	8220
16665	8221
16666	8222
16667	8223
16668	8224
16669	8225
16670	8226
16671	8227
16672	8227
16673	8228
16674	8228
16675	8229
16676	8229
16677	8230
16678	8231
16679	8232
16680	8232
16681	8232
16682	8233
16683	8234
16684	8235
16685	8236
16686	8237
16687	8238
16688	8239
16689	8240
16690	8240
16691	8241
16692	8241
16693	8242
16694	8243
16695	8244
16696	8245
16697	8246
16698	8246
16699	8246
16700	8247
16701	8247
16702	8248
16703	8249
16704	8250
16705	8250
16706	8250
16707	8251
16708	8251
16709	8252
16710	8252
16711	8253
16712	8253
16713	8254
16714	8255
16715	8256
16716	8256
16717	8257
16718	8258
16719	8259
16720	8260
16721	8261
16722	8262
16723	8262
16724	8263
16725	8263
16726	8264
16727	8265
16728	8266
16729	8267
16730	8268
16731	8269
16732	8270
16733	8271
16734	8272
16735	8271
16736	8271
16737	8271
16738	8271
16739	8272
16740	8273
16741	8274
16742	8275
16743	8276
16744	8277
16745	8278
16746	8279
16747	8280
16748	8281
16749	8281
16750	8281
16751	8282
16752	8283
16753	8283
16754	8284
16755	8285
16756	8286
16757	8287
16758	8287
16759	8288
16760	8288
16761	8289
16762	8290
16763	8291
16764	8292
16765	8293
16766	8293
16767	8293
16768	8294
16769	8295
16770	8296
16771	8297
16772	8298
16773	8298
16774	8298
16775	8298
16776	8299
16777	8300
16778	8300
16779	8301
16780	8301
16781	8302
16782	8302
16783	8303
16784	8304
16785	8305
16786	8305
16787	8305
16788	8306
16789	8306
16790	8306
16791	8305
16792	8306
16793	8307
16794	8308
16795	8308
16796	8309
16797	8310
16798	8311
16799	8310
16800	8311
16801	8312
16802	8313
16803	8314
16804	8315
16805	8316
16806	8316
16807	8316
16808	8316
16809	8317
16810	8318
16811	8319
16812	8320
16813	8321
16814	8321
16815	8322
16816	8323
16817	8323
16818	8324
16819	8325
16820	8326
16821	8326
16822	8327
16823	8328
16824	8329
16825	8329
16826	8329
16827	8330
16828	8331
16829	8332
16830	8333
16831	8334
16832	8335
16833	8335
16834	8336
16835	8337
16836	8337
16837	8338
16838	8338
16839	8339
16840	8339
16841	8340
16842	8341
16843	8342
16844	8342
16845	8343
16846	8343
16847	8344
16848	8345
16849	8345
16850	8345
16851	8346
16852	8347
16853	8347
16854	8348
16855	8349
16856	8350
16857	8350
16858	8351
16859	8351
16860	8352
16861	8353
16862	8354
16863	8354
16864	8354
16865	8355
16866	8355
16867	8355
16868	8356
16869	8357
16870	8358
16871	8359
16872	8359
16873	8359
16874	8360
16875	8361
16876	8360
16877	8361
16878	8361
16879	8362
16880	8362
16881	8362
16882	8363
16883	8364
16884	8365
16885	8365
16886	8365
16887	8365
16888	8365
16889	8366
16890	8366
16891	8366
16892	8367
16893	8368
16894	8369
16895	8370
16896	8371
16897	8371
16898	8371
16899	8372
16900	8372
16901	8373
16902	8373
16903	8372
16904	8373
16905	8374
16906	8375
16907	8376
16908	8377
16909	8377
16910	8378
16911	8379
16912	8380
16913	8381
16914	8381
16915	8381
16916	8381
16917	8381
16918	8382
16919	8383
16920	8384
16921	8385
16922	8386
16923	8387
16924	8388
16925	8388
16926	8389
16927	8389
16928	8390
16929	8391
16930	8391
16931	8391
16932	8392
16933	8392
16934	8393
16935	8394
16936	8395
16937	8396
16938	8397
16939	8398
16940	8399
16941	8399
16942	8400
16943	8401
16944	8401
16945	8402
16946	8403
16947	8404
16948	8405
16949	8406
16950	8407
16951	8408
16952	8409
16953	8409
16954	8409
16955	8410
16956	8411
16957	8411
16958	8411
16959	8412
16960	8413
16961	8414
16962	8414
16963	8415
16964	8416
16965	8417
16966	8417
16967	8417
16968	8418
16969	8419
16970	8420
16971	8421
16972	8421
16973	8421
16974	8422
16975	8423
16976	8423
16977	8424
16978	8425
16979	8425
16980	8426
16981	8426
16982	8426
16983	8427
16984	8428
16985	8429
16986	8430
16987	8431
16988	8431
16989	8432
16990	8433
16991	8433
16992	8434
16993	8435
16994	8436
16995	8437
16996	8436
16997	8435
16998	8436
16999	8436
17000	8437
17001	8437
17002	8438
17003	8438
17004	8439
17005	8439
17006	8440
17007	8441
17008	8440
17009	8441
17010	8442
17011	8443
17012	8443
17013	8444
17014	8445
17015	8445
17016	8446
17017	8447
17018	8447
17019	8448
17020	8449
17021	8450
17022	8451
17023	8451
17024	8451
17025	8452
17026	8451
17027	8452
17028	8453
17029	8452
17030	8453
17031	8454
17032	8454
17033	8454
17034	8455
17035	8456
17036	8457
17037	8457
17038	8458
17039	8459
17040	8460
17041	8460
17042	8461
17043	8461
17044	8461
17045	8462
17046	8463
17047	8464
17048	8465
17049	8465
17050	8466
17051	8466
17052	8467
17053	8468
17054	8469
17055	8470
17056	8469
17057	8470
17058	8471
17059	8471
17060	8472
17061	8473
17062	8473
17063	8474
17064	8474
17065	8474
17066	8475
17067	8476
17068	8476
17069	8477
17070	8478
17071	8479
17072	8479
17073	8480
17074	8480
17075	8481
17076	8482
17077	8483
17078	8483
17079	8484
17080	8485
17081	8486
17082	8487
17083	8488
17084	8489
17085	8489
17086	8490
17087	8491
17088	8492
17089	8493
17090	8494
17091	8495
17092	8496
17093	8496
17094	8496
17095	8497
17096	8497
17097	8497
17098	8497
17099	8498
17100	8499
17101	8499
17102	8500
17103	8500
17104	8501
17105	8502
17106	8503
17107	8503
17108	8502
17109	8503
17110	8504
17111	8504
17112	8504
17113	8505
17114	8506
17115	8507
17116	8508
17117	8509
17118	8510
17119	8511
17120	8512
17121	8512
17122	8513
17123	8513
17124	8514
17125	8515
17126	8515
17127	8515
17128	8516
17129	8517
17130	8518
17131	8519
17132	8519
17133	8520
17134	8520
17135	8521
17136	8522
17137	8523
17138	8524
17139	8525
17140	8525
17141	8526
17142	8527
17143	8528
17144	8529
17145	8530
17146	8530
17147	8531
17148	8532
17149	8533
17150	8534
17151	8535
17152	8536
17153	8536
17154	8537
17155	8538
17156	8539
17157	8540
17158	8541
17159	8542
17160	8543
17161	8544
17162	8544
17163	8544
17164	8544
17165	8545
17166	8545
17167	8545
17168	8545
17169	8546
17170	8547
17171	8547
17172	8548
17173	8548
17174	8549
17175	8550
17176	8550
17177	8551
17178	8551
17179	8551
17180	8550
17181	8551
17182	8552
17183	8552
17184	8553
17185	8554
17186	8555
17187	8556
17188	8557
17189	8558
17190	8559
17191	8560
17192	8560
17193	8561
17194	8562
17195	8562
17196	8563
17197	8564
17198	8565
17199	8565
17200	8566
17201	8567
17202	8568
17203	8569
17204	8570
17205	8571
17206	8572
17207	8572
17208	8573
17209	8573
17210	8574
17211	8575
17212	8576
17213	8577
17214	8578
17215	8578
17216	8579
17217	8580
17218	8581
17219	8581
17220	8582
17221	8582
17222	8582
17223	8582
17224	8583
17225	8584
17226	8584
17227	8585
17228	8586
17229	8586
17230	8587
17231	8588
17232	8589
17233	8590
17234	8591
17235	8592
17236	8593
17237	8594
17238	8595
17239	8596
17240	8597
17241	8597
17242	8598
17243	8597
17244	8597
17245	8598
17246	8598
17247	8599
17248	8600
17249	8600
17250	8601
17251	8602
17252	8603
17253	8602
17254	8603
17255	8604
17256	8605
17257	8606
17258	8607
17259	8608
17260	8608
17261	8608
17262	8609
17263	8610
17264	8611
17265	8612
17266	8613
17267	8614
17268	8615
17269	8616
17270	8617
17271	8618
17272	8619
17273	8620
17274	8620
17275	8621
17276	8622
17277	8623
17278	8623
17279	8624
17280	8625
17281	8626
17282	8626
17283	8627
17284	8627
17285	8628
17286	8629
17287	8630
17288	8630
17289	8631
17290	8632
17291	8633
17292	8634
17293	8635
17294	8636
17295	8637
17296	8638
17297	8639
17298	8640
17299	8641
17300	8641
17301	8641
17302	8642
17303	8642
17304	8643
17305	8643
17306	8644
17307	8645
17308	8646
17309	8647
17310	8647
17311	8648
17312	8648
17313	8648
17314	8649
17315	8650
17316	8650
17317	8651
17318	8652
17319	8652
17320	8653
17321	8653
17322	8654
17323	8655
17324	8656
17325	8657
17326	8657
17327	8658
17328	8659
17329	8660
17330	8661
17331	8662
17332	8663
17333	8664
17334	8664
17335	8665
17336	8666
17337	8667
17338	8667
17339	8668
17340	8669
17341	8670
17342	8671
17343	8671
17344	8672
17345	8672
17346	8673
17347	8674
17348	8673
17349	8674
17350	8674
17351	8675
17352	8676
17353	8677
17354	8678
17355	8679
17356	8680
17357	8681
17358	8682
17359	8683
17360	8684
17361	8685
17362	8684
17363	8685
17364	8686
17365	8687
17366	8688
17367	8689
17368	8690
17369	8689
17370	8689
17371	8689
17372	8690
17373	8691
17374	8692
17375	8693
17376	8694
17377	8695
17378	8696
17379	8697
17380	8698
17381	8699
17382	8699
17383	8700
17384	8700
17385	8701
17386	8701
17387	8701
17388	8701
17389	8700
17390	8701
17391	8701
17392	8701
17393	8701
17394	8702
17395	8703
17396	8704
17397	8703
17398	8702
17399	8702
17400	8703
17401	8704
17402	8705
17403	8705
17404	8705
17405	8706
17406	8707
17407	8707
17408	8708
17409	8709
17410	8709
17411	8710
17412	8711
17413	8711
17414	8712
17415	8713
17416	8714
17417	8715
17418	8716
17419	8717
17420	8718
17421	8718
17422	8719
17423	8720
17424	8721
17425	8722
17426	8723
17427	8724
17428	8725
17429	8724
17430	8725
17431	8726
17432	8727
17433	8727
17434	8727
17435	8728
17436	8728
17437	8729
17438	8730
17439	8730
17440	8731
17441	8731
17442	8732
17443	8732
17444	8733
17445	8733
17446	8732
17447	8733
17448	8733
17449	8734
17450	8735
17451	8736
17452	8735
17453	8736
17454	8736
17455	8737
17456	8738
17457	8739
17458	8740
17459	8741
17460	8742
17461	8743
17462	8744
17463	8745
17464	8745
17465	8746
17466	8746
17467	8746
17468	8747
17469	8748
17470	8749
17471	8749
17472	8750
17473	8751
17474	8752
17475	8752
17476	8753
17477	8754
17478	8755
17479	8756
17480	8757
17481	8757
17482	8758
17483	8759
17484	8760
17485	8760
17486	8761
17487	8762
17488	8763
17489	8764
17490	8764
17491	8765
17492	8766
17493	8767
17494	8768
17495	8768
17496	8769
17497	8769
17498	8770
17499	8770
17500	8771
17501	8771
17502	8772
17503	8773
17504	8774
17505	8775
17506	8776
17507	8776
17508	8777
17509	8778
17510	8779
17511	8780
17512	8781
17513	8782
17514	8783
17515	8784
17516	8785
17517	8785
17518	8786
17519	8787
17520	8787
17521	8788
17522	8788
17523	8789
17524	8790
17525	8790
17526	8791
17527	8792
17528	8792
17529	8793
17530	8794
17531	8795
17532	8796
17533	8797
17534	8797
17535	8798
17536	8799
17537	8800
17538	8800
17539	8801
17540	8802
17541	8802
17542	8802
17543	8803
17544	8804
17545	8804
17546	8804
17547	8805
17548	8806
17549	8807
17550	8808
17551	8809
17552	8810
17553	8811
17554	8811
17555	8811
17556	8811
17557	8812
17558	8813
17559	8814
17560	8815
17561	8815
17562	8816
17563	8817
17564	8817
17565	8818
17566	8819
17567	8820
17568	8821
17569	8822
17570	8823
17571	8824
17572	8825
17573	8825
17574	8826
17575	8826
17576	8827
17577	8828
17578	8829
17579	8830
17580	8831
17581	8831
17582	8832
17583	8833
17584	8834
17585	8834
17586	8835
17587	8836
17588	8837
17589	8838
17590	8839
17591	8839
17592	8840
17593	8840
17594	8840
17595	8840
17596	8841
17597	8842
17598	8843
17599	8844
17600	8845
17601	8845
17602	8845
17603	8846
17604	8847
17605	8847
17606	8847
17607	8848
17608	8849
17609	8850
17610	8850
17611	8851
17612	8852
17613	8852
17614	8852
17615	8853
17616	8854
17617	8854
17618	8854
17619	8855
17620	8855
17621	8855
17622	8856
17623	8857
17624	8858
17625	8859
17626	8860
17627	8861
17628	8860
17629	8861
17630	8862
17631	8863
17632	8863
17633	8864
17634	8865
17635	8866
17636	8867
17637	8868
17638	8868
17639	8869
17640	8870
17641	8871
17642	8872
17643	8873
17644	8873
17645	8873
17646	8873
17647	8874
17648	8874
17649	8875
17650	8876
17651	8877
17652	8878
17653	8879
17654	8880
17655	8881
17656	8881
17657	8881
17658	8882
17659	8883
17660	8884
17661	8885
17662	8886
17663	8886
17664	8887
17665	8887
17666	8888
17667	8888
17668	8889
17669	8889
17670	8890
17671	8891
17672	8891
17673	8892
17674	8893
17675	8894
17676	8895
17677	8896
17678	8896
17679	8897
17680	8897
17681	8898
17682	8899
17683	8900
17684	8901
17685	8902
17686	8902
17687	8903
17688	8904
17689	8905
17690	8905
17691	8906
17692	8906
17693	8906
17694	8906
17695	8907
17696	8907
17697	8908
17698	8909
17699	8910
17700	8911
17701	8912
17702	8913
17703	8914
17704	8914
17705	8915
17706	8916
17707	8917
17708	8918
17709	8919
17710	8920
17711	8921
17712	8921
17713	8922
17714	8923
17715	8924
17716	8923
17717	8924
17718	8924
17719	8925
17720	8926
17721	8927
17722	8927
17723	8928
17724	8929
17725	8930
17726	8931
17727	8932
17728	8933
17729	8933
17730	8933
17731	8934
17732	8935
17733	8936
17734	8937
17735	8937
17736	8938
17737	8939
17738	8939
17739	8940
17740	8941
17741	8941
17742	8942
17743	8943
17744	8943
17745	8944
17746	8945
17747	8945
17748	8946
17749	8947
17750	8948
17751	8948
17752	8948
17753	8949
17754	8949
17755	8949
17756	8949
17757	8950
17758	8951
17759	8952
17760	8952
17761	8953
17762	8953
17763	8954
17764	8954
17765	8955
17766	8955
17767	8956
17768	8956
17769	8956
17770	8957
17771	8958
17772	8958
17773	8959
17774	8959
17775	8960
17776	8961
17777	8961
17778	8962
17779	8963
17780	8964
17781	8965
17782	8966
17783	8967
17784	8967
17785	8968
17786	8968
17787	8968
17788	8968
17789	8969
17790	8970
17791	8971
17792	8972
17793	8973
17794	8974
17795	8975
17796	8975
17797	8976
17798	8977
17799	8978
17800	8978
17801	8979
17802	8980
17803	8981
17804	8981
17805	8981
17806	8981
17807	8981
17808	8982
17809	8983
17810	8984
17811	8985
17812	8986
17813	8987
17814	8988
17815	8988
17816	8989
17817	8989
17818	8990
17819	8991
17820	8992
17821	8993
17822	8994
17823	8995
17824	8996
17825	8996
17826	8996
17827	8997
17828	8997
17829	8997
17830	8998
17831	8999
17832	9000
17833	9001
17834	9001
17835	9002
17836	9003
17837	9004
17838	9004
17839	9004
17840	9005
17841	9006
17842	9007
17843	9008
17844	9008
17845	9009
17846	9009
17847	9010
17848	9011
17849	9012
17850	9012
17851	9013
17852	9013
17853	9014
17854	9015
17855	9016
17856	9017
17857	9018
17858	9018
17859	9018
17860	9019
17861	9019
17862	9020
17863	9021
17864	9022
17865	9022
17866	9023
17867	9024
17868	9023
17869	9023
17870	9024
17871	9025
17872	9025
17873	9026
17874	9026
17875	9027
17876	9028
17877	9029
17878	9030
17879	9031
17880	9031
17881	9030
17882	9030
17883	9030
17884	9031
17885	9032
17886	9033
17887	9034
17888	9035
17889	9036
17890	9037
17891	9038
17892	9038
17893	9039
17894	9039
17895	9040
17896	9041
17897	9041
17898	9041
17899	9042
17900	9043
17901	9044
17902	9044
17903	9044
17904	9045
17905	9045
17906	9046
17907	9047
17908	9046
17909	9047
17910	9048
17911	9048
17912	9048
17913	9049
17914	9050
17915	9050
17916	9051
17917	9052
17918	9053
17919	9052
17920	9053
17921	9054
17922	9055
17923	9054
17924	9055
17925	9055
17926	9056
17927	9057
17928	9056
17929	9057
17930	9058
17931	9058
17932	9059
17933	9060
17934	9060
17935	9061
17936	9062
17937	9062
17938	9063
17939	9063
17940	9063
17941	9064
17942	9065
17943	9064
17944	9065
17945	9066
17946	9067
17947	9068
17948	9068
17949	9068
17950	9068
17951	9069
17952	9070
17953	9071
17954	9072
17955	9072
17956	9073
17957	9073
17958	9072
17959	9073
17960	9074
17961	9074
17962	9075
17963	9076
17964	9076
17965	9077
17966	9078
17967	9079
17968	9080
17969	9081
17970	9082
17971	9082
17972	9083
17973	9083
17974	9084
17975	9085
17976	9084
17977	9085
17978	9086
17979	9086
17980	9086
17981	9086
17982	9087
17983	9088
17984	9088
17985	9089
17986	9090
17987	9090
17988	9091
17989	9092
17990	9092
17991	9093
17992	9094
17993	9095
17994	9096
17995	9096
17996	9097
17997	9098
17998	9099
17999	9100
18000	9101
18001	9102
18002	9102
18003	9102
18004	9103
18005	9104
18006	9105
18007	9106
18008	9107
18009	9108
18010	9109
18011	9110
18012	9110
18013	9111
18014	9112
18015	9113
18016	9114
18017	9115
18018	9115
18019	9115
18020	9115
18021	9116
18022	9117
18023	9117
18024	9117
18025	9118
18026	9119
18027	9119
18028	9119
18029	9120
18030	9120
18031	9120
18032	9120
18033	9120
18034	9120
18035	9121
18036	9122
18037	9122
18038	9123
18039	9124
18040	9124
18041	9125
18042	9125
18043	9125
18044	9126
18045	9127
18046	9127
18047	9128
18048	9129
18049	9130
18050	9129
18051	9130
18052	9131
18053	9132
18054	9132
18055	9133
18056	9134
18057	9135
18058	9135
18059	9136
18060	9137
18061	9138
18062	9139
18063	9139
18064	9140
18065	9140
18066	9141
18067	9142
18068	9143
18069	9143
18070	9144
18071	9145
18072	9146
18073	9147
18074	9148
18075	9149
18076	9149
18077	9149
18078	9149
18079	9149
18080	9150
18081	9151
18082	9151
18083	9152
18084	9153
18085	9154
18086	9155
18087	9156
18088	9157
18089	9158
18090	9158
18091	9158
18092	9159
18093	9160
18094	9161
18095	9162
18096	9163
18097	9164
18098	9165
18099	9166
18100	9167
18101	9168
18102	9169
18103	9169
18104	9169
18105	9170
18106	9171
18107	9171
18108	9172
18109	9172
18110	9173
18111	9174
18112	9175
18113	9175
18114	9174
18115	9174
18116	9175
18117	9176
18118	9176
18119	9176
18120	9177
18121	9178
18122	9179
18123	9180
18124	9181
18125	9182
18126	9183
18127	9184
18128	9185
18129	9186
18130	9187
18131	9188
18132	9189
18133	9190
18134	9191
18135	9191
18136	9192
18137	9192
18138	9193
18139	9193
18140	9194
18141	9195
18142	9196
18143	9196
18144	9197
18145	9198
18146	9198
18147	9199
18148	9200
18149	9200
18150	9201
18151	9202
18152	9203
18153	9204
18154	9205
18155	9206
18156	9207
18157	9208
18158	9209
18159	9210
18160	9210
18161	9211
18162	9212
18163	9212
18164	9212
18165	9213
18166	9213
18167	9213
18168	9214
18169	9214
18170	9215
18171	9215
18172	9216
18173	9217
18174	9218
18175	9219
18176	9220
18177	9221
18178	9221
18179	9221
18180	9222
18181	9223
18182	9224
18183	9225
18184	9226
18185	9227
18186	9227
18187	9228
18188	9229
18189	9230
18190	9231
18191	9232
18192	9233
18193	9233
18194	9234
18195	9235
18196	9236
18197	9237
18198	9237
18199	9238
18200	9239
18201	9240
18202	9241
18203	9241
18204	9242
18205	9241
18206	9242
18207	9241
18208	9242
18209	9242
18210	9243
18211	9244
18212	9245
18213	9246
18214	9247
18215	9248
18216	9249
18217	9250
18218	9250
18219	9250
18220	9251
18221	9250
18222	9251
18223	9252
18224	9253
18225	9254
18226	9255
18227	9256
18228	9257
18229	9258
18230	9259
18231	9260
18232	9261
18233	9261
18234	9261
18235	9262
18236	9262
18237	9262
18238	9263
18239	9264
18240	9265
18241	9266
18242	9267
18243	9266
18244	9267
18245	9268
18246	9269
18247	9269
18248	9269
18249	9270
18250	9271
18251	9272
18252	9272
18253	9273
18254	9274
18255	9275
18256	9276
18257	9276
18258	9277
18259	9277
18260	9277
18261	9277
18262	9278
18263	9279
18264	9280
18265	9281
18266	9282
18267	9282
18268	9282
18269	9283
18270	9284
18271	9284
18272	9285
18273	9286
18274	9285
18275	9285
18276	9285
18277	9284
18278	9284
18279	9285
18280	9286
18281	9285
18282	9286
18283	9287
18284	9288
18285	9289
18286	9290
18287	9291
18288	9292
18289	9292
18290	9293
18291	9294
18292	9294
18293	9294
18294	9295
18295	9296
18296	9297
18297	9297
18298	9298
18299	9298
18300	9298
18301	9298
18302	9297
18303	9297
18304	9298
18305	9299
18306	9300
18307	9301
18308	9302
18309	9303
18310	9304
18311	9305
18312	9306
18313	9307
18314	9308
18315	9307
18316	9308
18317	9308
18318	9309
18319	9310
18320	9311
18321	9311
18322	9311
18323	9312
18324	9312
18325	9313
18326	9314
18327	9314
18328	9315
18329	9316
18330	9317
18331	9318
18332	9318
18333	9319
18334	9320
18335	9320
18336	9321
18337	9322
18338	9323
18339	9324
18340	9325
18341	9326
18342	9327
18343	9327
18344	9327
18345	9327
18346	9328
18347	9329
18348	9329
18349	9330
18350	9329
18351	9330
18352	9331
18353	9331
18354	9331
18355	9331
18356	9332
18357	9332
18358	9332
18359	9332
18360	9333
18361	9334
18362	9335
18363	9335
18364	9334
18365	9334
18366	9334
18367	9335
18368	9336
18369	9336
18370	9336
18371	9337
18372	9337
18373	9338
18374	9339
18375	9340
18376	9341
18377	9341
18378	9342
18379	9342
18380	9343
18381	9342
18382	9342
18383	9343
18384	9344
18385	9344
18386	9345
18387	9346
18388	9346
18389	9346
18390	9347
18391	9348
18392	9348
18393	9349
18394	9349
18395	9350
18396	9350
18397	9351
18398	9352
18399	9353
18400	9353
18401	9354
18402	9355
18403	9356
18404	9357
18405	9357
18406	9358
18407	9358
18408	9359
18409	9360
18410	9361
18411	9362
18412	9363
18413	9364
18414	9364
18415	9365
18416	9366
18417	9367
18418	9368
18419	9368
18420	9369
18421	9370
18422	9371
18423	9370
18424	9371
18425	9371
18426	9371
18427	9372
18428	9373
18429	9374
18430	9373
18431	9374
18432	9375
18433	9375
18434	9376
18435	9377
18436	9378
18437	9379
18438	9380
18439	9380
18440	9381
18441	9382
18442	9383
18443	9384
18444	9385
18445	9386
18446	9387
18447	9388
18448	9389
18449	9390
18450	9391
18451	9392
18452	9392
18453	9393
18454	9393
18455	9393
18456	9394
18457	9395
18458	9396
18459	9397
18460	9397
18461	9398
18462	9398
18463	9399
18464	9400
18465	9401
18466	9402
18467	9402
18468	9403
18469	9403
18470	9403
18471	9403
18472	9404
18473	9404
18474	9404
18475	9405
18476	9406
18477	9407
18478	9407
18479	9406
18480	9406
18481	9407
18482	9408
18483	9409
18484	9410
18485	9411
18486	9412
18487	9413
18488	9414
18489	9415
18490	9415
18491	9416
18492	9416
18493	9416
18494	9415
18495	9415
18496	9416
18497	9417
18498	9418
18499	9418
18500	9418
18501	9419
18502	9419
18503	9420
18504	9421
18505	9422
18506	9423
18507	9422
18508	9423
18509	9423
18510	9424
18511	9425
18512	9424
18513	9424
18514	9425
18515	9426
18516	9427
18517	9428
18518	9428
18519	9429
18520	9429
18521	9429
18522	9430
18523	9431
18524	9432
18525	9433
18526	9434
18527	9435
18528	9436
18529	9436
18530	9436
18531	9437
18532	9437
18533	9438
18534	9439
18535	9440
18536	9441
18537	9441
18538	9442
18539	9443
18540	9444
18541	9445
18542	9446
18543	9447
18544	9447
18545	9446
18546	9446
18547	9447
18548	9448
18549	9449
18550	9450
18551	9451
18552	9452
18553	9453
18554	9454
18555	9454
18556	9455
18557	9456
18558	9457
18559	9458
18560	9458
18561	9459
18562	9460
18563	9461
18564	9462
18565	9463
18566	9464
18567	9465
18568	9466
18569	9466
18570	9467
18571	9467
18572	9468
18573	9469
18574	9470
18575	9471
18576	9472
18577	9473
18578	9474
18579	9475
18580	9475
18581	9475
18582	9475
18583	9476
18584	9477
18585	9478
18586	9479
18587	9479
18588	9480
18589	9479
18590	9480
18591	9481
18592	9481
18593	9482
18594	9482
18595	9483
18596	9484
18597	9484
18598	9485
18599	9486
18600	9487
18601	9488
18602	9489
18603	9490
18604	9491
18605	9492
18606	9493
18607	9494
18608	9494
18609	9495
18610	9496
18611	9497
18612	9496
18613	9497
18614	9498
18615	9499
18616	9499
18617	9499
18618	9500
18619	9500
18620	9501
18621	9502
18622	9503
18623	9504
18624	9505
18625	9506
18626	9506
18627	9507
18628	9508
18629	9508
18630	9509
18631	9510
18632	9511
18633	9512
18634	9512
18635	9513
18636	9514
18637	9514
18638	9515
18639	9516
18640	9516
18641	9517
18642	9517
18643	9518
18644	9519
18645	9520
18646	9521
18647	9522
18648	9522
18649	9523
18650	9524
18651	9524
18652	9525
18653	9526
18654	9526
18655	9526
18656	9527
18657	9528
18658	9529
18659	9528
18660	9529
18661	9529
18662	9530
18663	9531
18664	9531
18665	9531
18666	9531
18667	9532
18668	9533
18669	9534
18670	9535
18671	9536
18672	9537
18673	9538
18674	9539
18675	9540
18676	9541
18677	9541
18678	9542
18679	9542
18680	9543
18681	9544
18682	9544
18683	9545
18684	9546
18685	9547
18686	9548
18687	9548
18688	9549
18689	9550
18690	9550
18691	9551
18692	9551
18693	9552
18694	9553
18695	9554
18696	9555
18697	9556
18698	9557
18699	9558
18700	9559
18701	9560
18702	9560
18703	9561
18704	9562
18705	9563
18706	9564
18707	9565
18708	9566
18709	9566
18710	9566
18711	9567
18712	9568
18713	9569
18714	9570
18715	9570
18716	9571
18717	9571
18718	9572
18719	9573
18720	9572
18721	9573
18722	9574
18723	9575
18724	9576
18725	9576
18726	9576
18727	9577
18728	9578
18729	9578
18730	9579
18731	9580
18732	9581
18733	9582
18734	9583
18735	9584
18736	9585
18737	9585
18738	9586
18739	9587
18740	9588
18741	9589
18742	9590
18743	9590
18744	9591
18745	9592
18746	9592
18747	9592
18748	9593
18749	9594
18750	9595
18751	9595
18752	9594
18753	9595
18754	9596
18755	9597
18756	9597
18757	9598
18758	9599
18759	9600
18760	9600
18761	9601
18762	9601
18763	9601
18764	9602
18765	9603
18766	9604
18767	9604
18768	9605
18769	9605
18770	9606
18771	9607
18772	9608
18773	9608
18774	9609
18775	9610
18776	9611
18777	9612
18778	9612
18779	9613
18780	9614
18781	9613
18782	9614
18783	9615
18784	9616
18785	9617
18786	9616
18787	9617
18788	9618
18789	9618
18790	9619
18791	9620
18792	9621
18793	9621
18794	9622
18795	9622
18796	9623
18797	9624
18798	9624
18799	9625
18800	9625
18801	9626
18802	9626
18803	9627
18804	9628
18805	9629
18806	9628
18807	9629
18808	9630
18809	9630
18810	9631
18811	9631
18812	9632
18813	9633
18814	9634
18815	9634
18816	9633
18817	9632
18818	9633
18819	9632
18820	9633
18821	9634
18822	9633
18823	9634
18824	9634
18825	9634
18826	9635
18827	9636
18828	9637
18829	9638
18830	9639
18831	9640
18832	9640
18833	9641
18834	9641
18835	9642
18836	9643
18837	9644
18838	9645
18839	9646
18840	9647
18841	9647
18842	9648
18843	9648
18844	9647
18845	9648
18846	9649
18847	9649
18848	9650
18849	9651
18850	9652
18851	9652
18852	9653
18853	9654
18854	9654
18855	9655
18856	9656
18857	9657
18858	9657
18859	9658
18860	9659
18861	9659
18862	9659
18863	9660
18864	9661
18865	9661
18866	9662
18867	9662
18868	9663
18869	9664
18870	9664
18871	9664
18872	9664
18873	9665
18874	9666
18875	9666
18876	9667
18877	9668
18878	9669
18879	9669
18880	9670
18881	9671
18882	9672
18883	9673
18884	9674
18885	9675
18886	9675
18887	9676
18888	9677
18889	9678
18890	9679
18891	9680
18892	9680
18893	9681
18894	9681
18895	9681
18896	9682
18897	9683
18898	9684
18899	9685
18900	9686
18901	9687
18902	9687
18903	9688
18904	9688
18905	9688
18906	9688
18907	9689
18908	9690
18909	9691
18910	9691
18911	9692
18912	9693
18913	9694
18914	9695
18915	9695
18916	9695
18917	9695
18918	9695
18919	9696
18920	9697
18921	9698
18922	9699
18923	9699
18924	9698
18925	9699
18926	9700
18927	9701
18928	9702
18929	9702
18930	9703
18931	9704
18932	9704
18933	9705
18934	9705
18935	9706
18936	9706
18937	9707
18938	9707
18939	9707
18940	9707
18941	9708
18942	9708
18943	9709
18944	9709
18945	9708
18946	9709
18947	9710
18948	9710
18949	9711
18950	9712
18951	9713
18952	9714
18953	9715
18954	9716
18955	9717
18956	9717
18957	9718
18958	9719
18959	9719
18960	9719
18961	9719
18962	9720
18963	9719
18964	9719
18965	9719
18966	9720
18967	9720
18968	9721
18969	9721
18970	9722
18971	9722
18972	9723
18973	9723
18974	9724
18975	9725
18976	9726
18977	9726
18978	9726
18979	9727
18980	9727
18981	9728
18982	9729
18983	9730
18984	9731
18985	9732
18986	9732
18987	9733
18988	9734
18989	9734
18990	9735
18991	9735
18992	9735
18993	9735
18994	9736
18995	9737
18996	9736
18997	9737
18998	9738
18999	9738
19000	9739
19001	9740
19002	9741
19003	9742
19004	9743
19005	9744
19006	9745
19007	9745
19008	9745
19009	9744
19010	9745
19011	9746
19012	9746
19013	9745
19014	9746
19015	9747
19016	9748
19017	9748
19018	9748
19019	9749
19020	9749
19021	9749
19022	9750
19023	9751
19024	9752
19025	9753
19026	9754
19027	9755
19028	9756
19029	9757
19030	9758
19031	9758
19032	9758
19033	9758
19034	9759
19035	9760
19036	9761
19037	9762
19038	9762
19039	9762
19040	9763
19041	9762
19042	9762
19043	9763
19044	9762
19045	9763
19046	9764
19047	9765
19048	9766
19049	9766
19050	9766
19051	9766
19052	9767
19053	9768
19054	9769
19055	9768
19056	9769
19057	9770
19058	9771
19059	9772
19060	9772
19061	9772
19062	9772
19063	9773
19064	9774
19065	9775
19066	9776
19067	9776
19068	9777
19069	9778
19070	9779
19071	9780
19072	9780
19073	9781
19074	9782
19075	9782
19076	9783
19077	9784
19078	9785
19079	9785
19080	9786
19081	9787
19082	9787
19083	9788
19084	9788
19085	9788
19086	9789
19087	9790
19088	9790
19089	9791
19090	9791
19091	9791
19092	9791
19093	9792
19094	9793
19095	9794
19096	9794
19097	9795
19098	9795
19099	9796
19100	9797
19101	9797
19102	9797
19103	9798
19104	9798
19105	9799
19106	9800
19107	9801
19108	9802
19109	9803
19110	9804
19111	9805
19112	9804
19113	9804
19114	9805
19115	9806
19116	9807
19117	9808
19118	9809
19119	9810
19120	9811
19121	9811
19122	9811
19123	9811
19124	9811
19125	9812
19126	9813
19127	9813
19128	9814
19129	9815
19130	9816
19131	9817
19132	9817
19133	9817
19134	9817
19135	9818
19136	9818
19137	9818
19138	9818
19139	9818
19140	9819
19141	9820
19142	9821
19143	9822
19144	9821
19145	9822
19146	9823
19147	9824
19148	9825
19149	9826
19150	9827
19151	9828
19152	9828
19153	9829
19154	9830
19155	9830
19156	9831
19157	9832
19158	9832
19159	9833
19160	9834
19161	9835
19162	9836
19163	9837
19164	9838
19165	9839
19166	9839
19167	9839
19168	9839
19169	9839
19170	9839
19171	9840
19172	9840
19173	9840
19174	9840
19175	9841
19176	9841
19177	9842
19178	9842
19179	9843
19180	9844
19181	9843
19182	9844
19183	9845
19184	9846
19185	9847
19186	9847
19187	9847
19188	9846
19189	9846
19190	9846
19191	9847
19192	9848
19193	9849
19194	9850
19195	9850
19196	9851
19197	9852
19198	9852
19199	9853
19200	9852
19201	9852
19202	9853
19203	9853
19204	9854
19205	9854
19206	9855
19207	9856
19208	9857
19209	9857
19210	9858
19211	9858
19212	9858
19213	9859
19214	9860
19215	9861
19216	9862
19217	9862
19218	9863
19219	9864
19220	9865
19221	9865
19222	9866
19223	9867
19224	9867
19225	9867
19226	9867
19227	9868
19228	9868
19229	9868
19230	9868
19231	9869
19232	9870
19233	9871
19234	9870
19235	9871
19236	9872
19237	9872
19238	9873
19239	9874
19240	9875
19241	9876
19242	9877
19243	9878
19244	9878
19245	9879
19246	9880
19247	9881
19248	9882
19249	9883
19250	9884
19251	9885
19252	9886
19253	9887
19254	9887
19255	9888
19256	9889
19257	9890
19258	9891
19259	9891
19260	9892
19261	9893
19262	9894
19263	9895
19264	9894
19265	9895
19266	9896
19267	9897
19268	9898
19269	9899
19270	9900
19271	9901
19272	9902
19273	9902
19274	9903
19275	9904
19276	9904
19277	9903
19278	9904
19279	9905
19280	9906
19281	9907
19282	9908
19283	9908
19284	9909
19285	9910
19286	9910
19287	9911
19288	9912
19289	9912
19290	9912
19291	9912
19292	9913
19293	9913
19294	9913
19295	9913
19296	9914
19297	9915
19298	9916
19299	9916
19300	9916
19301	9915
19302	9916
19303	9917
19304	9918
19305	9919
19306	9920
19307	9921
19308	9922
19309	9923
19310	9924
19311	9924
19312	9925
19313	9925
19314	9924
19315	9925
19316	9925
19317	9926
19318	9927
19319	9928
19320	9929
19321	9929
19322	9929
19323	9930
19324	9931
19325	9932
19326	9933
19327	9933
19328	9933
19329	9934
19330	9935
19331	9935
19332	9935
19333	9936
19334	9937
19335	9938
19336	9938
19337	9939
19338	9940
19339	9941
19340	9942
19341	9943
19342	9944
19343	9945
19344	9945
19345	9945
19346	9946
19347	9947
19348	9948
19349	9949
19350	9950
19351	9951
19352	9951
19353	9952
19354	9953
19355	9954
19356	9955
19357	9956
19358	9956
19359	9957
19360	9958
19361	9959
19362	9960
19363	9961
19364	9962
19365	9963
19366	9963
19367	9964
19368	9965
19369	9965
19370	9966
19371	9967
19372	9968
19373	9969
19374	9969
19375	9970
19376	9971
19377	9972
19378	9973
19379	9974
19380	9974
19381	9975
19382	9976
19383	9976
19384	9977
19385	9978
19386	9978
19387	9979
19388	9980
19389	9981
19390	9982
19391	9983
19392	9983
19393	9983
19394	9984
19395	9985
19396	9986
19397	9987
19398	9986
19399	9987
19400	9987
19401	9987
19402	9988
19403	9989
19404	9990
19405	9990
19406	9991
19407	9992
19408	9993
19409	9994
19410	9995
19411	9996
19412	9997
19413	9997
19414	9997
19415	9997
19416	9997
19417	9998
19418	9999
19419	9999
19420	9999
19421	9999
19422	10000
19423	9999
19424	10000
19425	10001
19426	10002
19427	10003
19428	10004
19429	10005
19430	10004
19431	10005
19432	10006
19433	10007
19434	10007
19435	10007
19436	10008
19437	10009
19438	10010
19439	10011
19440	10011
19441	10012
19442	10013
19443	10014
19444	10015
19445	10015
19446	10014
19447	10014
19448	10014
19449	10015
19450	10016
19451	10017
19452	10018
19453	10019
19454	10020
19455	10020
19456	10021
19457	10022
19458	10022
19459	10023
19460	10024
19461	10025
19462	10026
19463	10027
19464	10027
19465	10028
19466	10028
19467	10029
19468	10030
19469	10030
19470	10031
19471	10032
19472	10033
19473	10034
19474	10034
19475	10035
19476	10035
19477	10036
19478	10037
19479	10038
19480	10039
19481	10038
19482	10039
19483	10040
19484	10041
19485	10042
19486	10042
19487	10043
19488	10044
19489	10045
19490	10045
19491	10046
19492	10046
19493	10047
19494	10047
19495	10048
19496	10049
19497	10050
19498	10050
19499	10051
19500	10052
19501	10053
19502	10054
19503	10055
19504	10056
19505	10057
19506	10057
19507	10058
19508	10058
19509	10059
19510	10060
19511	10060
19512	10061
19513	10061
19514	10061
19515	10060
19516	10061
19517	10062
19518	10062
19519	10061
19520	10061
19521	10062
19522	10062
19523	10063
19524	10064
19525	10065
19526	10066
19527	10067
19528	10068
19529	10069
19530	10070
19531	10071
19532	10072
19533	10073
19534	10074
19535	10075
19536	10075
19537	10076
19538	10077
19539	10077
19540	10078
19541	10079
19542	10080
19543	10081
19544	10081
19545	10082
19546	10083
19547	10083
19548	10084
19549	10085
19550	10085
19551	10086
19552	10087
19553	10088
19554	10089
19555	10090
19556	10090
19557	10091
19558	10091
19559	10092
19560	10093
19561	10094
19562	10094
19563	10095
19564	10096
19565	10097
19566	10098
19567	10099
19568	10100
19569	10101
19570	10101
19571	10102
19572	10102
19573	10103
19574	10104
19575	10103
19576	10104
19577	10104
19578	10104
19579	10104
19580	10105
19581	10106
19582	10107
19583	10107
19584	10108
19585	10109
19586	10110
19587	10110
19588	10109
19589	10109
19590	10110
19591	10110
19592	10111
19593	10112
19594	10113
19595	10113
19596	10114
19597	10114
19598	10115
19599	10116
19600	10116
19601	10117
19602	10117
19603	10118
19604	10118
19605	10119
19606	10120
19607	10121
19608	10122
19609	10123
19610	10124
19611	10125
19612	10125
19613	10125
19614	10126
19615	10126
19616	10127
19617	10128
19618	10127
19619	10128
19620	10127
19621	10128
19622	10129
19623	10130
19624	10131
19625	10132
19626	10133
19627	10134
19628	10135
19629	10136
19630	10136
19631	10137
19632	10138
19633	10138
19634	10137
19635	10138
19636	10138
19637	10138
19638	10139
19639	10138
19640	10139
19641	10139
19642	10140
19643	10141
19644	10142
19645	10143
19646	10144
19647	10144
19648	10144
19649	10145
19650	10146
19651	10147
19652	10147
19653	10147
19654	10148
19655	10149
19656	10150
19657	10151
19658	10152
19659	10153
19660	10153
19661	10154
19662	10155
19663	10155
19664	10156
19665	10157
19666	10157
19667	10157
19668	10158
19669	10158
19670	10159
19671	10160
19672	10160
19673	10160
19674	10161
19675	10161
19676	10162
19677	10163
19678	10163
19679	10164
19680	10164
19681	10165
19682	10166
19683	10166
19684	10167
19685	10168
19686	10169
19687	10170
19688	10171
19689	10172
19690	10173
19691	10173
19692	10174
19693	10174
19694	10175
19695	10176
19696	10176
19697	10177
19698	10177
19699	10177
19700	10178
19701	10178
19702	10179
19703	10180
19704	10180
19705	10181
19706	10182
19707	10183
19708	10184
19709	10185
19710	10186
19711	10186
19712	10187
19713	10188
19714	10189
19715	10190
19716	10190
19717	10190
19718	10191
19719	10192
19720	10192
19721	10193
19722	10194
19723	10195
19724	10195
19725	10196
19726	10197
19727	10197
19728	10197
19729	10197
19730	10198
19731	10199
19732	10200
19733	10201
19734	10201
19735	10202
19736	10202
19737	10203
19738	10204
19739	10204
19740	10204
19741	10205
19742	10206
19743	10207
19744	10207
19745	10208
19746	10209
19747	10210
19748	10211
19749	10212
19750	10212
19751	10213
19752	10214
19753	10214
19754	10215
19755	10215
19756	10216
19757	10216
19758	10216
19759	10217
19760	10218
19761	10218
19762	10219
19763	10219
19764	10219
19765	10220
19766	10221
19767	10221
19768	10221
19769	10222
19770	10222
19771	10222
19772	10223
19773	10224
19774	10225
19775	10226
19776	10227
19777	10228
19778	10229
19779	10230
19780	10231
19781	10231
19782	10231
19783	10232
19784	10233
19785	10233
19786	10234
19787	10235
19788	10234
19789	10234
19790	10235
19791	10235
19792	10235
19793	10236
19794	10235
19795	10236
19796	10237
19797	10237
19798	10237
19799	10238
19800	10239
19801	10240
19802	10240
19803	10241
19804	10240
19805	10241
19806	10242
19807	10243
19808	10244
19809	10245
19810	10246
19811	10246
19812	10246
19813	10246
19814	10247
19815	10248
19816	10249
19817	10250
19818	10250
19819	10251
19820	10252
19821	10252
19822	10253
19823	10254
19824	10255
19825	10255
19826	10256
19827	10257
19828	10258
19829	10259
19830	10260
19831	10260
19832	10260
19833	10261
19834	10262
19835	10262
19836	10263
19837	10264
19838	10264
19839	10265
19840	10264
19841	10265
19842	10266
19843	10267
19844	10267
19845	10268
19846	10268
19847	10269
19848	10270
19849	10271
19850	10272
19851	10273
19852	10274
19853	10273
19854	10274
19855	10275
19856	10274
19857	10275
19858	10276
19859	10276
19860	10277
19861	10277
19862	10278
19863	10279
19864	10280
19865	10281
19866	10282
19867	10283
19868	10283
19869	10284
19870	10284
19871	10284
19872	10284
19873	10285
19874	10285
19875	10286
19876	10287
19877	10288
19878	10289
19879	10290
19880	10290
19881	10291
19882	10291
19883	10291
19884	10291
19885	10291
19886	10292
19887	10293
19888	10294
19889	10295
19890	10296
19891	10297
19892	10298
19893	10299
19894	10298
19895	10299
19896	10300
19897	10301
19898	10301
19899	10301
19900	10302
19901	10303
19902	10303
19903	10304
19904	10305
19905	10305
19906	10306
19907	10307
19908	10308
19909	10308
19910	10308
19911	10308
19912	10309
19913	10310
19914	10310
19915	10311
19916	10311
19917	10311
19918	10311
19919	10312
19920	10313
19921	10314
19922	10314
19923	10315
19924	10316
19925	10316
19926	10316
19927	10317
19928	10317
19929	10317
19930	10318
19931	10319
19932	10320
19933	10321
19934	10322
19935	10323
19936	10324
19937	10325
19938	10324
19939	10324
19940	10325
19941	10326
19942	10325
19943	10326
19944	10327
19945	10327
19946	10327
19947	10328
19948	10329
19949	10330
19950	10331
19951	10332
19952	10333
19953	10334
19954	10335
19955	10336
19956	10336
19957	10336
19958	10336
19959	10337
19960	10338
19961	10338
19962	10339
19963	10340
19964	10340
19965	10341
19966	10341
19967	10341
19968	10342
19969	10343
19970	10344
19971	10345
19972	10345
19973	10346
19974	10346
19975	10347
19976	10348
19977	10348
19978	10348
19979	10348
19980	10348
19981	10349
19982	10350
19983	10351
19984	10352
19985	10353
19986	10354
19987	10354
19988	10355
19989	10355
19990	10355
19991	10356
19992	10357
19993	10358
19994	10359
19995	10360
19996	10360
19997	10360
19998	10360
19999	10361
20000	10362
20001	10363
20002	10363
20003	10364
20004	10364
20005	10364
20006	10363
20007	10364
20008	10365
20009	10365
20010	10366
20011	10366
20012	10366
20013	10366
20014	10366
20015	10366
20016	10367
20017	10368
20018	10369
20019	10368
20020	10368
20021	10368
20022	10368
20023	10369
20024	10370
20025	10370
20026	10371
20027	10372
20028	10373
20029	10373
20030	10374
20031	10374
20032	10375
20033	10376
20034	10376
20035	10376
20036	10377
20037	10376
20038	10376
20039	10376
20040	10377
20041	10378
20042	10379
20043	10379
20044	10380
20045	10381
20046	10381
20047	10382
20048	10382
20049	10382
20050	10382
20051	10383
20052	10384
20053	10385
20054	10385
20055	10386
20056	10387
20057	10388
20058	10389
20059	10389
20060	10390
20061	10390
20062	10391
20063	10392
20064	10393
20065	10394
20066	10395
20067	10395
20068	10396
20069	10397
20070	10398
20071	10399
20072	10400
20073	10399
20074	10400
20075	10401
20076	10402
20077	10401
20078	10402
20079	10402
20080	10403
20081	10404
20082	10405
20083	10404
20084	10405
20085	10405
20086	10406
20087	10407
20088	10406
20089	10407
20090	10408
20091	10409
20092	10410
20093	10411
20094	10410
20095	10410
20096	10411
20097	10412
20098	10412
20099	10413
20100	10414
20101	10415
20102	10415
20103	10415
20104	10416
20105	10416
20106	10417
20107	10418
20108	10419
20109	10420
20110	10421
20111	10421
20112	10421
20113	10422
20114	10423
20115	10423
20116	10424
20117	10425
20118	10426
20119	10427
20120	10428
20121	10428
20122	10429
20123	10430
20124	10430
20125	10430
20126	10430
20127	10430
20128	10431
20129	10432
20130	10432
20131	10432
20132	10432
20133	10433
20134	10434
20135	10434
20136	10435
20137	10436
20138	10437
20139	10437
20140	10438
20141	10439
20142	10440
20143	10441
20144	10442
20145	10442
20146	10442
20147	10443
20148	10444
20149	10445
20150	10446
20151	10447
20152	10448
20153	10447
20154	10448
20155	10448
20156	10449
20157	10450
20158	10451
20159	10452
20160	10452
20161	10453
20162	10454
20163	10455
20164	10455
20165	10456
20166	10457
20167	10458
20168	10459
20169	10459
20170	10460
20171	10461
20172	10461
20173	10462
20174	10463
20175	10463
20176	10464
20177	10465
20178	10465
20179	10465
20180	10466
20181	10467
20182	10468
20183	10467
20184	10467
20185	10467
20186	10468
20187	10469
20188	10470
20189	10471
20190	10471
20191	10472
20192	10472
20193	10473
20194	10474
20195	10475
20196	10475
20197	10476
20198	10477
20199	10478
20200	10479
20201	10479
20202	10480
20203	10481
20204	10481
20205	10481
20206	10482
20207	10483
20208	10483
20209	10484
20210	10485
20211	10485
20212	10485
20213	10486
20214	10487
20215	10487
20216	10488
20217	10489
20218	10488
20219	10489
20220	10490
20221	10490
20222	10491
20223	10492
20224	10493
20225	10492
20226	10492
20227	10493
20228	10494
20229	10494
20230	10495
20231	10496
20232	10496
20233	10497
20234	10498
20235	10499
20236	10500
20237	10500
20238	10501
20239	10501
20240	10502
20241	10503
20242	10504
20243	10505
20244	10506
20245	10507
20246	10508
20247	10509
20248	10508
20249	10508
20250	10507
20251	10507
20252	10508
20253	10509
20254	10510
20255	10510
20256	10511
20257	10512
20258	10513
20259	10514
20260	10515
20261	10515
20262	10515
20263	10516
20264	10516
20265	10517
20266	10518
20267	10519
20268	10519
20269	10520
20270	10520
20271	10521
20272	10522
20273	10522
20274	10522
20275	10523
20276	10524
20277	10525
20278	10525
20279	10525
20280	10526
20281	10527
20282	10528
20283	10529
20284	10529
20285	10530
20286	10531
20287	10531
20288	10530
20289	10531
20290	10532
20291	10533
20292	10533
20293	10534
20294	10535
20295	10536
20296	10537
20297	10537
20298	10538
20299	10539
20300	10540
20301	10541
20302	10542
20303	10543
20304	10544
20305	10544
20306	10544
20307	10545
20308	10546
20309	10547
20310	10548
20311	10549
20312	10549
20313	10550
20314	10551
20315	10552
20316	10552
20317	10553
20318	10554
20319	10555
20320	10555
20321	10555
20322	10556
20323	10556
20324	10557
20325	10558
20326	10557
20327	10558
20328	10559
20329	10559
20330	10559
20331	10560
20332	10561
20333	10562
20334	10563
20335	10564
20336	10565
20337	10566
20338	10566
20339	10567
20340	10568
20341	10569
20342	10570
20343	10570
20344	10570
20345	10571
20346	10571
20347	10572
20348	10573
20349	10572
20350	10573
20351	10574
20352	10575
20353	10575
20354	10575
20355	10575
20356	10576
20357	10577
20358	10578
20359	10579
20360	10580
20361	10579
20362	10579
20363	10579
20364	10579
20365	10580
20366	10581
20367	10581
20368	10582
20369	10582
20370	10583
20371	10583
20372	10584
20373	10584
20374	10584
20375	10584
20376	10585
20377	10585
20378	10586
20379	10587
20380	10587
20381	10588
20382	10589
20383	10589
20384	10590
20385	10591
20386	10592
20387	10592
20388	10591
20389	10590
20390	10590
20391	10591
20392	10592
20393	10592
20394	10592
20395	10593
20396	10593
20397	10594
20398	10595
20399	10596
20400	10596
20401	10597
20402	10597
20403	10598
20404	10598
20405	10599
20406	10599
20407	10599
20408	10600
20409	10599
20410	10598
20411	10598
20412	10598
20413	10599
20414	10600
20415	10600
20416	10601
20417	10602
20418	10602
20419	10603
20420	10604
20421	10604
20422	10605
20423	10606
20424	10607
20425	10608
20426	10609
20427	10609
20428	10610
20429	10611
20430	10612
20431	10612
20432	10612
20433	10612
20434	10612
20435	10613
20436	10614
20437	10615
20438	10616
20439	10617
20440	10618
20441	10619
20442	10620
20443	10620
20444	10621
20445	10622
20446	10623
20447	10623
20448	10623
20449	10623
20450	10624
20451	10625
20452	10625
20453	10625
20454	10626
20455	10626
20456	10627
20457	10627
20458	10627
20459	10627
20460	10628
20461	10629
20462	10629
20463	10628
20464	10629
20465	10630
20466	10631
20467	10630
20468	10630
20469	10631
20470	10632
20471	10633
20472	10632
20473	10633
20474	10634
20475	10635
20476	10636
20477	10636
20478	10636
20479	10636
20480	10636
20481	10635
20482	10635
20483	10635
20484	10635
20485	10636
20486	10636
20487	10637
20488	10637
20489	10636
20490	10637
20491	10637
20492	10638
20493	10638
20494	10639
20495	10640
20496	10640
20497	10641
20498	10640
20499	10641
20500	10642
20501	10643
20502	10643
20503	10644
20504	10645
20505	10646
20506	10647
20507	10647
20508	10648
20509	10648
20510	10648
20511	10649
20512	10650
20513	10651
20514	10650
20515	10651
20516	10652
20517	10653
20518	10654
20519	10655
20520	10656
20521	10657
20522	10657
20523	10658
20524	10658
20525	10657
20526	10656
20527	10656
20528	10656
20529	10657
20530	10657
20531	10658
20532	10658
20533	10659
20534	10660
20535	10660
20536	10660
20537	10661
20538	10661
20539	10661
20540	10662
20541	10662
20542	10663
20543	10663
20544	10664
20545	10665
20546	10666
20547	10667
20548	10667
20549	10668
20550	10668
20551	10669
20552	10670
20553	10671
20554	10671
20555	10672
20556	10673
20557	10674
20558	10674
20559	10675
20560	10676
20561	10676
20562	10676
20563	10677
20564	10678
20565	10678
20566	10678
20567	10679
20568	10679
20569	10680
20570	10681
20571	10682
20572	10683
20573	10683
20574	10684
20575	10685
20576	10685
20577	10685
20578	10685
20579	10686
20580	10687
20581	10688
20582	10689
20583	10689
20584	10690
20585	10690
20586	10689
20587	10690
20588	10690
20589	10691
20590	10692
20591	10693
20592	10694
20593	10694
20594	10695
20595	10695
20596	10696
20597	10696
20598	10696
20599	10696
20600	10696
20601	10696
20602	10697
20603	10698
20604	10699
20605	10699
20606	10699
20607	10700
20608	10700
20609	10700
20610	10701
20611	10701
20612	10702
20613	10702
20614	10703
20615	10704
20616	10705
20617	10706
20618	10707
20619	10708
20620	10709
20621	10708
20622	10708
20623	10709
20624	10710
20625	10711
20626	10712
20627	10713
20628	10713
20629	10713
20630	10714
20631	10714
20632	10714
20633	10714
20634	10715
20635	10715
20636	10716
20637	10717
20638	10718
20639	10719
20640	10720
20641	10720
20642	10720
20643	10720
20644	10720
20645	10721
20646	10721
20647	10721
20648	10721
20649	10721
20650	10720
20651	10721
20652	10722
20653	10723
20654	10724
20655	10725
20656	10726
20657	10727
20658	10728
20659	10729
20660	10730
20661	10730
20662	10731
20663	10732
20664	10733
20665	10733
20666	10734
20667	10735
20668	10734
20669	10735
20670	10736
20671	10737
20672	10736
20673	10736
20674	10737
20675	10738
20676	10739
20677	10740
20678	10741
20679	10742
20680	10743
20681	10744
20682	10744
20683	10744
20684	10744
20685	10745
20686	10746
20687	10746
20688	10747
20689	10748
20690	10749
20691	10750
20692	10751
20693	10751
20694	10752
20695	10752
20696	10753
20697	10753
20698	10753
20699	10754
20700	10754
20701	10755
20702	10755
20703	10756
20704	10756
20705	10756
20706	10756
20707	10757
20708	10758
20709	10759
20710	10760
20711	10761
20712	10762
20713	10762
20714	10763
20715	10763
20716	10764
20717	10765
20718	10766
20719	10767
20720	10768
20721	10768
20722	10768
20723	10768
20724	10769
20725	10770
20726	10770
20727	10771
20728	10771
20729	10771
20730	10771
20731	10771
20732	10771
20733	10772
20734	10773
20735	10773
20736	10774
20737	10774
20738	10774
20739	10773
20740	10774
20741	10775
20742	10776
20743	10777
20744	10777
20745	10776
20746	10776
20747	10777
20748	10778
20749	10779
20750	10779
20751	10779
20752	10780
20753	10780
20754	10781
20755	10782
20756	10782
20757	10783
20758	10782
20759	10782
20760	10783
20761	10784
20762	10784
20763	10784
20764	10785
20765	10786
20766	10787
20767	10787
20768	10787
20769	10787
20770	10787
20771	10788
20772	10789
20773	10790
20774	10791
20775	10791
20776	10792
20777	10793
20778	10793
20779	10794
20780	10795
20781	10796
20782	10796
20783	10796
20784	10796
20785	10796
20786	10797
20787	10798
20788	10799
20789	10798
20790	10799
20791	10799
20792	10800
20793	10801
20794	10800
20795	10801
20796	10802
20797	10803
20798	10804
20799	10804
20800	10805
20801	10804
20802	10805
20803	10806
20804	10807
20805	10808
20806	10809
20807	10810
20808	10811
20809	10811
20810	10812
20811	10813
20812	10814
20813	10815
20814	10816
20815	10815
20816	10816
20817	10817
20818	10818
20819	10819
20820	10818
20821	10819
20822	10820
20823	10820
20824	10821
20825	10821
20826	10821
20827	10822
20828	10822
20829	10822
20830	10823
20831	10824
20832	10825
20833	10825
20834	10826
20835	10827
20836	10827
20837	10828
20838	10829
20839	10830
20840	10831
20841	10831
20842	10832
20843	10832
20844	10833
20845	10834
20846	10834
20847	10834
20848	10835
20849	10836
20850	10835
20851	10836
20852	10836
20853	10837
20854	10837
20855	10838
20856	10839
20857	10840
20858	10841
20859	10842
20860	10843
20861	10843
20862	10844
20863	10845
20864	10846
20865	10846
20866	10847
20867	10848
20868	10849
20869	10849
20870	10850
20871	10850
20872	10850
20873	10851
20874	10852
20875	10853
20876	10854
20877	10855
20878	10856
20879	10856
20880	10857
20881	10858
20882	10858
20883	10858
20884	10859
20885	10860
20886	10861
20887	10862
20888	10862
20889	10863
20890	10864
20891	10864
20892	10864
20893	10864
20894	10864
20895	10865
20896	10866
20897	10867
20898	10868
20899	10868
20900	10869
20901	10869
20902	10869
20903	10869
20904	10870
20905	10871
20906	10871
20907	10872
20908	10872
20909	10873
20910	10874
20911	10875
20912	10875
20913	10876
20914	10877
20915	10878
20916	10879
20917	10879
20918	10880
20919	10881
20920	10882
20921	10882
20922	10883
20923	10884
20924	10885
20925	10886
20926	10886
20927	10887
20928	10887
20929	10888
20930	10889
20931	10890
20932	10891
20933	10892
20934	10891
20935	10892
20936	10893
20937	10893
20938	10894
20939	10895
20940	10896
20941	10896
20942	10897
20943	10897
20944	10898
20945	10898
20946	10898
20947	10898
20948	10899
20949	10899
20950	10900
20951	10901
20952	10902
20953	10903
20954	10904
20955	10905
20956	10905
20957	10906
20958	10906
20959	10905
20960	10906
20961	10906
20962	10906
20963	10907
20964	10908
20965	10909
20966	10910
20967	10911
20968	10912
20969	10913
20970	10913
20971	10912
20972	10913
20973	10913
20974	10914
20975	10915
20976	10916
20977	10916
20978	10917
20979	10918
20980	10919
20981	10919
20982	10920
20983	10920
20984	10921
20985	10922
20986	10923
20987	10924
20988	10924
20989	10924
20990	10924
20991	10924
20992	10925
20993	10926
20994	10927
20995	10928
20996	10929
20997	10930
20998	10930
20999	10930
21000	10931
21001	10932
21002	10933
21003	10934
21004	10935
21005	10935
21006	10936
21007	10936
21008	10937
21009	10938
21010	10938
21011	10939
21012	10940
21013	10941
21014	10941
21015	10942
21016	10943
21017	10944
21018	10945
21019	10946
21020	10947
21021	10948
21022	10948
21023	10948
21024	10949
21025	10950
21026	10951
21027	10952
21028	10953
21029	10954
21030	10954
21031	10955
21032	10955
21033	10956
21034	10956
21035	10956
21036	10957
21037	10957
21038	10958
21039	10959
21040	10960
21041	10959
21042	10960
21043	10961
21044	10962
21045	10962
21046	10963
21047	10964
21048	10964
21049	10964
21050	10965
21051	10966
21052	10966
21053	10966
21054	10966
21055	10967
21056	10967
21057	10968
21058	10968
21059	10969
21060	10969
21061	10969
21062	10968
21063	10969
21064	10970
21065	10971
21066	10972
21067	10973
21068	10974
21069	10975
21070	10974
21071	10975
21072	10976
21073	10977
21074	10976
21075	10976
21076	10976
21077	10976
21078	10977
21079	10978
21080	10978
21081	10978
21082	10979
21083	10980
21084	10980
21085	10981
21086	10981
21087	10981
21088	10981
21089	10982
21090	10982
21091	10983
21092	10983
21093	10984
21094	10985
21095	10986
21096	10986
21097	10987
21098	10988
21099	10988
21100	10989
21101	10988
21102	10988
21103	10988
21104	10989
21105	10990
21106	10990
21107	10991
21108	10992
21109	10992
21110	10993
21111	10994
21112	10994
21113	10995
21114	10996
21115	10996
21116	10997
21117	10998
21118	10998
21119	10998
21120	10998
21121	10999
21122	10999
21123	10999
21124	11000
21125	11001
21126	11002
21127	11003
21128	11004
21129	11005
21130	11006
21131	11007
21132	11008
21133	11008
21134	11009
21135	11010
21136	11011
21137	11012
21138	11012
21139	11012
21140	11012
21141	11012
21142	11013
21143	11013
21144	11014
21145	11015
21146	11015
21147	11016
21148	11017
21149	11018
21150	11019
21151	11019
21152	11020
21153	11021
21154	11022
21155	11022
21156	11022
21157	11022
21158	11023
21159	11023
21160	11023
21161	11023
21162	11024
21163	11025
21164	11026
21165	11026
21166	11027
21167	11028
21168	11029
21169	11028
21170	11029
21171	11029
21172	11030
21173	11031
21174	11031
21175	11032
21176	11033
21177	11034
21178	11035
21179	11035
21180	11036
21181	11036
21182	11035
21183	11035
21184	11036
21185	11037
21186	11037
21187	11037
21188	11037
21189	11037
21190	11037
21191	11037
21192	11038
21193	11038
21194	11038
21195	11039
21196	11039
21197	11040
21198	11041
21199	11041
21200	11041
21201	11042
21202	11042
21203	11043
21204	11043
21205	11044
21206	11045
21207	11046
21208	11047
21209	11047
21210	11048
21211	11048
21212	11049
21213	11050
21214	11051
21215	11051
21216	11052
21217	11053
21218	11054
21219	11054
21220	11055
21221	11056
21222	11057
21223	11057
21224	11057
21225	11058
21226	11059
21227	11059
21228	11059
21229	11060
21230	11060
21231	11061
21232	11062
21233	11063
21234	11064
21235	11065
21236	11066
21237	11066
21238	11066
21239	11066
21240	11067
21241	11068
21242	11068
21243	11069
21244	11070
21245	11069
21246	11069
21247	11069
21248	11070
21249	11070
21250	11071
21251	11072
21252	11072
21253	11072
21254	11071
21255	11072
21256	11073
21257	11074
21258	11075
21259	11075
21260	11076
21261	11077
21262	11078
21263	11079
21264	11080
21265	11080
21266	11081
21267	11082
21268	11083
21269	11084
21270	11085
21271	11085
21272	11086
21273	11085
21274	11086
21275	11087
21276	11086
21277	11087
21278	11088
21279	11089
21280	11090
21281	11091
21282	11092
21283	11092
21284	11093
21285	11093
21286	11093
21287	11093
21288	11093
21289	11093
21290	11094
21291	11095
21292	11096
21293	11097
21294	11098
21295	11099
21296	11099
21297	11099
21298	11100
21299	11100
21300	11100
21301	11100
21302	11100
21303	11101
21304	11102
21305	11103
21306	11104
21307	11103
21308	11104
21309	11105
21310	11106
21311	11107
21312	11108
21313	11109
21314	11109
21315	11109
21316	11110
21317	11111
21318	11111
21319	11112
21320	11113
21321	11113
21322	11114
21323	11115
21324	11116
21325	11117
21326	11117
21327	11118
21328	11119
21329	11119
21330	11119
21331	11119
21332	11119
21333	11119
21334	11119
21335	11120
21336	11121
21337	11122
21338	11122
21339	11122
21340	11122
21341	11123
21342	11124
21343	11124
21344	11124
21345	11124
21346	11125
21347	11126
21348	11127
21349	11128
21350	11129
21351	11130
21352	11131
21353	11132
21354	11131
21355	11131
21356	11132
21357	11132
21358	11132
21359	11134
21360	11134
21361	11134
21362	11133
21363	11133
21364	11132
21365	11131
21366	11131
21367	11130
21368	11130
21369	11130
21370	11130
21371	11130
21372	11130
21373	11130
21374	11132
21375	11132
21376	11132
21377	11132
21378	11132
21379	11132
21380	11132
21381	11134
21382	11134
21383	11134
21384	11134
21385	11134
21386	11134
21387	11133
21388	11133
21389	11134
21390	11134
21391	11135
21392	11135
21393	11136
21394	11136
21395	11138
21396	11139
21397	11139
21398	11140
21399	11140
21400	11140
21401	11140
21402	11140
21403	11140
21404	11140
21405	11140
21406	11142
21407	11142
21408	11143
21409	11143
21410	11142
21411	11143
21412	11142
21413	11142
21414	11141
21415	11141
21416	11140
21417	11140
21418	11140
21419	11140
21420	11140
21421	11139
21422	11141
21423	11141
21424	11143
21425	11143
21426	11142
21427	11142
21428	11142
21429	11142
21430	11142
21431	11142
21432	11142
21433	11144
21434	11146
21435	11146
21436	11148
21437	11148
21438	11148
21439	11148
21440	11147
21441	11147
21442	11147
21443	11147
21444	11149
21445	11149
21446	11148
21447	11148
21448	11148
21449	11148
21450	11148
21451	11150
21452	11150
21453	11150
21454	11149
21455	11149
21456	11148
21457	11148
21458	11148
21459	11148
21460	11148
21461	11148
21462	11148
21463	11148
21464	11150
21465	11150
21466	11150
21467	11150
21468	11150
21469	11150
21470	11149
21471	11150
21472	11150
21473	11150
21474	11150
21475	11150
21476	11150
21477	11150
21478	11152
21479	11152
21480	11154
21481	11154
21482	11153
21483	11153
21484	11152
21485	11152
21486	11151
21487	11153
21488	11152
21489	11153
21490	11153
21491	11154
21492	11155
21493	11156
21494	11156
21495	11156
21496	11156
21497	11156
21498	11156
21499	11156
21500	11156
21501	11156
21502	11158
21503	11158
21504	11160
21505	11160
21506	11161
21507	11161
21508	11161
21509	11160
21510	11160
21511	11160
21512	11160
21513	11159
21514	11160
21515	11160
21516	11161
21517	11161
21518	11161
21519	11163
21520	11163
21521	11163
21522	11164
21523	11164
21524	11165
21525	11165
21526	11167
21527	11167
21528	11169
21529	11169
21530	11169
21531	11168
21532	11168
21533	11168
21534	11168
21535	11168
21536	11170
21537	11170
21538	11170
21539	11170
21540	11170
21541	11170
21542	11170
21543	11169
21544	11169
21545	11171
21546	11171
21547	11171
21548	11171
21549	11171
21550	11170
21551	11170
21552	11170
21553	11170
21554	11170
21555	11171
21556	11171
21557	11172
21558	11172
21559	11174
21560	11174
21561	11176
21562	11176
21563	11175
21564	11174
21565	11174
21566	11173
21567	11173
21568	11173
21569	11173
21570	11172
21571	11173
21572	11175
21573	11175
21574	11175
21575	11177
21576	11177
21577	11179
21578	11179
21579	11178
21580	11178
21581	11178
21582	11178
21583	11178
21584	11178
21585	11180
21586	11180
21587	11182
21588	11182
21589	11184
21590	11184
21591	11183
21592	11183
21593	11183
21594	11183
21595	11182
21596	11184
21597	11184
21598	11186
21599	11188
21600	11188
21601	11190
21602	11192
21603	11191
21604	11192
21605	11192
21606	11192
21607	11191
21608	11191
21609	11191
21610	11193
21611	11193
21612	11192
21613	11192
21614	11192
21615	11192
21616	11192
21617	11191
21618	11190
21619	11190
21620	11190
21621	11190
21622	11189
21623	11188
21624	11188
21625	11188
21626	11187
21627	11187
21628	11189
21629	11189
21630	11188
21631	11188
21632	11189
21633	11189
21634	11191
21635	11191
21636	11193
21637	11195
21638	11196
21639	11196
21640	11196
21641	11198
21642	11198
21643	11198
21644	11198
21645	11197
21646	11197
21647	11197
21648	11197
21649	11197
21650	11198
21651	11198
21652	11198
21653	11198
21654	11197
21655	11199
21656	11198
21657	11198
21658	11198
21659	11198
21660	11198
21661	11200
21662	11200
21663	11200
21664	11200
21665	11200
21666	11199
21667	11198
21668	11197
21669	11199
21670	11198
21671	11198
21672	11197
21673	11196
21674	11196
21675	11196
21676	11196
21677	11197
21678	11196
21679	11196
21680	11197
21681	11197
21682	11199
21683	11199
21684	11200
21685	11200
21686	11202
21687	11201
21688	11201
21689	11200
21690	11200
21691	11200
21692	11202
21693	11202
21694	11202
21695	11201
21696	11201
21697	11200
21698	11200
21699	11200
21700	11200
21701	11199
21702	11200
21703	11200
21704	11202
21705	11202
21706	11204
21707	11204
21708	11206
21709	11205
21710	11205
21711	11204
21712	11204
21713	11204
21714	11204
21715	11204
21716	11205
21717	11205
21718	11206
21719	11207
21720	11207
21721	11207
21722	11209
21723	11209
21724	11211
21725	11211
21726	11212
21727	11212
21728	11212
21729	11212
21730	11212
21731	11211
21732	11211
21733	11211
21734	11210
21735	11210
21736	11209
21737	11208
21738	11207
21739	11207
21740	11207
21741	11207
21742	11207
21743	11207
21744	11207
21745	11206
21746	11205
21747	11205
21748	11205
21749	11207
21750	11206
21751	11206
21752	11206
21753	11205
21754	11207
21755	11207
21756	11207
21757	11207
21758	11207
21759	11207
21760	11207
21761	11208
21762	11208
21763	11208
21764	11208
21765	11208
21766	11208
21767	11208
21768	11209
21769	11209
21770	11211
21771	11210
21772	11209
21773	11210
21774	11212
21775	11212
21776	11213
21777	11213
21778	11214
21779	11214
21780	11214
21781	11213
21782	11212
21783	11212
21784	11212
21785	11212
21786	11214
21787	11214
21788	11216
21789	11215
21790	11216
21791	11216
21792	11218
21793	11218
21794	11220
21795	11219
21796	11219
21797	11219
21798	11218
21799	11217
21800	11217
21801	11217
21802	11217
21803	11218
21804	11220
21805	11220
21806	11220
21807	11220
21808	11221
21809	11221
21810	11220
21811	11220
21812	11220
21813	11220
21814	11220
21815	11219
21816	11219
21817	11220
21818	11220
21819	11221
21820	11220
21821	11220
21822	11219
21823	11221
21824	11220
21825	11220
21826	11220
21827	11220
21828	11220
21829	11220
21830	11220
21831	11219
21832	11218
21833	11218
21834	11218
21835	11218
21836	11218
21837	11217
21838	11216
21839	11215
21840	11215
21841	11214
21842	11216
21843	11216
21844	11216
21845	11216
21846	11215
21847	11214
21848	11214
21849	11213
21850	11213
21851	11212
21852	11212
21853	11213
21854	11213
21855	11214
21856	11214
21857	11215
21858	11215
21859	11216
21860	11216
21861	11216
21862	11216
21863	11216
21864	11216
21865	11216
21866	11215
21867	11214
21868	11215
21869	11215
21870	11215
21871	11215
21872	11215
21873	11217
21874	11218
21875	11218
21876	11220
21877	11220
21878	11220
21879	11222
21880	11222
21881	11223
21882	11223
21883	11225
21884	11225
21885	11226
21886	11226
21887	11227
21888	11226
21889	11226
21890	11226
21891	11226
21892	11226
21893	11226
21894	11227
21895	11227
21896	11227
21897	11229
21898	11229
21899	11230
21900	11229
21901	11229
21902	11229
21903	11229
21904	11228
21905	11228
21906	11228
21907	11229
21908	11229
21909	11228
21910	11228
21911	11228
21912	11228
21913	11228
21914	11228
21915	11228
21916	11228
21917	11228
21918	11228
21919	11228
21920	11229
21921	11230
21922	11230
21923	11232
21924	11232
21925	11232
21926	11232
21927	11234
21928	11234
21929	11233
21930	11233
21931	11233
21932	11232
21933	11232
21934	11234
21935	11233
21936	11232
21937	11232
21938	11234
21939	11234
21940	11235
21941	11235
21942	11237
21943	11238
21944	11238
21945	11238
21946	11238
21947	11240
21948	11241
21949	11241
21950	11241
21951	11241
21952	11241
21953	11240
21954	11240
21955	11240
21956	11241
21957	11241
21958	11241
21959	11241
21960	11241
21961	11241
21962	11240
21963	11242
21964	11242
21965	11242
21966	11242
21967	11242
21968	11242
21969	11242
21970	11242
21971	11242
21972	11244
21973	11244
21974	11245
21975	11245
21976	11246
21977	11246
21978	11246
21979	11245
21980	11245
21981	11244
21982	11244
21983	11246
21984	11246
21985	11245
21986	11245
21987	11246
21988	11246
21989	11246
21990	11246
21991	11246
21992	11246
21993	11246
21994	11246
21995	11246
21996	11246
21997	11245
21998	11245
21999	11247
22000	11247
22001	11247
22002	11249
22003	11249
22004	11249
22005	11249
22006	11249
22007	11248
22008	11249
22009	11249
22010	11248
22011	11248
22012	11248
22013	11250
22014	11250
22015	11250
22016	11250
22017	11250
22018	11252
22019	11252
22020	11254
22021	11254
22022	11254
22023	11254
22024	11256
22025	11256
22026	11256
22027	11256
22028	11255
22029	11255
22030	11255
22031	11255
22032	11254
22033	11254
22034	11254
22035	11254
22036	11254
22037	11254
22038	11255
22039	11255
22040	11255
22041	11255
22042	11255
22043	11256
22044	11255
22045	11256
22046	11256
22047	11257
22048	11257
22049	11257
22050	11257
22051	11258
22052	11258
22053	11260
22054	11260
22055	11259
22056	11259
22057	11259
22058	11259
22059	11259
22060	11259
22061	11261
22062	11261
22063	11260
22064	11260
22065	11260
22066	11259
22067	11259
22068	11259
22069	11260
22070	11260
22071	11260
22072	11260
22073	11260
22074	11262
22075	11262
22076	11262
22077	11262
22078	11262
22079	11262
22080	11261
22081	11261
22082	11262
22083	11262
22084	11263
22085	11263
22086	11264
22087	11264
22088	11264
22089	11265
22090	11264
22091	11265
22092	11264
22093	11264
22094	11264
22095	11264
22096	11264
22097	11264
22098	11264
22099	11263
22100	11264
22101	11264
22102	11266
22103	11266
22104	11268
22105	11268
22106	11268
22107	11268
22108	11268
22109	11268
22110	11268
22111	11268
22112	11268
22113	11268
22114	11270
22115	11270
22116	11272
22117	11272
22118	11271
22119	11271
22120	11272
22121	11272
22122	11273
22123	11273
22124	11274
22125	11273
22126	11273
22127	11275
22128	11275
22129	11274
22130	11273
22131	11273
22132	11272
22133	11271
22134	11273
22135	11273
22136	11274
22137	11274
22138	11275
22139	11275
22140	11277
22141	11277
22142	11276
22143	11276
22144	11275
22145	11274
22146	11273
22147	11273
22148	11273
22149	11273
22150	11275
22151	11275
22152	11274
22153	11275
22154	11275
22155	11276
22156	11276
22157	11275
22158	11275
22159	11275
22160	11275
22161	11275
22162	11277
22163	11277
22164	11277
22165	11277
22166	11276
22167	11276
22168	11276
22169	11276
22170	11276
22171	11276
22172	11277
22173	11277
22174	11279
22175	11279
22176	11281
22177	11281
22178	11282
22179	11281
22180	11281
22181	11281
22182	11281
22183	11282
22184	11281
22185	11281
22186	11281
22187	11281
22188	11281
22189	11283
22190	11283
22191	11283
22192	11282
22193	11281
22194	11281
22195	11281
22196	11281
22197	11280
22198	11279
22199	11278
22200	11277
22201	11277
22202	11277
22203	11277
22204	11279
22205	11279
22206	11279
22207	11278
22208	11278
22209	11278
22210	11278
22211	11280
22212	11280
22213	11281
22214	11281
22215	11282
22216	11284
22217	11284
22218	11284
22219	11284
22220	11286
22221	11286
22222	11288
22223	11288
22224	11288
22225	11288
22226	11288
22227	11287
22228	11287
22229	11287
22230	11289
22231	11289
22232	11289
22233	11288
22234	11288
22235	11288
22236	11287
22237	11289
22238	11289
22239	11289
22240	11289
22241	11289
22242	11289
22243	11291
22244	11291
22245	11290
22246	11290
22247	11290
22248	11290
22249	11290
22250	11290
22251	11291
22252	11291
22253	11292
22254	11292
22255	11293
22256	11293
22257	11295
22258	11295
22259	11297
22260	11297
22261	11297
22262	11296
22263	11296
22264	11296
22265	11296
22266	11296
22267	11298
22268	11298
22269	11298
22270	11298
22271	11298
22272	11298
22273	11298
22274	11299
22275	11299
22276	11300
22277	11302
22278	11301
22279	11303
22280	11302
22281	11302
22282	11304
22283	11304
22284	11303
22285	11303
22286	11303
22287	11303
22288	11303
22289	11303
22290	11305
22291	11305
22292	11306
22293	11306
22294	11306
22295	11306
22296	11306
22297	11306
22298	11306
22299	11305
22300	11307
22301	11307
22302	11307
22303	11307
22304	11306
22305	11306
22306	11305
22307	11307
22308	11307
22309	11306
22310	11306
22311	11305
22312	11304
22313	11306
22314	11306
22315	11305
22316	11305
22317	11304
22318	11304
22319	11306
22320	11305
22321	11305
22322	11304
22323	11304
22324	11304
22325	11304
22326	11303
22327	11304
22328	11303
22329	11303
22330	11302
22331	11302
22332	11302
22333	11301
22334	11301
22335	11302
22336	11303
22337	11303
22338	11304
22339	11304
22340	11304
22341	11304
22342	11304
22343	11304
22344	11303
22345	11303
22346	11303
22347	11304
22348	11304
22349	11305
22350	11307
22351	11307
22352	11307
22353	11306
22354	11305
22355	11305
22356	11305
22357	11304
22358	11303
22359	11303
22360	11304
22361	11304
22362	11306
22363	11306
22364	11308
22365	11307
22366	11306
22367	11306
22368	11305
22369	11305
22370	11305
22371	11307
22372	11309
22373	11309
22374	11309
22375	11311
22376	11311
22377	11312
22378	11311
22379	11311
22380	11311
22381	11311
22382	11311
22383	11311
22384	11310
22385	11310
22386	11311
22387	11311
22388	11313
22389	11313
22390	11314
22391	11314
22392	11313
22393	11312
22394	11312
22395	11312
22396	11314
22397	11314
22398	11315
22399	11317
22400	11317
22401	11318
22402	11317
22403	11316
22404	11316
22405	11316
22406	11315
22407	11315
22408	11315
22409	11315
22410	11314
22411	11313
22412	11314
22413	11314
22414	11314
22415	11313
22416	11312
22417	11312
22418	11314
22419	11314
22420	11314
22421	11314
22422	11314
22423	11314
22424	11314
22425	11313
22426	11313
22427	11312
22428	11312
22429	11314
22430	11314
22431	11313
22432	11313
22433	11313
22434	11313
22435	11315
22436	11315
22437	11316
22438	11316
22439	11316
22440	11315
22441	11315
22442	11315
22443	11315
22444	11315
22445	11315
22446	11315
22447	11315
22448	11314
22449	11313
22450	11313
22451	11313
22452	11314
22453	11314
22454	11314
22455	11316
22456	11316
22457	11317
22458	11317
22459	11319
22460	11318
22461	11320
22462	11320
22463	11321
22464	11321
22465	11321
22466	11321
22467	11321
22468	11321
22469	11321
22470	11321
22471	11321
22472	11321
22473	11321
22474	11321
22475	11321
22476	11323
22477	11322
22478	11322
22479	11322
22480	11322
22481	11322
22482	11322
22483	11322
22484	11323
22485	11325
22486	11326
22487	11326
22488	11327
22489	11329
22490	11329
22491	11330
22492	11330
22493	11331
22494	11331
22495	11333
22496	11333
22497	11333
22498	11332
22499	11332
22500	11332
22501	11332
22502	11332
22503	11331
22504	11331
22505	11331
22506	11331
22507	11332
22508	11332
22509	11332
22510	11332
22511	11332
22512	11332
22513	11332
22514	11334
22515	11333
22516	11333
22517	11333
22518	11332
22519	11332
22520	11332
22521	11334
22522	11334
22523	11335
22524	11335
22525	11336
22526	11336
22527	11337
22528	11337
22529	11336
22530	11336
22531	11336
22532	11336
22533	11336
22534	11336
22535	11336
22536	11335
22537	11337
22538	11336
22539	11337
22540	11337
22541	11339
22542	11339
22543	11341
22544	11341
22545	11341
22546	11340
22547	11340
22548	11340
22549	11340
22550	11340
22551	11340
22552	11342
22553	11342
22554	11342
22555	11341
22556	11341
22557	11343
22558	11344
22559	11344
22560	11346
22561	11346
22562	11346
22563	11348
22564	11348
22565	11350
22566	11350
22567	11349
22568	11350
22569	11349
22570	11349
22571	11349
22572	11351
22573	11351
22574	11350
22575	11350
22576	11350
22577	11350
22578	11350
22579	11350
22580	11350
22581	11349
22582	11351
22583	11351
22584	11351
22585	11353
22586	11352
22587	11351
22588	11350
22589	11350
22590	11350
22591	11350
22592	11350
22593	11351
22594	11351
22595	11353
22596	11353
22597	11355
22598	11355
22599	11357
22600	11357
22601	11356
22602	11356
22603	11356
22604	11355
22605	11355
22606	11355
22607	11354
22608	11354
22609	11354
22610	11353
22611	11355
22612	11355
22613	11355
22614	11355
22615	11355
22616	11355
22617	11357
22618	11357
22619	11356
22620	11356
22621	11356
22622	11355
22623	11355
22624	11355
22625	11354
22626	11353
22627	11352
22628	11352
22629	11353
22630	11352
22631	11352
22632	11352
22633	11352
22634	11354
22635	11354
22636	11355
22637	11355
22638	11356
22639	11357
22640	11359
22641	11359
22642	11361
22643	11361
22644	11361
22645	11361
22646	11361
22647	11360
22648	11360
22649	11360
22650	11360
22651	11362
22652	11362
22653	11362
22654	11361
22655	11361
22656	11361
22657	11361
22658	11361
22659	11361
22660	11361
22661	11361
22662	11361
22663	11360
22664	11360
22665	11360
22666	11362
22667	11362
22668	11363
22669	11363
22670	11365
22671	11365
22672	11367
22673	11367
22674	11369
22675	11369
22676	11371
22677	11371
22678	11370
22679	11370
22680	11370
22681	11370
22682	11370
22683	11371
22684	11370
22685	11370
22686	11370
22687	11370
22688	11370
22689	11372
22690	11372
22691	11374
22692	11374
22693	11374
22694	11374
22695	11374
22696	11373
22697	11372
22698	11371
22699	11371
22700	11371
22701	11370
22702	11370
22703	11369
22704	11370
22705	11370
22706	11371
22707	11373
22708	11373
22709	11375
22710	11374
22711	11375
22712	11375
22713	11376
22714	11375
22715	11375
22716	11374
22717	11374
22718	11374
22719	11374
22720	11374
22721	11374
22722	11376
22723	11376
22724	11376
22725	11377
22726	11376
22727	11378
22728	11378
22729	11377
22730	11377
22731	11379
22732	11378
22733	11377
22734	11377
22735	11377
22736	11377
22737	11377
22738	11377
22739	11377
22740	11377
22741	11379
22742	11379
22743	11379
22744	11379
22745	11378
22746	11378
22747	11377
22748	11377
22749	11377
22750	11376
22751	11376
22752	11375
22753	11376
22754	11376
22755	11376
22756	11376
22757	11375
22758	11375
22759	11375
22760	11376
22761	11375
22762	11375
22763	11375
22764	11375
22765	11374
22766	11374
22767	11374
22768	11376
22769	11376
22770	11376
22771	11375
22772	11375
22773	11375
22774	11375
22775	11375
22776	11376
22777	11375
22778	11375
22779	11374
22780	11375
22781	11375
22782	11376
22783	11376
22784	11378
22785	11378
22786	11378
22787	11377
22788	11376
22789	11375
22790	11375
22791	11375
22792	11375
22793	11375
22794	11375
22795	11375
22796	11375
22797	11374
22798	11375
22799	11375
22800	11375
22801	11375
22802	11375
22803	11375
22804	11375
22805	11377
22806	11377
22807	11377
22808	11377
22809	11377
22810	11377
22811	11377
22812	11376
22813	11377
22814	11376
22815	11377
22816	11377
22817	11378
22818	11378
22819	11380
22820	11381
22821	11381
22822	11383
22823	11383
22824	11384
22825	11384
22826	11383
22827	11383
22828	11383
22829	11383
22830	11383
22831	11383
22832	11384
22833	11383
22834	11382
22835	11381
22836	11381
22837	11381
22838	11380
22839	11380
22840	11379
22841	11379
22842	11379
22843	11379
22844	11379
22845	11379
22846	11381
22847	11380
22848	11380
22849	11380
22850	11379
22851	11379
22852	11380
22853	11380
22854	11380
22855	11380
22856	11380
22857	11380
22858	11380
22859	11382
22860	11381
22861	11381
22862	11381
22863	11381
22864	11380
22865	11381
22866	11382
22867	11382
22868	11384
22869	11384
22870	11383
22871	11383
22872	11383
22873	11383
22874	11383
22875	11383
22876	11383
22877	11383
22878	11383
22879	11382
22880	11382
22881	11381
22882	11381
22883	11381
22884	11381
22885	11382
22886	11382
22887	11382
22888	11382
22889	11384
22890	11384
22891	11384
22892	11384
22893	11383
22894	11382
22895	11381
22896	11381
22897	11381
22898	11382
22899	11382
22900	11383
22901	11383
22902	11384
22903	11384
22904	11384
22905	11386
22906	11387
22907	11387
22908	11388
22909	11388
22910	11388
22911	11388
22912	11388
22913	11389
22914	11391
22915	11391
22916	11391
22917	11391
22918	11391
22919	11390
22920	11390
22921	11390
22922	11390
22923	11390
22924	11392
22925	11392
22926	11392
22927	11393
22928	11393
22929	11395
22930	11395
22931	11395
22932	11395
22933	11397
22934	11396
22935	11396
22936	11396
22937	11395
22938	11395
22939	11395
22940	11395
22941	11397
22942	11397
22943	11396
22944	11396
22945	11396
22946	11396
22947	11396
22948	11395
22949	11395
22950	11394
22951	11394
22952	11393
22953	11393
22954	11393
22955	11393
22956	11392
22957	11391
22958	11391
22959	11392
22960	11392
22961	11394
22962	11396
22963	11396
22964	11396
22965	11395
22966	11395
22967	11394
22968	11394
22969	11393
22970	11393
22971	11393
22972	11393
22973	11393
22974	11393
22975	11393
22976	11393
22977	11392
22978	11392
22979	11392
22980	11392
22981	11392
22982	11394
22983	11394
22984	11394
22985	11394
22986	11394
22987	11394
22988	11394
22989	11394
22990	11395
22991	11395
22992	11396
22993	11396
22994	11397
22995	11397
22996	11399
22997	11399
22998	11400
22999	11400
23000	11400
23001	11400
23002	11400
23003	11400
23004	11400
23005	11400
23006	11402
23007	11402
23008	11402
23009	11401
23010	11401
23011	11401
23012	11401
23013	11403
23014	11403
23015	11403
23016	11403
23017	11403
23018	11403
23019	11403
23020	11403
23021	11403
23022	11403
23023	11405
23024	11404
23025	11404
23026	11404
23027	11404
23028	11404
23029	11405
23030	11405
23031	11404
23032	11404
23033	11404
23034	11405
23035	11405
23036	11406
23037	11408
23038	11408
23039	11409
23040	11408
23041	11408
23042	11408
23043	11408
23044	11409
23045	11409
23046	11409
23047	11411
23048	11411
23049	11411
23050	11411
23051	11411
23052	11411
23053	11410
23054	11409
23055	11409
23056	11409
23057	11411
23058	11411
23059	11412
23060	11412
23061	11413
23062	11412
23063	11412
23064	11412
23065	11412
23066	11412
23067	11413
23068	11413
23069	11413
23070	11414
23071	11413
23072	11413
23073	11415
23074	11417
23075	11417
23076	11419
23077	11419
23078	11418
23079	11418
23080	11418
23081	11418
23082	11418
23083	11418
23084	11418
23085	11418
23086	11420
23087	11419
23088	11421
23089	11421
23090	11423
23091	11423
23092	11423
23093	11423
23094	11422
23095	11421
23096	11421
23097	11423
23098	11422
23099	11421
23100	11421
23101	11421
23102	11421
23103	11421
23104	11423
23105	11423
23106	11423
23107	11422
23108	11422
23109	11422
23110	11422
23111	11422
23112	11421
23113	11421
23114	11421
23115	11421
23116	11421
23117	11422
23118	11422
23119	11423
23120	11422
23121	11422
23122	11422
23123	11422
23124	11422
23125	11423
23126	11423
23127	11423
23128	11422
23129	11422
23130	11421
23131	11420
23132	11421
23133	11420
23134	11419
23135	11418
23136	11417
23137	11417
23138	11416
23139	11416
23140	11417
23141	11416
23142	11417
23143	11418
23144	11417
23145	11417
23146	11417
23147	11417
23148	11416
23149	11416
23150	11416
23151	11416
23152	11418
23153	11418
23154	11420
23155	11420
23156	11420
23157	11420
23158	11420
23159	11419
23160	11419
23161	11419
23162	11419
23163	11418
23164	11419
23165	11419
23166	11419
23167	11419
23168	11421
23169	11421
23170	11421
23171	11421
23172	11421
23173	11423
23174	11423
23175	11424
23176	11424
23177	11426
23178	11426
23179	11425
23180	11425
23181	11425
23182	11425
23183	11425
23184	11425
23185	11427
23186	11427
23187	11427
23188	11427
23189	11427
23190	11427
23191	11427
23192	11429
23193	11428
23194	11427
23195	11427
23196	11427
23197	11426
23198	11425
23199	11425
23200	11425
23201	11425
23202	11425
23203	11425
23204	11425
23205	11425
23206	11427
23207	11427
23208	11427
23209	11427
23210	11427
23211	11427
23212	11427
23213	11429
23214	11429
23215	11428
23216	11428
23217	11428
23218	11427
23219	11427
23220	11426
23221	11425
23222	11425
23223	11425
23224	11426
23225	11426
23226	11427
23227	11427
23228	11428
23229	11427
23230	11429
23231	11430
23232	11429
23233	11430
23234	11430
23235	11430
23236	11430
23237	11429
23238	11429
23239	11429
23240	11429
23241	11431
23242	11431
23243	11432
23244	11431
23245	11431
23246	11430
23247	11430
23248	11429
23249	11429
23250	11428
23251	11428
23252	11427
23253	11427
23254	11427
23255	11427
23256	11429
23257	11429
23258	11428
23259	11430
23260	11430
23261	11430
23262	11429
23263	11429
23264	11429
23265	11429
23266	11429
23267	11429
23268	11431
23269	11433
23270	11433
23271	11435
23272	11435
23273	11435
23274	11435
23275	11435
23276	11434
23277	11434
23278	11434
23279	11434
23280	11435
23281	11434
23282	11435
23283	11435
23284	11437
23285	11437
23286	11438
23287	11438
23288	11440
23289	11440
23290	11442
23291	11441
23292	11441
23293	11441
23294	11440
23295	11439
23296	11439
23297	11439
23298	11438
23299	11440
23300	11440
23301	11440
23302	11441
23303	11441
23304	11443
23305	11442
23306	11441
23307	11441
23308	11441
23309	11441
23310	11443
23311	11443
23312	11443
23313	11443
23314	11442
23315	11442
23316	11442
23317	11442
23318	11442
23319	11443
23320	11443
23321	11444
23322	11446
23323	11446
23324	11448
23325	11448
23326	11449
23327	11448
23328	11448
23329	11449
23330	11449
23331	11449
23332	11449
23333	11448
23334	11447
23335	11446
23336	11446
23337	11445
23338	11444
23339	11444
23340	11443
23341	11443
23342	11443
23343	11442
23344	11442
23345	11442
23346	11442
23347	11442
23348	11442
23349	11441
23350	11440
23351	11440
23352	11442
23353	11442
23354	11441
23355	11441
23356	11440
23357	11442
23358	11442
23359	11442
23360	11442
23361	11442
23362	11442
23363	11442
23364	11443
23365	11443
23366	11445
23367	11444
23368	11445
23369	11444
23370	11446
23371	11446
23372	11447
23373	11447
23374	11447
23375	11447
23376	11447
23377	11447
23378	11447
23379	11447
23380	11448
23381	11447
23382	11447
23383	11446
23384	11448
23385	11448
23386	11449
23387	11449
23388	11450
23389	11450
23390	11450
23391	11449
23392	11449
23393	11448
23394	11448
23395	11447
23396	11449
23397	11449
23398	11451
23399	11451
23400	11452
23401	11452
23402	11451
23403	11451
23404	11450
23405	11450
23406	11450
23407	11450
23408	11450
23409	11452
23410	11452
23411	11454
23412	11454
23413	11456
23414	11455
23415	11457
23416	11456
23417	11456
23418	11456
23419	11455
23420	11454
23421	11454
23422	11453
23423	11454
23424	11454
23425	11453
23426	11453
23427	11454
23428	11453
23429	11453
23430	11452
23431	11452
23432	11452
23433	11451
23434	11453
23435	11452
23436	11452
23437	11452
23438	11451
23439	11451
23440	11451
23441	11451
23442	11451
23443	11450
23444	11449
23445	11449
23446	11448
23447	11447
23448	11449
23449	11449
23450	11449
23451	11449
23452	11448
23453	11448
23454	11448
23455	11447
23456	11447
23457	11448
23458	11447
23459	11446
23460	11445
23461	11444
23462	11445
23463	11447
23464	11447
23465	11449
23466	11449
23467	11448
23468	11448
23469	11450
23470	11449
23471	11449
23472	11448
23473	11448
23474	11448
23475	11448
23476	11448
23477	11450
23478	11450
23479	11450
23480	11449
23481	11449
23482	11449
23483	11449
23484	11451
23485	11451
23486	11451
23487	11453
23488	11453
23489	11452
23490	11451
23491	11450
23492	11450
23493	11450
23494	11450
23495	11450
23496	11452
23497	11451
23498	11453
23499	11455
23500	11455
23501	11456
23502	11456
23503	11456
23504	11455
23505	11454
23506	11453
23507	11454
23508	11454
23509	11454
23510	11453
23511	11453
23512	11452
23513	11451
23514	11450
23515	11449
23516	11448
23517	11448
23518	11447
23519	11447
23520	11446
23521	11445
23522	11445
23523	11445
23524	11447
23525	11447
23526	11448
23527	11448
23528	11450
23529	11449
23530	11451
23531	11451
23532	11453
23533	11453
23534	11455
23535	11456
23536	11456
23537	11456
23538	11456
23539	11455
23540	11455
23541	11454
23542	11454
23543	11454
23544	11456
23545	11455
23546	11455
23547	11455
23548	11455
23549	11455
23550	11456
23551	11456
23552	11456
23553	11455
23554	11455
23555	11456
23556	11456
23557	11456
23558	11456
23559	11456
23560	11455
23561	11454
23562	11456
23563	11456
23564	11455
23565	11454
23566	11454
23567	11454
23568	11454
23569	11454
23570	11454
23571	11453
23572	11453
23573	11453
23574	11452
23575	11453
23576	11452
23577	11452
23578	11452
23579	11452
23580	11453
23581	11454
23582	11454
23583	11456
23584	11456
23585	11456
23586	11455
23587	11454
23588	11453
23589	11452
23590	11452
23591	11452
23592	11453
23593	11453
23594	11454
23595	11454
23596	11454
23597	11454
23598	11455
23599	11455
23600	11454
23601	11453
23602	11453
23603	11453
23604	11453
23605	11453
23606	11453
23607	11454
23608	11456
23609	11456
23610	11455
23611	11456
23612	11456
23613	11455
23614	11455
23615	11454
23616	11454
23617	11454
23618	11454
23619	11454
23620	11456
23621	11456
23622	11457
23623	11457
23624	11458
23625	11457
23626	11457
23627	11457
23628	11456
23629	11456
23630	11456
23631	11456
23632	11456
23633	11456
23634	11456
23635	11456
23636	11457
23637	11457
23638	11459
23639	11459
23640	11459
23641	11458
23642	11458
23643	11458
23644	11458
23645	11457
23646	11457
23647	11459
23648	11459
23649	11459
23650	11459
23651	11459
23652	11459
23653	11460
23654	11459
23655	11460
23656	11460
23657	11460
23658	11459
23659	11458
23660	11457
23661	11458
23662	11458
23663	11458
23664	11458
23665	11458
23666	11458
23667	11459
23668	11459
23669	11459
23670	11458
23671	11458
23672	11458
23673	11458
23674	11457
23675	11457
23676	11457
23677	11459
23678	11459
23679	11459
23680	11461
23681	11461
23682	11463
23683	11463
23684	11464
23685	11464
23686	11466
23687	11467
23688	11467
23689	11467
23690	11467
23691	11467
23692	11467
23693	11467
23694	11466
23695	11465
23696	11465
23697	11465
23698	11466
23699	11466
23700	11466
23701	11466
23702	11466
23703	11465
23704	11464
23705	11466
23706	11466
23707	11466
23708	11466
23709	11466
23710	11466
23711	11466
23712	11466
23713	11465
23714	11466
23715	11466
23716	11468
23717	11468
23718	11467
23719	11467
23720	11469
23721	11469
23722	11471
23723	11471
23724	11470
23725	11470
23726	11470
23727	11469
23728	11469
23729	11468
23730	11468
23731	11467
23732	11467
23733	11466
23734	11466
23735	11466
23736	11467
23737	11466
23738	11465
23739	11465
23740	11465
23741	11464
23742	11465
23743	11465
23744	11465
23745	11464
23746	11465
23747	11464
23748	11465
23749	11465
23750	11467
23751	11467
23752	11469
23753	11469
23754	11469
23755	11468
23756	11468
23757	11468
23758	11468
23759	11468
23760	11468
23761	11468
23762	11468
23763	11467
23764	11469
23765	11469
23766	11468
23767	11467
23768	11466
23769	11466
23770	11466
23771	11467
23772	11467
23773	11466
23774	11466
23775	11465
23776	11465
23777	11465
23778	11465
23779	11465
23780	11465
23781	11466
23782	11466
23783	11467
23784	11466
23785	11466
23786	11467
23787	11466
23788	11467
23789	11466
23790	11466
23791	11466
23792	11466
23793	11466
23794	11466
23795	11466
23796	11466
23797	11468
23798	11468
23799	11470
23800	11470
23801	11470
23802	11470
23803	11470
23804	11471
23805	11471
23806	11471
23807	11471
23808	11471
23809	11471
23810	11471
23811	11470
23812	11469
23813	11470
23814	11470
23815	11472
23816	11474
23817	11474
23818	11474
23819	11473
23820	11473
23821	11474
23822	11474
23823	11475
23824	11475
23825	11476
23826	11475
23827	11476
23828	11476
23829	11476
23830	11475
23831	11474
23832	11474
23833	11474
23834	11476
23835	11476
23836	11476
23837	11476
23838	11476
23839	11475
23840	11475
23841	11475
23842	11477
23843	11477
23844	11476
23845	11477
23846	11477
23847	11479
23848	11478
23849	11477
23850	11476
23851	11475
23852	11474
23853	11473
23854	11474
23855	11473
23856	11475
23857	11475
23858	11477
23859	11477
23860	11476
23861	11475
23862	11475
23863	11475
23864	11475
23865	11477
23866	11477
23867	11476
23868	11476
23869	11476
23870	11475
23871	11475
23872	11475
23873	11475
23874	11475
23875	11475
23876	11475
23877	11474
23878	11473
23879	11472
23880	11472
23881	11471
23882	11471
23883	11471
23884	11471
23885	11471
23886	11471
23887	11471
23888	11470
23889	11470
23890	11470
23891	11472
23892	11472
23893	11473
23894	11473
23895	11474
23896	11473
23897	11475
23898	11474
23899	11476
23900	11476
23901	11476
23902	11478
23903	11478
23904	11478
23905	11478
23906	11477
23907	11477
23908	11477
23909	11477
23910	11479
23911	11479
23912	11479
23913	11479
23914	11479
23915	11478
23916	11480
23917	11480
23918	11480
23919	11479
23920	11481
23921	11481
23922	11481
23923	11481
23924	11481
23925	11481
23926	11481
23927	11482
23928	11482
23929	11483
23930	11483
23931	11485
23932	11485
23933	11487
23934	11486
23935	11488
23936	11487
23937	11487
23938	11486
23939	11486
23940	11486
23941	11486
23942	11486
23943	11487
23944	11487
23945	11487
23946	11487
23947	11487
23948	11487
23949	11489
23950	11489
23951	11489
23952	11488
23953	11490
23954	11490
23955	11490
23956	11489
23957	11488
23958	11488
23959	11487
23960	11488
23961	11488
23962	11489
23963	11489
23964	11490
23965	11492
23966	11492
23967	11493
23968	11493
23969	11495
23970	11495
23971	11494
23972	11494
23973	11494
23974	11494
23975	11494
23976	11494
23977	11496
23978	11496
23979	11496
23980	11496
23981	11496
23982	11496
23983	11498
23984	11498
23985	11498
23986	11498
23987	11497
23988	11496
23989	11495
23990	11494
23991	11494
23992	11493
23993	11492
23994	11492
23995	11494
23996	11494
23997	11493
23998	11493
23999	11492
24000	11492
24001	11491
24002	11492
24003	11492
24004	11491
24005	11491
24006	11491
24007	11490
24008	11490
24009	11490
24010	11490
24011	11490
24012	11490
24013	11490
24014	11492
24015	11491
24016	11490
24017	11490
24018	11490
24019	11492
24020	11493
24021	11493
24022	11495
24023	11495
24024	11495
24025	11495
24026	11495
24027	11495
24028	11495
24029	11495
24030	11494
24031	11496
24032	11495
24033	11496
24034	11496
24035	11498
24036	11498
24037	11500
24038	11500
24039	11502
24040	11502
24041	11502
24042	11501
24043	11501
24044	11501
24045	11500
24046	11500
24047	11500
24048	11500
24049	11500
24050	11502
24051	11502
24052	11504
24053	11503
24054	11502
24055	11502
24056	11501
24057	11501
24058	11501
24059	11501
24060	11501
24061	11503
24062	11502
24063	11504
24064	11504
24065	11504
24066	11503
24067	11505
24068	11505
24069	11506
24070	11508
24071	11508
24072	11510
24073	11510
24074	11510
24075	11509
24076	11509
24077	11509
24078	11508
24079	11508
24080	11508
24081	11508
24082	11507
24083	11507
24084	11507
24085	11506
24086	11505
24087	11507
24088	11507
24089	11507
24090	11506
24091	11505
24092	11505
24093	11507
24094	11507
24095	11507
24096	11507
24097	11507
24098	11507
24099	11507
24100	11507
24101	11506
24102	11505
24103	11504
24104	11504
24105	11505
24106	11505
24107	11504
24108	11504
24109	11504
24110	11506
24111	11506
24112	11507
24113	11507
24114	11508
24115	11510
24116	11510
24117	11510
24118	11512
24119	11512
24120	11512
24121	11512
24122	11512
24123	11511
24124	11511
24125	11511
24126	11510
24127	11510
24128	11510
24129	11510
24130	11510
24131	11512
24132	11512
24133	11512
24134	11512
24135	11512
24136	11512
24137	11512
24138	11511
24139	11511
24140	11513
24141	11512
24142	11514
24143	11514
24144	11515
24145	11517
24146	11517
24147	11518
24148	11518
24149	11520
24150	11520
24151	11522
24152	11521
24153	11521
24154	11521
24155	11521
24156	11521
24157	11521
24158	11523
24159	11523
24160	11524
24161	11523
24162	11523
24163	11523
24164	11523
24165	11523
24166	11525
24167	11525
24168	11525
24169	11525
24170	11524
24171	11524
24172	11523
24173	11523
24174	11523
24175	11523
24176	11523
24177	11522
24178	11521
24179	11521
24180	11521
24181	11520
24182	11520
24183	11520
24184	11520
24185	11520
24186	11520
24187	11520
24188	11522
24189	11522
24190	11521
24191	11522
24192	11523
24193	11523
24194	11524
24195	11524
24196	11523
24197	11525
24198	11525
24199	11527
24200	11527
24201	11529
24202	11529
24203	11530
24204	11530
24205	11531
24206	11531
24207	11530
24208	11530
24209	11530
24210	11530
24211	11530
24212	11529
24213	11531
24214	11531
24215	11531
24216	11532
24217	11532
24218	11533
24219	11533
24220	11532
24221	11531
24222	11531
24223	11530
24224	11529
24225	11528
24226	11528
24227	11528
24228	11527
24229	11527
24230	11529
24231	11529
24232	11531
24233	11530
24234	11530
24235	11529
24236	11530
24237	11529
24238	11530
24239	11531
24240	11530
24241	11530
24242	11530
24243	11529
24244	11529
24245	11529
24246	11528
24247	11528
24248	11528
24249	11528
24250	11528
24251	11529
24252	11528
24253	11527
24254	11527
24255	11527
24256	11526
24257	11526
24258	11526
24259	11525
24260	11524
24261	11523
24262	11522
24263	11524
24264	11523
24265	11523
24266	11522
24267	11521
24268	11521
24269	11523
24270	11523
24271	11524
24272	11526
24273	11526
24274	11525
24275	11526
24276	11526
24277	11526
24278	11526
24279	11526
24280	11526
24281	11525
24282	11527
24283	11527
24284	11528
24285	11528
24286	11528
24287	11527
24288	11527
24289	11527
24290	11527
24291	11527
24292	11527
24293	11527
24294	11527
24295	11527
24296	11527
24297	11526
24298	11525
24299	11525
24300	11526
24301	11526
24302	11526
24303	11528
24304	11528
24305	11528
24306	11528
24307	11528
24308	11528
24309	11528
24310	11530
24311	11530
24312	11529
24313	11529
24314	11529
24315	11528
24316	11528
24317	11528
24318	11529
24319	11531
24320	11531
24321	11532
24322	11533
24323	11535
24324	11535
24325	11536
24326	11536
24327	11538
24328	11538
24329	11537
24330	11537
24331	11537
24332	11537
24333	11537
24334	11537
24335	11538
24336	11538
24337	11538
24338	11538
24339	11538
24340	11538
24341	11538
24342	11538
24343	11540
24344	11540
24345	11539
24346	11539
24347	11538
24348	11539
24349	11539
24350	11538
24351	11538
24352	11537
24353	11537
24354	11536
24355	11538
24356	11538
24357	11539
24358	11539
24359	11540
24360	11540
24361	11541
24362	11541
24363	11540
24364	11540
24365	11540
24366	11540
24367	11542
24368	11541
24369	11541
24370	11542
24371	11541
24372	11543
24373	11543
24374	11545
24375	11544
24376	11544
24377	11543
24378	11543
24379	11543
24380	11543
24381	11543
24382	11543
24383	11543
24384	11545
24385	11545
24386	11545
24387	11545
24388	11545
24389	11544
24390	11543
24391	11543
24392	11542
24393	11542
24394	11542
24395	11541
24396	11542
24397	11541
24398	11541
24399	11540
24400	11539
24401	11539
24402	11539
24403	11540
24404	11540
24405	11541
24406	11540
24407	11541
24408	11543
24409	11542
24410	11543
24411	11543
24412	11545
24413	11545
24414	11546
24415	11545
24416	11544
24417	11544
24418	11544
24419	11544
24420	11544
24421	11544
24422	11544
24423	11543
24424	11542
24425	11541
24426	11540
24427	11542
24428	11542
24429	11542
24430	11542
24431	11542
24432	11542
24433	11542
24434	11542
24435	11544
24436	11544
24437	11544
24438	11544
24439	11543
24440	11543
24441	11543
24442	11543
24443	11543
24444	11542
24445	11543
24446	11543
24447	11543
24448	11543
24449	11543
24450	11543
24451	11543
24452	11542
24453	11543
24454	11543
24455	11544
24456	11545
24457	11544
24458	11546
24459	11547
24460	11547
24461	11549
24462	11549
24463	11548
24464	11548
24465	11547
24466	11546
24467	11546
24468	11545
24469	11546
24470	11545
24471	11545
24472	11547
24473	11547
24474	11546
24475	11547
24476	11548
24477	11548
24478	11549
24479	11548
24480	11547
24481	11546
24482	11546
24483	11546
24484	11547
24485	11547
24486	11546
24487	11545
24488	11545
24489	11545
24490	11545
24491	11545
24492	11544
24493	11543
24494	11543
24495	11543
24496	11543
24497	11544
24498	11544
24499	11544
24500	11544
24501	11544
24502	11544
24503	11544
24504	11546
24505	11546
24506	11545
24507	11545
24508	11545
24509	11544
24510	11543
24511	11543
24512	11543
24513	11545
24514	11544
24515	11543
24516	11543
24517	11543
24518	11542
24519	11543
24520	11544
24521	11543
24522	11545
24523	11545
24524	11545
24525	11545
24526	11544
24527	11543
24528	11543
24529	11543
24530	11543
24531	11543
24532	11543
24533	11543
24534	11543
24535	11542
24536	11542
24537	11541
24538	11540
24539	11540
24540	11541
24541	11541
24542	11542
24543	11542
24544	11543
24545	11543
24546	11542
24547	11542
24548	11542
24549	11541
24550	11541
24551	11541
24552	11542
24553	11542
24554	11542
24555	11544
24556	11544
24557	11544
24558	11546
24559	11546
24560	11547
24561	11547
24562	11548
24563	11548
24564	11548
24565	11549
24566	11551
24567	11551
24568	11550
24569	11550
24570	11550
24571	11550
24572	11549
24573	11549
24574	11549
24575	11549
24576	11549
24577	11549
24578	11551
24579	11551
24580	11551
24581	11552
24582	11552
24583	11554
24584	11554
24585	11556
24586	11555
24587	11555
24588	11555
24589	11555
24590	11554
24591	11554
24592	11554
24593	11556
24594	11556
24595	11556
24596	11555
24597	11555
24598	11555
24599	11554
24600	11553
24601	11552
24602	11552
24603	11552
24604	11551
24605	11551
24606	11550
24607	11549
24608	11548
24609	11548
24610	11548
24611	11549
24612	11549
24613	11551
24614	11551
24615	11550
24616	11550
24617	11550
24618	11549
24619	11551
24620	11551
24621	11550
24622	11550
24623	11550
24624	11550
24625	11550
24626	11550
24627	11552
24628	11552
24629	11551
24630	11551
24631	11551
24632	11551
24633	11551
24634	11551
24635	11551
24636	11551
24637	11551
24638	11551
24639	11551
24640	11551
24641	11552
24642	11552
24643	11553
24644	11553
24645	11552
24646	11553
24647	11555
24648	11555
24649	11556
24650	11556
24651	11556
24652	11555
24653	11555
24654	11555
24655	11555
24656	11555
24657	11554
24658	11554
24659	11554
24660	11554
24661	11554
24662	11554
24663	11554
24664	11554
24665	11554
24666	11554
24667	11553
24668	11554
24669	11553
24670	11553
24671	11553
24672	11553
24673	11553
24674	11554
24675	11553
24676	11555
24677	11555
24678	11555
24679	11555
24680	11554
24681	11554
24682	11554
24683	11553
24684	11554
24685	11553
24686	11554
24687	11556
24688	11555
24689	11555
24690	11554
24691	11554
24692	11554
24693	11553
24694	11553
24695	11552
24696	11552
24697	11554
24698	11554
24699	11555
24700	11555
24701	11556
24702	11556
24703	11556
24704	11555
24705	11555
24706	11555
24707	11556
24708	11558
24709	11558
24710	11558
24711	11558
24712	11558
24713	11557
24714	11557
24715	11557
24716	11557
24717	11558
24718	11558
24719	11559
24720	11559
24721	11558
24722	11558
24723	11560
24724	11562
24725	11562
24726	11564
24727	11564
24728	11564
24729	11563
24730	11563
24731	11563
24732	11563
24733	11563
24734	11563
24735	11565
24736	11565
24737	11567
24738	11567
24739	11568
24740	11568
24741	11568
24742	11568
24743	11567
24744	11566
24745	11566
24746	11568
24747	11568
24748	11568
24749	11568
24750	11567
24751	11566
24752	11565
24753	11564
24754	11564
24755	11564
24756	11564
24757	11564
24758	11564
24759	11564
24760	11564
24761	11566
24762	11566
24763	11566
24764	11566
24765	11566
24766	11566
24767	11568
24768	11568
24769	11568
24770	11568
24771	11568
24772	11567
24773	11567
24774	11567
24775	11568
24776	11568
24777	11569
24778	11569
24779	11570
24780	11570
24781	11571
24782	11571
24783	11571
24784	11571
24785	11570
24786	11570
24787	11569
24788	11569
24789	11569
24790	11569
24791	11569
24792	11569
24793	11568
24794	11568
24795	11570
24796	11570
24797	11569
24798	11570
24799	11570
24800	11571
24801	11571
24802	11573
24803	11575
24804	11575
24805	11577
24806	11577
24807	11576
24808	11576
24809	11576
24810	11576
24811	11576
24812	11576
24813	11576
24814	11576
24815	11576
24816	11575
24817	11577
24818	11577
24819	11579
24820	11579
24821	11579
24822	11579
24823	11578
24824	11578
24825	11578
24826	11578
24827	11580
24828	11580
24829	11580
24830	11579
24831	11579
24832	11579
24833	11579
24834	11581
24835	11581
24836	11581
24837	11580
24838	11580
24839	11579
24840	11579
24841	11579
24842	11579
24843	11579
24844	11579
24845	11579
24846	11579
24847	11578
24848	11579
24849	11579
24850	11579
24851	11579
24852	11579
24853	11579
24854	11581
24855	11581
24856	11583
24857	11583
24858	11583
24859	11583
24860	11583
24861	11583
24862	11583
24863	11584
24864	11584
24865	11583
24866	11583
24867	11582
24868	11582
24869	11584
24870	11583
24871	11584
24872	11584
24873	11585
24874	11586
24875	11586
24876	11587
24877	11587
24878	11587
24879	11587
24880	11586
24881	11587
24882	11587
24883	11587
24884	11588
24885	11590
24886	11590
24887	11590
24888	11590
24889	11590
24890	11590
24891	11590
24892	11590
24893	11590
24894	11590
24895	11590
24896	11592
24897	11592
24898	11593
24899	11593
24900	11593
24901	11595
24902	11594
24903	11596
24904	11596
24905	11596
24906	11596
24907	11596
24908	11596
24909	11596
24910	11596
24911	11597
24912	11597
24913	11597
24914	11599
24915	11599
24916	11601
24917	11601
24918	11601
24919	11601
24920	11601
24921	11600
24922	11600
24923	11600
24924	11600
24925	11602
24926	11602
24927	11604
24928	11605
24929	11605
24930	11606
24931	11608
24932	11608
24933	11608
24934	11608
24935	11608
24936	11608
24937	11608
24938	11608
24939	11608
24940	11610
24941	11610
24942	11610
24943	11610
24944	11609
24945	11609
24946	11609
24947	11608
24948	11608
24949	11610
24950	11609
24951	11609
24952	11609
24953	11609
24954	11609
24955	11609
24956	11611
24957	11611
24958	11613
24959	11613
24960	11613
24961	11612
24962	11612
24963	11612
24964	11612
24965	11612
24966	11612
24967	11613
24968	11615
24969	11615
24970	11615
24971	11614
24972	11613
24973	11613
24974	11613
24975	11615
24976	11615
24977	11617
24978	11617
24979	11619
24980	11619
24981	11618
24982	11618
24983	11618
24984	11618
24985	11618
24986	11617
24987	11618
24988	11618
24989	11620
24990	11620
24991	11622
24992	11622
24993	11624
24994	11624
24995	11624
24996	11624
24997	11623
24998	11623
24999	11623
25000	11623
25001	11622
25002	11624
25003	11624
25004	11626
25005	11628
25006	11627
25007	11629
25008	11630
25009	11629
25010	11629
25011	11629
25012	11629
25013	11629
25014	11629
25015	11629
25016	11628
25017	11628
25018	11630
25019	11630
25020	11630
25021	11630
25022	11629
25023	11629
25024	11628
25025	11628
25026	11628
25027	11629
25028	11628
25029	11628
25030	11628
25031	11627
25032	11627
25033	11629
25034	11629
25035	11629
25036	11629
25037	11629
25038	11629
25039	11629
25040	11630
25041	11630
25042	11630
25043	11630
25044	11630
25045	11630
25046	11630
25047	11631
25048	11630
25049	11629
25050	11630
25051	11630
25052	11632
25053	11633
25054	11633
25055	11635
25056	11635
25057	11635
25058	11637
25059	11637
25060	11639
25061	11641
25062	11641
25063	11642
25064	11642
25065	11644
25066	11643
25067	11642
25068	11641
25069	11641
25070	11641
25071	11641
25072	11641
25073	11640
25074	11640
25075	11639
25076	11639
25077	11639
25078	11639
25079	11639
25080	11640
25081	11640
25082	11642
25083	11642
25084	11642
25085	11643
25086	11643
25087	11642
25088	11642
25089	11641
25090	11641
25091	11641
25092	11641
25093	11642
25094	11641
25095	11641
25096	11640
25097	11642
25098	11641
25099	11641
25100	11640
25101	11640
25102	11640
25103	11640
25104	11639
25105	11639
25106	11639
25107	11638
25108	11637
25109	11637
25110	11636
25111	11638
25112	11638
25113	11639
25114	11641
25115	11641
25116	11641
25117	11640
25118	11640
25119	11639
25120	11639
25121	11639
25122	11638
25123	11638
25124	11638
25125	11639
25126	11639
25127	11641
25128	11641
25129	11643
25130	11642
25131	11642
25132	11641
25133	11641
25134	11641
25135	11641
25136	11640
25137	11641
25138	11643
25139	11643
25140	11643
25141	11645
25142	11645
25143	11647
25144	11646
25145	11645
25146	11644
25147	11644
25148	11644
25149	11644
25150	11644
25151	11645
25152	11645
25153	11646
25154	11646
25155	11645
25156	11647
25157	11647
25158	11649
25159	11649
25160	11650
25161	11650
25162	11650
25163	11649
25164	11649
25165	11649
25166	11649
25167	11649
25168	11648
25169	11648
25170	11648
25171	11648
25172	11648
25173	11647
25174	11647
25175	11646
25176	11645
25177	11644
25178	11644
25179	11644
25180	11643
25181	11645
25182	11645
25183	11645
25184	11644
25185	11643
25186	11643
25187	11643
25188	11645
25189	11645
25190	11645
25191	11644
25192	11644
25193	11643
25194	11644
25195	11643
25196	11643
25197	11643
25198	11644
25199	11644
25200	11644
25201	11644
25202	11644
25203	11644
25204	11644
25205	11643
25206	11643
25207	11642
25208	11642
25209	11644
25210	11644
25211	11644
25212	11644
25213	11646
25214	11646
25215	11647
25216	11647
25217	11646
25218	11646
25219	11648
25220	11648
25221	11648
25222	11649
25223	11649
25224	11648
25225	11648
25226	11648
25227	11648
25228	11648
25229	11648
25230	11649
25231	11649
25232	11649
25233	11650
25234	11650
25235	11652
25236	11652
25237	11652
25238	11652
25239	11651
25240	11651
25241	11651
25242	11651
25243	11651
25244	11652
25245	11652
25246	11652
25247	11652
25248	11651
25249	11651
25250	11651
25251	11650
25252	11651
25253	11651
25254	11652
25255	11652
25256	11654
25257	11654
25258	11654
25259	11654
25260	11656
25261	11656
25262	11656
25263	11655
25264	11654
25265	11654
25266	11653
25267	11652
25268	11652
25269	11654
25270	11654
25271	11656
25272	11656
25273	11656
25274	11655
25275	11655
25276	11654
25277	11653
25278	11653
25279	11653
25280	11654
25281	11654
25282	11656
25283	11656
25284	11656
25285	11655
25286	11655
25287	11657
25288	11657
25289	11656
25290	11656
25291	11656
25292	11657
25293	11657
25294	11659
25295	11659
25296	11658
25297	11660
25298	11660
25299	11661
25300	11661
25301	11661
25302	11660
25303	11660
25304	11660
25305	11660
25306	11659
25307	11661
25308	11661
25309	11661
25310	11661
25311	11661
25312	11661
25313	11661
25314	11661
25315	11661
25316	11661
25317	11660
25318	11660
25319	11660
25320	11660
25321	11660
25322	11660
25323	11662
25324	11662
25325	11662
25326	11663
25327	11663
25328	11662
25329	11661
25330	11661
25331	11660
25332	11662
25333	11662
25334	11663
25335	11663
25336	11663
25337	11663
25338	11663
25339	11663
25340	11663
25341	11663
25342	11665
25343	11665
25344	11665
25345	11665
25346	11664
25347	11664
25348	11664
25349	11666
25350	11668
25351	11668
25352	11668
25353	11668
25354	11667
25355	11667
25356	11667
25357	11667
25358	11669
25359	11669
25360	11668
25361	11668
25362	11668
25363	11668
25364	11668
25365	11668
25366	11668
25367	11668
25368	11668
25369	11669
25370	11669
25371	11669
25372	11669
25373	11669
25374	11668
25375	11668
25376	11668
25377	11668
25378	11668
25379	11668
25380	11669
25381	11669
25382	11670
25383	11669
25384	11670
25385	11672
25386	11672
25387	11671
25388	11670
25389	11670
25390	11670
25391	11670
25392	11670
25393	11670
25394	11670
25395	11670
25396	11669
25397	11669
25398	11670
25399	11671
25400	11671
25401	11672
25402	11672
25403	11672
25404	11671
25405	11672
25406	11672
25407	11672
25408	11671
25409	11672
25410	11672
25411	11673
25412	11673
25413	11673
25414	11673
25415	11673
25416	11673
25417	11673
25418	11672
25419	11672
25420	11672
25421	11673
25422	11674
25423	11674
25424	11673
25425	11673
25426	11673
25427	11674
25428	11674
25429	11674
25430	11674
25431	11673
25432	11672
25433	11672
25434	11672
25435	11672
25436	11674
25437	11674
25438	11674
25439	11674
25440	11673
25441	11673
25442	11673
25443	11675
25444	11675
25445	11677
25446	11677
25447	11679
25448	11678
25449	11678
25450	11678
25451	11677
25452	11677
25453	11677
25454	11677
25455	11677
25456	11676
25457	11675
25458	11675
25459	11674
25460	11676
25461	11676
25462	11676
25463	11676
25464	11676
25465	11676
25466	11676
25467	11676
25468	11675
25469	11675
25470	11674
25471	11673
25472	11673
25473	11672
25474	11672
25475	11671
25476	11671
25477	11671
25478	11670
25479	11670
25480	11669
25481	11671
25482	11670
25483	11670
25484	11670
25485	11670
25486	11670
25487	11670
25488	11670
25489	11672
25490	11672
25491	11672
25492	11671
25493	11670
25494	11670
25495	11670
25496	11671
25497	11671
25498	11672
25499	11672
25500	11674
25501	11674
25502	11675
25503	11675
25504	11675
25505	11674
25506	11674
25507	11674
25508	11674
25509	11674
25510	11675
25511	11675
25512	11675
25513	11675
25514	11675
25515	11674
25516	11674
25517	11674
25518	11676
25519	11676
25520	11676
25521	11676
25522	11676
25523	11675
25524	11675
25525	11675
25526	11675
25527	11675
25528	11675
25529	11675
25530	11675
25531	11675
25532	11677
25533	11676
25534	11676
25535	11676
25536	11676
25537	11676
25538	11678
25539	11678
25540	11678
25541	11679
25542	11679
25543	11680
25544	11679
25545	11680
25546	11680
25547	11680
25548	11680
25549	11680
25550	11680
25551	11680
25552	11680
25553	11682
25554	11682
25555	11682
25556	11682
25557	11682
25558	11682
25559	11682
25560	11683
25561	11684
25562	11684
25563	11685
25564	11686
25565	11686
25566	11688
25567	11688
25568	11688
25569	11688
25570	11688
25571	11687
25572	11687
25573	11687
25574	11689
25575	11689
25576	11691
25577	11693
25578	11693
25579	11693
25580	11693
25581	11693
25582	11693
25583	11693
25584	11692
25585	11692
25586	11694
25587	11694
25588	11696
25589	11696
25590	11696
25591	11698
25592	11698
25593	11698
25594	11698
25595	11697
25596	11699
25597	11699
25598	11700
25599	11700
25600	11702
25601	11701
25602	11701
25603	11700
25604	11700
25605	11700
25606	11700
25607	11701
25608	11700
25609	11701
25610	11701
25611	11703
25612	11703
25613	11705
25614	11705
25615	11704
25616	11703
25617	11703
25618	11702
25619	11702
25620	11702
25621	11703
25622	11703
25623	11703
25624	11703
25625	11703
25626	11703
25627	11705
25628	11705
25629	11705
25630	11704
25631	11703
25632	11703
25633	11702
25634	11701
25635	11701
25636	11701
25637	11700
25638	11702
25639	11702
25640	11702
25641	11701
25642	11701
25643	11701
25644	11701
25645	11701
25646	11701
25647	11701
25648	11701
25649	11700
25650	11701
25651	11701
25652	11701
25653	11703
25654	11703
25655	11705
25656	11705
25657	11705
25658	11704
25659	11704
25660	11704
25661	11704
25662	11704
25663	11704
25664	11706
25665	11706
25666	11705
25667	11705
25668	11705
25669	11707
25670	11708
25671	11708
25672	11709
25673	11709
25674	11708
25675	11710
25676	11710
25677	11711
25678	11711
25679	11713
25680	11713
25681	11714
25682	11714
25683	11713
25684	11712
25685	11711
25686	11711
25687	11711
25688	11710
25689	11710
25690	11711
25691	11710
25692	11712
25693	11712
25694	11711
25695	11710
25696	11709
25697	11709
25698	11711
25699	11711
25700	11710
25701	11710
25702	11710
25703	11710
25704	11710
25705	11710
25706	11710
25707	11710
25708	11709
25709	11711
25710	11711
25711	11711
25712	11711
25713	11711
25714	11710
25715	11710
25716	11710
25717	11710
25718	11710
25719	11710
25720	11711
25721	11711
25722	11713
25723	11713
25724	11715
25725	11715
25726	11715
25727	11715
25728	11715
25729	11714
25730	11714
25731	11713
25732	11712
25733	11712
25734	11712
25735	11711
25736	11712
25737	11711
25738	11711
25739	11711
25740	11711
25741	11711
25742	11713
25743	11713
25744	11712
25745	11712
25746	11712
25747	11711
25748	11711
25749	11711
25750	11711
25751	11710
25752	11710
25753	11710
25754	11712
25755	11711
25756	11711
25757	11711
25758	11711
25759	11713
25760	11713
25761	11714
25762	11714
25763	11715
25764	11715
25765	11717
25766	11717
25767	11717
25768	11717
25769	11717
25770	11716
25771	11716
25772	11716
25773	11716
25774	11717
25775	11717
25776	11718
25777	11720
25778	11719
25779	11720
25780	11721
25781	11721
25782	11721
25783	11721
25784	11721
25785	11720
25786	11720
25787	11720
25788	11720
25789	11722
25790	11722
25791	11721
25792	11721
25793	11721
25794	11721
25795	11721
25796	11721
25797	11721
25798	11721
25799	11721
25800	11721
25801	11720
25802	11719
25803	11720
25804	11720
25805	11722
25806	11722
25807	11723
25808	11723
25809	11724
25810	11724
25811	11726
25812	11726
25813	11728
25814	11728
25815	11728
25816	11730
25817	11730
25818	11730
25819	11729
25820	11729
25821	11729
25822	11729
25823	11729
25824	11731
25825	11731
25826	11731
25827	11731
25828	11731
25829	11731
25830	11733
25831	11733
25832	11735
25833	11735
25834	11735
25835	11735
25836	11735
25837	11734
25838	11733
25839	11733
25840	11733
25841	11733
25842	11735
25843	11735
25844	11734
25845	11733
25846	11733
25847	11733
25848	11735
25849	11735
25850	11735
25851	11734
25852	11734
25853	11734
25854	11733
25855	11734
25856	11733
25857	11733
25858	11733
25859	11732
25860	11732
25861	11734
25862	11734
25863	11734
25864	11736
25865	11736
25866	11737
25867	11736
25868	11736
25869	11736
25870	11738
25871	11737
25872	11736
25873	11736
25874	11736
25875	11736
25876	11736
25877	11736
25878	11736
25879	11736
25880	11735
25881	11735
25882	11737
25883	11737
25884	11737
25885	11737
25886	11736
25887	11736
25888	11735
25889	11735
25890	11735
25891	11737
25892	11737
25893	11737
25894	11737
25895	11736
25896	11735
25897	11735
25898	11736
25899	11738
25900	11738
25901	11738
25902	11738
25903	11737
25904	11736
25905	11735
25906	11734
25907	11734
25908	11734
25909	11734
25910	11734
25911	11734
25912	11734
25913	11734
25914	11734
25915	11734
25916	11734
25917	11734
25918	11734
25919	11734
25920	11736
25921	11736
25922	11736
25923	11736
25924	11736
25925	11736
25926	11736
25927	11736
25928	11737
25929	11737
25930	11738
25931	11738
25932	11739
25933	11739
25934	11740
25935	11741
25936	11741
25937	11743
25938	11743
25939	11743
25940	11743
25941	11743
25942	11743
25943	11743
25944	11743
25945	11745
25946	11744
25947	11743
25948	11742
25949	11742
25950	11742
25951	11741
25952	11741
25953	11741
25954	11741
25955	11741
25956	11743
25957	11742
25958	11742
25959	11742
25960	11742
25961	11742
25962	11742
25963	11742
25964	11742
25965	11742
25966	11742
25967	11742
25968	11744
25969	11744
25970	11743
25971	11743
25972	11743
25973	11744
25974	11744
25975	11743
25976	11744
25977	11745
25978	11744
25979	11746
25980	11746
25981	11745
25982	11745
25983	11744
25984	11744
25985	11744
25986	11744
25987	11745
25988	11745
25989	11745
25990	11745
25991	11746
25992	11746
25993	11745
25994	11745
25995	11745
25996	11745
25997	11746
25998	11746
25999	11746
26000	11746
26001	11748
26002	11748
26003	11748
26004	11748
26005	11747
26006	11747
26007	11746
26008	11746
26009	11748
26010	11748
26011	11749
26012	11749
26013	11750
26014	11750
26015	11750
26016	11752
26017	11751
26018	11753
26019	11753
26020	11755
26021	11755
26022	11755
26023	11755
26024	11755
26025	11755
26026	11757
26027	11759
26028	11759
26029	11761
26030	11761
26031	11761
26032	11761
26033	11760
26034	11760
26035	11760
26036	11760
26037	11759
26038	11760
26039	11760
26040	11761
26041	11763
26042	11763
26043	11764
26044	11764
26045	11766
26046	11765
26047	11765
26048	11765
26049	11765
26050	11764
26051	11764
26052	11764
26053	11764
26054	11766
26055	11766
26056	11766
26057	11768
26058	11768
26059	11768
26060	11767
26061	11769
26062	11768
26063	11768
26064	11768
26065	11767
26066	11767
26067	11767
26068	11767
26069	11769
26070	11769
26071	11768
26072	11768
26073	11768
26074	11768
26075	11768
26076	11767
26077	11767
26078	11766
26079	11766
26080	11765
26081	11765
26082	11764
26083	11763
26084	11762
26085	11762
26086	11761
26087	11761
26088	11762
26089	11761
26090	11761
26091	11761
26092	11763
26093	11763
26094	11763
26095	11763
26096	11764
26097	11764
26098	11764
26099	11764
26100	11763
26101	11763
26102	11762
26103	11762
26104	11763
26105	11763
26106	11765
26107	11765
26108	11765
26109	11765
26110	11764
26111	11763
26112	11763
26113	11763
26114	11763
26115	11763
26116	11763
26117	11762
26118	11762
26119	11762
26120	11762
26121	11761
26122	11761
26123	11761
26124	11761
26125	11761
26126	11763
26127	11763
26128	11763
26129	11763
26130	11763
26131	11763
26132	11763
26133	11762
26134	11763
26135	11763
26136	11765
26137	11764
26138	11765
26139	11765
26140	11767
26141	11767
26142	11768
26143	11768
26144	11769
26145	11769
26146	11769
26147	11769
26148	11768
26149	11768
26150	11768
26151	11768
26152	11769
26153	11768
26154	11767
26155	11766
26156	11766
26157	11766
26158	11766
26159	11768
26160	11768
26161	11767
26162	11767
26163	11767
26164	11767
26165	11767
26166	11767
26167	11767
26168	11767
26169	11767
26170	11767
26171	11769
26172	11768
26173	11768
26174	11768
26175	11767
26176	11767
26177	11768
26178	11767
26179	11767
26180	11767
26181	11767
26182	11769
26183	11769
26184	11770
26185	11770
26186	11769
26187	11769
26188	11769
26189	11769
26190	11769
26191	11769
26192	11769
26193	11771
26194	11771
26195	11771
26196	11771
26197	11771
26198	11771
26199	11770
26200	11769
26201	11769
26202	11768
26203	11768
26204	11769
26205	11769
26206	11770
26207	11770
26208	11771
26209	11771
26210	11771
26211	11771
26212	11771
26213	11771
26214	11771
26215	11771
26216	11771
26217	11772
26218	11774
26219	11774
26220	11774
26221	11773
26222	11773
26223	11773
26224	11773
26225	11773
26226	11773
26227	11773
26228	11773
26229	11775
26230	11776
26231	11776
26232	11777
26233	11777
26234	11777
26235	11777
26236	11779
26237	11778
26238	11778
26239	11777
26240	11777
26241	11777
26242	11777
26243	11779
26244	11779
26245	11779
26246	11779
26247	11778
26248	11778
26249	11778
26250	11778
26251	11779
26252	11779
26253	11778
26254	11778
26255	11778
26256	11778
26257	11778
26258	11779
26259	11779
26260	11779
26261	11779
26262	11778
26263	11777
26264	11776
26265	11777
26266	11776
26267	11776
26268	11776
26269	11776
26270	11776
26271	11777
26272	11776
26273	11775
26274	11774
26275	11773
26276	11773
26277	11773
26278	11774
26279	11773
26280	11774
26281	11775
26282	11774
26283	11774
26284	11774
26285	11774
26286	11773
26287	11774
26288	11774
26289	11774
26290	11776
26291	11776
26292	11776
26293	11776
26294	11776
26295	11776
26296	11775
26297	11775
26298	11775
26299	11775
26300	11775
26301	11777
26302	11777
26303	11777
26304	11777
26305	11777
26306	11779
26307	11778
26308	11780
26309	11780
26310	11780
26311	11780
26312	11780
26313	11780
26314	11780
26315	11780
26316	11780
26317	11780
26318	11782
26319	11782
26320	11782
26321	11784
26322	11784
26323	11784
26324	11784
26325	11783
26326	11783
26327	11783
26328	11783
26329	11785
26330	11784
26331	11784
26332	11783
26333	11783
26334	11782
26335	11781
26336	11781
26337	11781
26338	11781
26339	11781
26340	11781
26341	11781
26342	11783
26343	11783
26344	11783
26345	11783
26346	11783
26347	11783
26348	11785
26349	11784
26350	11784
26351	11784
26352	11783
26353	11782
26354	11782
26355	11782
26356	11781
26357	11781
26358	11782
26359	11781
26360	11782
26361	11782
26362	11783
26363	11783
26364	11784
26365	11784
26366	11783
26367	11783
26368	11783
26369	11782
26370	11782
26371	11781
26372	11781
26373	11781
26374	11781
26375	11780
26376	11780
26377	11780
26378	11782
26379	11781
26380	11781
26381	11780
26382	11780
26383	11781
26384	11781
26385	11783
26386	11785
26387	11785
26388	11787
26389	11787
26390	11787
26391	11786
26392	11786
26393	11786
26394	11786
26395	11786
26396	11786
26397	11786
26398	11786
26399	11788
26400	11788
26401	11787
26402	11789
26403	11789
26404	11789
26405	11789
26406	11789
26407	11788
26408	11788
26409	11788
26410	11788
26411	11788
26412	11788
26413	11788
26414	11788
26415	11788
26416	11789
26417	11788
26418	11789
26419	11788
26420	11788
26421	11790
26422	11791
26423	11791
26424	11793
26425	11793
26426	11793
26427	11793
26428	11793
26429	11793
26430	11793
26431	11793
26432	11794
26433	11793
26434	11793
26435	11792
26436	11793
26437	11793
26438	11795
26439	11795
26440	11796
26441	11796
26442	11796
26443	11795
26444	11795
26445	11794
26446	11794
26447	11794
26448	11794
26449	11796
26450	11798
26451	11798
26452	11798
26453	11800
26454	11802
26455	11801
26456	11800
26457	11799
26458	11799
26459	11799
26460	11799
26461	11801
26462	11801
26463	11803
26464	11803
26465	11803
26466	11802
26467	11801
26468	11801
26469	11801
26470	11801
26471	11800
26472	11799
26473	11800
26474	11799
26475	11799
26476	11799
26477	11799
26478	11798
26479	11797
26480	11797
26481	11799
26482	11798
26483	11797
26484	11797
26485	11797
26486	11796
26487	11796
26488	11795
26489	11794
26490	11796
26491	11796
26492	11797
26493	11796
26494	11797
26495	11797
26496	11799
26497	11799
26498	11801
26499	11801
26500	11802
26501	11802
26502	11804
26503	11803
26504	11802
26505	11801
26506	11801
26507	11801
26508	11800
26509	11802
26510	11802
26511	11801
26512	11801
26513	11801
26514	11801
26515	11801
26516	11801
26517	11801
26518	11800
26519	11800
26520	11802
26521	11802
26522	11802
26523	11804
26524	11803
26525	11802
26526	11802
26527	11802
26528	11802
26529	11802
26530	11803
26531	11803
26532	11804
26533	11806
26534	11806
26535	11808
26536	11808
26537	11808
26538	11807
26539	11808
26540	11808
26541	11807
26542	11806
26543	11806
26544	11806
26545	11806
26546	11805
26547	11805
26548	11805
26549	11804
26550	11804
26551	11804
26552	11803
26553	11802
26554	11802
26555	11801
26556	11801
26557	11800
26558	11800
26559	11799
26560	11801
26561	11801
26562	11801
26563	11801
26564	11800
26565	11799
26566	11799
26567	11801
26568	11801
26569	11803
26570	11802
26571	11804
26572	11806
26573	11806
26574	11806
26575	11807
26576	11807
26577	11808
26578	11808
26579	11808
26580	11808
26581	11807
26582	11807
26583	11807
26584	11808
26585	11808
26586	11808
26587	11808
26588	11807
26589	11809
26590	11808
26591	11808
26592	11808
26593	11808
26594	11808
26595	11808
26596	11807
26597	11807
26598	11807
26599	11807
26600	11809
26601	11809
26602	11809
26603	11808
26604	11808
26605	11809
26606	11808
26607	11807
26608	11809
26609	11809
26610	11809
26611	11808
26612	11808
26613	11808
26614	11807
26615	11808
26616	11810
26617	11810
26618	11810
26619	11812
26620	11812
26621	11814
26622	11813
26623	11813
26624	11813
26625	11813
26626	11812
26627	11812
26628	11812
26629	11814
26630	11814
26631	11813
26632	11813
26633	11812
26634	11812
26635	11812
26636	11812
26637	11814
26638	11813
26639	11815
26640	11817
26641	11816
26642	11815
26643	11815
26644	11815
26645	11814
26646	11813
26647	11812
26648	11812
26649	11811
26650	11812
26651	11812
26652	11812
26653	11811
26654	11811
26655	11810
26656	11809
26657	11808
26658	11808
26659	11809
26660	11809
26661	11808
26662	11807
26663	11807
26664	11807
26665	11809
26666	11809
26667	11809
26668	11808
26669	11808
26670	11808
26671	11808
26672	11807
26673	11807
26674	11808
26675	11807
26676	11807
26677	11807
26678	11809
26679	11809
26680	11810
26681	11810
26682	11810
26683	11809
26684	11808
26685	11808
26686	11807
26687	11806
26688	11806
26689	11806
26690	11806
26691	11806
26692	11806
26693	11807
26694	11807
26695	11807
26696	11807
26697	11806
26698	11805
26699	11805
26700	11804
26701	11806
26702	11806
26703	11806
26704	11806
26705	11807
26706	11806
26707	11806
26708	11806
26709	11806
26710	11806
26711	11806
26712	11806
26713	11806
26714	11806
26715	11805
26716	11807
26717	11807
26718	11807
26719	11807
26720	11806
26721	11805
26722	11805
26723	11805
26724	11804
26725	11804
26726	11805
26727	11805
26728	11807
26729	11807
26730	11807
26731	11807
26732	11806
26733	11806
26734	11805
26735	11805
26736	11805
26737	11807
26738	11806
26739	11805
26740	11805
26741	11806
26742	11806
26743	11807
26744	11807
26745	11807
26746	11806
26747	11808
26748	11808
26749	11807
26750	11807
26751	11807
26752	11807
26753	11807
26754	11807
26755	11807
26756	11807
26757	11808
26758	11807
26759	11806
26760	11805
26761	11804
26762	11803
26763	11804
26764	11804
26765	11804
26766	11804
26767	11804
26768	11804
26769	11805
26770	11805
26771	11805
26772	11805
26773	11807
26774	11807
26775	11807
26776	11806
26777	11806
26778	11806
26779	11806
26780	11808
26781	11808
26782	11810
26783	11810
26784	11811
26785	11813
26786	11813
26787	11813
26788	11812
26789	11812
26790	11812
26791	11811
26792	11810
26793	11810
26794	11810
26795	11810
26796	11809
26797	11811
26798	11811
26799	11811
26800	11811
26801	11811
26802	11811
26803	11811
26804	11811
26805	11811
26806	11811
26807	11810
26808	11809
26809	11811
26810	11811
26811	11813
26812	11813
26813	11813
26814	11813
26815	11813
26816	11812
26817	11812
26818	11812
26819	11812
26820	11812
26821	11812
26822	11813
26823	11813
26824	11812
26825	11811
26826	11811
26827	11811
26828	11811
26829	11811
26830	11810
26831	11809
26832	11809
26833	11809
26834	11809
26835	11809
26836	11808
26837	11808
26838	11808
26839	11809
26840	11809
26841	11810
26842	11809
26843	11810
26844	11812
26845	11812
26846	11811
26847	11810
26848	11809
26849	11809
26850	11808
26851	11808
26852	11808
26853	11807
26854	11806
26855	11806
26856	11806
26857	11807
26858	11807
26859	11807
26860	11806
26861	11807
26862	11806
26863	11807
26864	11807
26865	11806
26866	11806
26867	11806
26868	11806
26869	11805
26870	11805
26871	11805
26872	11805
26873	11807
26874	11807
26875	11809
26876	11808
26877	11808
26878	11810
26879	11810
26880	11810
26881	11810
26882	11810
26883	11810
26884	11810
26885	11810
26886	11809
26887	11811
26888	11811
26889	11813
26890	11815
26891	11815
26892	11815
26893	11816
26894	11816
26895	11818
26896	11818
26897	11820
26898	11820
26899	11819
26900	11818
26901	11818
26902	11818
26903	11817
26904	11818
26905	11818
26906	11819
26907	11821
26908	11821
26909	11823
26910	11823
26911	11823
26912	11822
26913	11821
26914	11820
26915	11820
26916	11820
26917	11820
26918	11822
26919	11822
26920	11821
26921	11821
26922	11821
26923	11820
26924	11821
26925	11821
26926	11821
26927	11821
26928	11821
26929	11821
26930	11820
26931	11820
26932	11819
26933	11819
26934	11818
26935	11820
26936	11820
26937	11820
26938	11819
26939	11819
26940	11819
26941	11819
26942	11819
26943	11818
26944	11818
26945	11818
26946	11818
26947	11818
26948	11819
26949	11819
26950	11818
26951	11819
26952	11819
26953	11820
26954	11820
26955	11822
26956	11822
26957	11822
26958	11822
26959	11822
26960	11822
26961	11822
26962	11821
26963	11820
26964	11822
26965	11822
26966	11824
26967	11823
26968	11824
26969	11824
26970	11826
26971	11826
26972	11826
26973	11826
26974	11826
26975	11825
26976	11825
26977	11825
26978	11825
26979	11825
26980	11825
26981	11825
26982	11825
26983	11824
26984	11823
26985	11823
26986	11823
26987	11823
26988	11823
26989	11822
26990	11821
26991	11820
26992	11819
26993	11819
26994	11819
26995	11819
26996	11819
26997	11819
26998	11818
26999	11817
27000	11816
27001	11816
27002	11815
27003	11814
27004	11814
27005	11814
27006	11813
27007	11812
27008	11811
27009	11813
27010	11813
27011	11815
27012	11815
27013	11816
27014	11817
27015	11817
27016	11816
27017	11816
27018	11815
27019	11815
27020	11815
27021	11814
27022	11814
27023	11815
27024	11815
27025	11815
27026	11815
27027	11815
27028	11814
27029	11814
27030	11814
27031	11814
27032	11813
27033	11813
27034	11813
27035	11813
27036	11813
27037	11815
27038	11815
27039	11815
27040	11815
27041	11814
27042	11813
27043	11813
27044	11814
27045	11816
27046	11816
27047	11816
27048	11816
27049	11815
27050	11815
27051	11815
27052	11815
27053	11815
27054	11815
27055	11815
27056	11815
27057	11815
27058	11815
27059	11815
27060	11817
27061	11817
27062	11816
27063	11815
27064	11815
27065	11815
27066	11817
27067	11817
27068	11817
27069	11818
27070	11818
27071	11819
27072	11818
27073	11819
27074	11819
27075	11819
27076	11819
27077	11819
27078	11819
27079	11819
27080	11819
27081	11821
27082	11821
27083	11821
27084	11821
27085	11821
27086	11820
27087	11820
27088	11821
27089	11821
27090	11822
27091	11823
27092	11824
27093	11824
27094	11826
27095	11826
27096	11825
27097	11825
27098	11825
27099	11825
27100	11825
27101	11825
27102	11825
27103	11827
27104	11827
27105	11827
27106	11827
27107	11829
27108	11830
27109	11830
27110	11830
27111	11830
27112	11830
27113	11830
27114	11830
27115	11830
27116	11829
27117	11829
27118	11828
27119	11829
27120	11829
27121	11831
27122	11831
27123	11833
27124	11833
27125	11835
27126	11835
27127	11835
27128	11834
27129	11834
27130	11834
27131	11834
27132	11834
27133	11833
27134	11833
27135	11833
27136	11834
27137	11833
27138	11834
27139	11834
27140	11834
27141	11833
27142	11833
27143	11832
27144	11832
27145	11832
27146	11831
27147	11832
27148	11834
27149	11833
27150	11833
27151	11832
27152	11831
27153	11830
27154	11829
27155	11831
27156	11831
27157	11830
27158	11831
27159	11830
27160	11832
27161	11832
27162	11834
27163	11834
27164	11833
27165	11833
27166	11833
27167	11832
27168	11832
27169	11831
27170	11830
27171	11830
27172	11830
27173	11829
27174	11831
27175	11831
27176	11831
27177	11830
27178	11829
27179	11829
27180	11829
27181	11829
27182	11829
27183	11829
27184	11829
27185	11829
27186	11829
27187	11829
27188	11828
27189	11828
27190	11830
27191	11830
27192	11829
27193	11829
27194	11829
27195	11829
27196	11829
27197	11830
27198	11830
27199	11831
27200	11832
27201	11832
27202	11832
27203	11834
27204	11833
27205	11834
27206	11834
27207	11834
27208	11834
27209	11833
27210	11833
27211	11833
27212	11833
27213	11833
27214	11833
27215	11833
27216	11833
27217	11835
27218	11835
27219	11835
27220	11834
27221	11834
27222	11834
27223	11833
27224	11832
27225	11832
27226	11833
27227	11833
27228	11835
27229	11835
27230	11836
27231	11836
27232	11837
27233	11837
27234	11839
27235	11839
27236	11839
27237	11839
27238	11838
27239	11838
27240	11838
27241	11838
27242	11838
27243	11839
27244	11839
27245	11840
27246	11842
27247	11841
27248	11840
27249	11840
27250	11842
27251	11842
27252	11844
27253	11844
27254	11843
27255	11843
27256	11843
27257	11843
27258	11843
27259	11843
27260	11845
27261	11845
27262	11847
27263	11847
27264	11847
27265	11847
27266	11847
27267	11847
27268	11849
27269	11849
27270	11849
27271	11849
27272	11849
27273	11848
27274	11850
27275	11850
27276	11849
27277	11849
27278	11848
27279	11848
27280	11850
27281	11850
27282	11850
27283	11849
27284	11849
27285	11848
27286	11847
27287	11848
27288	11848
27289	11848
27290	11848
27291	11848
27292	11848
27293	11850
27294	11850
27295	11850
27296	11852
27297	11852
27298	11853
27299	11852
27300	11854
27301	11853
27302	11853
27303	11852
27304	11852
27305	11852
27306	11852
27307	11852
27308	11852
27309	11852
27310	11851
27311	11851
27312	11853
27313	11853
27314	11853
27315	11853
27316	11853
27317	11852
27318	11851
27319	11850
27320	11850
27321	11852
27322	11852
27323	11851
27324	11850
27325	11849
27326	11849
27327	11849
27328	11850
27329	11850
27330	11849
27331	11849
27332	11848
27333	11847
27334	11847
27335	11849
27336	11849
27337	11849
27338	11849
27339	11849
27340	11849
27341	11849
27342	11849
27343	11851
27344	11851
27345	11851
27346	11850
27347	11850
27348	11850
27349	11850
27350	11850
27351	11850
27352	11850
27353	11850
27354	11850
27355	11850
27356	11850
27357	11851
27358	11851
27359	11852
27360	11851
27361	11852
27362	11852
27363	11853
27364	11854
27365	11854
27366	11856
27367	11856
27368	11855
27369	11854
27370	11853
27371	11853
27372	11853
27373	11853
27374	11852
27375	11852
27376	11852
27377	11852
27378	11852
27379	11851
27380	11851
27381	11851
27382	11851
27383	11851
27384	11851
27385	11851
27386	11851
27387	11851
27388	11851
27389	11850
27390	11851
27391	11851
27392	11850
27393	11850
27394	11850
27395	11849
27396	11851
27397	11850
27398	11850
27399	11850
27400	11849
27401	11848
27402	11849
27403	11848
27404	11849
27405	11849
27406	11848
27407	11850
27408	11849
27409	11849
27410	11848
27411	11848
27412	11848
27413	11847
27414	11847
27415	11848
27416	11848
27417	11849
27418	11849
27419	11849
27420	11849
27421	11848
27422	11848
27423	11848
27424	11848
27425	11847
27426	11846
27427	11846
27428	11848
27429	11848
27430	11849
27431	11849
27432	11850
27433	11850
27434	11850
27435	11849
27436	11849
27437	11850
27438	11850
27439	11850
27440	11852
27441	11852
27442	11852
27443	11854
27444	11854
27445	11856
27446	11856
27447	11857
27448	11857
27449	11857
27450	11857
27451	11857
27452	11857
27453	11859
27454	11861
27455	11861
27456	11863
27457	11863
27458	11863
27459	11863
27460	11863
27461	11862
27462	11862
27463	11862
27464	11862
27465	11862
27466	11862
27467	11864
27468	11864
27469	11863
27470	11865
27471	11865
27472	11867
27473	11866
27474	11866
27475	11866
27476	11866
27477	11865
27478	11865
27479	11865
27480	11867
27481	11867
27482	11867
27483	11866
27484	11866
27485	11866
27486	11866
27487	11865
27488	11864
27489	11864
27490	11863
27491	11863
27492	11862
27493	11861
27494	11861
27495	11860
27496	11859
27497	11859
27498	11859
27499	11860
27500	11860
27501	11861
27502	11860
27503	11861
27504	11862
27505	11862
27506	11864
27507	11863
27508	11865
27509	11865
27510	11865
27511	11865
27512	11864
27513	11864
27514	11864
27515	11864
27516	11864
27517	11863
27518	11862
27519	11861
27520	11863
27521	11863
27522	11862
27523	11862
27524	11862
27525	11862
27526	11862
27527	11862
27528	11864
27529	11863
27530	11863
27531	11863
27532	11863
27533	11863
27534	11862
27535	11862
27536	11862
27537	11862
27538	11862
27539	11862
27540	11862
27541	11862
27542	11862
27543	11862
27544	11862
27545	11861
27546	11862
27547	11861
27548	11863
27549	11863
27550	11864
27551	11866
27552	11866
27553	11867
27554	11867
27555	11866
27556	11865
27557	11866
27558	11866
27559	11865
27560	11867
27561	11866
27562	11866
27563	11867
27564	11867
27565	11868
27566	11867
27567	11866
27568	11865
27569	11865
27570	11865
27571	11866
27572	11866
27573	11866
27574	11866
27575	11865
27576	11864
27577	11864
27578	11864
27579	11864
27580	11864
27581	11864
27582	11864
27583	11864
27584	11864
27585	11866
27586	11865
27587	11864
27588	11864
27589	11864
27590	11864
27591	11865
27592	11865
27593	11867
27594	11867
27595	11867
27596	11867
27597	11866
27598	11865
27599	11864
27600	11863
27601	11863
27602	11863
27603	11865
27604	11865
27605	11866
27606	11865
27607	11865
27608	11865
27609	11865
27610	11864
27611	11863
27612	11862
27613	11862
27614	11863
27615	11863
27616	11864
27617	11864
27618	11865
27619	11865
27620	11864
27621	11864
27622	11864
27623	11864
27624	11864
27625	11864
27626	11866
27627	11866
27628	11866
27629	11866
27630	11866
27631	11866
27632	11865
27633	11865
27634	11865
27635	11865
27636	11865
27637	11865
27638	11866
27639	11868
27640	11868
27641	11867
27642	11867
27643	11866
27644	11866
27645	11866
27646	11866
27647	11866
27648	11866
27649	11868
27650	11868
27651	11869
27652	11869
27653	11870
27654	11870
27655	11870
27656	11871
27657	11871
27658	11872
27659	11872
27660	11872
27661	11872
27662	11871
27663	11871
27664	11871
27665	11871
27666	11871
27667	11872
27668	11872
27669	11873
27670	11873
27671	11873
27672	11873
27673	11873
27674	11875
27675	11876
27676	11876
27677	11876
27678	11878
27679	11878
27680	11878
27681	11878
27682	11878
27683	11878
27684	11878
27685	11878
27686	11878
27687	11880
27688	11880
27689	11880
27690	11880
27691	11879
27692	11879
27693	11879
27694	11879
27695	11880
27696	11880
27697	11882
27698	11882
27699	11882
27700	11882
27701	11881
27702	11880
27703	11880
27704	11880
27705	11879
27706	11879
27707	11879
27708	11878
27709	11877
27710	11879
27711	11878
27712	11878
27713	11878
27714	11878
27715	11878
27716	11878
27717	11878
27718	11878
27719	11877
27720	11876
27721	11875
27722	11875
27723	11874
27724	11873
27725	11872
27726	11872
27727	11872
27728	11872
27729	11872
27730	11872
27731	11871
27732	11871
27733	11871
27734	11871
27735	11871
27736	11871
27737	11873
27738	11873
27739	11875
27740	11877
27741	11878
27742	11878
27743	11878
27744	11880
27745	11880
27746	11881
27747	11880
27748	11879
27749	11879
27750	11879
27751	11879
27752	11879
27753	11879
27754	11879
27755	11879
27756	11879
27757	11878
27758	11880
27759	11880
27760	11880
27761	11880
27762	11880
27763	11879
27764	11878
27765	11878
27766	11880
27767	11880
27768	11880
27769	11880
27770	11880
27771	11879
27772	11879
27773	11879
27774	11879
27775	11879
27776	11879
27777	11879
27778	11879
27779	11879
27780	11881
27781	11881
27782	11880
27783	11880
27784	11880
27785	11880
27786	11880
27787	11881
27788	11880
27789	11881
27790	11881
27791	11882
27792	11882
27793	11883
27794	11884
27795	11884
27796	11883
27797	11883
27798	11883
27799	11882
27800	11882
27801	11882
27802	11882
27803	11881
27804	11881
27805	11881
27806	11881
27807	11881
27808	11881
27809	11881
27810	11883
27811	11883
27812	11883
27813	11883
27814	11883
27815	11883
27816	11883
27817	11883
27818	11885
27819	11885
27820	11885
27821	11886
27822	11886
27823	11887
27824	11888
27825	11888
27826	11890
27827	11890
27828	11890
27829	11890
27830	11889
27831	11888
27832	11888
27833	11888
27834	11888
27835	11890
27836	11890
27837	11892
27838	11894
27839	11894
27840	11894
27841	11893
27842	11893
27843	11893
27844	11892
27845	11892
27846	11894
27847	11894
27848	11893
27849	11893
27850	11895
27851	11896
27852	11896
27853	11898
27854	11898
27855	11898
27856	11900
27857	11900
27858	11902
27859	11901
27860	11901
27861	11902
27862	11902
27863	11902
27864	11901
27865	11903
27866	11902
27867	11903
27868	11903
27869	11902
27870	11902
27871	11902
27872	11902
27873	11902
27874	11901
27875	11903
27876	11903
27877	11903
27878	11903
27879	11902
27880	11902
27881	11902
27882	11902
27883	11902
27884	11903
27885	11904
27886	11904
27887	11905
27888	11905
27889	11906
27890	11906
27891	11908
27892	11908
27893	11908
27894	11908
27895	11908
27896	11908
27897	11908
27898	11908
27899	11907
27900	11907
27901	11907
27902	11906
27903	11906
27904	11906
27905	11906
27906	11905
27907	11904
27908	11904
27909	11906
27910	11906
27911	11906
27912	11905
27913	11906
27914	11906
27915	11905
27916	11904
27917	11904
27918	11904
27919	11903
27920	11903
27921	11903
27922	11903
27923	11905
27924	11905
27925	11906
27926	11906
27927	11908
27928	11909
27929	11909
27930	11911
27931	11911
27932	11910
27933	11909
27934	11909
27935	11909
27936	11909
27937	11909
27938	11909
27939	11909
27940	11909
27941	11911
27942	11911
27943	11911
27944	11911
27945	11911
27946	11911
27947	11911
27948	11913
27949	11913
27950	11913
27951	11913
27952	11914
27953	11914
27954	11914
27955	11914
27956	11913
27957	11913
27958	11913
27959	11913
27960	11914
27961	11914
27962	11916
27963	11915
27964	11916
27965	11916
27966	11916
27967	11916
27968	11916
27969	11916
27970	11916
27971	11916
27972	11916
27973	11917
27974	11917
27975	11917
27976	11917
27977	11917
27978	11917
27979	11917
27980	11919
27981	11919
27982	11919
27983	11919
27984	11919
27985	11919
27986	11919
27987	11919
27988	11921
27989	11920
27990	11920
27991	11921
27992	11920
27993	11921
27994	11921
27995	11923
27996	11922
27997	11924
27998	11923
27999	11923
28000	11922
28001	11922
28002	11922
28003	11922
28004	11922
28005	11922
28006	11923
28007	11923
28008	11923
28009	11923
28010	11923
28011	11923
28012	11922
28013	11923
28014	11923
28015	11923
28016	11923
28017	11923
28018	11923
28019	11923
28020	11925
28021	11925
28022	11924
28023	11924
28024	11924
28025	11924
28026	11924
28027	11923
28028	11924
28029	11924
28030	11925
28031	11925
28032	11926
28033	11927
28034	11927
28035	11926
28036	11928
28037	11928
28038	11928
28039	11927
28040	11927
28041	11927
28042	11927
28043	11929
28044	11929
28045	11929
28046	11929
28047	11929
28048	11928
28049	11928
28050	11928
28051	11928
28052	11928
28053	11928
28054	11928
28055	11928
28056	11927
28057	11927
28058	11927
28059	11927
28060	11927
28061	11929
28062	11929
28063	11929
28064	11929
28065	11929
28066	11928
28067	11927
28068	11927
28069	11927
28070	11927
28071	11927
28072	11928
28073	11928
28074	11928
28075	11927
28076	11927
28077	11927
28078	11929
28079	11929
28080	11929
28081	11929
28082	11928
28083	11927
28084	11926
28085	11926
28086	11926
28087	11926
28088	11926
28089	11927
28090	11929
28091	11928
28092	11928
28093	11928
28094	11928
28095	11927
28096	11927
28097	11927
28098	11927
28099	11927
28100	11927
28101	11927
28102	11927
28103	11927
28104	11927
28105	11927
28106	11929
28107	11931
28108	11931
28109	11931
28110	11930
28111	11930
28112	11930
28113	11929
28114	11929
28115	11929
28116	11929
28117	11931
28118	11931
28119	11930
28120	11932
28121	11932
28122	11932
28123	11932
28124	11931
28125	11930
28126	11930
28127	11930
28128	11929
28129	11930
28130	11930
28131	11931
28132	11933
28133	11935
28134	11934
28135	11935
28136	11935
28137	11934
28138	11933
28139	11932
28140	11932
28141	11932
28142	11931
28143	11930
28144	11930
28145	11932
28146	11932
28147	11934
28148	11934
28149	11936
28150	11936
28151	11937
28152	11936
28153	11935
28154	11935
28155	11935
28156	11935
28157	11935
28158	11935
28159	11935
28160	11937
28161	11937
28162	11937
28163	11937
28164	11936
28165	11936
28166	11935
28167	11935
28168	11935
28169	11934
28170	11934
28171	11933
28172	11933
28173	11933
28174	11933
28175	11933
28176	11932
28177	11932
28178	11932
28179	11934
28180	11934
28181	11934
28182	11933
28183	11933
28184	11933
28185	11933
28186	11934
28187	11934
28188	11934
28189	11934
28190	11933
28191	11933
28192	11933
28193	11933
28194	11933
28195	11932
28196	11932
28197	11932
28198	11932
28199	11933
28200	11933
28201	11934
28202	11934
28203	11934
28204	11934
28205	11934
28206	11934
28207	11934
28208	11934
28209	11934
28210	11934
28211	11935
28212	11935
28213	11935
28214	11937
28215	11937
28216	11939
28217	11938
28218	11938
28219	11937
28220	11936
28221	11936
28222	11936
28223	11936
28224	11936
28225	11936
28226	11936
28227	11936
28228	11936
28229	11936
28230	11938
28231	11938
28232	11937
28233	11937
28234	11937
28235	11937
28236	11937
28237	11939
28238	11939
28239	11939
28240	11938
28241	11938
28242	11938
28243	11938
28244	11938
28245	11939
28246	11939
28247	11941
28248	11942
28249	11942
28250	11944
28251	11944
28252	11945
28253	11945
28254	11944
28255	11943
28256	11942
28257	11942
28258	11942
28259	11942
28260	11941
28261	11941
28262	11941
28263	11941
28264	11941
28265	11941
28266	11941
28267	11941
28268	11943
28269	11943
28270	11944
28271	11944
28272	11944
28273	11944
28274	11944
28275	11943
28276	11945
28277	11945
28278	11946
28279	11945
28280	11946
28281	11947
28282	11947
28283	11948
28284	11948
28285	11947
28286	11947
28287	11947
28288	11948
28289	11948
28290	11947
28291	11947
28292	11947
28293	11947
28294	11947
28295	11947
28296	11946
28297	11946
28298	11946
28299	11946
28300	11947
28301	11946
28302	11946
28303	11948
28304	11948
28305	11948
28306	11949
28307	11949
28308	11949
28309	11949
28310	11949
28311	11951
28312	11952
28313	11952
28314	11951
28315	11951
28316	11951
28317	11951
28318	11950
28319	11950
28320	11950
28321	11950
28322	11950
28323	11949
28324	11949
28325	11949
28326	11948
28327	11948
28328	11948
28329	11950
28330	11949
28331	11949
28332	11949
28333	11949
28334	11949
28335	11949
28336	11949
28337	11951
28338	11951
28339	11951
28340	11951
28341	11952
28342	11952
28343	11952
28344	11952
28345	11952
28346	11952
28347	11952
28348	11952
28349	11952
28350	11952
28351	11952
28352	11952
28353	11953
28354	11953
28355	11954
28356	11953
28357	11953
28358	11954
28359	11954
28360	11953
28361	11955
28362	11954
28363	11954
28364	11954
28365	11954
28366	11953
28367	11953
28368	11953
28369	11953
28370	11953
28371	11953
28372	11953
28373	11953
28374	11953
28375	11953
28376	11954
28377	11954
28378	11953
28379	11953
28380	11953
28381	11953
28382	11953
28383	11955
28384	11955
28385	11955
28386	11955
28387	11955
28388	11955
28389	11955
28390	11956
28391	11955
28392	11955
28393	11955
28394	11956
28395	11957
28396	11957
28397	11958
28398	11958
28399	11959
28400	11959
28401	11958
28402	11958
28403	11958
28404	11958
28405	11960
28406	11959
28407	11959
28408	11959
28409	11958
28410	11958
28411	11958
28412	11958
28413	11960
28414	11960
28415	11960
28416	11960
28417	11960
28418	11960
28419	11960
28420	11960
28421	11960
28422	11960
28423	11960
28424	11962
28425	11961
28426	11961
28427	11961
28428	11961
28429	11961
28430	11963
28431	11963
28432	11962
28433	11962
28434	11961
28435	11961
28436	11962
28437	11962
28438	11963
28439	11962
28440	11963
28441	11962
28442	11961
28443	11960
28444	11960
28445	11962
28446	11962
28447	11962
28448	11962
28449	11962
28450	11962
28451	11962
28452	11962
28453	11962
28454	11961
28455	11962
28456	11962
28457	11963
28458	11963
28459	11962
28460	11962
28461	11964
28462	11966
28463	11966
28464	11968
28465	11967
28466	11966
28467	11966
28468	11966
28469	11966
28470	11966
28471	11966
28472	11966
28473	11966
28474	11968
28475	11968
28476	11970
28477	11970
28478	11972
28479	11972
28480	11972
28481	11972
28482	11971
28483	11970
28484	11970
28485	11969
28486	11969
28487	11971
28488	11970
28489	11972
28490	11972
28491	11972
28492	11971
28493	11970
28494	11969
28495	11968
28496	11968
28497	11968
28498	11967
28499	11966
28500	11966
28501	11965
28502	11964
28503	11964
28504	11964
28505	11964
28506	11964
28507	11963
28508	11963
28509	11963
28510	11965
28511	11965
28512	11967
28513	11966
28514	11968
28515	11968
28516	11970
28517	11970
28518	11972
28519	11971
28520	11971
28521	11971
28522	11972
28523	11972
28524	11971
28525	11971
28526	11970
28527	11970
28528	11970
28529	11970
28530	11969
28531	11969
28532	11968
28533	11968
28534	11967
28535	11967
28536	11966
28537	11966
28538	11966
28539	11965
28540	11965
28541	11965
28542	11965
28543	11964
28544	11964
28545	11966
28546	11966
28547	11965
28548	11965
28549	11965
28550	11967
28551	11967
28552	11966
28553	11966
28554	11966
28555	11966
28556	11966
28557	11965
28558	11965
28559	11965
28560	11965
28561	11965
28562	11965
28563	11966
28564	11966
28565	11968
28566	11968
28567	11968
28568	11968
28569	11967
28570	11966
28571	11966
28572	11966
28573	11966
28574	11966
28575	11967
28576	11967
28577	11967
28578	11967
28579	11968
28580	11968
28581	11967
28582	11967
28583	11966
28584	11966
28585	11966
28586	11966
28587	11968
28588	11968
28589	11967
28590	11967
28591	11967
28592	11967
28593	11967
28594	11967
28595	11967
28596	11969
28597	11969
28598	11969
28599	11968
28600	11967
28601	11967
28602	11967
28603	11969
28604	11968
28605	11968
28606	11968
28607	11968
28608	11967
28609	11967
28610	11967
28611	11967
28612	11967
28613	11967
28614	11967
28615	11967
28616	11967
28617	11969
28618	11969
28619	11970
28620	11970
28621	11972
28622	11973
28623	11973
28624	11972
28625	11972
28626	11971
28627	11971
28628	11970
28629	11970
28630	11970
28631	11970
28632	11970
28633	11971
28634	11971
28635	11972
28636	11972
28637	11972
28638	11972
28639	11974
28640	11974
28641	11973
28642	11973
28643	11972
28644	11972
28645	11972
28646	11974
28647	11973
28648	11973
28649	11973
28650	11973
28651	11973
28652	11975
28653	11975
28654	11974
28655	11974
28656	11974
28657	11974
28658	11974
28659	11974
28660	11975
28661	11975
28662	11975
28663	11977
28664	11977
28665	11977
28666	11977
28667	11977
28668	11977
28669	11977
28670	11977
28671	11977
28672	11977
28673	11976
28674	11976
28675	11976
28676	11976
28677	11977
28678	11977
28679	11977
28680	11977
28681	11978
28682	11978
28683	11978
28684	11978
28685	11977
28686	11977
28687	11977
28688	11977
28689	11979
28690	11979
28691	11980
28692	11980
28693	11981
28694	11981
28695	11981
28696	11980
28697	11980
28698	11980
28699	11981
28700	11981
28701	11980
28702	11980
28703	11980
28704	11980
28705	11980
28706	11980
28707	11980
28708	11980
28709	11980
28710	11980
28711	11982
28712	11982
28713	11984
28714	11983
28715	11982
28716	11982
28717	11981
28718	11980
28719	11980
28720	11980
28721	11980
28722	11980
28723	11982
28724	11981
28725	11982
28726	11983
28727	11985
28728	11986
28729	11988
28730	11988
28731	11988
28732	11988
28733	11988
28734	11988
28735	11988
28736	11990
28737	11989
28738	11989
28739	11989
28740	11989
28741	11990
28742	11990
28743	11990
28744	11990
28745	11990
28746	11990
28747	11990
28748	11989
28749	11991
28750	11991
28751	11992
28752	11992
28753	11992
28754	11992
28755	11994
28756	11994
28757	11994
28758	11994
28759	11994
28760	11993
28761	11993
28762	11993
28763	11994
28764	11994
28765	11994
28766	11994
28767	11993
28768	11993
28769	11995
28770	11995
28771	11995
28772	11995
28773	11995
28774	11995
28775	11995
28776	11995
28777	11995
28778	11995
28779	11995
28780	11995
28781	11995
28782	11997
28783	11996
28784	11996
28785	11996
28786	11997
28787	11996
28788	11997
28789	11997
28790	11997
28791	11999
28792	11999
28793	12000
28794	12000
28795	11999
28796	11999
28797	11999
28798	11999
28799	11999
28800	12001
28801	12001
28802	12001
28803	12002
28804	12003
28805	12002
28806	12001
28807	12001
28808	12000
28809	12000
28810	12000
28811	12000
28812	12000
28813	12000
28814	12000
28815	12002
28816	12002
28817	12002
28818	12002
28819	12001
28820	12000
28821	12002
28822	12002
28823	12002
28824	12002
28825	12001
28826	12001
28827	12000
28828	12000
28829	12000
28830	12000
28831	12000
28832	12000
28833	12000
28834	12000
28835	12000
28836	12001
28837	12003
28838	12003
28839	12003
28840	12003
28841	12005
28842	12005
28843	12004
28844	12003
28845	12002
28846	12002
28847	12002
28848	12002
28849	12002
28850	12002
28851	12004
28852	12004
28853	12006
28854	12006
28855	12007
28856	12007
28857	12007
28858	12007
28859	12007
28860	12007
28861	12006
28862	12006
28863	12006
28864	12006
28865	12006
28866	12006
28867	12006
28868	12008
28869	12007
28870	12007
28871	12009
28872	12008
28873	12007
28874	12007
28875	12007
28876	12007
28877	12007
28878	12007
28879	12007
28880	12009
28881	12009
28882	12009
28883	12010
28884	12011
28885	12011
28886	12011
28887	12010
28888	12010
28889	12010
28890	12010
28891	12010
28892	12011
28893	12011
28894	12013
28895	12013
28896	12015
28897	12014
28898	12014
28899	12013
28900	12012
28901	12011
28902	12010
28903	12010
28904	12010
28905	12011
28906	12011
28907	12010
28908	12009
28909	12008
28910	12008
28911	12009
28912	12008
28913	12007
28914	12007
28915	12007
28916	12007
28917	12006
28918	12005
28919	12007
28920	12007
28921	12007
28922	12007
28923	12007
28924	12007
28925	12007
28926	12007
28927	12009
28928	12009
28929	12009
28930	12008
28931	12009
28932	12008
28933	12007
28934	12007
28935	12007
28936	12008
28937	12008
28938	12010
28939	12009
28940	12009
28941	12011
28942	12011
28943	12011
28944	12010
28945	12009
28946	12009
28947	12009
28948	12009
28949	12011
28950	12011
28951	12013
28952	12015
28953	12015
28954	12015
28955	12016
28956	12015
28957	12015
28958	12015
28959	12014
28960	12016
28961	12016
28962	12015
28963	12015
28964	12015
28965	12014
28966	12014
28967	12014
28968	12014
28969	12014
28970	12016
28971	12016
28972	12016
28973	12016
28974	12015
28975	12014
28976	12013
28977	12013
28978	12013
28979	12012
28980	12012
28981	12012
28982	12014
28983	12014
28984	12014
28985	12014
28986	12013
28987	12012
28988	12012
28989	12014
28990	12014
28991	12015
28992	12015
28993	12016
28994	12016
28995	12016
28996	12016
28997	12016
28998	12015
28999	12015
29000	12015
29001	12015
29002	12016
29003	12016
29004	12017
29005	12017
29006	12017
29007	12017
29008	12017
29009	12017
29010	12019
29011	12019
29012	12019
29013	12018
29014	12018
29015	12018
29016	12018
29017	12018
29018	12018
29019	12020
29020	12020
29021	12021
29022	12021
29023	12023
29024	12023
29025	12023
29026	12023
29027	12023
29028	12023
29029	12022
29030	12023
29031	12023
29032	12025
29033	12025
29034	12025
29035	12025
29036	12024
29037	12024
29038	12023
29039	12025
29040	12024
29041	12024
29042	12024
29043	12024
29044	12024
29045	12023
29046	12023
29047	12023
29048	12022
29049	12021
29050	12020
29051	12020
29052	12019
29053	12018
29054	12018
29055	12018
29056	12017
29057	12016
29058	12015
29059	12014
29060	12014
29061	12016
29062	12016
29063	12018
29064	12019
29065	12019
29066	12021
29067	12023
29068	12022
29069	12022
29070	12023
29071	12023
29072	12023
29073	12022
29074	12021
29075	12021
29076	12021
29077	12023
29078	12023
29079	12023
29080	12023
29081	12023
29082	12022
29083	12021
29084	12021
29085	12020
29086	12020
29087	12020
29088	12020
29089	12019
29090	12019
29091	12019
29092	12018
29093	12018
29094	12017
29095	12017
29096	12017
29097	12016
29098	12016
29099	12016
29100	12015
29101	12015
29102	12014
29103	12013
29104	12013
29105	12013
29106	12013
29107	12013
29108	12013
29109	12013
29110	12013
29111	12015
29112	12015
29113	12015
29114	12015
29115	12015
29116	12015
29117	12015
29118	12015
29119	12017
29120	12017
29121	12018
29122	12018
29123	12018
29124	12019
29125	12021
29126	12021
29127	12022
29128	12022
29129	12024
29130	12024
29131	12024
29132	12023
29133	12023
29134	12023
29135	12023
29136	12023
29137	12023
29138	12023
29139	12023
29140	12023
29141	12023
29142	12023
29143	12025
29144	12025
29145	12024
29146	12024
29147	12024
29148	12024
29149	12024
29150	12025
29151	12025
29152	12026
29153	12026
29154	12027
29155	12026
29156	12027
29157	12028
29158	12028
29159	12028
29160	12028
29161	12027
29162	12026
29163	12026
29164	12026
29165	12026
29166	12028
29167	12028
29168	12030
29169	12032
29170	12032
29171	12032
29172	12031
29173	12031
29174	12031
29175	12030
29176	12030
29177	12031
29178	12031
29179	12033
29180	12033
29181	12035
29182	12035
29183	12036
29184	12036
29185	12036
29186	12035
29187	12037
29188	12036
29189	12037
29190	12037
29191	12036
29192	12036
29193	12036
29194	12036
29195	12038
29196	12038
29197	12040
29198	12039
29199	12040
29200	12039
29201	12039
29202	12039
29203	12039
29204	12041
29205	12041
29206	12040
29207	12040
29208	12040
29209	12039
29210	12039
29211	12039
29212	12039
29213	12038
29214	12039
29215	12039
29216	12039
29217	12040
29218	12039
29219	12040
29220	12039
29221	12040
29222	12039
29223	12039
29224	12039
29225	12039
29226	12039
29227	12039
29228	12039
29229	12039
29230	12038
29231	12037
29232	12037
29233	12036
29234	12035
29235	12035
29236	12035
29237	12035
29238	12034
29239	12033
29240	12032
29241	12032
29242	12033
29243	12033
29244	12032
29245	12032
29246	12032
29247	12034
29248	12033
29249	12032
29250	12032
29251	12032
29252	12032
29253	12033
29254	12033
29255	12035
29256	12036
29257	12036
29258	12037
29259	12037
29260	12036
29261	12036
29262	12036
29263	12036
29264	12036
29265	12038
29266	12038
29267	12038
29268	12038
29269	12039
29270	12039
29271	12039
29272	12039
29273	12039
29274	12039
29275	12039
29276	12041
29277	12041
29278	12041
29279	12040
29280	12040
29281	12040
29282	12040
29283	12040
29284	12041
29285	12040
29286	12041
29287	12041
29288	12043
29289	12043
29290	12043
29291	12045
29292	12044
29293	12045
29294	12044
29295	12044
29296	12043
29297	12043
29298	12042
29299	12042
29300	12042
29301	12042
29302	12042
29303	12042
29304	12042
29305	12042
29306	12041
29307	12042
29308	12042
29309	12043
29310	12043
29311	12043
29312	12043
29313	12043
29314	12043
29315	12043
29316	12045
29317	12045
29318	12044
29319	12044
29320	12044
29321	12044
29322	12044
29323	12044
29324	12045
29325	12044
29326	12045
29327	12045
29328	12046
29329	12045
29330	12046
29331	12046
29332	12046
29333	12046
29334	12046
29335	12046
29336	12046
29337	12046
29338	12047
29339	12047
29340	12047
29341	12047
29342	12047
29343	12047
29344	12047
29345	12049
29346	12049
29347	12049
29348	12049
29349	12049
29350	12049
29351	12049
29352	12049
29353	12051
29354	12052
29355	12051
29356	12051
29357	12052
29358	12052
29359	12051
29360	12051
29361	12051
29362	12050
29363	12050
29364	12050
29365	12050
29366	12050
29367	12052
29368	12052
29369	12052
29370	12051
29371	12051
29372	12051
29373	12051
29374	12051
29375	12050
29376	12050
29377	12050
29378	12050
29379	12050
29380	12052
29381	12052
29382	12052
29383	12052
29384	12052
29385	12052
29386	12052
29387	12051
29388	12050
29389	12050
29390	12049
29391	12049
29392	12049
29393	12049
29394	12050
29395	12049
29396	12049
29397	12048
29398	12048
29399	12048
29400	12048
29401	12048
29402	12048
29403	12048
29404	12048
29405	12048
29406	12048
29407	12048
29408	12048
29409	12050
29410	12049
29411	12048
29412	12048
29413	12048
29414	12047
29415	12048
29416	12048
29417	12047
29418	12048
29419	12048
29420	12048
29421	12050
29422	12050
29423	12052
29424	12052
29425	12051
29426	12050
29427	12050
29428	12050
29429	12050
29430	12050
29431	12050
29432	12052
29433	12054
29434	12054
29435	12054
29436	12054
29437	12054
29438	12053
29439	12053
29440	12052
29441	12051
29442	12051
29443	12050
29444	12050
29445	12050
29446	12050
29447	12052
29448	12051
29449	12050
29450	12050
29451	12050
29452	12050
29453	12050
29454	12050
29455	12052
29456	12052
29457	12052
29458	12052
29459	12052
29460	12052
29461	12052
29462	12052
29463	12052
29464	12053
29465	12053
29466	12053
29467	12053
29468	12053
29469	12053
29470	12053
29471	12052
29472	12052
29473	12052
29474	12053
29475	12052
29476	12053
29477	12053
29478	12055
29479	12054
29480	12053
29481	12053
29482	12052
29483	12051
29484	12051
29485	12051
29486	12051
29487	12051
29488	12052
29489	12052
29490	12052
29491	12052
29492	12052
29493	12052
29494	12052
29495	12052
29496	12052
29497	12052
29498	12052
29499	12052
29500	12052
29501	12054
29502	12054
29503	12054
29504	12054
29505	12054
29506	12054
29507	12054
29508	12055
29509	12055
29510	12056
29511	12057
29512	12056
29513	12056
29514	12057
29515	12056
29516	12057
29517	12057
29518	12058
29519	12058
29520	12057
29521	12057
29522	12057
29523	12057
29524	12059
29525	12058
29526	12058
29527	12057
29528	12057
29529	12057
29530	12056
29531	12055
29532	12055
29533	12055
29534	12055
29535	12054
29536	12054
29537	12056
29538	12055
29539	12055
29540	12055
29541	12055
29542	12055
29543	12057
29544	12057
29545	12057
29546	12057
29547	12057
29548	12057
29549	12057
29550	12059
29551	12059
29552	12058
29553	12057
29554	12057
29555	12057
29556	12058
29557	12058
29558	12059
29559	12058
29560	12059
29561	12060
29562	12059
29563	12058
29564	12058
29565	12058
29566	12057
29567	12057
29568	12057
29569	12056
29570	12057
29571	12057
29572	12057
29573	12058
29574	12058
29575	12057
29576	12057
29577	12057
29578	12059
29579	12059
29580	12059
29581	12059
29582	12059
29583	12061
29584	12060
29585	12062
29586	12062
29587	12064
29588	12064
29589	12063
29590	12062
29591	12062
29592	12062
29593	12061
29594	12061
29595	12061
29596	12063
29597	12065
29598	12065
29599	12067
29600	12066
29601	12066
29602	12066
29603	12065
29604	12065
29605	12065
29606	12065
29607	12064
29608	12065
29609	12065
29610	12066
29611	12068
29612	12069
29613	12069
29614	12071
29615	12070
29616	12069
29617	12069
29618	12069
29619	12068
29620	12067
29621	12066
29622	12065
29623	12065
29624	12067
29625	12067
29626	12069
29627	12069
29628	12071
29629	12071
29630	12072
29631	12072
29632	12071
29633	12070
29634	12069
29635	12069
29636	12071
29637	12071
29638	12070
29639	12070
29640	12070
29641	12070
29642	12070
29643	12069
29644	12069
29645	12068
29646	12068
29647	12068
29648	12068
29649	12068
29650	12068
29651	12067
29652	12067
29653	12069
29654	12069
29655	12068
29656	12068
29657	12067
29658	12067
29659	12067
29660	12066
29661	12066
29662	12066
29663	12066
29664	12066
29665	12066
29666	12067
29667	12069
29668	12069
29669	12069
29670	12069
29671	12069
29672	12068
29673	12068
29674	12068
29675	12068
29676	12068
29677	12069
29678	12069
29679	12069
29680	12069
29681	12068
29682	12068
29683	12068
29684	12068
29685	12069
29686	12069
29687	12069
29688	12069
29689	12069
29690	12068
29691	12068
29692	12069
29693	12069
29694	12069
29695	12071
29696	12070
29697	12070
29698	12070
29699	12070
29700	12070
29701	12070
29702	12070
29703	12070
29704	12070
29705	12072
29706	12072
29707	12072
29708	12072
29709	12072
29710	12072
29711	12072
29712	12072
29713	12073
29714	12073
29715	12073
29716	12072
29717	12072
29718	12071
29719	12071
29720	12071
29721	12073
29722	12073
29723	12075
29724	12075
29725	12076
29726	12075
29727	12076
29728	12075
29729	12074
29730	12073
29731	12072
29732	12071
29733	12071
29734	12071
29735	12071
29736	12073
29737	12072
29738	12072
29739	12072
29740	12072
29741	12072
29742	12072
29743	12072
29744	12072
29745	12072
29746	12071
29747	12072
29748	12071
29749	12072
29750	12073
29751	12072
29752	12073
29753	12072
29754	12072
29755	12072
29756	12071
29757	12071
29758	12071
29759	12071
29760	12071
29761	12072
29762	12071
29763	12070
29764	12072
29765	12071
29766	12071
29767	12071
29768	12072
29769	12072
29770	12072
29771	12072
29772	12072
29773	12072
29774	12073
29775	12073
29776	12073
29777	12073
29778	12073
29779	12075
29780	12075
29781	12074
29782	12074
29783	12073
29784	12073
29785	12073
29786	12073
29787	12073
29788	12073
29789	12073
29790	12075
29791	12074
29792	12074
29793	12075
29794	12074
29795	12073
29796	12072
29797	12071
29798	12070
29799	12070
29800	12070
29801	12069
29802	12068
29803	12068
29804	12067
29805	12066
29806	12065
29807	12065
29808	12067
29809	12067
29810	12066
29811	12065
29812	12065
29813	12065
29814	12065
29815	12067
29816	12066
29817	12068
29818	12068
29819	12070
29820	12069
29821	12071
29822	12071
29823	12071
29824	12070
29825	12070
29826	12070
29827	12069
29828	12068
29829	12068
29830	12068
29831	12067
29832	12067
29833	12066
29834	12066
29835	12066
29836	12066
29837	12065
29838	12064
29839	12063
29840	12063
29841	12062
29842	12062
29843	12061
29844	12061
29845	12061
29846	12063
29847	12062
29848	12062
29849	12062
29850	12061
29851	12061
29852	12061
29853	12063
29854	12064
29855	12064
29856	12063
29857	12062
29858	12061
29859	12061
29860	12061
29861	12061
29862	12063
29863	12063
29864	12062
29865	12062
29866	12062
29867	12062
29868	12062
29869	12062
29870	12061
29871	12060
29872	12060
29873	12060
29874	12062
29875	12062
29876	12062
29877	12062
29878	12063
29879	12062
29880	12061
29881	12061
29882	12061
29883	12061
29884	12061
29885	12060
29886	12059
29887	12059
29888	12059
29889	12059
29890	12059
29891	12059
29892	12061
29893	12060
29894	12060
29895	12060
29896	12060
29897	12060
29898	12060
29899	12061
29900	12061
29901	12061
29902	12060
29903	12060
29904	12060
29905	12059
29906	12059
29907	12060
29908	12060
29909	12060
29910	12060
29911	12060
29912	12060
29913	12060
29914	12059
29915	12058
29916	12058
29917	12058
29918	12057
29919	12057
29920	12057
29921	12058
29922	12058
29923	12059
29924	12058
29925	12058
29926	12058
29927	12058
29928	12059
29929	12058
29930	12058
29931	12058
29932	12060
29933	12060
29934	12062
29935	12061
29936	12061
29937	12061
29938	12061
29939	12061
29940	12063
29941	12062
29942	12061
29943	12061
29944	12061
29945	12060
29946	12060
29947	12060
29948	12059
29949	12059
29950	12060
29951	12059
29952	12059
29953	12059
29954	12060
29955	12060
29956	12060
29957	12060
29958	12060
29959	12060
29960	12060
29961	12060
29962	12059
29963	12059
29964	12060
29965	12060
29966	12060
29967	12060
29968	12060
29969	12062
29970	12061
29971	12062
29972	12062
29973	12063
29974	12062
29975	12062
29976	12062
29977	12062
29978	12062
29979	12062
29980	12063
29981	12063
29982	12062
29983	12062
29984	12062
29985	12061
29986	12062
29987	12062
29988	12062
29989	12062
29990	12062
29991	12061
29992	12063
29993	12063
29994	12063
29995	12063
29996	12063
29997	12063
29998	12062
29999	12062
30000	12062
30001	12062
30002	12062
30003	12061
30004	12061
30005	12063
30006	12063
30007	12064
30008	12063
30009	12064
30010	12063
30011	12063
30012	12063
30013	12063
30014	12062
30015	12062
30016	12062
30017	12062
30018	12064
30019	12064
30020	12063
30021	12063
30022	12064
30023	12066
30024	12066
30025	12067
30026	12067
30027	12068
30028	12067
30029	12066
30030	12066
30031	12065
30032	12065
30033	12065
30034	12064
30035	12064
30036	12063
30037	12063
30038	12062
30039	12062
30040	12062
30041	12062
30042	12064
30043	12064
30044	12064
30045	12063
30046	12065
30047	12065
30048	12064
30049	12063
30050	12063
30051	12063
30052	12063
30053	12063
30054	12063
30055	12063
30056	12063
30057	12063
30058	12063
30059	12063
30060	12063
30061	12064
30062	12064
30063	12064
30064	12066
30065	12066
30066	12066
30067	12068
30068	12068
30069	12070
30070	12070
30071	12071
30072	12071
30073	12071
30074	12071
30075	12071
30076	12070
30077	12070
30078	12072
30079	12072
30080	12071
30081	12071
30082	12071
30083	12070
30084	12069
30085	12069
30086	12069
30087	12070
30088	12070
30089	12069
30090	12069
30091	12069
30092	12069
30093	12069
30094	12071
30095	12070
30096	12070
30097	12070
30098	12070
30099	12069
30100	12069
30101	12070
30102	12069
30103	12068
30104	12068
30105	12067
30106	12066
30107	12066
30108	12066
30109	12065
30110	12066
30111	12067
30112	12069
30113	12069
30114	12070
30115	12070
30116	12070
30117	12070
30118	12070
30119	12070
30120	12070
30121	12069
30122	12071
30123	12071
30124	12072
30125	12072
30126	12071
30127	12071
30128	12073
30129	12073
30130	12073
30131	12073
30132	12073
30133	12073
30134	12075
30135	12075
30136	12075
30137	12076
30138	12075
30139	12074
30140	12073
30141	12073
30142	12073
30143	12073
30144	12073
30145	12073
30146	12073
30147	12073
30148	12075
30149	12074
30150	12075
30151	12074
30152	12074
30153	12074
30154	12074
30155	12073
30156	12073
30157	12074
30158	12074
30159	12074
30160	12075
30161	12074
30162	12076
30163	12076
30164	12075
30165	12074
30166	12074
30167	12073
30168	12073
30169	12073
30170	12072
30171	12074
30172	12074
30173	12076
30174	12075
30175	12074
30176	12073
30177	12072
30178	12071
30179	12072
30180	12072
30181	12071
30182	12070
30183	12070
30184	12070
30185	12070
30186	12069
30187	12070
30188	12070
30189	12070
30190	12069
30191	12068
30192	12068
30193	12067
30194	12067
30195	12067
30196	12067
30197	12067
30198	12067
30199	12067
30200	12066
30201	12065
30202	12067
30203	12067
30204	12066
30205	12066
30206	12066
30207	12068
30208	12068
30209	12068
30210	12068
30211	12068
30212	12068
30213	12068
30214	12070
30215	12070
30216	12072
30217	12071
30218	12070
30219	12069
30220	12069
30221	12069
30222	12069
30223	12069
30224	12069
30225	12069
30226	12071
30227	12071
30228	12071
30229	12072
30230	12073
30231	12073
30232	12072
30233	12071
30234	12071
30235	12071
30236	12070
30237	12070
30238	12071
30239	12073
30240	12073
30241	12073
30242	12073
30243	12075
30244	12074
30245	12073
30246	12072
30247	12071
30248	12070
30249	12070
30250	12069
30251	12070
30252	12070
30253	12069
30254	12069
30255	12068
30256	12067
30257	12068
30258	12067
30259	12066
30260	12066
30261	12066
30262	12066
30263	12065
30264	12064
30265	12066
30266	12065
30267	12065
30268	12065
30269	12065
30270	12065
30271	12067
30272	12066
30273	12065
30274	12065
30275	12067
30276	12068
30277	12068
30278	12070
30279	12070
30280	12070
30281	12070
30282	12070
30283	12070
30284	12069
30285	12068
30286	12068
30287	12070
30288	12070
30289	12072
30290	12074
30291	12074
30292	12074
30293	12073
30294	12073
30295	12074
30296	12073
30297	12075
30298	12075
30299	12075
30300	12075
30301	12074
30302	12074
30303	12074
30304	12074
30305	12074
30306	12076
30307	12076
30308	12076
30309	12078
30310	12077
30311	12079
30312	12078
30313	12078
30314	12077
30315	12078
30316	12078
30317	12077
30318	12077
30319	12077
30320	12078
30321	12078
30322	12079
30323	12080
30324	12080
30325	12080
30326	12081
30327	12081
30328	12081
30329	12081
30330	12080
30331	12079
30332	12079
30333	12081
30334	12081
30335	12081
30336	12081
30337	12081
30338	12081
30339	12081
30340	12081
30341	12081
30342	12080
30343	12079
30344	12078
30345	12080
30346	12080
30347	12080
30348	12080
30349	12080
30350	12079
30351	12079
30352	12079
30353	12080
30354	12080
30355	12081
30356	12081
30357	12081
30358	12081
30359	12082
30360	12082
30361	12083
30362	12083
30363	12083
30364	12085
30365	12085
30366	12087
30367	12087
30368	12087
30369	12087
30370	12087
30371	12087
30372	12086
30373	12086
30374	12086
30375	12088
30376	12088
30377	12088
30378	12088
30379	12088
30380	12088
30381	12087
30382	12087
30383	12087
30384	12087
30385	12089
30386	12089
30387	12090
30388	12090
30389	12090
30390	12090
30391	12089
30392	12088
30393	12088
30394	12088
30395	12087
30396	12089
30397	12088
30398	12088
30399	12088
30400	12088
30401	12088
30402	12088
30403	12087
30404	12087
30405	12086
30406	12086
30407	12086
30408	12085
30409	12084
30410	12084
30411	12083
30412	12082
30413	12082
30414	12081
30415	12081
30416	12080
30417	12080
30418	12080
30419	12079
30420	12079
30421	12079
30422	12079
30423	12079
30424	12081
30425	12081
30426	12083
30427	12083
30428	12085
30429	12085
30430	12087
30431	12087
30432	12088
30433	12087
30434	12086
30435	12086
30436	12086
30437	12086
30438	12086
30439	12086
30440	12086
30441	12086
30442	12086
30443	12085
30444	12087
30445	12087
30446	12087
30447	12087
30448	12087
30449	12086
30450	12085
30451	12085
30452	12087
30453	12087
30454	12087
30455	12087
30456	12086
30457	12086
30458	12086
30459	12086
30460	12086
30461	12086
30462	12086
30463	12086
30464	12086
30465	12086
30466	12088
30467	12087
30468	12087
30469	12087
30470	12087
30471	12087
30472	12087
30473	12086
30474	12087
30475	12087
30476	12088
30477	12088
30478	12089
30479	12090
30480	12090
30481	12089
30482	12088
30483	12088
30484	12087
30485	12087
30486	12087
30487	12086
30488	12086
30489	12086
30490	12086
30491	12086
30492	12086
30493	12086
30494	12088
30495	12088
30496	12088
30497	12088
30498	12088
30499	12087
30500	12087
30501	12087
30502	12089
30503	12089
30504	12090
30505	12090
30506	12091
30507	12091
30508	12092
30509	12092
30510	12091
30511	12091
30512	12093
30513	12095
30514	12095
30515	12097
30516	12097
30517	12098
30518	12097
30519	12097
30520	12097
30521	12097
30522	12099
30523	12099
30524	12099
30525	12099
30526	12099
30527	12098
30528	12097
30529	12097
30530	12096
30531	12096
30532	12096
30533	12095
30534	12095
30535	12095
30536	12094
30537	12094
30538	12094
30539	12094
30540	12096
30541	12096
30542	12097
30543	12096
30544	12097
30545	12099
30546	12098
30547	12099
30548	12099
30549	12098
30550	12097
30551	12096
30552	12096
30553	12096
30554	12095
30555	12095
30556	12097
30557	12097
30558	12097
30559	12097
30560	12097
30561	12099
30562	12099
30563	12099
30564	12099
30565	12099
30566	12099
30567	12099
30568	12099
30569	12099
30570	12099
30571	12101
30572	12101
30573	12101
30574	12101
30575	12101
30576	12101
30577	12101
30578	12102
30579	12102
30580	12104
30581	12105
30582	12105
30583	12107
30584	12107
30585	12108
30586	12108
30587	12108
30588	12107
30589	12107
30590	12106
30591	12106
30592	12106
30593	12106
30594	12106
30595	12105
30596	12105
30597	12105
30598	12106
30599	12106
30600	12106
30601	12106
30602	12106
30603	12106
30604	12106
30605	12106
30606	12106
30607	12108
30608	12108
30609	12108
30610	12108
30611	12108
30612	12108
30613	12108
30614	12108
30615	12108
30616	12108
30617	12108
30618	12108
30619	12108
30620	12108
30621	12109
30622	12109
30623	12109
30624	12111
30625	12111
30626	12112
30627	12111
30628	12110
30629	12109
30630	12108
30631	12108
30632	12108
30633	12108
30634	12108
30635	12108
30636	12108
30637	12108
30638	12110
30639	12109
30640	12108
30641	12108
30642	12108
30643	12108
30644	12108
30645	12107
30646	12109
30647	12109
30648	12108
30649	12108
30650	12107
30651	12107
30652	12107
30653	12107
30654	12107
30655	12107
30656	12107
30657	12107
30658	12107
30659	12107
30660	12106
30661	12105
30662	12105
30663	12106
30664	12106
30665	12108
30666	12108
30667	12108
30668	12109
30669	12110
30670	12110
30671	12110
30672	12110
30673	12110
30674	12110
30675	12109
30676	12109
30677	12109
30678	12111
30679	12110
30680	12110
30681	12109
30682	12109
30683	12108
30684	12108
30685	12108
30686	12108
30687	12108
30688	12108
30689	12108
30690	12108
30691	12108
30692	12108
30693	12108
30694	12108
30695	12109
30696	12108
30697	12108
30698	12107
30699	12107
30700	12107
30701	12109
30702	12108
30703	12107
30704	12107
30705	12107
30706	12106
30707	12106
30708	12107
30709	12107
30710	12108
30711	12107
30712	12108
30713	12107
30714	12107
30715	12107
30716	12107
30717	12107
30718	12108
30719	12108
30720	12109
30721	12109
30722	12110
30723	12109
30724	12109
30725	12111
30726	12113
30727	12113
30728	12115
30729	12115
30730	12114
30731	12114
30732	12114
30733	12114
30734	12114
30735	12114
30736	12116
30737	12116
30738	12118
30739	12118
30740	12118
30741	12120
30742	12120
30743	12120
30744	12120
30745	12119
30746	12118
30747	12118
30748	12118
30749	12118
30750	12120
30751	12120
30752	12121
30753	12123
30754	12123
30755	12124
30756	12124
30757	12123
30758	12123
30759	12122
30760	12122
30761	12123
30762	12123
30763	12123
30764	12122
30765	12122
30766	12122
30767	12124
30768	12124
30769	12124
30770	12124
30771	12124
30772	12124
30773	12123
30774	12123
30775	12125
30776	12124
30777	12123
30778	12124
30779	12124
30780	12125
30781	12124
30782	12124
30783	12123
30784	12123
30785	12123
30786	12123
30787	12125
30788	12125
30789	12125
30790	12125
30791	12125
30792	12125
30793	12125
30794	12127
30795	12127
30796	12127
30797	12127
30798	12128
30799	12128
30800	12128
30801	12128
30802	12128
30803	12128
30804	12127
30805	12126
30806	12126
30807	12126
30808	12126
30809	12126
30810	12126
30811	12125
30812	12126
30813	12126
30814	12126
30815	12126
30816	12127
30817	12127
30818	12126
30819	12126
30820	12125
30821	12125
30822	12125
30823	12125
30824	12125
30825	12125
30826	12125
30827	12125
30828	12125
30829	12127
30830	12127
30831	12128
30832	12128
30833	12128
30834	12128
30835	12128
30836	12130
30837	12130
30838	12130
30839	12130
30840	12130
30841	12130
30842	12129
30843	12129
30844	12130
30845	12130
30846	12132
30847	12131
30848	12132
30849	12132
30850	12132
30851	12134
30852	12134
30853	12134
30854	12134
30855	12133
30856	12133
30857	12133
30858	12133
30859	12135
30860	12135
30861	12135
30862	12135
30863	12134
30864	12134
30865	12134
30866	12134
30867	12134
30868	12133
30869	12133
30870	12133
30871	12133
30872	12133
30873	12133
30874	12133
30875	12133
30876	12132
30877	12132
30878	12132
30879	12132
30880	12132
30881	12134
30882	12133
30883	12133
30884	12133
30885	12134
30886	12134
30887	12134
30888	12134
30889	12134
30890	12133
30891	12133
30892	12132
30893	12131
30894	12131
30895	12132
30896	12132
30897	12132
30898	12134
30899	12133
30900	12133
30901	12133
30902	12132
30903	12132
30904	12132
30905	12132
30906	12134
30907	12134
30908	12134
30909	12133
30910	12133
30911	12133
30912	12133
30913	12133
30914	12133
30915	12133
30916	12133
30917	12133
30918	12133
30919	12135
30920	12137
30921	12137
30922	12136
30923	12136
30924	12136
30925	12136
30926	12135
30927	12135
30928	12135
30929	12135
30930	12134
30931	12136
30932	12136
30933	12138
30934	12138
30935	12138
30936	12138
30937	12137
30938	12136
30939	12136
30940	12135
30941	12137
30942	12137
30943	12137
30944	12139
30945	12139
30946	12141
30947	12140
30948	12140
30949	12140
30950	12139
30951	12138
30952	12138
30953	12138
30954	12138
30955	12138
30956	12137
30957	12137
30958	12136
30959	12135
30960	12135
30961	12135
30962	12134
30963	12134
30964	12133
30965	12133
30966	12132
30967	12132
30968	12132
30969	12134
30970	12133
30971	12133
30972	12133
30973	12133
30974	12135
30975	12135
30976	12137
30977	12139
30978	12139
30979	12139
30980	12139
30981	12138
30982	12138
30983	12138
30984	12137
30985	12136
30986	12136
30987	12136
30988	12136
30989	12135
30990	12135
30991	12134
30992	12134
30993	12136
30994	12136
30995	12138
30996	12138
30997	12138
30998	12139
30999	12139
31000	12139
31001	12138
31002	12138
31003	12138
31004	12140
31005	12140
31006	12140
31007	12140
31008	12141
31009	12140
31010	12140
31011	12139
31012	12139
31013	12139
31014	12138
31015	12138
31016	12138
31017	12139
31018	12139
31019	12140
31020	12140
31021	12140
31022	12140
31023	12140
31024	12139
31025	12139
31026	12139
31027	12139
31028	12139
31029	12140
31030	12140
31031	12142
31032	12141
31033	12141
31034	12141
31035	12141
31036	12141
31037	12141
31038	12140
31039	12139
31040	12139
31041	12139
31042	12138
31043	12138
31044	12137
31045	12138
31046	12138
31047	12138
31048	12138
31049	12140
31050	12140
31051	12141
31052	12141
31053	12141
31054	12140
31055	12140
31056	12139
31057	12139
31058	12139
31059	12139
31060	12141
31061	12141
31062	12141
31063	12141
31064	12140
31065	12139
31066	12139
31067	12141
31068	12141
31069	12141
31070	12140
31071	12140
31072	12140
31073	12139
31074	12139
31075	12138
31076	12138
31077	12138
31078	12140
31079	12139
31080	12139
31081	12139
31082	12139
31083	12138
31084	12140
31085	12139
31086	12139
31087	12139
31088	12139
31089	12139
31090	12141
31091	12141
31092	12141
31093	12141
31094	12141
31095	12141
31096	12141
31097	12141
31098	12141
31099	12141
31100	12142
31101	12142
31102	12141
31103	12141
31104	12141
31105	12141
31106	12141
31107	12141
31108	12142
31109	12143
31110	12143
31111	12143
31112	12143
31113	12143
31114	12143
31115	12143
31116	12142
31117	12142
31118	12142
31119	12142
31120	12142
31121	12144
31122	12144
31123	12145
31124	12145
31125	12145
31126	12145
31127	12145
31128	12144
31129	12144
31130	12144
31131	12144
31132	12145
31133	12145
31134	12145
31135	12144
31136	12144
31137	12143
31138	12142
31139	12142
31140	12141
31141	12141
31142	12141
31143	12141
31144	12141
31145	12141
31146	12141
31147	12143
31148	12143
31149	12145
31150	12145
31151	12145
31152	12145
31153	12145
31154	12147
31155	12146
31156	12147
31157	12149
31158	12150
31159	12152
31160	12152
31161	12152
31162	12152
31163	12152
31164	12151
31165	12151
31166	12153
31167	12153
31168	12155
31169	12155
31170	12155
31171	12155
31172	12155
31173	12155
31174	12155
31175	12155
31176	12155
31177	12154
31178	12156
31179	12156
31180	12156
31181	12157
31182	12157
31183	12157
31184	12156
31185	12156
31186	12156
31187	12157
31188	12156
31189	12155
31190	12157
31191	12157
31192	12157
31193	12157
31194	12156
31195	12158
31196	12158
31197	12158
31198	12157
31199	12157
31200	12157
31201	12157
31202	12157
31203	12157
31204	12157
31205	12158
31206	12158
31207	12160
31208	12160
31209	12160
31210	12160
31211	12159
31212	12159
31213	12159
31214	12158
31215	12158
31216	12160
31217	12160
31218	12159
31219	12158
31220	12157
31221	12157
31222	12157
31223	12157
31224	12157
31225	12157
31226	12157
31227	12159
31228	12160
31229	12160
31230	12162
31231	12162
31232	12162
31233	12162
31234	12162
31235	12162
31236	12161
31237	12163
31238	12163
31239	12163
31240	12163
31241	12164
31242	12164
31243	12164
31244	12164
31245	12163
31246	12163
31247	12163
31248	12163
31249	12163
31250	12163
31251	12163
31252	12163
31253	12163
31254	12163
31255	12165
31256	12164
31257	12163
31258	12164
31259	12164
31260	12165
31261	12165
31262	12165
31263	12167
31264	12167
31265	12166
31266	12166
31267	12167
31268	12167
31269	12167
31270	12167
31271	12166
31272	12168
31273	12168
31274	12169
31275	12169
31276	12169
31277	12169
31278	12169
31279	12169
31280	12169
31281	12169
31282	12171
31283	12171
31284	12171
31285	12171
31286	12171
31287	12171
31288	12171
31289	12173
31290	12172
31291	12172
31292	12174
31293	12173
31294	12172
31295	12172
31296	12173
31297	12173
31298	12174
31299	12174
31300	12173
31301	12172
31302	12172
31303	12172
31304	12172
31305	12172
31306	12173
31307	12172
31308	12172
31309	12172
31310	12174
31311	12174
31312	12173
31313	12172
31314	12171
31315	12170
31316	12170
31317	12170
31318	12171
31319	12170
31320	12170
31321	12169
31322	12169
31323	12169
31324	12170
31325	12170
31326	12169
31327	12168
31328	12168
31329	12167
31330	12166
31331	12165
31332	12167
31333	12167
31334	12167
31335	12167
31336	12167
31337	12167
31338	12167
31339	12167
31340	12169
31341	12169
31342	12168
31343	12167
31344	12168
31345	12167
31346	12167
31347	12167
31348	12169
31349	12168
31350	12168
31351	12169
31352	12169
31353	12171
31354	12171
31355	12170
31356	12170
31357	12170
31358	12169
31359	12169
31360	12169
31361	12169
31362	12171
31363	12171
31364	12173
31365	12175
31366	12175
31367	12176
31368	12175
31369	12175
31370	12175
31371	12175
31372	12175
31373	12175
31374	12175
31375	12177
31376	12177
31377	12177
31378	12176
31379	12175
31380	12175
31381	12176
31382	12176
31383	12176
31384	12176
31385	12175
31386	12174
31387	12173
31388	12173
31389	12172
31390	12172
31391	12172
31392	12172
31393	12174
31394	12174
31395	12174
31396	12173
31397	12172
31398	12172
31399	12172
31400	12174
31401	12173
31402	12173
31403	12173
31404	12173
31405	12173
31406	12174
31407	12174
31408	12176
31409	12175
31410	12177
31411	12177
31412	12178
31413	12178
31414	12178
31415	12178
31416	12178
31417	12178
31418	12177
31419	12176
31420	12176
31421	12178
31422	12178
31423	12180
31424	12182
31425	12182
31426	12182
31427	12181
31428	12181
31429	12183
31430	12183
31431	12184
31432	12183
31433	12183
31434	12183
31435	12182
31436	12182
31437	12182
31438	12184
31439	12183
31440	12183
31441	12182
31442	12183
31443	12183
31444	12182
31445	12182
31446	12182
31447	12182
31448	12182
31449	12184
31450	12183
31451	12183
31452	12185
31453	12184
31454	12184
31455	12183
31456	12184
31457	12183
31458	12184
31459	12183
31460	12183
31461	12184
31462	12184
31463	12183
31464	12183
31465	12183
31466	12182
31467	12183
31468	12182
31469	12182
31470	12182
31471	12182
31472	12182
31473	12181
31474	12180
31475	12179
31476	12179
31477	12179
31478	12178
31479	12178
31480	12178
31481	12178
31482	12178
31483	12178
31484	12177
31485	12177
31486	12178
31487	12178
31488	12179
31489	12179
31490	12179
31491	12179
31492	12180
31493	12180
31494	12181
31495	12181
31496	12181
31497	12183
31498	12183
31499	12183
31500	12183
31501	12183
31502	12182
31503	12182
31504	12182
31505	12182
31506	12182
31507	12184
31508	12184
31509	12186
31510	12186
31511	12186
31512	12186
31513	12186
31514	12186
31515	12186
31516	12185
31517	12185
31518	12187
31519	12186
31520	12187
31521	12187
31522	12187
31523	12189
31524	12188
31525	12188
31526	12188
31527	12188
31528	12188
31529	12188
31530	12187
31531	12186
31532	12186
31533	12185
31534	12185
31535	12185
31536	12184
31537	12183
31538	12182
31539	12181
31540	12181
31541	12180
31542	12180
31543	12180
31544	12179
31545	12178
31546	12177
31547	12176
31548	12176
31549	12178
31550	12178
31551	12180
31552	12182
31553	12181
31554	12181
31555	12181
31556	12183
31557	12184
31558	12184
31559	12184
31560	12183
31561	12182
31562	12182
31563	12182
31564	12184
31565	12184
31566	12184
31567	12184
31568	12184
31569	12183
31570	12182
31571	12182
31572	12182
31573	12182
31574	12181
31575	12181
31576	12180
31577	12180
31578	12180
31579	12179
31580	12179
31581	12178
31582	12177
31583	12177
31584	12176
31585	12176
31586	12175
31587	12175
31588	12175
31589	12175
31590	12175
31591	12175
31592	12175
31593	12175
31594	12177
31595	12177
31596	12177
31597	12177
31598	12177
31599	12177
31600	12176
31601	12176
31602	12178
31603	12178
31604	12178
31605	12179
31606	12180
31607	12180
31608	12181
31609	12181
31610	12183
31611	12183
31612	12182
31613	12182
31614	12182
31615	12182
31616	12182
31617	12182
31618	12182
31619	12182
31620	12182
31621	12182
31622	12182
31623	12182
31624	12184
31625	12183
31626	12183
31627	12183
31628	12183
31629	12183
31630	12183
31631	12183
31632	12184
31633	12184
31634	12185
31635	12184
31636	12185
31637	12186
31638	12186
31639	12188
31640	12187
31641	12186
31642	12186
31643	12186
31644	12186
31645	12185
31646	12185
31647	12185
31648	12185
31649	12185
31650	12184
31651	12184
31652	12184
31653	12183
31654	12183
31655	12185
31656	12185
31657	12185
31658	12185
31659	12185
31660	12185
31661	12185
31662	12186
31663	12185
31664	12184
31665	12184
31666	12183
31667	12183
31668	12183
31669	12184
31670	12184
31671	12185
31672	12186
31673	12187
31674	12186
31675	12185
31676	12185
31677	12185
31678	12185
31679	12185
31680	12184
31681	12185
31682	12185
31683	12186
31684	12186
31685	12187
31686	12187
31687	12189
31688	12189
31689	12191
31690	12191
31691	12190
31692	12192
31693	12192
31694	12191
31695	12190
31696	12190
31697	12190
31698	12190
31699	12190
31700	12190
31701	12192
31702	12194
31703	12194
31704	12196
31705	12196
31706	12196
31707	12196
31708	12195
31709	12195
31710	12195
31711	12194
31712	12194
31713	12196
31714	12198
31715	12198
31716	12200
31717	12200
31718	12201
31719	12200
31720	12200
31721	12199
31722	12199
31723	12201
31724	12201
31725	12201
31726	12200
31727	12200
31728	12200
31729	12200
31730	12199
31731	12199
31732	12199
31733	12199
31734	12198
31735	12198
31736	12198
31737	12200
31738	12199
31739	12199
31740	12199
31741	12198
31742	12198
31743	12199
31744	12198
31745	12199
31746	12200
31747	12200
31748	12202
31749	12201
31750	12200
31751	12200
31752	12200
31753	12199
31754	12198
31755	12197
31756	12197
31757	12199
31758	12199
31759	12199
31760	12199
31761	12199
31762	12200
31763	12200
31764	12200
31765	12200
31766	12200
31767	12200
31768	12200
31769	12202
31770	12202
31771	12202
31772	12202
31773	12202
31774	12202
31775	12202
31776	12201
31777	12201
31778	12201
31779	12203
31780	12203
31781	12205
31782	12205
31783	12206
31784	12205
31785	12205
31786	12205
31787	12205
31788	12205
31789	12205
31790	12205
31791	12207
31792	12207
31793	12207
31794	12207
31795	12207
31796	12207
31797	12207
31798	12207
31799	12206
31800	12206
31801	12206
31802	12206
31803	12206
31804	12206
31805	12207
31806	12209
31807	12209
31808	12209
31809	12209
31810	12210
31811	12210
31812	12210
31813	12210
31814	12209
31815	12208
31816	12208
31817	12208
31818	12208
31819	12209
31820	12209
31821	12209
31822	12209
31823	12208
31824	12208
31825	12208
31826	12209
31827	12208
31828	12207
31829	12206
31830	12205
31831	12205
31832	12205
31833	12205
31834	12205
31835	12205
31836	12205
31837	12204
31838	12203
31839	12205
31840	12204
31841	12204
31842	12204
31843	12204
31844	12204
31845	12204
31846	12204
31847	12204
31848	12204
31849	12204
31850	12204
31851	12204
31852	12204
31853	12203
31854	12203
31855	12202
31856	12201
31857	12201
31858	12202
31859	12204
31860	12203
31861	12203
31862	12203
31863	12202
31864	12202
31865	12202
31866	12203
31867	12203
31868	12203
31869	12203
31870	12202
31871	12202
31872	12202
31873	12202
31874	12202
31875	12202
31876	12204
31877	12204
31878	12205
31879	12206
31880	12206
31881	12207
31882	12207
31883	12206
31884	12205
31885	12204
31886	12204
31887	12205
31888	12205
31889	12205
31890	12204
31891	12204
31892	12206
31893	12207
31894	12206
31895	12206
31896	12205
31897	12205
31898	12205
31899	12205
31900	12207
31901	12207
31902	12207
31903	12207
31904	12207
31905	12207
31906	12207
31907	12209
31908	12209
31909	12209
31910	12209
31911	12209
31912	12209
31913	12208
31914	12208
31915	12208
31916	12208
31917	12209
31918	12208
31919	12208
31920	12208
31921	12208
31922	12208
31923	12208
31924	12208
31925	12208
31926	12207
31927	12208
31928	12208
31929	12207
31930	12208
31931	12208
31932	12208
31933	12208
31934	12208
31935	12208
31936	12207
31937	12207
31938	12207
31939	12209
31940	12208
31941	12209
31942	12209
31943	12208
31944	12208
31945	12209
31946	12209
31947	12209
31948	12209
31949	12209
31950	12209
31951	12209
31952	12211
31953	12211
31954	12211
31955	12211
31956	12211
31957	12213
31958	12213
31959	12213
31960	12213
31961	12213
31962	12212
31963	12212
31964	12212
31965	12213
31966	12212
31967	12213
31968	12213
31969	12215
31970	12215
31971	12215
31972	12217
31973	12217
31974	12216
31975	12216
31976	12216
31977	12216
31978	12216
31979	12216
31980	12216
31981	12216
31982	12216
31983	12215
31984	12215
31985	12215
31986	12215
31987	12214
31988	12214
31989	12214
31990	12213
31991	12212
31992	12212
31993	12212
31994	12212
31995	12212
31996	12214
31997	12214
31998	12214
31999	12214
32000	12214
32001	12214
32002	12213
32003	12213
32004	12214
32005	12214
32006	12214
32007	12213
32008	12212
32009	12212
32010	12212
32011	12212
32012	12212
32013	12212
32014	12212
32015	12212
32016	12212
32017	12212
32018	12211
32019	12211
32020	12210
32021	12209
32022	12210
32023	12210
32024	12210
32025	12209
32026	12210
32027	12210
32028	12212
32029	12212
32030	12212
32031	12214
32032	12214
32033	12216
32034	12216
32035	12215
32036	12214
32037	12214
32038	12214
32039	12213
32040	12213
32041	12213
32042	12215
32043	12217
32044	12217
32045	12217
32046	12217
32047	12216
32048	12216
32049	12216
32050	12215
32051	12217
32052	12217
32053	12216
32054	12218
32055	12217
32056	12219
32057	12219
32058	12219
32059	12218
32060	12218
32061	12217
32062	12217
32063	12216
32064	12215
32065	12215
32066	12215
32067	12214
32068	12214
32069	12213
32070	12213
32071	12212
32072	12211
32073	12210
32074	12210
32075	12210
32076	12210
32077	12212
32078	12212
32079	12211
32080	12210
32081	12210
32082	12210
32083	12210
32084	12212
32085	12212
32086	12214
32087	12214
32088	12215
32089	12214
32090	12214
32091	12214
32092	12213
32093	12212
32094	12211
32095	12211
32096	12210
32097	12210
32098	12212
32099	12211
32100	12211
32101	12210
32102	12209
32103	12209
32104	12209
32105	12211
32106	12211
32107	12211
32108	12210
32109	12209
32110	12209
32111	12209
32112	12209
32113	12210
32114	12210
32115	12211
32116	12210
32117	12210
32118	12210
32119	12210
32120	12211
32121	12211
32122	12211
32123	12211
32124	12212
32125	12211
32126	12211
32127	12211
32128	12213
32129	12215
32130	12215
32131	12216
32132	12216
32133	12215
32134	12214
32135	12214
32136	12213
32137	12213
32138	12213
32139	12213
32140	12213
32141	12213
32142	12212
32143	12211
32144	12211
32145	12213
32146	12213
32147	12214
32148	12214
32149	12214
32150	12213
32151	12213
32152	12212
32153	12212
32154	12211
32155	12211
32156	12211
32157	12211
32158	12213
32159	12213
32160	12212
32161	12212
32162	12212
32163	12212
32164	12212
32165	12213
32166	12212
32167	12211
32168	12211
32169	12211
32170	12211
32171	12211
32172	12210
32173	12210
32174	12209
32175	12208
32176	12208
32177	12208
32178	12209
32179	12208
32180	12208
32181	12208
32182	12208
32183	12207
32184	12207
32185	12207
32186	12207
32187	12207
32188	12209
32189	12208
32190	12207
32191	12207
32192	12207
32193	12207
32194	12207
32195	12207
32196	12207
32197	12207
32198	12207
32199	12208
32200	12208
32201	12208
32202	12207
32203	12207
32204	12206
32205	12205
32206	12205
32207	12206
32208	12206
32209	12206
32210	12206
32211	12206
32212	12206
32213	12208
32214	12208
32215	12209
32216	12209
32217	12208
32218	12207
32219	12207
32220	12207
32221	12207
32222	12207
32223	12207
32224	12206
32225	12205
32226	12205
32227	12205
32228	12206
32229	12205
32230	12204
32231	12206
32232	12205
32233	12204
32234	12204
32235	12204
32236	12204
32237	12203
32238	12202
32239	12202
32240	12204
32241	12204
32242	12204
32243	12204
32244	12204
32245	12204
32246	12205
32247	12205
32248	12205
32249	12205
32250	12207
32251	12207
32252	12206
32253	12206
32254	12205
32255	12205
32256	12205
32257	12205
32258	12205
32259	12205
32260	12205
32261	12207
32262	12208
32263	12208
32264	12210
32265	12210
32266	12210
32267	12210
32268	12210
32269	12209
32270	12209
32271	12211
32272	12211
32273	12210
32274	12210
32275	12210
32276	12209
32277	12208
32278	12208
32279	12208
32280	12210
32281	12210
32282	12210
32283	12210
32284	12211
32285	12211
32286	12211
32287	12211
32288	12211
32289	12210
32290	12210
32291	12210
32292	12209
32293	12209
32294	12208
32295	12208
32296	12208
32297	12208
32298	12210
32299	12209
32300	12210
32301	12210
32302	12211
32303	12210
32304	12210
32305	12210
32306	12210
32307	12209
32308	12208
32309	12208
32310	12210
32311	12210
32312	12211
32313	12211
32314	12210
32315	12212
32316	12212
32317	12212
32318	12213
32319	12213
32320	12214
32321	12214
32322	12214
32323	12213
32324	12213
32325	12212
32326	12211
32327	12211
32328	12211
32329	12213
32330	12213
32331	12212
32332	12212
32333	12211
32334	12211
32335	12211
32336	12212
32337	12211
32338	12210
32339	12210
32340	12210
32341	12209
32342	12210
32343	12212
32344	12212
32345	12213
32346	12213
32347	12215
32348	12215
32349	12215
32350	12215
32351	12215
32352	12215
32353	12215
32354	12214
32355	12216
32356	12216
32357	12216
32358	12217
32359	12217
32360	12217
32361	12216
32362	12216
32363	12216
32364	12218
32365	12217
32366	12216
32367	12216
32368	12216
32369	12216
32370	12216
32371	12216
32372	12216
32373	12216
32374	12218
32375	12217
32376	12216
32377	12217
32378	12217
32379	12217
32380	12216
32381	12216
32382	12216
32383	12217
32384	12216
32385	12217
32386	12217
32387	12219
32388	12219
32389	12218
32390	12217
32391	12216
32392	12216
32393	12216
32394	12216
32395	12215
32396	12214
32397	12216
32398	12216
32399	12218
32400	12217
32401	12216
32402	12215
32403	12216
32404	12216
32405	12215
32406	12214
32407	12214
32408	12214
32409	12214
32410	12213
32411	12213
32412	12212
32413	12212
32414	12212
32415	12213
32416	12213
32417	12212
32418	12212
32419	12212
32420	12211
32421	12211
32422	12211
32423	12210
32424	12210
32425	12209
32426	12211
32427	12210
32428	12210
32429	12210
32430	12210
32431	12212
32432	12212
32433	12212
32434	12212
32435	12212
32436	12212
32437	12212
32438	12214
32439	12214
32440	12214
32441	12214
32442	12214
32443	12214
32444	12214
32445	12216
32446	12216
32447	12218
32448	12217
32449	12216
32450	12215
32451	12215
32452	12216
32453	12216
32454	12217
32455	12217
32456	12216
32457	12215
32458	12215
32459	12215
32460	12215
32461	12214
32462	12214
32463	12215
32464	12214
32465	12216
32466	12216
32467	12216
32468	12215
32469	12214
32470	12213
32471	12212
32472	12212
32473	12211
32474	12212
32475	12211
32476	12211
32477	12210
32478	12210
32479	12210
32480	12211
32481	12211
32482	12211
32483	12210
32484	12209
32485	12208
32486	12207
32487	12206
32488	12208
32489	12209
32490	12210
32491	12211
32492	12212
32493	12213
32494	12212
32495	12212
32496	12213
32497	12213
32498	12213
32499	12213
32500	12213
32501	12213
32502	12214
32503	12215
32504	12215
32505	12216
32506	12217
32507	12217
32508	12218
32509	12218
32510	12219
32511	12220
32512	12220
32513	12221
32514	12221
32515	12222
32516	12222
32517	12223
32518	12223
32519	12223
32520	12223
32521	12223
32522	12224
32523	12225
32524	12226
32525	12227
32526	12228
32527	12229
32528	12230
32529	12231
32530	12231
32531	12232
32532	12232
32533	12233
32534	12234
32535	12234
32536	12234
32537	12235
32538	12236
32539	12237
32540	12238
32541	12239
32542	12239
32543	12239
32544	12239
32545	12240
32546	12241
32547	12241
32548	12242
32549	12243
32550	12244
32551	12245
32552	12245
32553	12246
32554	12246
32555	12246
32556	12246
32557	12246
32558	12246
32559	12246
32560	12247
32561	12248
32562	12249
32563	12249
32564	12250
32565	12251
32566	12252
32567	12253
32568	12254
32569	12255
32570	12256
32571	12257
32572	12258
32573	12259
32574	12260
32575	12261
32576	12262
32577	12263
32578	12264
32579	12265
32580	12265
32581	12266
32582	12267
32583	12268
32584	12269
32585	12270
32586	12271
32587	12272
32588	12273
32589	12274
32590	12275
32591	12276
32592	12277
32593	12278
32594	12279
32595	12280
32596	12281
32597	12282
32598	12282
32599	12283
32600	12284
32601	12285
32602	12285
32603	12286
32604	12286
32605	12287
32606	12288
32607	12288
32608	12289
32609	12290
32610	12290
32611	12291
32612	12292
32613	12292
32614	12293
32615	12294
32616	12294
32617	12294
32618	12294
32619	12295
32620	12296
32621	12296
32622	12296
32623	12296
32624	12297
32625	12297
32626	12297
32627	12298
32628	12299
32629	12298
32630	12299
32631	12300
32632	12301
32633	12302
32634	12302
32635	12302
32636	12302
32637	12302
32638	12302
32639	12303
32640	12304
32641	12305
32642	12306
32643	12307
32644	12308
32645	12309
32646	12310
32647	12310
32648	12311
32649	12312
32650	12312
32651	12313
32652	12314
32653	12315
32654	12315
32655	12315
32656	12315
32657	12316
32658	12317
32659	12318
32660	12319
32661	12320
32662	12320
32663	12321
32664	12322
32665	12322
32666	12323
32667	12323
32668	12324
32669	12325
32670	12325
32671	12326
32672	12327
32673	12328
32674	12328
32675	12329
32676	12329
32677	12330
32678	12330
32679	12331
32680	12332
32681	12332
32682	12333
32683	12334
32684	12334
32685	12335
32686	12335
32687	12336
32688	12336
32689	12336
32690	12337
32691	12338
32692	12339
32693	12339
32694	12339
32695	12340
32696	12341
32697	12342
32698	12343
32699	12344
32700	12345
32701	12346
32702	12347
32703	12348
32704	12349
32705	12350
32706	12351
32707	12352
32708	12353
32709	12354
32710	12355
32711	12355
32712	12356
32713	12356
32714	12355
32715	12355
32716	12355
32717	12355
32718	12356
32719	12357
32720	12357
32721	12358
32722	12359
32723	12359
32724	12360
32725	12361
32726	12361
32727	12361
32728	12361
32729	12361
32730	12362
32731	12362
32732	12363
32733	12363
32734	12364
32735	12365
32736	12366
32737	12367
32738	12368
32739	12369
32740	12370
32741	12371
32742	12372
32743	12373
32744	12373
32745	12374
32746	12374
32747	12375
32748	12376
32749	12377
32750	12378
32751	12379
32752	12379
32753	12380
32754	12381
32755	12382
32756	12383
32757	12383
32758	12384
32759	12385
32760	12386
32761	12386
32762	12387
32763	12387
32764	12387
32765	12388
32766	12389
32767	12390
32768	12391
32769	12391
32770	12392
32771	12393
32772	12394
32773	12395
32774	12396
32775	12397
32776	12397
32777	12398
32778	12399
32779	12399
32780	12400
32781	12401
32782	12402
32783	12403
32784	12404
32785	12404
32786	12404
32787	12405
32788	12404
32789	12405
32790	12404
32791	12405
32792	12406
32793	12407
32794	12407
32795	12408
32796	12409
32797	12410
32798	12411
32799	12411
32800	12411
32801	12412
32802	12413
32803	12413
32804	12414
32805	12415
32806	12415
32807	12416
32808	12416
32809	12416
32810	12415
32811	12415
32812	12415
32813	12416
32814	12417
32815	12417
32816	12418
32817	12419
32818	12420
32819	12421
32820	12422
32821	12423
32822	12423
32823	12423
32824	12424
32825	12425
32826	12426
32827	12427
32828	12428
32829	12429
32830	12430
32831	12429
32832	12430
32833	12430
32834	12431
32835	12432
32836	12433
32837	12433
32838	12434
32839	12434
32840	12434
32841	12435
32842	12436
32843	12436
32844	12437
32845	12438
32846	12439
32847	12440
32848	12440
32849	12441
32850	12442
32851	12443
32852	12444
32853	12445
32854	12446
32855	12447
32856	12448
32857	12449
32858	12450
32859	12450
32860	12451
32861	12451
32862	12452
32863	12453
32864	12453
32865	12454
32866	12454
32867	12455
32868	12456
32869	12456
32870	12457
32871	12458
32872	12459
32873	12460
32874	12461
32875	12462
32876	12462
32877	12463
32878	12464
32879	12465
32880	12466
32881	12466
32882	12466
32883	12466
32884	12466
32885	12467
32886	12468
32887	12469
32888	12470
32889	12471
32890	12471
32891	12471
32892	12472
32893	12473
32894	12474
32895	12475
32896	12475
32897	12476
32898	12476
32899	12477
32900	12478
32901	12479
32902	12480
32903	12481
32904	12482
32905	12482
32906	12483
32907	12484
32908	12485
32909	12486
32910	12486
32911	12487
32912	12488
32913	12489
32914	12490
32915	12491
32916	12491
32917	12491
32918	12492
32919	12493
32920	12494
32921	12495
32922	12496
32923	12497
32924	12497
32925	12496
32926	12497
32927	12496
32928	12497
32929	12497
32930	12498
32931	12498
32932	12499
32933	12500
32934	12501
32935	12501
32936	12500
32937	12501
32938	12502
32939	12503
32940	12504
32941	12505
32942	12505
32943	12505
32944	12506
32945	12506
32946	12506
32947	12507
32948	12508
32949	12508
32950	12508
32951	12509
32952	12510
32953	12511
32954	12511
32955	12512
32956	12513
32957	12514
32958	12515
32959	12516
32960	12517
32961	12518
32962	12519
32963	12520
32964	12520
32965	12521
32966	12522
32967	12522
32968	12523
32969	12524
32970	12525
32971	12525
32972	12526
32973	12527
32974	12526
32975	12527
32976	12528
32977	12527
32978	12528
32979	12529
32980	12530
32981	12531
32982	12532
32983	12533
32984	12534
32985	12534
32986	12535
32987	12536
32988	12537
32989	12537
32990	12538
32991	12539
32992	12539
32993	12540
32994	12541
32995	12542
32996	12542
32997	12543
32998	12544
32999	12545
33000	12546
33001	12547
33002	12548
33003	12548
33004	12549
33005	12549
33006	12549
33007	12550
33008	12551
33009	12552
33010	12552
33011	12552
33012	12551
33013	12551
33014	12552
33015	12553
33016	12554
33017	12555
33018	12556
33019	12556
33020	12555
33021	12556
33022	12557
33023	12557
33024	12558
33025	12559
33026	12560
33027	12560
33028	12561
33029	12561
33030	12562
33031	12561
33032	12561
33033	12561
33034	12562
33035	12562
33036	12563
33037	12564
33038	12564
33039	12564
33040	12565
33041	12566
33042	12567
33043	12568
33044	12569
33045	12570
33046	12570
33047	12570
33048	12571
33049	12571
33050	12572
33051	12572
33052	12572
33053	12572
33054	12573
33055	12573
33056	12574
33057	12575
33058	12575
33059	12575
33060	12576
33061	12576
33062	12577
33063	12578
33064	12577
33065	12577
33066	12577
33067	12578
33068	12578
33069	12579
33070	12579
33071	12580
33072	12581
33073	12582
33074	12582
33075	12582
33076	12583
33077	12584
33078	12584
33079	12585
33080	12586
33081	12586
33082	12587
33083	12588
33084	12587
33085	12587
33086	12588
33087	12589
33088	12589
33089	12590
33090	12591
33091	12592
33092	12592
33093	12593
33094	12594
33095	12594
33096	12595
33097	12596
33098	12597
33099	12597
33100	12597
33101	12598
33102	12599
33103	12600
33104	12601
33105	12602
33106	12603
33107	12604
33108	12604
33109	12605
33110	12605
33111	12605
33112	12605
33113	12604
33114	12605
33115	12604
33116	12605
33117	12605
33118	12606
33119	12605
33120	12605
33121	12606
33122	12607
33123	12608
33124	12609
33125	12610
33126	12610
33127	12611
33128	12612
33129	12613
33130	12613
33131	12613
33132	12614
33133	12615
33134	12616
33135	12617
33136	12618
33137	12619
33138	12618
33139	12619
33140	12620
33141	12620
33142	12620
33143	12621
33144	12621
33145	12622
33146	12623
33147	12624
33148	12624
33149	12624
33150	12624
33151	12624
33152	12625
33153	12626
33154	12627
33155	12627
33156	12628
33157	12628
33158	12628
33159	12629
33160	12630
33161	12631
33162	12632
33163	12633
33164	12634
33165	12635
33166	12636
33167	12637
33168	12638
33169	12639
33170	12639
33171	12640
33172	12641
33173	12642
33174	12643
33175	12644
33176	12645
33177	12645
33178	12644
33179	12645
33180	12645
33181	12645
33182	12645
33183	12646
33184	12646
33185	12647
33186	12648
33187	12648
33188	12648
33189	12649
33190	12650
33191	12651
33192	12651
33193	12651
33194	12651
33195	12652
33196	12652
33197	12653
33198	12654
33199	12654
33200	12655
33201	12656
33202	12656
33203	12657
33204	12658
33205	12658
33206	12659
33207	12660
33208	12660
33209	12660
33210	12661
33211	12662
33212	12663
33213	12663
33214	12662
33215	12662
33216	12663
33217	12663
33218	12663
33219	12664
33220	12665
33221	12666
33222	12666
33223	12666
33224	12667
33225	12667
33226	12667
33227	12668
33228	12669
33229	12668
33230	12669
33231	12670
33232	12671
33233	12672
33234	12672
33235	12671
33236	12671
33237	12672
33238	12673
33239	12674
33240	12674
33241	12675
33242	12675
33243	12676
33244	12676
33245	12677
33246	12678
33247	12679
33248	12680
33249	12681
33250	12682
33251	12683
33252	12683
33253	12684
33254	12685
33255	12685
33256	12686
33257	12685
33258	12685
33259	12685
33260	12685
33261	12686
33262	12687
33263	12688
33264	12689
33265	12690
33266	12690
33267	12691
33268	12692
33269	12692
33270	12693
33271	12694
33272	12695
33273	12695
33274	12696
33275	12697
33276	12697
33277	12698
33278	12699
33279	12700
33280	12701
33281	12702
33282	12703
33283	12702
33284	12702
33285	12702
33286	12702
33287	12702
33288	12703
33289	12703
33290	12703
33291	12704
33292	12705
33293	12706
33294	12705
33295	12705
33296	12705
33297	12704
33298	12704
33299	12704
33300	12704
33301	12704
33302	12704
33303	12705
33304	12706
33305	12706
33306	12707
33307	12706
33308	12707
33309	12707
33310	12708
33311	12709
33312	12710
33313	12711
33314	12712
33315	12713
33316	12714
33317	12714
33318	12714
33319	12715
33320	12716
33321	12717
33322	12717
33323	12718
33324	12718
33325	12719
33326	12719
33327	12720
33328	12720
33329	12721
33330	12721
33331	12722
33332	12721
33333	12722
33334	12721
33335	12721
33336	12721
33337	12721
33338	12722
33339	12722
33340	12723
33341	12723
33342	12723
33343	12723
33344	12723
33345	12724
33346	12725
33347	12726
33348	12726
33349	12727
33350	12728
33351	12728
33352	12729
33353	12730
33354	12730
33355	12731
33356	12731
33357	12731
33358	12732
33359	12733
33360	12733
33361	12734
33362	12735
33363	12736
33364	12736
33365	12737
33366	12738
33367	12739
33368	12740
33369	12741
33370	12742
33371	12743
33372	12743
33373	12744
33374	12745
33375	12746
33376	12746
33377	12747
33378	12748
33379	12748
33380	12748
33381	12749
33382	12750
33383	12751
33384	12752
33385	12753
33386	12754
33387	12755
33388	12756
33389	12756
33390	12757
33391	12757
33392	12757
33393	12758
33394	12759
33395	12759
33396	12760
33397	12761
33398	12761
33399	12762
33400	12763
33401	12764
33402	12764
33403	12765
33404	12766
33405	12766
33406	12767
33407	12768
33408	12768
33409	12767
33410	12768
33411	12768
33412	12768
33413	12768
33414	12768
33415	12769
33416	12770
33417	12770
33418	12770
33419	12769
33420	12769
33421	12770
33422	12769
33423	12769
33424	12769
33425	12770
33426	12771
33427	12772
33428	12772
33429	12773
33430	12773
33431	12774
33432	12775
33433	12776
33434	12775
33435	12776
33436	12776
33437	12777
33438	12778
33439	12779
33440	12780
33441	12781
33442	12782
33443	12783
33444	12783
33445	12784
33446	12784
33447	12784
33448	12784
33449	12785
33450	12785
33451	12786
33452	12786
33453	12786
33454	12787
33455	12787
33456	12788
33457	12788
33458	12789
33459	12789
33460	12789
33461	12789
33462	12790
33463	12790
33464	12790
33465	12791
33466	12792
33467	12793
33468	12794
33469	12795
33470	12796
33471	12797
33472	12798
33473	12799
33474	12800
33475	12801
33476	12801
33477	12802
33478	12803
33479	12804
33480	12805
33481	12805
33482	12805
33483	12806
33484	12806
33485	12807
33486	12808
33487	12809
33488	12810
33489	12811
33490	12812
33491	12813
33492	12814
33493	12815
33494	12815
33495	12816
33496	12816
33497	12817
33498	12818
33499	12818
33500	12819
33501	12820
33502	12821
33503	12821
33504	12822
33505	12823
33506	12823
33507	12822
33508	12823
33509	12824
33510	12824
33511	12824
33512	12825
33513	12825
33514	12826
33515	12827
33516	12828
33517	12829
33518	12830
33519	12831
33520	12832
33521	12833
33522	12834
33523	12835
33524	12836
33525	12837
33526	12838
33527	12839
33528	12840
33529	12840
33530	12841
33531	12842
33532	12843
33533	12843
33534	12844
33535	12845
33536	12846
33537	12846
33538	12847
33539	12848
33540	12848
33541	12849
33542	12850
33543	12851
33544	12852
33545	12853
33546	12854
33547	12854
33548	12854
33549	12854
33550	12855
33551	12855
33552	12855
33553	12855
33554	12856
33555	12857
33556	12858
33557	12859
33558	12860
33559	12861
33560	12862
33561	12863
33562	12864
33563	12865
33564	12865
33565	12865
33566	12866
33567	12867
33568	12867
33569	12868
33570	12868
33571	12869
33572	12870
33573	12871
33574	12871
33575	12872
33576	12873
33577	12874
33578	12874
33579	12874
33580	12873
33581	12873
33582	12874
33583	12875
33584	12875
33585	12875
33586	12875
33587	12876
33588	12877
33589	12878
33590	12879
33591	12880
33592	12880
33593	12881
33594	12882
33595	12882
33596	12883
33597	12884
33598	12885
33599	12885
33600	12885
33601	12886
33602	12887
33603	12888
33604	12889
33605	12890
33606	12891
33607	12892
33608	12893
33609	12893
33610	12894
33611	12893
33612	12894
33613	12893
33614	12894
33615	12895
33616	12896
33617	12897
33618	12898
33619	12898
33620	12899
33621	12898
33622	12899
33623	12898
33624	12899
33625	12900
33626	12900
33627	12901
33628	12901
33629	12901
33630	12902
33631	12902
33632	12903
33633	12903
33634	12902
33635	12902
33636	12903
33637	12904
33638	12905
33639	12905
33640	12906
33641	12906
33642	12906
33643	12907
33644	12908
33645	12909
33646	12910
33647	12911
33648	12912
33649	12913
33650	12913
33651	12913
33652	12914
33653	12915
33654	12916
33655	12917
33656	12916
33657	12917
33658	12918
33659	12917
33660	12918
33661	12919
33662	12920
33663	12919
33664	12919
33665	12920
33666	12920
33667	12920
33668	12920
33669	12921
33670	12922
33671	12921
33672	12922
33673	12923
33674	12924
33675	12924
33676	12925
33677	12926
33678	12927
33679	12928
33680	12928
33681	12929
33682	12930
33683	12930
33684	12931
33685	12932
33686	12932
33687	12932
33688	12932
33689	12933
33690	12932
33691	12933
33692	12934
33693	12934
33694	12935
33695	12936
33696	12936
33697	12937
33698	12938
33699	12938
33700	12939
33701	12939
33702	12940
33703	12940
33704	12941
33705	12942
33706	12943
33707	12943
33708	12944
33709	12943
33710	12944
33711	12944
33712	12945
33713	12945
33714	12944
33715	12944
33716	12945
33717	12945
33718	12945
33719	12945
33720	12945
33721	12946
33722	12946
33723	12947
33724	12948
33725	12949
33726	12948
33727	12948
33728	12949
33729	12948
33730	12949
33731	12950
33732	12951
33733	12951
33734	12952
33735	12953
33736	12954
33737	12955
33738	12955
33739	12955
33740	12955
33741	12956
33742	12957
33743	12957
33744	12958
33745	12957
33746	12956
33747	12955
33748	12955
33749	12956
33750	12956
33751	12957
33752	12957
33753	12957
33754	12958
33755	12959
33756	12959
33757	12959
33758	12960
33759	12961
33760	12961
33761	12961
33762	12962
33763	12963
33764	12964
33765	12965
33766	12966
33767	12967
33768	12968
33769	12969
33770	12969
33771	12970
33772	12971
33773	12971
33774	12972
33775	12973
33776	12974
33777	12975
33778	12976
33779	12977
33780	12977
33781	12977
33782	12978
33783	12978
33784	12979
33785	12979
33786	12980
33787	12981
33788	12980
33789	12981
33790	12981
33791	12981
33792	12982
33793	12982
33794	12982
33795	12983
33796	12984
33797	12985
33798	12986
33799	12987
33800	12987
33801	12986
33802	12986
33803	12987
33804	12988
33805	12988
33806	12989
33807	12990
33808	12991
33809	12992
33810	12993
33811	12994
33812	12995
33813	12995
33814	12996
33815	12997
33816	12998
33817	12998
33818	12998
33819	12998
33820	12999
33821	12999
33822	13000
33823	12999
33824	13000
33825	13000
33826	13001
33827	13002
33828	13003
33829	13004
33830	13005
33831	13005
33832	13006
33833	13007
33834	13008
33835	13008
33836	13009
33837	13009
33838	13010
33839	13011
33840	13011
33841	13012
33842	13013
33843	13013
33844	13014
33845	13015
33846	13016
33847	13017
33848	13018
33849	13018
33850	13018
33851	13019
33852	13019
33853	13020
33854	13019
33855	13020
33856	13021
33857	13022
33858	13023
33859	13024
33860	13025
33861	13026
33862	13026
33863	13027
33864	13027
33865	13028
33866	13029
33867	13030
33868	13030
33869	13031
33870	13032
33871	13033
33872	13034
33873	13035
33874	13036
33875	13037
33876	13038
33877	13039
33878	13040
33879	13041
33880	13042
33881	13043
33882	13044
33883	13045
33884	13045
33885	13046
33886	13047
33887	13048
33888	13049
33889	13049
33890	13049
33891	13050
33892	13051
33893	13052
33894	13053
33895	13053
33896	13053
33897	13054
33898	13055
33899	13056
33900	13057
33901	13058
33902	13058
33903	13059
33904	13060
33905	13060
33906	13061
33907	13062
33908	13062
33909	13061
33910	13062
33911	13063
33912	13063
33913	13062
33914	13061
33915	13062
33916	13062
33917	13062
33918	13062
33919	13063
33920	13064
33921	13065
33922	13066
33923	13067
33924	13068
33925	13069
33926	13070
33927	13071
33928	13070
33929	13070
33930	13071
33931	13072
33932	13072
33933	13073
33934	13074
33935	13075
33936	13076
33937	13076
33938	13077
33939	13078
33940	13078
33941	13079
33942	13079
33943	13078
33944	13079
33945	13078
33946	13079
33947	13079
33948	13080
33949	13081
33950	13081
33951	13082
33952	13082
33953	13083
33954	13084
33955	13085
33956	13085
33957	13086
33958	13087
33959	13086
33960	13086
33961	13086
33962	13087
33963	13088
33964	13088
33965	13088
33966	13089
33967	13089
33968	13090
33969	13090
33970	13091
33971	13092
33972	13093
33973	13094
33974	13095
33975	13096
33976	13097
33977	13098
33978	13098
33979	13099
33980	13100
33981	13101
33982	13101
33983	13102
33984	13103
33985	13103
33986	13104
33987	13105
33988	13106
33989	13106
33990	13107
33991	13108
33992	13108
33993	13109
33994	13110
33995	13110
33996	13110
33997	13111
33998	13111
33999	13112
34000	13113
34001	13114
34002	13114
34003	13113
34004	13113
34005	13114
34006	13115
34007	13116
34008	13117
34009	13118
34010	13119
34011	13120
34012	13121
34013	13121
34014	13122
34015	13123
34016	13123
34017	13124
34018	13125
34019	13126
34020	13127
34021	13127
34022	13128
34023	13128
34024	13128
34025	13128
34026	13129
34027	13129
34028	13130
34029	13130
34030	13131
34031	13132
34032	13132
34033	13132
34034	13132
34035	13133
34036	13134
34037	13135
34038	13134
34039	13134
34040	13134
34041	13135
34042	13136
34043	13136
34044	13136
34045	13137
34046	13137
34047	13137
34048	13138
34049	13139
34050	13140
34051	13141
34052	13142
34053	13142
34054	13143
34055	13144
34056	13145
34057	13146
34058	13147
34059	13148
34060	13148
34061	13149
34062	13150
34063	13151
34064	13152
34065	13153
34066	13154
34067	13154
34068	13155
34069	13156
34070	13156
34071	13156
34072	13157
34073	13158
34074	13159
34075	13160
34076	13161
34077	13161
34078	13161
34079	13161
34080	13162
34081	13162
34082	13163
34083	13164
34084	13164
34085	13164
34086	13164
34087	13165
34088	13166
34089	13167
34090	13166
34091	13167
34092	13168
34093	13169
34094	13169
34095	13170
34096	13170
34097	13171
34098	13172
34099	13172
34100	13173
34101	13174
34102	13174
34103	13174
34104	13174
34105	13175
34106	13176
34107	13176
34108	13177
34109	13178
34110	13179
34111	13180
34112	13181
34113	13182
34114	13183
34115	13184
34116	13185
34117	13185
34118	13186
34119	13187
34120	13188
34121	13189
34122	13190
34123	13190
34124	13191
34125	13191
34126	13192
34127	13193
34128	13194
34129	13195
34130	13196
34131	13195
34132	13196
34133	13195
34134	13195
34135	13196
34136	13197
34137	13198
34138	13198
34139	13199
34140	13199
34141	13200
34142	13199
34143	13200
34144	13201
34145	13201
34146	13202
34147	13202
34148	13203
34149	13204
34150	13204
34151	13205
34152	13206
34153	13207
34154	13208
34155	13209
34156	13209
34157	13210
34158	13210
34159	13210
34160	13211
34161	13211
34162	13212
34163	13212
34164	13213
34165	13213
34166	13214
34167	13215
34168	13214
34169	13215
34170	13216
34171	13217
34172	13217
34173	13218
34174	13218
34175	13218
34176	13219
34177	13219
34178	13220
34179	13221
34180	13222
34181	13223
34182	13224
34183	13225
34184	13226
34185	13226
34186	13226
34187	13227
34188	13228
34189	13229
34190	13229
34191	13230
34192	13231
34193	13232
34194	13233
34195	13234
34196	13234
34197	13235
34198	13236
34199	13237
34200	13238
34201	13238
34202	13239
34203	13240
34204	13241
34205	13241
34206	13242
34207	13243
34208	13244
34209	13244
34210	13244
34211	13244
34212	13244
34213	13245
34214	13246
34215	13247
34216	13248
34217	13249
34218	13249
34219	13249
34220	13250
34221	13251
34222	13250
34223	13251
34224	13252
34225	13253
34226	13254
34227	13255
34228	13256
34229	13256
34230	13257
34231	13258
34232	13259
34233	13259
34234	13260
34235	13260
34236	13261
34237	13262
34238	13261
34239	13262
34240	13263
34241	13264
34242	13265
34243	13266
34244	13266
34245	13267
34246	13268
34247	13269
34248	13269
34249	13269
34250	13270
34251	13270
34252	13271
34253	13272
34254	13272
34255	13273
34256	13273
34257	13272
34258	13272
34259	13273
34260	13274
34261	13275
34262	13276
34263	13277
34264	13278
34265	13279
34266	13280
34267	13281
34268	13282
34269	13282
34270	13283
34271	13284
34272	13285
34273	13285
34274	13286
34275	13287
34276	13288
34277	13287
34278	13288
34279	13289
34280	13290
34281	13290
34282	13291
34283	13292
34284	13293
34285	13294
34286	13295
34287	13296
34288	13297
34289	13298
34290	13299
34291	13299
34292	13299
34293	13299
34294	13299
34295	13300
34296	13301
34297	13302
34298	13303
34299	13304
34300	13305
34301	13306
34302	13307
34303	13308
34304	13309
34305	13309
34306	13310
34307	13310
34308	13310
34309	13311
34310	13312
34311	13313
34312	13314
34313	13315
34314	13316
34315	13316
34316	13317
34317	13317
34318	13318
34319	13318
34320	13319
34321	13319
34322	13320
34323	13320
34324	13321
34325	13321
34326	13321
34327	13321
34328	13322
34329	13322
34330	13323
34331	13324
34332	13325
34333	13326
34334	13327
34335	13328
34336	13329
34337	13330
34338	13331
34339	13332
34340	13333
34341	13334
34342	13335
34343	13334
34344	13334
34345	13335
34346	13334
34347	13334
34348	13335
34349	13336
34350	13337
34351	13337
34352	13338
34353	13339
34354	13339
34355	13340
34356	13341
34357	13341
34358	13342
34359	13342
34360	13343
34361	13343
34362	13344
34363	13343
34364	13343
34365	13344
34366	13344
34367	13345
34368	13345
34369	13345
34370	13345
34371	13346
34372	13347
34373	13348
34374	13349
34375	13350
34376	13351
34377	13352
34378	13353
34379	13354
34380	13354
34381	13355
34382	13356
34383	13356
34384	13357
34385	13358
34386	13359
34387	13360
34388	13361
34389	13361
34390	13362
34391	13363
34392	13363
34393	13364
34394	13364
34395	13364
34396	13365
34397	13366
34398	13366
34399	13367
34400	13368
34401	13368
34402	13368
34403	13368
34404	13369
34405	13370
34406	13371
34407	13372
34408	13372
34409	13372
34410	13372
34411	13372
34412	13372
34413	13372
34414	13373
34415	13374
34416	13375
34417	13374
34418	13375
34419	13375
34420	13375
34421	13376
34422	13377
34423	13377
34424	13378
34425	13377
34426	13378
34427	13378
34428	13379
34429	13379
34430	13380
34431	13381
34432	13382
34433	13382
34434	13383
34435	13383
34436	13384
34437	13384
34438	13385
34439	13386
34440	13386
34441	13387
34442	13387
34443	13388
34444	13388
34445	13388
34446	13388
34447	13389
34448	13388
34449	13389
34450	13389
34451	13390
34452	13391
34453	13392
34454	13392
34455	13393
34456	13394
34457	13395
34458	13395
34459	13396
34460	13396
34461	13397
34462	13398
34463	13399
34464	13399
34465	13400
34466	13401
34467	13400
34468	13401
34469	13401
34470	13402
34471	13402
34472	13402
34473	13403
34474	13404
34475	13405
34476	13405
34477	13406
34478	13407
34479	13407
34480	13408
34481	13408
34482	13409
34483	13410
34484	13411
34485	13412
34486	13413
34487	13414
34488	13415
34489	13416
34490	13417
34491	13417
34492	13418
34493	13419
34494	13419
34495	13420
34496	13421
34497	13421
34498	13422
34499	13423
34500	13424
34501	13425
34502	13426
34503	13427
34504	13428
34505	13429
34506	13430
34507	13430
34508	13431
34509	13431
34510	13432
34511	13432
34512	13433
34513	13434
34514	13435
34515	13436
34516	13437
34517	13438
34518	13439
34519	13439
34520	13440
34521	13441
34522	13441
34523	13442
34524	13443
34525	13444
34526	13445
34527	13446
34528	13447
34529	13448
34530	13449
34531	13450
34532	13450
34533	13450
34534	13450
34535	13451
34536	13451
34537	13452
34538	13453
34539	13454
34540	13455
34541	13456
34542	13456
34543	13457
34544	13457
34545	13458
34546	13459
34547	13460
34548	13461
34549	13461
34550	13462
34551	13463
34552	13464
34553	13464
34554	13464
34555	13464
34556	13464
34557	13465
34558	13466
34559	13467
34560	13468
34561	13467
34562	13468
34563	13469
34564	13469
34565	13470
34566	13470
34567	13471
34568	13472
34569	13473
34570	13474
34571	13475
34572	13475
34573	13476
34574	13477
34575	13478
34576	13478
34577	13478
34578	13479
34579	13479
34580	13480
34581	13481
34582	13482
34583	13482
34584	13482
34585	13482
34586	13483
34587	13484
34588	13485
34589	13485
34590	13486
34591	13487
34592	13487
34593	13488
34594	13489
34595	13489
34596	13490
34597	13490
34598	13490
34599	13490
34600	13491
34601	13492
34602	13493
34603	13494
34604	13495
34605	13496
34606	13497
34607	13498
34608	13499
34609	13500
34610	13501
34611	13502
34612	13503
34613	13504
34614	13505
34615	13506
34616	13507
34617	13507
34618	13508
34619	13509
34620	13510
34621	13511
34622	13511
34623	13512
34624	13513
34625	13514
34626	13514
34627	13515
34628	13515
34629	13515
34630	13516
34631	13516
34632	13517
34633	13518
34634	13519
34635	13519
34636	13520
34637	13520
34638	13521
34639	13520
34640	13521
34641	13521
34642	13522
34643	13522
34644	13522
34645	13523
34646	13523
34647	13523
34648	13523
34649	13524
34650	13525
34651	13525
34652	13526
34653	13527
34654	13528
34655	13529
34656	13530
34657	13531
34658	13531
34659	13531
34660	13532
34661	13532
34662	13533
34663	13533
34664	13534
34665	13535
34666	13536
34667	13536
34668	13536
34669	13536
34670	13537
34671	13537
34672	13538
34673	13539
34674	13540
34675	13541
34676	13542
34677	13541
34678	13541
34679	13541
34680	13541
34681	13542
34682	13542
34683	13543
34684	13543
34685	13544
34686	13545
34687	13546
34688	13547
34689	13548
34690	13549
34691	13550
34692	13551
34693	13552
34694	13553
34695	13554
34696	13555
34697	13556
34698	13557
34699	13558
34700	13559
34701	13559
34702	13560
34703	13561
34704	13562
34705	13563
34706	13564
34707	13565
34708	13566
34709	13567
34710	13568
34711	13569
34712	13570
34713	13570
34714	13571
34715	13571
34716	13572
34717	13573
34718	13573
34719	13574
34720	13574
34721	13575
34722	13575
34723	13575
34724	13575
34725	13576
34726	13577
34727	13578
34728	13578
34729	13579
34730	13580
34731	13581
34732	13582
34733	13582
34734	13582
34735	13583
34736	13584
34737	13585
34738	13585
34739	13586
34740	13587
34741	13588
34742	13589
34743	13589
34744	13590
34745	13591
34746	13592
34747	13593
34748	13594
34749	13594
34750	13594
34751	13595
34752	13596
34753	13597
34754	13598
34755	13598
34756	13598
34757	13599
34758	13599
34759	13600
34760	13600
34761	13601
34762	13601
34763	13602
34764	13603
34765	13604
34766	13604
34767	13604
34768	13605
34769	13606
34770	13607
34771	13607
34772	13608
34773	13607
34774	13608
34775	13607
34776	13608
34777	13609
34778	13610
34779	13611
34780	13612
34781	13613
34782	13614
34783	13615
34784	13616
34785	13616
34786	13616
34787	13617
34788	13618
34789	13618
34790	13619
34791	13620
34792	13620
34793	13621
34794	13622
34795	13623
34796	13624
34797	13625
34798	13626
34799	13627
34800	13627
34801	13628
34802	13627
34803	13628
34804	13629
34805	13629
34806	13630
34807	13629
34808	13630
34809	13631
34810	13632
34811	13633
34812	13634
34813	13635
34814	13636
34815	13637
34816	13637
34817	13638
34818	13639
34819	13639
34820	13640
34821	13641
34822	13642
34823	13643
34824	13644
34825	13644
34826	13644
34827	13645
34828	13646
34829	13647
34830	13648
34831	13649
34832	13649
34833	13650
34834	13650
34835	13650
34836	13651
34837	13652
34838	13652
34839	13653
34840	13652
34841	13652
34842	13653
34843	13654
34844	13654
34845	13655
34846	13656
34847	13656
34848	13657
34849	13657
34850	13658
34851	13658
34852	13659
34853	13659
34854	13660
34855	13661
34856	13661
34857	13662
34858	13663
34859	13664
34860	13665
34861	13666
34862	13666
34863	13667
34864	13667
34865	13668
34866	13668
34867	13669
34868	13670
34869	13670
34870	13669
34871	13670
34872	13670
34873	13671
34874	13672
34875	13673
34876	13674
34877	13675
34878	13676
34879	13676
34880	13677
34881	13677
34882	13677
34883	13678
34884	13678
34885	13679
34886	13680
34887	13681
34888	13681
34889	13682
34890	13683
34891	13683
34892	13684
34893	13684
34894	13684
34895	13685
34896	13686
34897	13686
34898	13687
34899	13687
34900	13687
34901	13688
34902	13689
34903	13690
34904	13691
34905	13691
34906	13692
34907	13692
34908	13693
34909	13693
34910	13694
34911	13695
34912	13696
34913	13697
34914	13697
34915	13697
34916	13698
34917	13699
34918	13700
34919	13701
34920	13702
34921	13703
34922	13704
34923	13704
34924	13705
34925	13706
34926	13707
34927	13708
34928	13709
34929	13710
34930	13710
34931	13711
34932	13712
34933	13712
34934	13712
34935	13713
34936	13714
34937	13714
34938	13715
34939	13716
34940	13717
34941	13718
34942	13719
34943	13720
34944	13721
34945	13721
34946	13721
34947	13721
34948	13722
34949	13723
34950	13723
34951	13724
34952	13724
34953	13725
34954	13725
34955	13724
34956	13725
34957	13725
34958	13726
34959	13727
34960	13728
34961	13728
34962	13729
34963	13729
34964	13730
34965	13729
34966	13729
34967	13730
34968	13730
34969	13730
34970	13731
34971	13732
34972	13733
34973	13734
34974	13735
34975	13736
34976	13737
34977	13738
34978	13739
34979	13739
34980	13740
34981	13741
34982	13742
34983	13742
34984	13742
34985	13743
34986	13743
34987	13744
34988	13745
34989	13744
34990	13745
34991	13745
34992	13746
34993	13747
34994	13748
34995	13749
34996	13750
34997	13751
34998	13752
34999	13753
35000	13754
35001	13755
35002	13756
35003	13757
35004	13758
35005	13758
35006	13759
35007	13760
35008	13761
35009	13762
35010	13762
35011	13763
35012	13764
35013	13764
35014	13765
35015	13765
35016	13765
35017	13766
35018	13767
35019	13767
35020	13768
35021	13769
35022	13769
35023	13770
35024	13770
35025	13771
35026	13772
35027	13773
35028	13774
35029	13775
35030	13774
35031	13774
35032	13775
35033	13776
35034	13776
35035	13776
35036	13777
35037	13778
35038	13779
35039	13779
35040	13780
35041	13781
35042	13782
35043	13783
35044	13783
35045	13784
35046	13784
35047	13785
35048	13786
35049	13787
35050	13787
35051	13788
35052	13789
35053	13790
35054	13791
35055	13792
35056	13793
35057	13793
35058	13794
35059	13794
35060	13794
35061	13795
35062	13796
35063	13796
35064	13797
35065	13798
35066	13799
35067	13800
35068	13801
35069	13802
35070	13802
35071	13803
35072	13802
35073	13803
35074	13804
35075	13804
35076	13805
35077	13806
35078	13807
35079	13807
35080	13807
35081	13808
35082	13809
35083	13809
35084	13809
35085	13810
35086	13811
35087	13812
35088	13812
35089	13813
35090	13814
35091	13815
35092	13815
35093	13815
35094	13816
35095	13817
35096	13818
35097	13819
35098	13820
35099	13821
35100	13821
35101	13822
35102	13822
35103	13823
35104	13823
35105	13824
35106	13825
35107	13825
35108	13826
35109	13827
35110	13827
35111	13828
35112	13829
35113	13829
35114	13830
35115	13830
35116	13831
35117	13831
35118	13832
35119	13833
35120	13833
35121	13833
35122	13832
35123	13833
35124	13834
35125	13835
35126	13836
35127	13836
35128	13837
35129	13837
35130	13838
35131	13838
35132	13839
35133	13839
35134	13839
35135	13840
35136	13841
35137	13842
35138	13843
35139	13844
35140	13845
35141	13846
35142	13847
35143	13847
35144	13846
35145	13847
35146	13848
35147	13849
35148	13850
35149	13850
35150	13851
35151	13851
35152	13852
35153	13852
35154	13852
35155	13852
35156	13853
35157	13854
35158	13855
35159	13855
35160	13856
35161	13856
35162	13857
35163	13858
35164	13858
35165	13858
35166	13858
35167	13859
35168	13860
35169	13861
35170	13861
35171	13862
35172	13863
35173	13863
35174	13864
35175	13864
35176	13865
35177	13865
35178	13864
35179	13865
35180	13866
35181	13867
35182	13868
35183	13869
35184	13870
35185	13871
35186	13872
35187	13873
35188	13874
35189	13874
35190	13875
35191	13876
35192	13877
35193	13878
35194	13879
35195	13880
35196	13880
35197	13880
35198	13880
35199	13880
35200	13881
35201	13882
35202	13882
35203	13883
35204	13882
35205	13882
35206	13882
35207	13882
35208	13882
35209	13883
35210	13884
35211	13885
35212	13886
35213	13886
35214	13887
35215	13888
35216	13888
35217	13889
35218	13890
35219	13891
35220	13892
35221	13893
35222	13894
35223	13895
35224	13895
35225	13896
35226	13896
35227	13897
35228	13898
35229	13898
35230	13899
35231	13898
35232	13898
35233	13898
35234	13898
35235	13899
35236	13899
35237	13899
35238	13900
35239	13900
35240	13900
35241	13900
35242	13901
35243	13901
35244	13901
35245	13901
35246	13902
35247	13903
35248	13904
35249	13905
35250	13906
35251	13907
35252	13908
35253	13908
35254	13909
35255	13909
35256	13909
35257	13910
35258	13910
35259	13910
35260	13911
35261	13912
35262	13913
35263	13914
35264	13914
35265	13915
35266	13916
35267	13917
35268	13918
35269	13919
35270	13919
35271	13919
35272	13919
35273	13920
35274	13921
35275	13921
35276	13922
35277	13923
35278	13923
35279	13924
35280	13925
35281	13926
35282	13927
35283	13927
35284	13928
35285	13929
35286	13930
35287	13931
35288	13932
35289	13932
35290	13933
35291	13934
35292	13935
35293	13936
35294	13936
35295	13937
35296	13938
35297	13939
35298	13939
35299	13940
35300	13940
35301	13940
35302	13941
35303	13941
35304	13942
35305	13943
35306	13944
35307	13944
35308	13945
35309	13946
35310	13947
35311	13948
35312	13949
35313	13950
35314	13951
35315	13951
35316	13952
35317	13953
35318	13952
35319	13952
35320	13953
35321	13952
35322	13953
35323	13952
35324	13953
35325	13953
35326	13954
35327	13954
35328	13955
35329	13956
35330	13956
35331	13956
35332	13957
35333	13957
35334	13957
35335	13958
35336	13959
35337	13960
35338	13960
35339	13960
35340	13961
35341	13962
35342	13962
35343	13962
35344	13963
35345	13964
35346	13965
35347	13965
35348	13966
35349	13967
35350	13968
35351	13968
35352	13969
35353	13970
35354	13970
35355	13971
35356	13972
35357	13972
35358	13973
35359	13973
35360	13973
35361	13974
35362	13975
35363	13976
35364	13977
35365	13977
35366	13978
35367	13979
35368	13980
35369	13980
35370	13981
35371	13981
35372	13982
35373	13983
35374	13984
35375	13984
35376	13985
35377	13986
35378	13987
35379	13987
35380	13988
35381	13988
35382	13988
35383	13989
35384	13990
35385	13991
35386	13992
35387	13993
35388	13994
35389	13995
35390	13995
35391	13995
35392	13996
35393	13997
35394	13998
35395	13999
35396	13999
35397	14000
35398	14001
35399	14002
35400	14003
35401	14004
35402	14005
35403	14005
35404	14006
35405	14006
35406	14007
35407	14007
35408	14008
35409	14009
35410	14010
35411	14011
35412	14012
35413	14013
35414	14013
35415	14013
35416	14013
35417	14014
35418	14015
35419	14015
35420	14015
35421	14014
35422	14015
35423	14015
35424	14016
35425	14017
35426	14018
35427	14019
35428	14019
35429	14020
35430	14021
35431	14021
35432	14022
35433	14022
35434	14023
35435	14024
35436	14025
35437	14025
35438	14026
35439	14027
35440	14028
35441	14029
35442	14030
35443	14031
35444	14030
35445	14031
35446	14032
35447	14033
35448	14034
35449	14035
35450	14035
35451	14036
35452	14036
35453	14037
35454	14038
35455	14039
35456	14039
35457	14039
35458	14040
35459	14040
35460	14040
35461	14040
35462	14041
35463	14042
35464	14043
35465	14044
35466	14045
35467	14046
35468	14047
35469	14048
35470	14049
35471	14050
35472	14050
35473	14050
35474	14051
35475	14051
35476	14052
35477	14053
35478	14052
35479	14053
35480	14053
35481	14054
35482	14055
35483	14056
35484	14057
35485	14056
35486	14056
35487	14055
35488	14056
35489	14057
35490	14056
35491	14056
35492	14056
35493	14057
35494	14057
35495	14057
35496	14058
35497	14057
35498	14058
35499	14058
35500	14058
35501	14059
35502	14060
35503	14061
35504	14062
35505	14063
35506	14064
35507	14064
35508	14065
35509	14066
35510	14067
35511	14068
35512	14068
35513	14068
35514	14069
35515	14070
35516	14071
35517	14071
35518	14072
35519	14073
35520	14074
35521	14075
35522	14076
35523	14076
35524	14077
35525	14078
35526	14079
35527	14080
35528	14081
35529	14082
35530	14083
35531	14084
35532	14085
35533	14086
35534	14087
35535	14088
35536	14088
35537	14089
35538	14090
35539	14091
35540	14092
35541	14093
35542	14094
35543	14095
35544	14096
35545	14097
35546	14097
35547	14097
35548	14098
35549	14099
35550	14099
35551	14100
35552	14100
35553	14101
35554	14102
35555	14103
35556	14103
35557	14104
35558	14104
35559	14105
35560	14105
35561	14105
35562	14104
35563	14105
35564	14106
35565	14105
35566	14106
35567	14105
35568	14105
35569	14106
35570	14107
35571	14107
35572	14108
35573	14108
35574	14107
35575	14108
35576	14108
35577	14108
35578	14109
35579	14110
35580	14111
35581	14111
35582	14112
35583	14113
35584	14114
35585	14113
35586	14114
35587	14114
35588	14114
35589	14115
35590	14116
35591	14117
35592	14118
35593	14119
35594	14120
35595	14121
35596	14122
35597	14123
35598	14123
35599	14124
35600	14124
35601	14123
35602	14123
35603	14124
35604	14125
35605	14126
35606	14127
35607	14127
35608	14128
35609	14129
35610	14129
35611	14130
35612	14131
35613	14130
35614	14131
35615	14132
35616	14133
35617	14133
35618	14134
35619	14135
35620	14135
35621	14135
35622	14136
35623	14137
35624	14136
35625	14136
35626	14136
35627	14137
35628	14138
35629	14139
35630	14139
35631	14140
35632	14141
35633	14142
35634	14143
35635	14144
35636	14145
35637	14146
35638	14146
35639	14147
35640	14148
35641	14149
35642	14149
35643	14150
35644	14151
35645	14152
35646	14152
35647	14153
35648	14153
35649	14154
35650	14154
35651	14155
35652	14155
35653	14156
35654	14156
35655	14157
35656	14158
35657	14158
35658	14159
35659	14160
35660	14161
35661	14161
35662	14162
35663	14162
35664	14162
35665	14162
35666	14163
35667	14164
35668	14164
35669	14163
35670	14163
35671	14164
35672	14164
35673	14164
35674	14165
35675	14166
35676	14167
35677	14168
35678	14169
35679	14170
35680	14171
35681	14171
35682	14172
35683	14173
35684	14173
35685	14174
35686	14175
35687	14176
35688	14177
35689	14178
35690	14179
35691	14180
35692	14180
35693	14181
35694	14181
35695	14182
35696	14182
35697	14182
35698	14182
35699	14183
35700	14184
35701	14184
35702	14185
35703	14186
35704	14187
35705	14188
35706	14188
35707	14188
35708	14189
35709	14190
35710	14189
35711	14190
35712	14191
35713	14192
35714	14193
35715	14193
35716	14194
35717	14194
35718	14194
35719	14195
35720	14196
35721	14197
35722	14198
35723	14199
35724	14200
35725	14200
35726	14201
35727	14201
35728	14202
35729	14203
35730	14203
35731	14204
35732	14204
35733	14203
35734	14203
35735	14203
35736	14204
35737	14203
35738	14204
35739	14205
35740	14205
35741	14206
35742	14206
35743	14206
35744	14207
35745	14208
35746	14209
35747	14210
35748	14210
35749	14211
35750	14212
35751	14212
35752	14213
35753	14213
35754	14214
35755	14215
35756	14216
35757	14216
35758	14216
35759	14216
35760	14217
35761	14218
35762	14218
35763	14217
35764	14217
35765	14217
35766	14217
35767	14218
35768	14219
35769	14220
35770	14219
35771	14219
35772	14219
35773	14220
35774	14221
35775	14222
35776	14222
35777	14223
35778	14223
35779	14222
35780	14223
35781	14224
35782	14223
35783	14223
35784	14224
35785	14225
35786	14225
35787	14225
35788	14226
35789	14227
35790	14228
35791	14229
35792	14230
35793	14231
35794	14231
35795	14232
35796	14233
35797	14233
35798	14233
35799	14234
35800	14235
35801	14235
35802	14235
35803	14236
35804	14237
35805	14236
35806	14237
35807	14237
35808	14237
35809	14238
35810	14239
35811	14239
35812	14239
35813	14240
35814	14239
35815	14240
35816	14240
35817	14240
35818	14240
35819	14241
35820	14242
35821	14243
35822	14243
35823	14244
35824	14245
35825	14246
35826	14247
35827	14248
35828	14249
35829	14250
35830	14250
35831	14251
35832	14252
35833	14252
35834	14253
35835	14253
35836	14253
35837	14254
35838	14255
35839	14256
35840	14257
35841	14257
35842	14258
35843	14259
35844	14259
35845	14259
35846	14260
35847	14261
35848	14262
35849	14263
35850	14264
35851	14264
35852	14265
35853	14266
35854	14267
35855	14268
35856	14269
35857	14269
35858	14269
35859	14269
35860	14270
35861	14270
35862	14271
35863	14272
35864	14273
35865	14274
35866	14275
35867	14276
35868	14277
35869	14277
35870	14278
35871	14279
35872	14280
35873	14279
35874	14279
35875	14280
35876	14280
35877	14281
35878	14282
35879	14283
35880	14284
35881	14285
35882	14286
35883	14287
35884	14287
35885	14287
35886	14288
35887	14288
35888	14288
35889	14289
35890	14289
35891	14290
35892	14289
35893	14290
35894	14291
35895	14292
35896	14293
35897	14294
35898	14295
35899	14296
35900	14296
35901	14297
35902	14297
35903	14298
35904	14298
35905	14299
35906	14300
35907	14300
35908	14301
35909	14302
35910	14302
35911	14303
35912	14303
35913	14303
35914	14304
35915	14304
35916	14305
35917	14306
35918	14307
35919	14308
35920	14309
35921	14310
35922	14311
35923	14312
35924	14313
35925	14313
35926	14314
35927	14315
35928	14316
35929	14317
35930	14318
35931	14318
35932	14319
35933	14320
35934	14320
35935	14321
35936	14322
35937	14323
35938	14324
35939	14325
35940	14326
35941	14326
35942	14326
35943	14327
35944	14328
35945	14329
35946	14329
35947	14330
35948	14331
35949	14332
35950	14332
35951	14333
35952	14333
35953	14333
35954	14334
35955	14334
35956	14335
35957	14335
35958	14335
35959	14336
35960	14337
35961	14336
35962	14337
35963	14338
35964	14339
35965	14339
35966	14340
35967	14341
35968	14342
35969	14342
35970	14342
35971	14342
35972	14342
35973	14343
35974	14344
35975	14345
35976	14346
35977	14347
35978	14348
35979	14349
35980	14350
35981	14351
35982	14352
35983	14353
35984	14353
35985	14354
35986	14355
35987	14355
35988	14356
35989	14357
35990	14358
35991	14359
35992	14360
35993	14360
35994	14360
35995	14361
35996	14361
35997	14362
35998	14363
35999	14364
36000	14365
36001	14366
36002	14367
36003	14368
36004	14369
36005	14370
36006	14370
36007	14371
36008	14372
36009	14372
36010	14373
36011	14374
36012	14375
36013	14376
36014	14377
36015	14377
36016	14378
36017	14377
36018	14378
36019	14379
36020	14380
36021	14380
36022	14381
36023	14382
36024	14382
36025	14382
36026	14383
36027	14384
36028	14385
36029	14385
36030	14386
36031	14387
36032	14387
36033	14387
36034	14386
36035	14387
36036	14388
36037	14389
36038	14389
36039	14390
36040	14391
36041	14392
36042	14393
36043	14393
36044	14394
36045	14395
36046	14396
36047	14395
36048	14396
36049	14397
36050	14398
36051	14398
36052	14399
36053	14399
36054	14400
36055	14401
36056	14402
36057	14403
36058	14404
36059	14405
36060	14406
36061	14407
36062	14408
36063	14409
36064	14409
36065	14410
36066	14411
36067	14411
36068	14412
36069	14413
36070	14413
36071	14412
36072	14413
36073	14414
36074	14414
36075	14415
36076	14416
36077	14417
36078	14416
36079	14417
36080	14418
36081	14419
36082	14419
36083	14420
36084	14421
36085	14422
36086	14423
36087	14424
36088	14425
36089	14426
36090	14427
36091	14428
36092	14429
36093	14430
36094	14431
36095	14431
36096	14432
36097	14433
36098	14433
36099	14434
36100	14435
36101	14436
36102	14437
36103	14438
36104	14438
36105	14439
36106	14438
36107	14438
36108	14438
36109	14438
36110	14439
36111	14440
36112	14441
36113	14442
36114	14443
36115	14444
36116	14444
36117	14445
36118	14446
36119	14447
36120	14447
36121	14448
36122	14449
36123	14450
36124	14450
36125	14451
36126	14452
36127	14453
36128	14453
36129	14454
36130	14454
36131	14454
36132	14455
36133	14455
36134	14455
36135	14456
36136	14457
36137	14457
36138	14457
36139	14458
36140	14459
36141	14459
36142	14460
36143	14461
36144	14462
36145	14463
36146	14464
36147	14465
36148	14466
36149	14467
36150	14468
36151	14469
36152	14470
36153	14470
36154	14470
36155	14471
36156	14471
36157	14472
36158	14473
36159	14474
36160	14474
36161	14475
36162	14476
36163	14476
36164	14477
36165	14478
36166	14478
36167	14479
36168	14480
36169	14481
36170	14481
36171	14481
36172	14481
36173	14482
36174	14483
36175	14484
36176	14485
36177	14486
36178	14487
36179	14488
36180	14488
36181	14488
36182	14488
36183	14489
36184	14489
36185	14490
36186	14491
36187	14492
36188	14493
36189	14494
36190	14494
36191	14494
36192	14495
36193	14496
36194	14497
36195	14498
36196	14499
36197	14499
36198	14500
36199	14501
36200	14502
36201	14502
36202	14502
36203	14503
36204	14504
36205	14504
36206	14505
36207	14505
36208	14505
36209	14505
36210	14505
36211	14506
36212	14505
36213	14505
36214	14506
36215	14507
36216	14508
36217	14508
36218	14509
36219	14510
36220	14511
36221	14512
36222	14513
36223	14514
36224	14514
36225	14515
36226	14515
36227	14515
36228	14516
36229	14517
36230	14518
36231	14519
36232	14518
36233	14518
36234	14518
36235	14518
36236	14519
36237	14520
36238	14520
36239	14521
36240	14521
36241	14522
36242	14522
36243	14522
36244	14523
36245	14524
36246	14525
36247	14525
36248	14526
36249	14527
36250	14526
36251	14527
36252	14527
36253	14528
36254	14528
36255	14528
36256	14529
36257	14530
36258	14531
36259	14531
36260	14532
36261	14533
36262	14534
36263	14535
36264	14536
36265	14536
36266	14537
36267	14538
36268	14538
36269	14539
36270	14540
36271	14540
36272	14541
36273	14542
36274	14542
36275	14543
36276	14544
36277	14545
36278	14546
36279	14546
36280	14547
36281	14548
36282	14549
36283	14550
36284	14551
36285	14551
36286	14552
36287	14553
36288	14554
36289	14555
36290	14555
36291	14556
36292	14556
36293	14557
36294	14558
36295	14559
36296	14560
36297	14561
36298	14562
36299	14563
36300	14564
36301	14565
36302	14565
36303	14565
36304	14566
36305	14567
36306	14568
36307	14568
36308	14569
36309	14570
36310	14571
36311	14572
36312	14573
36313	14574
36314	14575
36315	14574
36316	14574
36317	14574
36318	14574
36319	14574
36320	14575
36321	14576
36322	14576
36323	14577
36324	14577
36325	14577
36326	14578
36327	14579
36328	14579
36329	14579
36330	14579
36331	14580
36332	14581
36333	14582
36334	14582
36335	14583
36336	14583
36337	14584
36338	14584
36339	14583
36340	14583
36341	14583
36342	14584
36343	14585
36344	14585
36345	14586
36346	14586
36347	14586
36348	14587
36349	14587
36350	14588
36351	14589
36352	14590
36353	14591
36354	14590
36355	14590
36356	14590
36357	14589
36358	14589
36359	14590
36360	14590
36361	14590
36362	14591
36363	14591
36364	14592
36365	14593
36366	14593
36367	14594
36368	14594
36369	14595
36370	14596
36371	14597
36372	14597
36373	14598
36374	14599
36375	14600
36376	14601
36377	14602
36378	14602
36379	14603
36380	14604
36381	14605
36382	14606
36383	14607
36384	14608
36385	14609
36386	14610
36387	14609
36388	14610
36389	14610
36390	14610
36391	14611
36392	14612
36393	14613
36394	14613
36395	14614
36396	14615
36397	14616
36398	14617
36399	14618
36400	14619
36401	14620
36402	14621
36403	14622
36404	14622
36405	14623
36406	14624
36407	14625
36408	14626
36409	14627
36410	14628
36411	14628
36412	14629
36413	14630
36414	14631
36415	14632
36416	14632
36417	14632
36418	14633
36419	14634
36420	14635
36421	14636
36422	14636
36423	14635
36424	14636
36425	14636
36426	14637
36427	14637
36428	14637
36429	14638
36430	14638
36431	14639
36432	14640
36433	14640
36434	14641
36435	14642
36436	14643
36437	14644
36438	14645
36439	14645
36440	14644
36441	14644
36442	14644
36443	14645
36444	14645
36445	14645
36446	14646
36447	14647
36448	14646
36449	14646
36450	14646
36451	14647
36452	14647
36453	14648
36454	14649
36455	14650
36456	14651
36457	14652
36458	14653
36459	14653
36460	14652
36461	14652
36462	14652
36463	14652
36464	14651
36465	14651
36466	14651
36467	14652
36468	14652
36469	14653
36470	14654
36471	14654
36472	14655
36473	14656
36474	14656
36475	14657
36476	14658
36477	14658
36478	14659
36479	14660
36480	14661
36481	14661
36482	14661
36483	14661
36484	14661
36485	14662
36486	14663
36487	14664
36488	14665
36489	14664
36490	14665
36491	14665
36492	14666
36493	14667
36494	14668
36495	14668
36496	14669
36497	14670
36498	14670
36499	14671
36500	14672
36501	14673
36502	14674
36503	14675
36504	14676
36505	14676
36506	14676
36507	14676
36508	14675
36509	14676
36510	14677
36511	14678
36512	14679
36513	14679
36514	14679
36515	14679
36516	14680
36517	14681
36518	14682
36519	14683
36520	14684
36521	14685
36522	14685
36523	14686
36524	14686
36525	14686
36526	14686
36527	14687
36528	14688
36529	14689
36530	14690
36531	14691
36532	14691
36533	14692
36534	14693
36535	14693
36536	14694
36537	14695
36538	14696
36539	14696
36540	14697
36541	14698
36542	14699
36543	14700
36544	14699
36545	14700
36546	14700
36547	14700
36548	14700
36549	14700
36550	14701
36551	14702
36552	14703
36553	14704
36554	14704
36555	14705
36556	14706
36557	14707
36558	14708
36559	14709
36560	14709
36561	14710
36562	14710
36563	14711
36564	14711
36565	14711
36566	14711
36567	14712
36568	14712
36569	14711
36570	14710
36571	14710
36572	14709
36573	14709
36574	14710
36575	14709
36576	14709
36577	14708
36578	14708
36579	14709
36580	14709
36581	14710
36582	14711
36583	14712
36584	14713
36585	14714
36586	14715
36587	14715
36588	14714
36589	14714
36590	14715
36591	14716
36592	14717
36593	14718
36594	14718
36595	14719
36596	14720
36597	14721
36598	14722
36599	14723
36600	14724
36601	14724
36602	14724
36603	14724
36604	14725
36605	14725
36606	14726
36607	14727
36608	14727
36609	14728
36610	14729
36611	14730
36612	14731
36613	14731
36614	14732
36615	14733
36616	14734
36617	14735
36618	14735
36619	14736
36620	14737
36621	14738
36622	14739
36623	14739
36624	14739
36625	14740
36626	14741
36627	14740
36628	14741
36629	14742
36630	14743
36631	14743
36632	14743
36633	14744
36634	14744
36635	14745
36636	14745
36637	14745
36638	14746
36639	14747
36640	14748
36641	14747
36642	14747
36643	14748
36644	14747
36645	14747
36646	14748
36647	14749
36648	14748
36649	14749
36650	14749
36651	14749
36652	14750
36653	14749
36654	14749
36655	14750
36656	14751
36657	14751
36658	14751
36659	14751
36660	14752
36661	14752
36662	14753
36663	14754
36664	14755
36665	14754
36666	14755
36667	14756
36668	14756
36669	14757
36670	14758
36671	14759
36672	14759
36673	14759
36674	14760
36675	14759
36676	14760
36677	14761
36678	14760
36679	14761
36680	14762
36681	14763
36682	14764
36683	14765
36684	14766
36685	14767
36686	14767
36687	14768
36688	14769
36689	14769
36690	14770
36691	14770
36692	14771
36693	14772
36694	14773
36695	14774
36696	14775
36697	14776
36698	14776
36699	14777
36700	14778
36701	14779
36702	14779
36703	14779
36704	14779
36705	14779
36706	14780
36707	14779
36708	14779
36709	14780
36710	14781
36711	14782
36712	14783
36713	14784
36714	14785
36715	14784
36716	14785
36717	14785
36718	14785
36719	14784
36720	14785
36721	14786
36722	14787
36723	14787
36724	14788
36725	14789
36726	14788
36727	14789
36728	14789
36729	14790
36730	14791
36731	14790
36732	14791
36733	14790
36734	14790
36735	14791
36736	14791
36737	14792
36738	14793
36739	14794
36740	14795
36741	14795
36742	14795
36743	14795
36744	14795
36745	14796
36746	14796
36747	14797
36748	14798
36749	14798
36750	14799
36751	14800
36752	14801
36753	14802
36754	14803
36755	14804
36756	14805
36757	14806
36758	14806
36759	14807
36760	14807
36761	14808
36762	14809
36763	14809
36764	14809
36765	14810
36766	14811
36767	14812
36768	14812
36769	14812
36770	14813
36771	14813
36772	14814
36773	14815
36774	14815
36775	14815
36776	14816
36777	14817
36778	14818
36779	14819
36780	14819
36781	14820
36782	14821
36783	14822
36784	14823
36785	14824
36786	14824
36787	14825
36788	14826
36789	14827
36790	14828
36791	14829
36792	14829
36793	14829
36794	14829
36795	14829
36796	14830
36797	14831
36798	14830
36799	14831
36800	14832
36801	14833
36802	14834
36803	14834
36804	14833
36805	14833
36806	14834
36807	14834
36808	14835
36809	14836
36810	14837
36811	14838
36812	14837
36813	14838
36814	14839
36815	14839
36816	14838
36817	14839
36818	14839
36819	14840
36820	14840
36821	14840
36822	14841
36823	14842
36824	14843
36825	14844
36826	14845
36827	14845
36828	14846
36829	14847
36830	14848
36831	14849
36832	14849
36833	14850
36834	14849
36835	14850
36836	14849
36837	14848
36838	14848
36839	14849
36840	14850
36841	14850
36842	14850
36843	14851
36844	14852
36845	14853
36846	14853
36847	14854
36848	14855
36849	14855
36850	14856
36851	14857
36852	14857
36853	14857
36854	14856
36855	14856
36856	14856
36857	14857
36858	14857
36859	14858
36860	14859
36861	14860
36862	14860
36863	14861
36864	14862
36865	14863
36866	14864
36867	14864
36868	14865
36869	14866
36870	14867
36871	14868
36872	14869
36873	14869
36874	14868
36875	14868
36876	14868
36877	14869
36878	14869
36879	14870
36880	14871
36881	14872
36882	14872
36883	14872
36884	14872
36885	14873
36886	14874
36887	14873
36888	14874
36889	14873
36890	14874
36891	14874
36892	14873
36893	14874
36894	14874
36895	14875
36896	14875
36897	14876
36898	14877
36899	14878
36900	14877
36901	14876
36902	14876
36903	14876
36904	14877
36905	14877
36906	14877
36907	14878
36908	14878
36909	14879
36910	14879
36911	14880
36912	14880
36913	14880
36914	14881
36915	14882
36916	14883
36917	14884
36918	14885
36919	14886
36920	14887
36921	14888
36922	14888
36923	14889
36924	14890
36925	14891
36926	14892
36927	14893
36928	14892
36929	14892
36930	14893
36931	14893
36932	14893
36933	14894
36934	14895
36935	14896
36936	14897
36937	14898
36938	14899
36939	14900
36940	14901
36941	14901
36942	14902
36943	14902
36944	14903
36945	14904
36946	14905
36947	14906
36948	14906
36949	14907
36950	14908
36951	14907
36952	14907
36953	14907
36954	14908
36955	14909
36956	14909
36957	14909
36958	14909
36959	14909
36960	14909
36961	14910
36962	14910
36963	14911
36964	14911
36965	14911
36966	14912
36967	14913
36968	14913
36969	14914
36970	14915
36971	14916
36972	14916
36973	14916
36974	14917
36975	14917
36976	14918
36977	14917
36978	14917
36979	14917
36980	14918
36981	14917
36982	14918
36983	14917
36984	14917
36985	14918
36986	14918
36987	14919
36988	14920
36989	14920
36990	14920
36991	14920
36992	14921
36993	14922
36994	14921
36995	14922
36996	14923
36997	14924
36998	14924
36999	14923
37000	14923
37001	14924
37002	14925
37003	14926
37004	14927
37005	14928
37006	14929
37007	14930
37008	14931
37009	14931
37010	14932
37011	14932
37012	14932
37013	14933
37014	14933
37015	14934
37016	14935
37017	14936
37018	14937
37019	14937
37020	14937
37021	14937
37022	14937
37023	14938
37024	14938
37025	14938
37026	14939
37027	14939
37028	14940
37029	14939
37030	14940
37031	14939
37032	14939
37033	14940
37034	14940
37035	14941
37036	14942
37037	14941
37038	14941
37039	14941
37040	14942
37041	14942
37042	14942
37043	14942
37044	14942
37045	14942
37046	14943
37047	14944
37048	14945
37049	14946
37050	14946
37051	14947
37052	14948
37053	14949
37054	14949
37055	14950
37056	14951
37057	14952
37058	14953
37059	14954
37060	14953
37061	14953
37062	14953
37063	14953
37064	14953
37065	14953
37066	14954
37067	14955
37068	14956
37069	14955
37070	14955
37071	14955
37072	14956
37073	14957
37074	14957
37075	14957
37076	14956
37077	14955
37078	14955
37079	14954
37080	14954
37081	14954
37082	14955
37083	14956
37084	14956
37085	14957
37086	14957
37087	14958
37088	14959
37089	14959
37090	14959
37091	14959
37092	14959
37093	14958
37094	14957
37095	14958
37096	14959
37097	14960
37098	14960
37099	14961
37100	14960
37101	14960
37102	14961
37103	14961
37104	14961
37105	14962
37106	14963
37107	14964
37108	14964
37109	14965
37110	14965
37111	14966
37112	14966
37113	14966
37114	14966
37115	14966
37116	14967
37117	14968
37118	14969
37119	14969
37120	14970
37121	14969
37122	14970
37123	14970
37124	14971
37125	14972
37126	14972
37127	14972
37128	14973
37129	14973
37130	14974
37131	14975
37132	14974
37133	14975
37134	14976
37135	14977
37136	14978
37137	14979
37138	14980
37139	14980
37140	14981
37141	14981
37142	14981
37143	14981
37144	14982
37145	14983
37146	14982
37147	14982
37148	14982
37149	14981
37150	14982
37151	14983
37152	14983
37153	14982
37154	14983
37155	14984
37156	14984
37157	14985
37158	14986
37159	14985
37160	14986
37161	14987
37162	14987
37163	14988
37164	14989
37165	14990
37166	14991
37167	14992
37168	14993
37169	14993
37170	14994
37171	14995
37172	14996
37173	14997
37174	14998
37175	14998
37176	14999
37177	14999
37178	15000
37179	14999
37180	15000
37181	15001
37182	15001
37183	15002
37184	15002
37185	15002
37186	15003
37187	15004
37188	15004
37189	15004
37190	15004
37191	15004
37192	15005
37193	15006
37194	15007
37195	15008
37196	15008
37197	15009
37198	15010
37199	15010
37200	15011
37201	15011
37202	15012
37203	15012
37204	15013
37205	15014
37206	15015
37207	15016
37208	15016
37209	15017
37210	15016
37211	15016
37212	15016
37213	15017
37214	15016
37215	15017
37216	15017
37217	15017
37218	15017
37219	15017
37220	15018
37221	15019
37222	15020
37223	15021
37224	15021
37225	15021
37226	15022
37227	15022
37228	15023
37229	15024
37230	15024
37231	15025
37232	15026
37233	15026
37234	15027
37235	15028
37236	15028
37237	15027
37238	15026
37239	15027
37240	15028
37241	15028
37242	15029
37243	15029
37244	15029
37245	15030
37246	15030
37247	15031
37248	15032
37249	15033
37250	15033
37251	15034
37252	15035
37253	15035
37254	15035
37255	15035
37256	15036
37257	15037
37258	15038
37259	15037
37260	15038
37261	15038
37262	15039
37263	15040
37264	15041
37265	15042
37266	15043
37267	15044
37268	15045
37269	15045
37270	15045
37271	15046
37272	15047
37273	15047
37274	15048
37275	15048
37276	15048
37277	15049
37278	15050
37279	15051
37280	15052
37281	15053
37282	15054
37283	15055
37284	15056
37285	15056
37286	15055
37287	15056
37288	15056
37289	15057
37290	15057
37291	15057
37292	15058
37293	15059
37294	15059
37295	15060
37296	15060
37297	15061
37298	15061
37299	15062
37300	15063
37301	15062
37302	15063
37303	15064
37304	15065
37305	15065
37306	15065
37307	15064
37308	15065
37309	15065
37310	15066
37311	15067
37312	15068
37313	15069
37314	15069
37315	15070
37316	15070
37317	15071
37318	15071
37319	15071
37320	15071
37321	15071
37322	15071
37323	15071
37324	15072
37325	15071
37326	15072
37327	15071
37328	15072
37329	15073
37330	15074
37331	15075
37332	15075
37333	15075
37334	15076
37335	15076
37336	15076
37337	15077
37338	15078
37339	15078
37340	15079
37341	15079
37342	15080
37343	15080
37344	15080
37345	15081
37346	15081
37347	15082
37348	15082
37349	15083
37350	15084
37351	15083
37352	15084
37353	15085
37354	15086
37355	15087
37356	15088
37357	15089
37358	15090
37359	15091
37360	15091
37361	15092
37362	15093
37363	15094
37364	15095
37365	15095
37366	15095
37367	15096
37368	15097
37369	15098
37370	15099
37371	15099
37372	15100
37373	15100
37374	15101
37375	15102
37376	15103
37377	15104
37378	15104
37379	15105
37380	15105
37381	15105
37382	15106
37383	15107
37384	15107
37385	15108
37386	15108
37387	15107
37388	15108
37389	15108
37390	15109
37391	15110
37392	15110
37393	15110
37394	15110
37395	15110
37396	15110
37397	15109
37398	15108
37399	15109
37400	15110
37401	15110
37402	15111
37403	15112
37404	15112
37405	15112
37406	15113
37407	15114
37408	15115
37409	15116
37410	15117
37411	15118
37412	15119
37413	15120
37414	15120
37415	15120
37416	15121
37417	15120
37418	15119
37419	15119
37420	15120
37421	15121
37422	15122
37423	15123
37424	15122
37425	15122
37426	15122
37427	15123
37428	15123
37429	15123
37430	15124
37431	15124
37432	15124
37433	15124
37434	15125
37435	15125
37436	15126
37437	15127
37438	15127
37439	15127
37440	15128
37441	15128
37442	15128
37443	15129
37444	15129
37445	15130
37446	15131
37447	15131
37448	15132
37449	15133
37450	15133
37451	15134
37452	15135
37453	15136
37454	15137
37455	15138
37456	15139
37457	15140
37458	15141
37459	15141
37460	15142
37461	15143
37462	15144
37463	15145
37464	15146
37465	15147
37466	15148
37467	15149
37468	15150
37469	15150
37470	15150
37471	15150
37472	15151
37473	15151
37474	15151
37475	15152
37476	15153
37477	15153
37478	15154
37479	15154
37480	15155
37481	15156
37482	15157
37483	15157
37484	15158
37485	15159
37486	15159
37487	15158
37488	15159
37489	15160
37490	15161
37491	15162
37492	15161
37493	15162
37494	15162
37495	15161
37496	15161
37497	15162
37498	15162
37499	15161
37500	15161
37501	15160
37502	15160
37503	15161
37504	15161
37505	15162
37506	15162
37507	15162
37508	15163
37509	15164
37510	15165
37511	15165
37512	15166
37513	15167
37514	15166
37515	15166
37516	15167
37517	15168
37518	15169
37519	15170
37520	15170
37521	15171
37522	15172
37523	15173
37524	15174
37525	15175
37526	15176
37527	15177
37528	15178
37529	15178
37530	15179
37531	15180
37532	15180
37533	15181
37534	15182
37535	15183
37536	15183
37537	15184
37538	15185
37539	15186
37540	15187
37541	15187
37542	15186
37543	15186
37544	15187
37545	15188
37546	15188
37547	15188
37548	15189
37549	15190
37550	15190
37551	15191
37552	15192
37553	15193
37554	15193
37555	15193
37556	15193
37557	15194
37558	15195
37559	15196
37560	15197
37561	15198
37562	15198
37563	15199
37564	15200
37565	15201
37566	15202
37567	15203
37568	15204
37569	15204
37570	15205
37571	15206
37572	15206
37573	15206
37574	15207
37575	15208
37576	15209
37577	15209
37578	15210
37579	15209
37580	15210
37581	15211
37582	15210
37583	15211
37584	15211
37585	15212
37586	15212
37587	15212
37588	15213
37589	15213
37590	15213
37591	15212
37592	15213
37593	15213
37594	15214
37595	15215
37596	15215
37597	15216
37598	15217
37599	15217
37600	15218
37601	15218
37602	15218
37603	15219
37604	15219
37605	15219
37606	15220
37607	15220
37608	15221
37609	15222
37610	15223
37611	15224
37612	15225
37613	15226
37614	15227
37615	15227
37616	15228
37617	15229
37618	15230
37619	15231
37620	15232
37621	15233
37622	15233
37623	15234
37624	15233
37625	15233
37626	15233
37627	15234
37628	15235
37629	15234
37630	15234
37631	15235
37632	15236
37633	15237
37634	15237
37635	15238
37636	15238
37637	15239
37638	15239
37639	15240
37640	15240
37641	15241
37642	15241
37643	15240
37644	15240
37645	15241
37646	15242
37647	15241
37648	15241
37649	15241
37650	15242
37651	15241
37652	15242
37653	15243
37654	15244
37655	15245
37656	15246
37657	15247
37658	15248
37659	15248
37660	15249
37661	15250
37662	15251
37663	15251
37664	15252
37665	15253
37666	15253
37667	15254
37668	15255
37669	15255
37670	15256
37671	15257
37672	15258
37673	15259
37674	15260
37675	15261
37676	15261
37677	15262
37678	15263
37679	15263
37680	15263
37681	15264
37682	15265
37683	15265
37684	15265
37685	15265
37686	15266
37687	15267
37688	15267
37689	15268
37690	15267
37691	15267
37692	15267
37693	15266
37694	15266
37695	15267
37696	15267
37697	15268
37698	15269
37699	15270
37700	15270
37701	15270
37702	15271
37703	15271
37704	15271
37705	15272
37706	15272
37707	15273
37708	15274
37709	15273
37710	15273
37711	15274
37712	15275
37713	15276
37714	15277
37715	15277
37716	15278
37717	15279
37718	15279
37719	15280
37720	15281
37721	15282
37722	15281
37723	15282
37724	15282
37725	15282
37726	15282
37727	15283
37728	15284
37729	15284
37730	15284
37731	15284
37732	15285
37733	15285
37734	15286
37735	15287
37736	15288
37737	15289
37738	15290
37739	15290
37740	15291
37741	15292
37742	15293
37743	15294
37744	15294
37745	15294
37746	15295
37747	15296
37748	15297
37749	15297
37750	15298
37751	15299
37752	15300
37753	15300
37754	15301
37755	15300
37756	15301
37757	15301
37758	15301
37759	15302
37760	15303
37761	15303
37762	15304
37763	15304
37764	15305
37765	15306
37766	15307
37767	15308
37768	15309
37769	15308
37770	15309
37771	15309
37772	15310
37773	15310
37774	15311
37775	15312
37776	15311
37777	15312
37778	15313
37779	15313
37780	15314
37781	15315
37782	15316
37783	15317
37784	15318
37785	15319
37786	15319
37787	15320
37788	15319
37789	15319
37790	15320
37791	15321
37792	15322
37793	15323
37794	15323
37795	15324
37796	15325
37797	15325
37798	15326
37799	15327
37800	15328
37801	15328
37802	15328
37803	15328
37804	15329
37805	15328
37806	15328
37807	15328
37808	15327
37809	15328
37810	15329
37811	15329
37812	15330
37813	15331
37814	15330
37815	15329
37816	15330
37817	15331
37818	15332
37819	15332
37820	15333
37821	15333
37822	15334
37823	15334
37824	15334
37825	15334
37826	15335
37827	15334
37828	15335
37829	15336
37830	15337
37831	15338
37832	15339
37833	15340
37834	15340
37835	15341
37836	15342
37837	15343
37838	15344
37839	15345
37840	15346
37841	15347
37842	15348
37843	15348
37844	15348
37845	15349
37846	15350
37847	15351
37848	15352
37849	15352
37850	15352
37851	15353
37852	15353
37853	15354
37854	15353
37855	15354
37856	15355
37857	15356
37858	15356
37859	15357
37860	15358
37861	15358
37862	15359
37863	15359
37864	15358
37865	15359
37866	15360
37867	15360
37868	15360
37869	15361
37870	15361
37871	15362
37872	15362
37873	15363
37874	15363
37875	15364
37876	15363
37877	15364
37878	15365
37879	15366
37880	15366
37881	15367
37882	15367
37883	15367
37884	15368
37885	15369
37886	15370
37887	15371
37888	15372
37889	15373
37890	15374
37891	15375
37892	15375
37893	15375
37894	15376
37895	15377
37896	15378
37897	15378
37898	15378
37899	15379
37900	15380
37901	15381
37902	15382
37903	15383
37904	15383
37905	15384
37906	15385
37907	15385
37908	15386
37909	15387
37910	15387
37911	15387
37912	15387
37913	15388
37914	15388
37915	15388
37916	15388
37917	15388
37918	15389
37919	15390
37920	15390
37921	15389
37922	15389
37923	15390
37924	15391
37925	15392
37926	15393
37927	15394
37928	15394
37929	15395
37930	15396
37931	15395
37932	15395
37933	15396
37934	15397
37935	15397
37936	15398
37937	15397
37938	15398
37939	15399
37940	15400
37941	15400
37942	15401
37943	15402
37944	15403
37945	15404
37946	15405
37947	15406
37948	15406
37949	15407
37950	15407
37951	15408
37952	15409
37953	15410
37954	15410
37955	15410
37956	15411
37957	15412
37958	15413
37959	15414
37960	15414
37961	15415
37962	15416
37963	15417
37964	15417
37965	15418
37966	15418
37967	15419
37968	15420
37969	15421
37970	15420
37971	15421
37972	15422
37973	15423
37974	15424
37975	15425
37976	15426
37977	15425
37978	15426
37979	15427
37980	15427
37981	15427
37982	15428
37983	15427
37984	15427
37985	15428
37986	15427
37987	15428
37988	15429
37989	15430
37990	15431
37991	15432
37992	15432
37993	15433
37994	15433
37995	15434
37996	15434
37997	15435
37998	15436
37999	15437
38000	15438
38001	15438
38002	15439
38003	15440
38004	15440
38005	15440
38006	15440
38007	15440
38008	15441
38009	15442
38010	15443
38011	15444
38012	15445
38013	15446
38014	15446
38015	15447
38016	15447
38017	15448
38018	15449
38019	15450
38020	15451
38021	15452
38022	15453
38023	15454
38024	15455
38025	15456
38026	15456
38027	15457
38028	15458
38029	15458
38030	15459
38031	15459
38032	15459
38033	15459
38034	15460
38035	15460
38036	15461
38037	15462
38038	15462
38039	15463
38040	15464
38041	15465
38042	15465
38043	15465
38044	15466
38045	15467
38046	15468
38047	15469
38048	15470
38049	15470
38050	15470
38051	15471
38052	15471
38053	15472
38054	15473
38055	15473
38056	15472
38057	15471
38058	15471
38059	15471
38060	15472
38061	15472
38062	15472
38063	15472
38064	15473
38065	15474
38066	15474
38067	15475
38068	15475
38069	15476
38070	15477
38071	15478
38072	15478
38073	15478
38074	15478
38075	15479
38076	15480
38077	15481
38078	15482
38079	15483
38080	15482
38081	15483
38082	15484
38083	15485
38084	15485
38085	15486
38086	15487
38087	15488
38088	15488
38089	15489
38090	15490
38091	15491
38092	15492
38093	15493
38094	15493
38095	15494
38096	15494
38097	15494
38098	15495
38099	15495
38100	15496
38101	15496
38102	15497
38103	15497
38104	15498
38105	15499
38106	15500
38107	15501
38108	15502
38109	15503
38110	15503
38111	15504
38112	15505
38113	15506
38114	15507
38115	15507
38116	15507
38117	15508
38118	15508
38119	15509
38120	15510
38121	15510
38122	15509
38123	15509
38124	15510
38125	15511
38126	15511
38127	15512
38128	15512
38129	15512
38130	15513
38131	15514
38132	15514
38133	15515
38134	15515
38135	15516
38136	15516
38137	15516
38138	15516
38139	15517
38140	15518
38141	15519
38142	15519
38143	15519
38144	15520
38145	15521
38146	15521
38147	15522
38148	15522
38149	15523
38150	15522
38151	15522
38152	15522
38153	15523
38154	15523
38155	15523
38156	15523
38157	15523
38158	15523
38159	15524
38160	15525
38161	15526
38162	15527
38163	15528
38164	15529
38165	15529
38166	15530
38167	15531
38168	15532
38169	15533
38170	15533
38171	15534
38172	15535
38173	15536
38174	15537
38175	15538
38176	15539
38177	15540
38178	15541
38179	15542
38180	15541
38181	15542
38182	15542
38183	15543
38184	15543
38185	15544
38186	15544
38187	15545
38188	15546
38189	15547
38190	15548
38191	15549
38192	15550
38193	15551
38194	15552
38195	15553
38196	15554
38197	15554
38198	15554
38199	15555
38200	15554
38201	15554
38202	15555
38203	15555
38204	15556
38205	15555
38206	15556
38207	15557
38208	15558
38209	15559
38210	15560
38211	15561
38212	15562
38213	15562
38214	15563
38215	15564
38216	15565
38217	15565
38218	15565
38219	15566
38220	15567
38221	15568
38222	15569
38223	15568
38224	15568
38225	15569
38226	15570
38227	15570
38228	15570
38229	15570
38230	15571
38231	15572
38232	15573
38233	15573
38234	15574
38235	15575
38236	15575
38237	15576
38238	15576
38239	15575
38240	15576
38241	15577
38242	15578
38243	15579
38244	15580
38245	15581
38246	15582
38247	15582
38248	15583
38249	15583
38250	15583
38251	15584
38252	15585
38253	15585
38254	15584
38255	15585
38256	15585
38257	15586
38258	15587
38259	15588
38260	15589
38261	15589
38262	15590
38263	15591
38264	15590
38265	15591
38266	15591
38267	15592
38268	15592
38269	15593
38270	15592
38271	15593
38272	15594
38273	15594
38274	15594
38275	15594
38276	15594
38277	15595
38278	15596
38279	15597
38280	15598
38281	15599
38282	15599
38283	15599
38284	15600
38285	15601
38286	15601
38287	15601
38288	15602
38289	15602
38290	15603
38291	15604
38292	15604
38293	15605
38294	15605
38295	15606
38296	15606
38297	15607
38298	15608
38299	15608
38300	15609
38301	15609
38302	15609
38303	15610
38304	15611
38305	15612
38306	15613
38307	15613
38308	15613
38309	15614
38310	15615
38311	15616
38312	15617
38313	15618
38314	15618
38315	15618
38316	15619
38317	15619
38318	15620
38319	15621
38320	15622
38321	15622
38322	15623
38323	15624
38324	15625
38325	15626
38326	15627
38327	15627
38328	15628
38329	15628
38330	15628
38331	15628
38332	15627
38333	15628
38334	15628
38335	15628
38336	15629
38337	15630
38338	15630
38339	15631
38340	15630
38341	15630
38342	15630
38343	15631
38344	15632
38345	15633
38346	15634
38347	15635
38348	15636
38349	15637
38350	15638
38351	15638
38352	15639
38353	15639
38354	15640
38355	15640
38356	15641
38357	15642
38358	15643
38359	15644
38360	15645
38361	15646
38362	15647
38363	15647
38364	15648
38365	15649
38366	15650
38367	15650
38368	15651
38369	15652
38370	15653
38371	15654
38372	15655
38373	15655
38374	15655
38375	15656
38376	15656
38377	15656
38378	15657
38379	15657
38380	15658
38381	15659
38382	15659
38383	15660
38384	15660
38385	15661
38386	15662
38387	15663
38388	15664
38389	15664
38390	15664
38391	15664
38392	15664
38393	15665
38394	15666
38395	15667
38396	15668
38397	15669
38398	15670
38399	15671
38400	15671
38401	15671
38402	15672
38403	15672
38404	15673
38405	15674
38406	15674
38407	15674
38408	15674
38409	15675
38410	15675
38411	15674
38412	15674
38413	15675
38414	15675
38415	15676
38416	15677
38417	15678
38418	15679
38419	15680
38420	15680
38421	15680
38422	15681
38423	15681
38424	15682
38425	15682
38426	15683
38427	15684
38428	15685
38429	15686
38430	15687
38431	15687
38432	15687
38433	15688
38434	15689
38435	15690
38436	15691
38437	15692
38438	15693
38439	15694
38440	15694
38441	15695
38442	15696
38443	15697
38444	15698
38445	15699
38446	15700
38447	15700
38448	15699
38449	15699
38450	15699
38451	15700
38452	15700
38453	15701
38454	15702
38455	15702
38456	15703
38457	15703
38458	15704
38459	15705
38460	15705
38461	15706
38462	15706
38463	15707
38464	15707
38465	15707
38466	15707
38467	15708
38468	15709
38469	15709
38470	15709
38471	15709
38472	15710
38473	15710
38474	15711
38475	15711
38476	15712
38477	15712
38478	15713
38479	15714
38480	15714
38481	15715
38482	15715
38483	15715
38484	15714
38485	15715
38486	15716
38487	15716
38488	15717
38489	15717
38490	15717
38491	15718
38492	15717
38493	15718
38494	15719
38495	15720
38496	15720
38497	15721
38498	15722
38499	15723
38500	15723
38501	15724
38502	15725
38503	15726
38504	15725
38505	15726
38506	15726
38507	15727
38508	15728
38509	15729
38510	15729
38511	15730
38512	15731
38513	15732
38514	15731
38515	15731
38516	15731
38517	15731
38518	15732
38519	15732
38520	15733
38521	15734
38522	15733
38523	15734
38524	15735
38525	15736
38526	15737
38527	15737
38528	15736
38529	15737
38530	15737
38531	15737
38532	15738
38533	15739
38534	15740
38535	15741
38536	15742
38537	15742
38538	15743
38539	15744
38540	15744
38541	15745
38542	15746
38543	15746
38544	15747
38545	15746
38546	15747
38547	15748
38548	15749
38549	15750
38550	15751
38551	15752
38552	15753
38553	15754
38554	15755
38555	15756
38556	15757
38557	15758
38558	15757
38559	15757
38560	15758
38561	15759
38562	15759
38563	15760
38564	15761
38565	15761
38566	15762
38567	15763
38568	15763
38569	15763
38570	15762
38571	15763
38572	15764
38573	15765
38574	15766
38575	15766
38576	15767
38577	15768
38578	15769
38579	15770
38580	15771
38581	15771
38582	15772
38583	15772
38584	15773
38585	15772
38586	15773
38587	15773
38588	15774
38589	15775
38590	15774
38591	15774
38592	15774
38593	15775
38594	15775
38595	15776
38596	15777
38597	15777
38598	15777
38599	15777
38600	15778
38601	15778
38602	15779
38603	15779
38604	15780
38605	15780
38606	15781
38607	15781
38608	15782
38609	15783
38610	15784
38611	15785
38612	15785
38613	15785
38614	15785
38615	15786
38616	15786
38617	15785
38618	15785
38619	15785
38620	15786
38621	15787
38622	15788
38623	15789
38624	15790
38625	15790
38626	15790
38627	15790
38628	15790
38629	15791
38630	15791
38631	15792
38632	15792
38633	15793
38634	15792
38635	15792
38636	15791
38637	15792
38638	15791
38639	15792
38640	15792
38641	15792
38642	15792
38643	15792
38644	15792
38645	15793
38646	15793
38647	15794
38648	15795
38649	15796
38650	15797
38651	15798
38652	15799
38653	15799
38654	15800
38655	15801
38656	15802
38657	15803
38658	15804
38659	15804
38660	15804
38661	15804
38662	15805
38663	15805
38664	15806
38665	15806
38666	15806
38667	15807
38668	15808
38669	15807
38670	15806
38671	15806
38672	15806
38673	15807
38674	15807
38675	15808
38676	15808
38677	15809
38678	15810
38679	15811
38680	15812
38681	15813
38682	15814
38683	15815
38684	15816
38685	15816
38686	15817
38687	15818
38688	15818
38689	15818
38690	15818
38691	15819
38692	15820
38693	15819
38694	15820
38695	15821
38696	15821
38697	15822
38698	15823
38699	15824
38700	15825
38701	15826
38702	15827
38703	15828
38704	15828
38705	15828
38706	15829
38707	15830
38708	15830
38709	15831
38710	15832
38711	15832
38712	15833
38713	15833
38714	15833
38715	15834
38716	15835
38717	15834
38718	15835
38719	15836
38720	15837
38721	15837
38722	15838
38723	15838
38724	15837
38725	15838
38726	15839
38727	15839
38728	15840
38729	15841
38730	15841
38731	15841
38732	15842
38733	15842
38734	15843
38735	15843
38736	15843
38737	15843
38738	15844
38739	15844
38740	15845
38741	15845
38742	15846
38743	15846
38744	15846
38745	15847
38746	15846
38747	15845
38748	15846
38749	15847
38750	15848
38751	15848
38752	15849
38753	15850
38754	15850
38755	15851
38756	15852
38757	15852
38758	15852
38759	15853
38760	15853
38761	15853
38762	15854
38763	15854
38764	15854
38765	15854
38766	15855
38767	15856
38768	15857
38769	15857
38770	15857
38771	15858
38772	15859
38773	15859
38774	15860
38775	15860
38776	15860
38777	15861
38778	15862
38779	15863
38780	15864
38781	15865
38782	15865
38783	15865
38784	15866
38785	15867
38786	15868
38787	15868
38788	15869
38789	15869
38790	15870
38791	15870
38792	15869
38793	15869
38794	15870
38795	15871
38796	15870
38797	15870
38798	15871
38799	15871
38800	15871
38801	15872
38802	15873
38803	15873
38804	15874
38805	15875
38806	15875
38807	15875
38808	15876
38809	15877
38810	15877
38811	15878
38812	15879
38813	15879
38814	15879
38815	15879
38816	15879
38817	15880
38818	15880
38819	15880
38820	15880
38821	15881
38822	15881
38823	15882
38824	15883
38825	15884
38826	15885
38827	15886
38828	15885
38829	15886
38830	15887
38831	15887
38832	15888
38833	15887
38834	15888
38835	15889
38836	15890
38837	15890
38838	15890
38839	15891
38840	15891
38841	15892
38842	15892
38843	15892
38844	15892
38845	15891
38846	15892
38847	15893
38848	15894
38849	15895
38850	15894
38851	15895
38852	15896
38853	15897
38854	15897
38855	15898
38856	15899
38857	15900
38858	15901
38859	15902
38860	15903
38861	15904
38862	15905
38863	15906
38864	15906
38865	15907
38866	15907
38867	15908
38868	15908
38869	15909
38870	15909
38871	15910
38872	15910
38873	15911
38874	15912
38875	15913
38876	15913
38877	15914
38878	15913
38879	15914
38880	15914
38881	15913
38882	15914
38883	15914
38884	15914
38885	15915
38886	15916
38887	15917
38888	15917
38889	15917
38890	15918
38891	15918
38892	15918
38893	15919
38894	15920
38895	15920
38896	15921
38897	15922
38898	15922
38899	15923
38900	15923
38901	15924
38902	15925
38903	15925
38904	15926
38905	15927
38906	15926
38907	15926
38908	15927
38909	15927
38910	15927
38911	15928
38912	15929
38913	15929
38914	15930
38915	15931
38916	15931
38917	15932
38918	15933
38919	15933
38920	15933
38921	15933
38922	15934
38923	15934
38924	15934
38925	15935
38926	15936
38927	15937
38928	15937
38929	15938
38930	15939
38931	15939
38932	15939
38933	15939
38934	15940
38935	15941
38936	15942
38937	15943
38938	15943
38939	15944
38940	15944
38941	15945
38942	15946
38943	15946
38944	15946
38945	15947
38946	15948
38947	15949
38948	15948
38949	15949
38950	15950
38951	15951
38952	15952
38953	15953
38954	15954
38955	15954
38956	15955
38957	15956
38958	15957
38959	15958
38960	15959
38961	15960
38962	15961
38963	15962
38964	15963
38965	15963
38966	15963
38967	15964
38968	15965
38969	15965
38970	15965
38971	15966
38972	15966
38973	15967
38974	15968
38975	15968
38976	15968
38977	15969
38978	15968
38979	15969
38980	15970
38981	15970
38982	15971
38983	15970
38984	15971
38985	15970
38986	15970
38987	15970
38988	15971
38989	15971
38990	15971
38991	15971
38992	15972
38993	15973
38994	15974
38995	15974
38996	15974
38997	15975
38998	15976
38999	15976
39000	15976
39001	15977
39002	15978
39003	15979
39004	15980
39005	15980
39006	15980
39007	15981
39008	15982
39009	15982
39010	15982
39011	15983
39012	15984
39013	15985
39014	15985
39015	15986
39016	15986
39017	15986
39018	15987
39019	15988
39020	15989
39021	15990
39022	15991
39023	15991
39024	15992
39025	15991
39026	15992
39027	15992
39028	15993
39029	15994
39030	15995
39031	15995
39032	15994
39033	15994
39034	15995
39035	15994
39036	15995
39037	15995
39038	15995
39039	15994
39040	15995
39041	15995
39042	15995
39043	15995
39044	15996
39045	15995
39046	15996
39047	15996
39048	15997
39049	15998
39050	15999
39051	15999
39052	16000
39053	16001
39054	16002
39055	16001
39056	16002
39057	16003
39058	16004
39059	16005
39060	16006
39061	16007
39062	16008
39063	16009
39064	16010
39065	16010
39066	16011
39067	16011
39068	16011
39069	16012
39070	16012
39071	16013
39072	16014
39073	16015
39074	16015
39075	16016
39076	16017
39077	16017
39078	16016
39079	16017
39080	16018
39081	16018
39082	16019
39083	16020
39084	16020
39085	16021
39086	16022
39087	16022
39088	16023
39089	16024
39090	16025
39091	16026
39092	16026
39093	16027
39094	16028
39095	16028
39096	16029
39097	16029
39098	16030
39099	16030
39100	16031
39101	16032
39102	16033
39103	16034
39104	16035
39105	16035
39106	16036
39107	16037
39108	16037
39109	16037
39110	16037
39111	16038
39112	16039
39113	16040
39114	16040
39115	16041
39116	16042
39117	16043
39118	16043
39119	16044
39120	16044
39121	16044
39122	16045
39123	16045
39124	16046
39125	16047
39126	16046
39127	16046
39128	16047
39129	16046
39130	16047
39131	16046
39132	16046
39133	16046
39134	16047
39135	16047
39136	16047
39137	16046
39138	16046
39139	16047
39140	16048
39141	16048
39142	16049
39143	16050
39144	16050
39145	16050
39146	16051
39147	16052
39148	16052
39149	16052
39150	16053
39151	16053
39152	16054
39153	16055
39154	16055
39155	16056
39156	16057
39157	16058
39158	16059
39159	16060
39160	16060
39161	16061
39162	16062
39163	16063
39164	16064
39165	16065
39166	16066
39167	16066
39168	16066
39169	16067
39170	16067
39171	16067
39172	16068
39173	16069
39174	16069
39175	16070
39176	16071
39177	16072
39178	16072
39179	16073
39180	16073
39181	16074
39182	16075
39183	16076
39184	16076
39185	16076
39186	16076
39187	16076
39188	16077
39189	16078
39190	16078
39191	16079
39192	16080
39193	16081
39194	16082
39195	16082
39196	16082
39197	16082
39198	16081
39199	16082
39200	16083
39201	16084
39202	16085
39203	16086
39204	16086
39205	16087
39206	16087
39207	16088
39208	16089
39209	16089
39210	16090
39211	16091
39212	16092
39213	16093
39214	16094
39215	16095
39216	16096
39217	16097
39218	16097
39219	16098
39220	16099
39221	16099
39222	16099
39223	16100
39224	16100
39225	16100
39226	16101
39227	16101
39228	16100
39229	16101
39230	16102
39231	16103
39232	16103
39233	16103
39234	16103
39235	16104
39236	16104
39237	16105
39238	16106
39239	16107
39240	16108
39241	16109
39242	16108
39243	16108
39244	16108
39245	16109
39246	16110
39247	16111
39248	16112
39249	16113
39250	16113
39251	16114
39252	16115
39253	16116
39254	16117
39255	16118
39256	16118
39257	16118
39258	16119
39259	16120
39260	16120
39261	16120
39262	16120
39263	16121
39264	16122
39265	16123
39266	16124
39267	16124
39268	16125
39269	16126
39270	16127
39271	16128
39272	16128
39273	16129
39274	16128
39275	16129
39276	16129
39277	16129
39278	16130
39279	16131
39280	16131
39281	16132
39282	16132
39283	16132
39284	16133
39285	16134
39286	16135
39287	16136
39288	16136
39289	16137
39290	16138
39291	16138
39292	16139
39293	16140
39294	16141
39295	16142
39296	16143
39297	16144
39298	16145
39299	16144
39300	16144
39301	16145
39302	16146
39303	16147
39304	16147
39305	16146
39306	16147
39307	16148
39308	16148
39309	16149
39310	16150
39311	16151
39312	16152
39313	16153
39314	16153
39315	16154
39316	16155
39317	16154
39318	16155
39319	16155
39320	16156
39321	16157
39322	16158
39323	16158
39324	16159
39325	16160
39326	16160
39327	16161
39328	16162
39329	16163
39330	16163
39331	16164
39332	16163
39333	16163
39334	16163
39335	16163
39336	16164
39337	16165
39338	16166
39339	16167
39340	16168
39341	16169
39342	16170
39343	16170
39344	16171
39345	16172
39346	16173
39347	16174
39348	16175
39349	16176
39350	16177
39351	16178
39352	16178
39353	16178
39354	16179
39355	16180
39356	16181
39357	16182
39358	16182
39359	16182
39360	16183
39361	16184
39362	16184
39363	16184
39364	16185
39365	16185
39366	16185
39367	16184
39368	16185
39369	16185
39370	16186
39371	16186
39372	16187
39373	16187
39374	16186
39375	16187
39376	16188
39377	16187
39378	16186
39379	16187
39380	16188
39381	16189
39382	16190
39383	16190
39384	16190
39385	16190
39386	16191
39387	16192
39388	16193
39389	16194
39390	16195
39391	16196
39392	16197
39393	16198
39394	16199
39395	16199
39396	16200
39397	16200
39398	16201
39399	16202
39400	16203
39401	16204
39402	16205
39403	16206
39404	16207
39405	16207
39406	16207
39407	16208
39408	16208
39409	16209
39410	16210
39411	16211
39412	16211
39413	16212
39414	16213
39415	16214
39416	16214
39417	16215
39418	16216
39419	16217
39420	16217
39421	16217
39422	16218
39423	16218
39424	16219
39425	16220
39426	16219
39427	16220
39428	16221
39429	16222
39430	16222
39431	16222
39432	16222
39433	16221
39434	16221
39435	16222
39436	16223
39437	16223
39438	16223
39439	16223
39440	16222
39441	16223
39442	16224
39443	16225
39444	16225
39445	16226
39446	16227
39447	16228
39448	16227
39449	16228
39450	16229
39451	16230
39452	16230
39453	16231
39454	16232
39455	16233
39456	16234
39457	16235
39458	16236
39459	16237
39460	16238
39461	16238
39462	16238
39463	16239
39464	16240
39465	16241
39466	16242
39467	16243
39468	16243
39469	16244
39470	16245
39471	16245
39472	16246
39473	16247
39474	16246
39475	16247
39476	16248
39477	16249
39478	16250
39479	16251
39480	16252
39481	16251
39482	16252
39483	16253
39484	16254
39485	16255
39486	16256
39487	16256
39488	16257
39489	16258
39490	16259
39491	16259
39492	16260
39493	16261
39494	16261
39495	16262
39496	16262
39497	16263
39498	16262
39499	16263
39500	16262
39501	16262
39502	16263
39503	16264
39504	16265
39505	16266
39506	16266
39507	16267
39508	16268
39509	16269
39510	16270
39511	16270
39512	16271
39513	16272
39514	16272
39515	16273
39516	16274
39517	16274
39518	16275
39519	16274
39520	16274
39521	16274
39522	16274
39523	16275
39524	16276
39525	16276
39526	16275
39527	16275
39528	16276
39529	16277
39530	16277
39531	16278
39532	16279
39533	16280
39534	16280
39535	16280
39536	16281
39537	16281
39538	16282
39539	16283
39540	16283
39541	16284
39542	16284
39543	16285
39544	16285
39545	16285
39546	16286
39547	16287
39548	16288
39549	16289
39550	16290
39551	16290
39552	16291
39553	16291
39554	16292
39555	16293
39556	16293
39557	16294
39558	16295
39559	16296
39560	16295
39561	16296
39562	16295
39563	16296
39564	16296
39565	16297
39566	16298
39567	16298
39568	16298
39569	16298
39570	16297
39571	16297
39572	16298
39573	16297
39574	16297
39575	16298
39576	16299
39577	16299
39578	16299
39579	16300
39580	16300
39581	16300
39582	16299
39583	16300
39584	16301
39585	16301
39586	16301
39587	16302
39588	16303
39589	16304
39590	16304
39591	16305
39592	16306
39593	16307
39594	16308
39595	16308
39596	16308
39597	16308
39598	16308
39599	16309
39600	16309
39601	16308
39602	16307
39603	16306
39604	16307
39605	16307
39606	16308
39607	16309
39608	16309
39609	16310
39610	16311
39611	16312
39612	16313
39613	16314
39614	16315
39615	16316
39616	16315
39617	16316
39618	16316
39619	16316
39620	16316
39621	16317
39622	16318
39623	16319
39624	16319
39625	16318
39626	16318
39627	16319
39628	16320
39629	16321
39630	16322
39631	16323
39632	16322
39633	16323
39634	16324
39635	16325
39636	16326
39637	16327
39638	16328
39639	16329
39640	16329
39641	16329
39642	16330
39643	16331
39644	16332
39645	16333
39646	16334
39647	16335
39648	16334
39649	16335
39650	16336
39651	16336
39652	16337
39653	16337
39654	16338
39655	16338
39656	16338
39657	16339
39658	16340
39659	16341
39660	16342
39661	16343
39662	16343
39663	16344
39664	16344
39665	16343
39666	16344
39667	16345
39668	16345
39669	16345
39670	16346
39671	16346
39672	16347
39673	16348
39674	16348
39675	16349
39676	16350
39677	16351
39678	16351
39679	16352
39680	16352
39681	16353
39682	16353
39683	16352
39684	16353
39685	16353
39686	16354
39687	16355
39688	16355
39689	16356
39690	16357
39691	16358
39692	16359
39693	16360
39694	16360
39695	16360
39696	16360
39697	16360
39698	16361
39699	16362
39700	16361
39701	16362
39702	16363
39703	16364
39704	16365
39705	16366
39706	16367
39707	16367
39708	16368
39709	16369
39710	16369
39711	16370
39712	16370
39713	16371
39714	16372
39715	16372
39716	16372
39717	16372
39718	16373
39719	16374
39720	16374
39721	16375
39722	16374
39723	16374
39724	16375
39725	16374
39726	16374
39727	16375
39728	16376
39729	16377
39730	16378
39731	16379
39732	16379
39733	16380
39734	16380
39735	16381
39736	16382
39737	16382
39738	16382
39739	16383
39740	16382
39741	16381
39742	16382
39743	16383
39744	16384
39745	16385
39746	16386
39747	16386
39748	16386
39749	16387
39750	16387
39751	16388
39752	16389
39753	16390
39754	16391
39755	16392
39756	16393
39757	16394
39758	16393
39759	16392
39760	16393
39761	16393
39762	16393
39763	16393
39764	16392
39765	16393
39766	16393
39767	16394
39768	16394
39769	16394
39770	16395
39771	16395
39772	16394
39773	16394
39774	16393
39775	16393
39776	16394
39777	16394
39778	16395
39779	16396
39780	16397
39781	16396
39782	16397
39783	16397
39784	16398
39785	16397
39786	16396
39787	16397
39788	16397
39789	16398
39790	16398
39791	16399
39792	16399
39793	16398
39794	16398
39795	16399
39796	16399
39797	16400
39798	16401
39799	16401
39800	16400
39801	16401
39802	16401
39803	16402
39804	16403
39805	16403
39806	16402
39807	16403
39808	16404
39809	16404
39810	16405
39811	16404
39812	16404
39813	16405
39814	16405
39815	16405
39816	16405
39817	16404
39818	16405
39819	16405
39820	16406
39821	16407
39822	16408
39823	16409
39824	16410
39825	16411
39826	16412
39827	16413
39828	16414
39829	16415
39830	16416
39831	16416
39832	16417
39833	16418
39834	16419
39835	16420
39836	16419
39837	16419
39838	16420
39839	16419
39840	16420
39841	16420
39842	16421
39843	16421
39844	16421
39845	16422
39846	16422
39847	16423
39848	16424
39849	16424
39850	16423
39851	16424
39852	16425
39853	16425
39854	16426
39855	16427
39856	16427
39857	16428
39858	16428
39859	16429
39860	16430
39861	16431
39862	16432
39863	16433
39864	16434
39865	16435
39866	16436
39867	16437
39868	16438
39869	16439
39870	16439
39871	16439
39872	16439
39873	16439
39874	16439
39875	16440
39876	16440
39877	16441
39878	16441
39879	16442
39880	16443
39881	16444
39882	16444
39883	16444
39884	16444
39885	16445
39886	16446
39887	16447
39888	16448
39889	16448
39890	16449
39891	16449
39892	16450
39893	16450
39894	16451
39895	16452
39896	16453
39897	16453
39898	16454
39899	16455
39900	16455
39901	16456
39902	16457
39903	16457
39904	16457
39905	16458
39906	16458
39907	16459
39908	16460
39909	16461
39910	16461
39911	16460
39912	16461
39913	16462
39914	16462
39915	16463
39916	16464
39917	16463
39918	16464
39919	16465
39920	16466
39921	16465
39922	16466
39923	16466
39924	16465
39925	16466
39926	16467
39927	16468
39928	16469
39929	16470
39930	16471
39931	16471
39932	16472
39933	16473
39934	16474
39935	16475
39936	16476
39937	16476
39938	16477
39939	16478
39940	16478
39941	16478
39942	16479
39943	16480
39944	16481
39945	16482
39946	16483
39947	16483
39948	16482
39949	16481
39950	16481
39951	16480
39952	16481
39953	16481
39954	16482
39955	16482
39956	16482
39957	16482
39958	16481
39959	16482
39960	16481
39961	16482
39962	16483
39963	16482
39964	16482
39965	16481
39966	16481
39967	16482
39968	16482
39969	16483
39970	16484
39971	16485
39972	16485
39973	16486
39974	16486
39975	16487
39976	16488
39977	16489
39978	16490
39979	16491
39980	16491
39981	16491
39982	16491
39983	16492
39984	16493
39985	16493
39986	16494
39987	16494
39988	16494
39989	16495
39990	16496
39991	16496
39992	16497
39993	16497
39994	16497
39995	16497
39996	16497
39997	16498
39998	16497
39999	16498
40000	16498
40001	16498
40002	16498
40003	16498
40004	16498
40005	16499
40006	16500
40007	16500
40008	16500
40009	16501
40010	16500
40011	16500
40012	16501
40013	16502
40014	16502
40015	16503
40016	16504
40017	16505
40018	16505
40019	16505
40020	16505
40021	16505
40022	16506
40023	16506
40024	16505
40025	16504
40026	16505
40027	16506
40028	16506
40029	16506
40030	16507
40031	16508
40032	16509
40033	16510
40034	16511
40035	16512
40036	16511
40037	16511
40038	16511
40039	16511
40040	16512
40041	16513
40042	16514
40043	16514
40044	16514
40045	16515
40046	16515
40047	16515
40048	16516
40049	16517
40050	16518
40051	16519
40052	16519
40053	16520
40054	16521
40055	16522
40056	16523
40057	16522
40058	16523
40059	16524
40060	16523
40061	16524
40062	16524
40063	16523
40064	16523
40065	16524
40066	16525
40067	16526
40068	16525
40069	16525
40070	16525
40071	16526
40072	16527
40073	16528
40074	16529
40075	16529
40076	16530
40077	16531
40078	16531
40079	16532
40080	16532
40081	16532
40082	16531
40083	16531
40084	16531
40085	16532
40086	16533
40087	16533
40088	16534
40089	16535
40090	16535
40091	16534
40092	16535
40093	16535
40094	16535
40095	16536
40096	16537
40097	16538
40098	16539
40099	16540
40100	16540
40101	16541
40102	16541
40103	16542
40104	16543
40105	16544
40106	16545
40107	16545
40108	16546
40109	16546
40110	16547
40111	16547
40112	16548
40113	16549
40114	16549
40115	16548
40116	16549
40117	16550
40118	16551
40119	16552
40120	16553
40121	16553
40122	16553
40123	16554
40124	16554
40125	16555
40126	16554
40127	16554
40128	16555
40129	16556
40130	16556
40131	16557
40132	16558
40133	16558
40134	16559
40135	16559
40136	16560
40137	16560
40138	16561
40139	16561
40140	16562
40141	16563
40142	16564
40143	16565
40144	16565
40145	16566
40146	16567
40147	16568
40148	16568
40149	16568
40150	16568
40151	16569
40152	16570
40153	16571
40154	16571
40155	16572
40156	16573
40157	16574
40158	16575
40159	16575
40160	16576
40161	16576
40162	16577
40163	16578
40164	16579
40165	16578
40166	16578
40167	16579
40168	16580
40169	16580
40170	16581
40171	16581
40172	16582
40173	16582
40174	16583
40175	16584
40176	16584
40177	16585
40178	16586
40179	16585
40180	16586
40181	16586
40182	16587
40183	16587
40184	16588
40185	16587
40186	16588
40187	16589
40188	16590
40189	16591
40190	16590
40191	16589
40192	16590
40193	16591
40194	16591
40195	16592
40196	16593
40197	16594
40198	16594
40199	16593
40200	16594
40201	16595
40202	16594
40203	16594
40204	16594
40205	16595
40206	16595
40207	16594
40208	16593
40209	16594
40210	16595
40211	16596
40212	16595
40213	16595
40214	16595
40215	16595
40216	16596
40217	16596
40218	16597
40219	16598
40220	16599
40221	16600
40222	16600
40223	16600
40224	16601
40225	16601
40226	16602
40227	16603
40228	16603
40229	16602
40230	16602
40231	16602
40232	16602
40233	16602
40234	16602
40235	16602
40236	16603
40237	16603
40238	16603
40239	16602
40240	16602
40241	16603
40242	16602
40243	16602
40244	16603
40245	16603
40246	16604
40247	16605
40248	16605
40249	16606
40250	16607
40251	16607
40252	16607
40253	16608
40254	16607
40255	16608
40256	16608
40257	16609
40258	16609
40259	16610
40260	16610
40261	16611
40262	16612
40263	16613
40264	16613
40265	16614
40266	16615
40267	16616
40268	16617
40269	16618
40270	16619
40271	16620
40272	16620
40273	16621
40274	16621
40275	16622
40276	16623
40277	16624
40278	16625
40279	16624
40280	16623
40281	16623
40282	16623
40283	16624
40284	16625
40285	16626
40286	16627
40287	16627
40288	16628
40289	16629
40290	16630
40291	16631
40292	16631
40293	16632
40294	16632
40295	16633
40296	16633
40297	16634
40298	16635
40299	16635
40300	16636
40301	16636
40302	16636
40303	16636
40304	16637
40305	16638
40306	16638
40307	16639
40308	16640
40309	16641
40310	16641
40311	16642
40312	16642
40313	16642
40314	16643
40315	16642
40316	16643
40317	16643
40318	16643
40319	16643
40320	16644
40321	16644
40322	16645
40323	16645
40324	16646
40325	16647
40326	16648
40327	16649
40328	16650
40329	16650
40330	16651
40331	16651
40332	16651
40333	16652
40334	16652
40335	16653
40336	16653
40337	16654
40338	16655
40339	16656
40340	16657
40341	16658
40342	16658
40343	16659
40344	16659
40345	16659
40346	16660
40347	16661
40348	16662
40349	16663
40350	16664
40351	16665
40352	16665
40353	16665
40354	16666
40355	16666
40356	16666
40357	16666
40358	16667
40359	16668
40360	16668
40361	16669
40362	16670
40363	16671
40364	16672
40365	16673
40366	16673
40367	16674
40368	16674
40369	16674
40370	16674
40371	16674
40372	16675
40373	16674
40374	16674
40375	16675
40376	16676
40377	16675
40378	16675
40379	16676
40380	16677
40381	16677
40382	16678
40383	16677
40384	16677
40385	16678
40386	16679
40387	16679
40388	16680
40389	16681
40390	16682
40391	16682
40392	16683
40393	16684
40394	16684
40395	16684
40396	16685
40397	16686
40398	16686
40399	16687
40400	16688
40401	16689
40402	16690
40403	16690
40404	16691
40405	16692
40406	16691
40407	16691
40408	16690
40409	16690
40410	16690
40411	16691
40412	16691
40413	16692
40414	16692
40415	16693
40416	16694
40417	16695
40418	16696
40419	16696
40420	16697
40421	16698
40422	16699
40423	16700
40424	16701
40425	16702
40426	16703
40427	16704
40428	16704
40429	16705
40430	16706
40431	16707
40432	16708
40433	16709
40434	16710
40435	16711
40436	16712
40437	16713
40438	16714
40439	16714
40440	16715
40441	16715
40442	16715
40443	16714
40444	16714
40445	16715
40446	16715
40447	16716
40448	16717
40449	16718
40450	16719
40451	16720
40452	16721
40453	16722
40454	16723
40455	16724
40456	16725
40457	16724
40458	16724
40459	16723
40460	16724
40461	16724
40462	16724
40463	16725
40464	16725
40465	16726
40466	16725
40467	16726
40468	16726
40469	16726
40470	16727
40471	16727
40472	16727
40473	16728
40474	16729
40475	16730
40476	16731
40477	16732
40478	16732
40479	16732
40480	16733
40481	16733
40482	16734
40483	16735
40484	16735
40485	16735
40486	16736
40487	16737
40488	16738
40489	16738
40490	16739
40491	16738
40492	16738
40493	16738
40494	16738
40495	16739
40496	16740
40497	16739
40498	16740
40499	16741
40500	16741
40501	16740
40502	16739
40503	16740
40504	16741
40505	16741
40506	16742
40507	16741
40508	16742
40509	16743
40510	16744
40511	16745
40512	16746
40513	16747
40514	16747
40515	16748
40516	16749
40517	16750
40518	16749
40519	16750
40520	16751
40521	16751
40522	16752
40523	16752
40524	16753
40525	16753
40526	16753
40527	16753
40528	16754
40529	16755
40530	16756
40531	16757
40532	16758
40533	16759
40534	16758
40535	16759
40536	16759
40537	16759
40538	16760
40539	16760
40540	16760
40541	16760
40542	16761
40543	16761
40544	16762
40545	16763
40546	16764
40547	16765
40548	16766
40549	16767
40550	16766
40551	16767
40552	16768
40553	16769
40554	16770
40555	16770
40556	16770
40557	16771
40558	16771
40559	16771
40560	16772
40561	16773
40562	16773
40563	16774
40564	16774
40565	16775
40566	16775
40567	16776
40568	16776
40569	16777
40570	16778
40571	16778
40572	16778
40573	16779
40574	16779
40575	16780
40576	16781
40577	16780
40578	16780
40579	16779
40580	16779
40581	16780
40582	16780
40583	16781
40584	16782
40585	16783
40586	16784
40587	16784
40588	16785
40589	16785
40590	16786
40591	16785
40592	16785
40593	16786
40594	16787
40595	16786
40596	16786
40597	16787
40598	16787
40599	16787
40600	16788
40601	16788
40602	16789
40603	16790
40604	16791
40605	16792
40606	16792
40607	16792
40608	16793
40609	16794
40610	16794
40611	16795
40612	16795
40613	16796
40614	16796
40615	16796
40616	16796
40617	16797
40618	16797
40619	16797
40620	16798
40621	16798
40622	16798
40623	16798
40624	16799
40625	16800
40626	16801
40627	16802
40628	16802
40629	16802
40630	16801
40631	16801
40632	16802
40633	16802
40634	16802
40635	16803
40636	16803
40637	16804
40638	16805
40639	16805
40640	16805
40641	16806
40642	16806
40643	16807
40644	16808
40645	16809
40646	16809
40647	16808
40648	16808
40649	16808
40650	16808
40651	16809
40652	16810
40653	16811
40654	16812
40655	16812
40656	16813
40657	16814
40658	16814
40659	16814
40660	16814
40661	16813
40662	16812
40663	16813
40664	16814
40665	16815
40666	16816
40667	16817
40668	16818
40669	16817
40670	16817
40671	16817
40672	16817
40673	16818
40674	16819
40675	16820
40676	16821
40677	16821
40678	16821
40679	16822
40680	16822
40681	16823
40682	16823
40683	16822
40684	16822
40685	16821
40686	16820
40687	16821
40688	16820
40689	16821
40690	16822
40691	16823
40692	16822
40693	16823
40694	16824
40695	16825
40696	16825
40697	16826
40698	16826
40699	16826
40700	16825
40701	16825
40702	16825
40703	16825
40704	16826
40705	16826
40706	16827
40707	16828
40708	16828
40709	16829
40710	16830
40711	16831
40712	16831
40713	16832
40714	16832
40715	16833
40716	16833
40717	16834
40718	16835
40719	16836
40720	16837
40721	16837
40722	16837
40723	16837
40724	16838
40725	16838
40726	16839
40727	16840
40728	16840
40729	16840
40730	16841
40731	16840
40732	16841
40733	16842
40734	16842
40735	16842
40736	16842
40737	16842
40738	16843
40739	16844
40740	16845
40741	16845
40742	16846
40743	16845
40744	16846
40745	16845
40746	16846
40747	16846
40748	16847
40749	16848
40750	16849
40751	16850
40752	16850
40753	16850
40754	16850
40755	16849
40756	16850
40757	16851
40758	16852
40759	16852
40760	16853
40761	16853
40762	16853
40763	16853
40764	16854
40765	16855
40766	16855
40767	16854
40768	16855
40769	16856
40770	16856
40771	16856
40772	16856
40773	16855
40774	16854
40775	16854
40776	16854
40777	16855
40778	16855
40779	16856
40780	16857
40781	16858
40782	16858
40783	16858
40784	16858
40785	16859
40786	16859
40787	16858
40788	16859
40789	16859
40790	16860
40791	16860
40792	16861
40793	16861
40794	16861
40795	16860
40796	16860
40797	16860
40798	16860
40799	16861
40800	16861
40801	16862
40802	16861
40803	16862
40804	16863
40805	16864
40806	16865
40807	16866
40808	16865
40809	16866
40810	16867
40811	16866
40812	16866
40813	16867
40814	16866
40815	16867
40816	16867
40817	16868
40818	16868
40819	16869
40820	16869
40821	16870
40822	16871
40823	16871
40824	16871
40825	16871
40826	16871
40827	16872
40828	16872
40829	16873
40830	16874
40831	16875
40832	16875
40833	16876
40834	16876
40835	16875
40836	16876
40837	16877
40838	16878
40839	16878
40840	16879
40841	16880
40842	16880
40843	16880
40844	16880
40845	16880
40846	16881
40847	16882
40848	16883
40849	16882
40850	16882
40851	16882
40852	16883
40853	16884
40854	16885
40855	16886
40856	16887
40857	16887
40858	16887
40859	16888
40860	16889
40861	16890
40862	16891
40863	16890
40864	16889
40865	16890
40866	16891
40867	16892
40868	16893
40869	16894
40870	16893
40871	16892
40872	16891
40873	16892
40874	16893
40875	16894
40876	16895
40877	16896
40878	16897
40879	16897
40880	16898
40881	16899
40882	16900
40883	16901
40884	16902
40885	16903
40886	16903
40887	16904
40888	16905
40889	16906
40890	16906
40891	16907
40892	16908
40893	16908
40894	16909
40895	16910
40896	16911
40897	16911
40898	16911
40899	16912
40900	16912
40901	16913
40902	16913
40903	16913
40904	16913
40905	16914
40906	16914
40907	16915
40908	16914
40909	16915
40910	16916
40911	16916
40912	16917
40913	16916
40914	16917
40915	16918
40916	16919
40917	16919
40918	16920
40919	16921
40920	16922
40921	16923
40922	16923
40923	16924
40924	16924
40925	16925
40926	16926
40927	16927
40928	16928
40929	16928
40930	16928
40931	16928
40932	16929
40933	16929
40934	16930
40935	16931
40936	16932
40937	16933
40938	16933
40939	16934
40940	16935
40941	16936
40942	16936
40943	16936
40944	16936
40945	16936
40946	16936
40947	16936
40948	16936
40949	16936
40950	16937
40951	16938
40952	16939
40953	16940
40954	16941
40955	16941
40956	16941
40957	16942
40958	16942
40959	16943
40960	16943
40961	16942
40962	16943
40963	16942
40964	16943
40965	16942
40966	16942
40967	16943
40968	16942
40969	16942
40970	16943
40971	16943
40972	16943
40973	16943
40974	16944
40975	16945
40976	16944
40977	16945
40978	16945
40979	16946
40980	16946
40981	16946
40982	16946
40983	16947
40984	16948
40985	16949
40986	16948
40987	16949
40988	16950
40989	16950
40990	16950
40991	16951
40992	16951
40993	16952
40994	16953
40995	16954
40996	16955
40997	16956
40998	16956
40999	16957
41000	16957
41001	16958
41002	16958
41003	16958
41004	16958
41005	16959
41006	16959
41007	16960
41008	16959
41009	16959
41010	16960
41011	16961
41012	16962
41013	16962
41014	16963
41015	16963
41016	16963
41017	16964
41018	16964
41019	16964
41020	16965
41021	16966
41022	16966
41023	16967
41024	16966
41025	16966
41026	16967
41027	16968
41028	16969
41029	16969
41030	16969
41031	16969
41032	16968
41033	16969
41034	16969
41035	16969
41036	16970
41037	16971
41038	16972
41039	16973
41040	16973
41041	16974
41042	16974
41043	16975
41044	16976
41045	16977
41046	16977
41047	16978
41048	16979
41049	16980
41050	16981
41051	16980
41052	16980
41053	16981
41054	16982
41055	16982
41056	16982
41057	16983
41058	16983
41059	16983
41060	16983
41061	16983
41062	16984
41063	16985
41064	16986
41065	16987
41066	16988
41067	16989
41068	16990
41069	16991
41070	16991
41071	16991
41072	16992
41073	16992
41074	16993
41075	16994
41076	16994
41077	16995
41078	16996
41079	16997
41080	16998
41081	16999
41082	16999
41083	16999
41084	16999
41085	17000
41086	16999
41087	17000
41088	17001
41089	17002
41090	17002
41091	17003
41092	17003
41093	17004
41094	17005
41095	17006
41096	17007
41097	17008
41098	17009
41099	17010
41100	17011
41101	17012
41102	17013
41103	17013
41104	17014
41105	17013
41106	17012
41107	17012
41108	17013
41109	17014
41110	17015
41111	17016
41112	17017
41113	17017
41114	17017
41115	17017
41116	17018
41117	17019
41118	17019
41119	17020
41120	17020
41121	17021
41122	17022
41123	17023
41124	17024
41125	17025
41126	17026
41127	17026
41128	17026
41129	17026
41130	17026
41131	17027
41132	17028
41133	17027
41134	17028
41135	17029
41136	17030
41137	17031
41138	17032
41139	17032
41140	17033
41141	17034
41142	17034
41143	17035
41144	17036
41145	17036
41146	17036
41147	17036
41148	17037
41149	17037
41150	17038
41151	17039
41152	17040
41153	17041
41154	17042
41155	17043
41156	17042
41157	17043
41158	17044
41159	17044
41160	17044
41161	17045
41162	17045
41163	17045
41164	17046
41165	17047
41166	17048
41167	17049
41168	17050
41169	17050
41170	17050
41171	17051
41172	17052
41173	17051
41174	17052
41175	17052
41176	17052
41177	17053
41178	17054
41179	17054
41180	17055
41181	17056
41182	17057
41183	17057
41184	17058
41185	17058
41186	17059
41187	17060
41188	17061
41189	17062
41190	17062
41191	17061
41192	17062
41193	17062
41194	17061
41195	17061
41196	17062
41197	17063
41198	17064
41199	17065
41200	17066
41201	17066
41202	17067
41203	17067
41204	17068
41205	17069
41206	17069
41207	17070
41208	17070
41209	17071
41210	17072
41211	17073
41212	17074
41213	17073
41214	17074
41215	17074
41216	17075
41217	17076
41218	17077
41219	17077
41220	17077
41221	17078
41222	17078
41223	17079
41224	17079
41225	17079
41226	17080
41227	17080
41228	17080
41229	17079
41230	17080
41231	17081
41232	17082
41233	17083
41234	17084
41235	17083
41236	17082
41237	17083
41238	17083
41239	17083
41240	17083
41241	17082
41242	17082
41243	17083
41244	17083
41245	17084
41246	17085
41247	17086
41248	17085
41249	17086
41250	17087
41251	17087
41252	17086
41253	17087
41254	17088
41255	17088
41256	17088
41257	17089
41258	17090
41259	17090
41260	17091
41261	17092
41262	17093
41263	17093
41264	17094
41265	17095
41266	17095
41267	17094
41268	17095
41269	17096
41270	17096
41271	17096
41272	17097
41273	17097
41274	17098
41275	17098
41276	17098
41277	17099
41278	17100
41279	17101
41280	17102
41281	17103
41282	17104
41283	17105
41284	17106
41285	17107
41286	17107
41287	17108
41288	17109
41289	17110
41290	17111
41291	17110
41292	17110
41293	17110
41294	17111
41295	17110
41296	17111
41297	17111
41298	17112
41299	17113
41300	17112
41301	17113
41302	17112
41303	17113
41304	17114
41305	17115
41306	17116
41307	17117
41308	17118
41309	17118
41310	17119
41311	17119
41312	17120
41313	17121
41314	17121
41315	17122
41316	17123
41317	17124
41318	17125
41319	17126
41320	17127
41321	17127
41322	17127
41323	17127
41324	17127
41325	17127
41326	17128
41327	17129
41328	17130
41329	17131
41330	17131
41331	17131
41332	17131
41333	17132
41334	17133
41335	17132
41336	17133
41337	17134
41338	17135
41339	17135
41340	17136
41341	17136
41342	17137
41343	17138
41344	17138
41345	17139
41346	17140
41347	17141
41348	17142
41349	17143
41350	17144
41351	17145
41352	17146
41353	17146
41354	17147
41355	17147
41356	17148
41357	17148
41358	17149
41359	17150
41360	17151
41361	17152
41362	17153
41363	17152
41364	17152
41365	17152
41366	17151
41367	17151
41368	17150
41369	17150
41370	17149
41371	17150
41372	17150
41373	17150
41374	17151
41375	17152
41376	17151
41377	17152
41378	17152
41379	17151
41380	17152
41381	17153
41382	17154
41383	17155
41384	17155
41385	17156
41386	17156
41387	17157
41388	17158
41389	17158
41390	17159
41391	17160
41392	17161
41393	17161
41394	17162
41395	17162
41396	17163
41397	17163
41398	17164
41399	17165
41400	17165
41401	17165
41402	17166
41403	17167
41404	17168
41405	17167
41406	17168
41407	17168
41408	17169
41409	17169
41410	17170
41411	17171
41412	17170
41413	17171
41414	17171
41415	17172
41416	17172
41417	17173
41418	17174
41419	17174
41420	17174
41421	17175
41422	17175
41423	17175
41424	17176
41425	17177
41426	17178
41427	17179
41428	17179
41429	17179
41430	17180
41431	17179
41432	17180
41433	17181
41434	17181
41435	17181
41436	17181
41437	17181
41438	17181
41439	17181
41440	17181
41441	17182
41442	17181
41443	17181
41444	17182
41445	17183
41446	17182
41447	17182
41448	17181
41449	17182
41450	17183
41451	17184
41452	17185
41453	17185
41454	17185
41455	17186
41456	17186
41457	17185
41458	17185
41459	17185
41460	17185
41461	17185
41462	17186
41463	17187
41464	17187
41465	17188
41466	17187
41467	17187
41468	17188
41469	17188
41470	17188
41471	17189
41472	17190
41473	17191
41474	17192
41475	17192
41476	17193
41477	17194
41478	17195
41479	17194
41480	17195
41481	17196
41482	17197
41483	17198
41484	17199
41485	17198
41486	17198
41487	17198
41488	17198
41489	17199
41490	17200
41491	17201
41492	17201
41493	17201
41494	17202
41495	17203
41496	17204
41497	17205
41498	17206
41499	17205
41500	17205
41501	17205
41502	17206
41503	17207
41504	17208
41505	17208
41506	17209
41507	17210
41508	17210
41509	17211
41510	17212
41511	17212
41512	17213
41513	17214
41514	17215
41515	17216
41516	17216
41517	17217
41518	17217
41519	17218
41520	17218
41521	17218
41522	17219
41523	17219
41524	17219
41525	17220
41526	17221
41527	17222
41528	17223
41529	17223
41530	17223
41531	17224
41532	17223
41533	17224
41534	17224
41535	17224
41536	17224
41537	17225
41538	17226
41539	17226
41540	17227
41541	17228
41542	17228
41543	17229
41544	17230
41545	17231
41546	17232
41547	17232
41548	17232
41549	17233
41550	17233
41551	17233
41552	17233
41553	17234
41554	17234
41555	17235
41556	17236
41557	17237
41558	17237
41559	17238
41560	17238
41561	17239
41562	17239
41563	17240
41564	17240
41565	17241
41566	17242
41567	17243
41568	17243
41569	17244
41570	17245
41571	17245
41572	17246
41573	17246
41574	17246
41575	17246
41576	17247
41577	17248
41578	17248
41579	17249
41580	17250
41581	17251
41582	17252
41583	17253
41584	17254
41585	17254
41586	17254
41587	17254
41588	17255
41589	17256
41590	17256
41591	17257
41592	17257
41593	17256
41594	17257
41595	17257
41596	17258
41597	17259
41598	17260
41599	17260
41600	17261
41601	17261
41602	17262
41603	17262
41604	17263
41605	17264
41606	17263
41607	17264
41608	17264
41609	17264
41610	17265
41611	17265
41612	17266
41613	17266
41614	17267
41615	17268
41616	17269
41617	17270
41618	17271
41619	17271
41620	17272
41621	17272
41622	17272
41623	17273
41624	17274
41625	17274
41626	17275
41627	17276
41628	17277
41629	17278
41630	17278
41631	17278
41632	17277
41633	17277
41634	17277
41635	17278
41636	17277
41637	17277
41638	17276
41639	17277
41640	17278
41641	17278
41642	17278
41643	17279
41644	17279
41645	17279
41646	17280
41647	17280
41648	17281
41649	17282
41650	17283
41651	17284
41652	17285
41653	17286
41654	17287
41655	17288
41656	17289
41657	17290
41658	17291
41659	17292
41660	17293
41661	17294
41662	17294
41663	17295
41664	17296
41665	17297
41666	17298
41667	17299
41668	17300
41669	17301
41670	17302
41671	17303
41672	17304
41673	17305
41674	17304
41675	17305
41676	17305
41677	17304
41678	17304
41679	17305
41680	17305
41681	17305
41682	17306
41683	17307
41684	17308
41685	17307
41686	17308
41687	17309
41688	17310
41689	17311
41690	17311
41691	17312
41692	17312
41693	17312
41694	17312
41695	17313
41696	17314
41697	17315
41698	17315
41699	17315
41700	17314
41701	17314
41702	17315
41703	17316
41704	17315
41705	17316
41706	17317
41707	17318
41708	17319
41709	17320
41710	17321
41711	17322
41712	17322
41713	17322
41714	17322
41715	17323
41716	17323
41717	17324
41718	17324
41719	17325
41720	17326
41721	17326
41722	17327
41723	17328
41724	17329
41725	17330
41726	17331
41727	17332
41728	17333
41729	17333
41730	17334
41731	17334
41732	17335
41733	17336
41734	17336
41735	17336
41736	17337
41737	17338
41738	17339
41739	17339
41740	17339
41741	17340
41742	17339
41743	17340
41744	17341
41745	17342
41746	17343
41747	17343
41748	17344
41749	17344
41750	17345
41751	17346
41752	17346
41753	17347
41754	17348
41755	17348
41756	17349
41757	17349
41758	17348
41759	17348
41760	17348
41761	17349
41762	17350
41763	17350
41764	17351
41765	17351
41766	17352
41767	17353
41768	17354
41769	17355
41770	17355
41771	17356
41772	17357
41773	17358
41774	17357
41775	17358
41776	17358
41777	17359
41778	17360
41779	17360
41780	17360
41781	17360
41782	17361
41783	17361
41784	17361
41785	17361
41786	17362
41787	17363
41788	17364
41789	17365
41790	17365
41791	17364
41792	17365
41793	17366
41794	17366
41795	17366
41796	17367
41797	17368
41798	17368
41799	17369
41800	17370
41801	17369
41802	17370
41803	17370
41804	17371
41805	17372
41806	17371
41807	17372
41808	17373
41809	17374
41810	17374
41811	17375
41812	17375
41813	17375
41814	17375
41815	17375
41816	17376
41817	17376
41818	17375
41819	17375
41820	17376
41821	17376
41822	17376
41823	17376
41824	17377
41825	17377
41826	17377
41827	17378
41828	17377
41829	17378
41830	17378
41831	17378
41832	17379
41833	17380
41834	17381
41835	17382
41836	17382
41837	17382
41838	17383
41839	17384
41840	17383
41841	17384
41842	17384
41843	17384
41844	17384
41845	17384
41846	17384
41847	17385
41848	17385
41849	17385
41850	17384
41851	17385
41852	17386
41853	17385
41854	17386
41855	17386
41856	17387
41857	17388
41858	17389
41859	17390
41860	17391
41861	17391
41862	17392
41863	17391
41864	17392
41865	17392
41866	17393
41867	17394
41868	17394
41869	17395
41870	17395
41871	17396
41872	17397
41873	17397
41874	17398
41875	17398
41876	17398
41877	17399
41878	17399
41879	17399
41880	17400
41881	17401
41882	17402
41883	17402
41884	17403
41885	17404
41886	17405
41887	17406
41888	17406
41889	17407
41890	17407
41891	17407
41892	17408
41893	17409
41894	17409
41895	17409
41896	17410
41897	17411
41898	17411
41899	17410
41900	17411
41901	17412
41902	17412
41903	17412
41904	17413
41905	17414
41906	17414
41907	17415
41908	17416
41909	17417
41910	17417
41911	17418
41912	17417
41913	17418
41914	17419
41915	17420
41916	17421
41917	17422
41918	17423
41919	17423
41920	17424
41921	17425
41922	17426
41923	17427
41924	17428
41925	17428
41926	17428
41927	17428
41928	17429
41929	17429
41930	17429
41931	17430
41932	17430
41933	17431
41934	17431
41935	17432
41936	17432
41937	17433
41938	17434
41939	17433
41940	17434
41941	17435
41942	17436
41943	17436
41944	17437
41945	17436
41946	17437
41947	17438
41948	17437
41949	17438
41950	17439
41951	17440
41952	17441
41953	17442
41954	17442
41955	17442
41956	17443
41957	17443
41958	17443
41959	17444
41960	17445
41961	17444
41962	17445
41963	17445
41964	17445
41965	17446
41966	17446
41967	17447
41968	17447
41969	17447
41970	17448
41971	17449
41972	17449
41973	17450
41974	17450
41975	17450
41976	17450
41977	17451
41978	17452
41979	17453
41980	17454
41981	17454
41982	17454
41983	17455
41984	17455
41985	17455
41986	17456
41987	17456
41988	17457
41989	17458
41990	17459
41991	17460
41992	17461
41993	17462
41994	17462
41995	17461
41996	17462
41997	17462
41998	17462
41999	17461
42000	17462
42001	17463
42002	17464
42003	17465
42004	17466
42005	17466
42006	17466
42007	17466
42008	17466
42009	17466
42010	17467
42011	17467
42012	17468
42013	17469
42014	17469
42015	17469
42016	17470
42017	17471
42018	17470
42019	17470
42020	17470
42021	17470
42022	17471
42023	17472
42024	17473
42025	17472
42026	17473
42027	17474
42028	17475
42029	17476
42030	17477
42031	17478
42032	17478
42033	17478
42034	17477
42035	17478
42036	17479
42037	17480
42038	17481
42039	17481
42040	17481
42041	17482
42042	17482
42043	17482
42044	17482
42045	17481
42046	17482
42047	17483
42048	17484
42049	17485
42050	17486
42051	17486
42052	17486
42053	17486
42054	17486
42055	17487
42056	17487
42057	17486
42058	17486
42059	17487
42060	17488
42061	17488
42062	17487
42063	17487
42064	17487
42065	17487
42066	17487
42067	17488
42068	17489
42069	17490
42070	17490
42071	17490
42072	17490
42073	17491
42074	17492
42075	17491
42076	17491
42077	17491
42078	17491
42079	17491
42080	17491
42081	17492
42082	17493
42083	17492
42084	17493
42085	17494
42086	17495
42087	17495
42088	17496
42089	17497
42090	17498
42091	17499
42092	17499
42093	17499
42094	17500
42095	17501
42096	17500
42097	17501
42098	17502
42099	17503
42100	17503
42101	17503
42102	17502
42103	17503
42104	17503
42105	17504
42106	17505
42107	17505
42108	17505
42109	17506
42110	17507
42111	17507
42112	17507
42113	17508
42114	17507
42115	17508
42116	17509
42117	17510
42118	17511
42119	17512
42120	17512
42121	17513
42122	17512
42123	17511
42124	17512
42125	17513
42126	17513
42127	17513
42128	17514
42129	17514
42130	17515
42131	17516
42132	17517
42133	17518
42134	17519
42135	17520
42136	17521
42137	17521
42138	17521
42139	17522
42140	17523
42141	17524
42142	17525
42143	17524
42144	17523
42145	17524
42146	17525
42147	17526
42148	17526
42149	17526
42150	17527
42151	17528
42152	17529
42153	17528
42154	17528
42155	17528
42156	17529
42157	17529
42158	17529
42159	17529
42160	17528
42161	17528
42162	17529
42163	17529
42164	17530
42165	17531
42166	17530
42167	17530
42168	17531
42169	17532
42170	17532
42171	17533
42172	17532
42173	17532
42174	17532
42175	17533
42176	17534
42177	17534
42178	17535
42179	17536
42180	17536
42181	17536
42182	17536
42183	17537
42184	17537
42185	17538
42186	17539
42187	17539
42188	17539
42189	17539
42190	17539
42191	17540
42192	17541
42193	17542
42194	17542
42195	17543
42196	17542
42197	17543
42198	17544
42199	17545
42200	17545
42201	17546
42202	17547
42203	17548
42204	17548
42205	17548
42206	17548
42207	17548
42208	17549
42209	17550
42210	17551
42211	17551
42212	17552
42213	17551
42214	17552
42215	17553
42216	17553
42217	17553
42218	17554
42219	17554
42220	17554
42221	17555
42222	17556
42223	17557
42224	17558
42225	17559
42226	17560
42227	17560
42228	17561
42229	17561
42230	17561
42231	17561
42232	17561
42233	17561
42234	17561
42235	17561
42236	17562
42237	17563
42238	17564
42239	17565
42240	17566
42241	17567
42242	17567
42243	17566
42244	17566
42245	17567
42246	17566
42247	17567
42248	17566
42249	17567
42250	17568
42251	17569
42252	17570
42253	17571
42254	17571
42255	17571
42256	17572
42257	17573
42258	17574
42259	17575
42260	17575
42261	17575
42262	17576
42263	17576
42264	17577
42265	17577
42266	17578
42267	17577
42268	17578
42269	17578
42270	17579
42271	17579
42272	17580
42273	17581
42274	17582
42275	17583
42276	17584
42277	17585
42278	17584
42279	17583
42280	17582
42281	17583
42282	17584
42283	17585
42284	17586
42285	17587
42286	17587
42287	17588
42288	17589
42289	17590
42290	17591
42291	17592
42292	17593
42293	17594
42294	17594
42295	17595
42296	17596
42297	17597
42298	17597
42299	17598
42300	17599
42301	17599
42302	17600
42303	17601
42304	17601
42305	17602
42306	17602
42307	17603
42308	17602
42309	17602
42310	17603
42311	17603
42312	17604
42313	17603
42314	17603
42315	17604
42316	17604
42317	17605
42318	17605
42319	17606
42320	17607
42321	17608
42322	17608
42323	17609
42324	17610
42325	17611
42326	17612
42327	17613
42328	17613
42329	17614
42330	17614
42331	17615
42332	17615
42333	17616
42334	17617
42335	17616
42336	17616
42337	17617
42338	17616
42339	17617
42340	17618
42341	17619
42342	17619
42343	17620
42344	17620
42345	17620
42346	17621
42347	17622
42348	17622
42349	17623
42350	17624
42351	17625
42352	17625
42353	17626
42354	17625
42355	17624
42356	17625
42357	17624
42358	17624
42359	17625
42360	17626
42361	17627
42362	17628
42363	17628
42364	17629
42365	17630
42366	17630
42367	17631
42368	17631
42369	17631
42370	17632
42371	17633
42372	17633
42373	17634
42374	17633
42375	17634
42376	17634
42377	17635
42378	17636
42379	17637
42380	17638
42381	17639
42382	17640
42383	17640
42384	17639
42385	17638
42386	17639
42387	17638
42388	17638
42389	17638
42390	17639
42391	17640
42392	17640
42393	17641
42394	17641
42395	17640
42396	17640
42397	17640
42398	17641
42399	17640
42400	17640
42401	17641
42402	17641
42403	17642
42404	17641
42405	17641
42406	17641
42407	17641
42408	17641
42409	17640
42410	17640
42411	17641
42412	17642
42413	17642
42414	17643
42415	17642
42416	17642
42417	17643
42418	17644
42419	17645
42420	17646
42421	17646
42422	17645
42423	17646
42424	17645
42425	17645
42426	17646
42427	17647
42428	17647
42429	17648
42430	17648
42431	17648
42432	17649
42433	17650
42434	17650
42435	17651
42436	17651
42437	17652
42438	17652
42439	17652
42440	17651
42441	17651
42442	17652
42443	17652
42444	17653
42445	17653
42446	17654
42447	17655
42448	17656
42449	17657
42450	17657
42451	17658
42452	17658
42453	17659
42454	17660
42455	17661
42456	17661
42457	17662
42458	17663
42459	17664
42460	17663
42461	17664
42462	17664
42463	17665
42464	17665
42465	17666
42466	17665
42467	17665
42468	17664
42469	17664
42470	17665
42471	17666
42472	17666
42473	17666
42474	17667
42475	17666
42476	17666
42477	17667
42478	17667
42479	17667
42480	17666
42481	17667
42482	17668
42483	17669
42484	17670
42485	17671
42486	17672
42487	17672
42488	17673
42489	17674
42490	17674
42491	17674
42492	17674
42493	17675
42494	17675
42495	17675
42496	17674
42497	17673
42498	17673
42499	17673
42500	17673
42501	17674
42502	17675
42503	17676
42504	17677
42505	17678
42506	17678
42507	17678
42508	17678
42509	17679
42510	17680
42511	17681
42512	17681
42513	17682
42514	17681
42515	17682
42516	17683
42517	17682
42518	17682
42519	17683
42520	17683
42521	17684
42522	17685
42523	17686
42524	17687
42525	17686
42526	17687
42527	17688
42528	17689
42529	17690
42530	17691
42531	17692
42532	17693
42533	17693
42534	17693
42535	17694
42536	17695
42537	17696
42538	17696
42539	17697
42540	17698
42541	17699
42542	17698
42543	17699
42544	17699
42545	17700
42546	17701
42547	17701
42548	17702
42549	17702
42550	17702
42551	17703
42552	17704
42553	17705
42554	17706
42555	17706
42556	17705
42557	17706
42558	17705
42559	17705
42560	17705
42561	17706
42562	17705
42563	17706
42564	17707
42565	17707
42566	17708
42567	17709
42568	17710
42569	17710
42570	17711
42571	17712
42572	17712
42573	17713
42574	17713
42575	17713
42576	17714
42577	17715
42578	17715
42579	17716
42580	17717
42581	17718
42582	17719
42583	17719
42584	17719
42585	17720
42586	17721
42587	17721
42588	17720
42589	17721
42590	17722
42591	17723
42592	17724
42593	17725
42594	17725
42595	17724
42596	17725
42597	17725
42598	17726
42599	17727
42600	17727
42601	17727
42602	17728
42603	17728
42604	17729
42605	17729
42606	17730
42607	17730
42608	17730
42609	17729
42610	17729
42611	17730
42612	17730
42613	17731
42614	17731
42615	17732
42616	17732
42617	17733
42618	17732
42619	17733
42620	17734
42621	17734
42622	17735
42623	17735
42624	17736
42625	17737
42626	17737
42627	17738
42628	17739
42629	17739
42630	17740
42631	17740
42632	17741
42633	17742
42634	17742
42635	17743
42636	17744
42637	17743
42638	17744
42639	17744
42640	17744
42641	17745
42642	17746
42643	17745
42644	17745
42645	17745
42646	17745
42647	17746
42648	17747
42649	17748
42650	17748
42651	17749
42652	17749
42653	17749
42654	17749
42655	17750
42656	17751
42657	17751
42658	17751
42659	17752
42660	17752
42661	17753
42662	17754
42663	17754
42664	17754
42665	17755
42666	17755
42667	17756
42668	17757
42669	17756
42670	17756
42671	17757
42672	17758
42673	17758
42674	17758
42675	17757
42676	17758
42677	17758
42678	17759
42679	17759
42680	17760
42681	17759
42682	17760
42683	17761
42684	17762
42685	17763
42686	17762
42687	17761
42688	17762
42689	17762
42690	17763
42691	17764
42692	17765
42693	17766
42694	17766
42695	17766
42696	17767
42697	17768
42698	17769
42699	17770
42700	17770
42701	17769
42702	17769
42703	17770
42704	17771
42705	17770
42706	17770
42707	17771
42708	17771
42709	17772
42710	17773
42711	17774
42712	17775
42713	17775
42714	17776
42715	17777
42716	17777
42717	17776
42718	17777
42719	17777
42720	17777
42721	17778
42722	17778
42723	17778
42724	17779
42725	17780
42726	17781
42727	17781
42728	17781
42729	17782
42730	17783
42731	17784
42732	17784
42733	17784
42734	17785
42735	17785
42736	17786
42737	17787
42738	17788
42739	17788
42740	17789
42741	17788
42742	17788
42743	17788
42744	17789
42745	17790
42746	17791
42747	17792
42748	17793
42749	17793
42750	17793
42751	17793
42752	17793
42753	17794
42754	17795
42755	17796
42756	17796
42757	17796
42758	17796
42759	17796
42760	17797
42761	17797
42762	17798
42763	17799
42764	17799
42765	17800
42766	17799
42767	17798
42768	17799
42769	17800
42770	17800
42771	17801
42772	17801
42773	17802
42774	17802
42775	17803
42776	17804
42777	17805
42778	17804
42779	17803
42780	17803
42781	17803
42782	17804
42783	17804
42784	17804
42785	17804
42786	17805
42787	17806
42788	17807
42789	17807
42790	17807
42791	17808
42792	17808
42793	17808
42794	17808
42795	17809
42796	17810
42797	17811
42798	17811
42799	17812
42800	17813
42801	17812
42802	17811
42803	17812
42804	17813
42805	17814
42806	17814
42807	17814
42808	17814
42809	17814
42810	17815
42811	17815
42812	17815
42813	17816
42814	17817
42815	17818
42816	17818
42817	17819
42818	17819
42819	17820
42820	17819
42821	17820
42822	17820
42823	17820
42824	17821
42825	17822
42826	17823
42827	17823
42828	17823
42829	17824
42830	17825
42831	17826
42832	17826
42833	17827
42834	17827
42835	17828
42836	17829
42837	17830
42838	17830
42839	17831
42840	17832
42841	17833
42842	17833
42843	17834
42844	17835
42845	17834
42846	17835
42847	17836
42848	17837
42849	17837
42850	17838
42851	17838
42852	17838
42853	17838
42854	17838
42855	17838
42856	17839
42857	17840
42858	17839
42859	17840
42860	17841
42861	17842
42862	17843
42863	17844
42864	17844
42865	17845
42866	17844
42867	17845
42868	17846
42869	17847
42870	17848
42871	17849
42872	17850
42873	17850
42874	17849
42875	17849
42876	17850
42877	17851
42878	17851
42879	17850
42880	17851
42881	17851
42882	17850
42883	17851
42884	17851
42885	17852
42886	17853
42887	17854
42888	17855
42889	17856
42890	17857
42891	17858
42892	17857
42893	17857
42894	17857
42895	17858
42896	17858
42897	17857
42898	17858
42899	17859
42900	17860
42901	17861
42902	17861
42903	17862
42904	17863
42905	17864
42906	17865
42907	17865
42908	17866
42909	17867
42910	17868
42911	17869
42912	17868
42913	17868
42914	17868
42915	17868
42916	17869
42917	17870
42918	17871
42919	17872
42920	17873
42921	17874
42922	17875
42923	17876
42924	17877
42925	17878
42926	17879
42927	17879
42928	17880
42929	17880
42930	17881
42931	17882
42932	17883
42933	17882
42934	17882
42935	17881
42936	17880
42937	17881
42938	17881
42939	17881
42940	17881
42941	17880
42942	17881
42943	17880
42944	17881
42945	17881
42946	17881
42947	17881
42948	17882
42949	17882
42950	17883
42951	17884
42952	17885
42953	17885
42954	17885
42955	17885
42956	17886
42957	17887
42958	17888
42959	17889
42960	17889
42961	17890
42962	17890
42963	17890
42964	17889
42965	17890
42966	17891
42967	17892
42968	17893
42969	17893
42970	17893
42971	17894
42972	17894
42973	17894
42974	17894
42975	17895
42976	17895
42977	17896
42978	17896
42979	17897
42980	17898
42981	17899
42982	17899
42983	17900
42984	17900
42985	17901
42986	17902
42987	17903
42988	17903
42989	17904
42990	17905
42991	17906
42992	17907
42993	17907
42994	17906
42995	17905
42996	17905
42997	17906
42998	17906
42999	17907
43000	17907
43001	17908
43002	17908
43003	17908
43004	17908
43005	17909
43006	17909
43007	17909
43008	17910
43009	17910
43010	17911
43011	17912
43012	17912
43013	17912
43014	17913
43015	17914
43016	17914
43017	17913
43018	17914
43019	17914
43020	17914
43021	17915
43022	17915
43023	17914
43024	17914
43025	17914
43026	17915
43027	17916
43028	17917
43029	17918
43030	17919
43031	17919
43032	17919
43033	17919
43034	17919
43035	17919
43036	17919
43037	17919
43038	17920
43039	17921
43040	17921
43041	17921
43042	17922
43043	17923
43044	17923
43045	17922
43046	17921
43047	17921
43048	17922
43049	17922
43050	17923
43051	17924
43052	17925
43053	17926
43054	17927
43055	17926
43056	17926
43057	17926
43058	17926
43059	17927
43060	17927
43061	17928
43062	17928
43063	17929
43064	17929
43065	17929
43066	17930
43067	17930
43068	17930
43069	17931
43070	17931
43071	17932
43072	17933
43073	17934
43074	17935
43075	17936
43076	17937
43077	17936
43078	17937
43079	17936
43080	17936
43081	17936
43082	17937
43083	17937
43084	17938
43085	17939
43086	17940
43087	17940
43088	17941
43089	17941
43090	17940
43091	17941
43092	17941
43093	17941
43094	17940
43095	17941
43096	17942
43097	17942
43098	17941
43099	17941
43100	17941
43101	17942
43102	17943
43103	17944
43104	17945
43105	17946
43106	17946
43107	17947
43108	17948
43109	17948
43110	17948
43111	17948
43112	17947
43113	17946
43114	17945
43115	17945
43116	17946
43117	17946
43118	17947
43119	17947
43120	17947
43121	17946
43122	17946
43123	17946
43124	17946
43125	17947
43126	17947
43127	17948
43128	17949
43129	17950
43130	17951
43131	17952
43132	17952
43133	17952
43134	17952
43135	17953
43136	17953
43137	17954
43138	17953
43139	17954
43140	17954
43141	17955
43142	17956
43143	17957
43144	17958
43145	17959
43146	17960
43147	17960
43148	17961
43149	17961
43150	17962
43151	17963
43152	17963
43153	17963
43154	17964
43155	17964
43156	17964
43157	17965
43158	17966
43159	17967
43160	17967
43161	17968
43162	17968
43163	17967
43164	17967
43165	17968
43166	17969
43167	17969
43168	17970
43169	17971
43170	17972
43171	17973
43172	17974
43173	17975
43174	17974
43175	17974
43176	17975
43177	17975
43178	17975
43179	17975
43180	17975
43181	17976
43182	17975
43183	17976
43184	17976
43185	17976
43186	17977
43187	17978
43188	17978
43189	17979
43190	17979
43191	17980
43192	17981
43193	17981
43194	17982
43195	17981
43196	17982
43197	17983
43198	17983
43199	17984
43200	17984
43201	17985
43202	17986
43203	17986
43204	17986
43205	17987
43206	17988
43207	17988
43208	17988
43209	17989
43210	17989
43211	17989
43212	17989
43213	17990
43214	17991
43215	17990
43216	17991
43217	17992
43218	17992
43219	17992
43220	17992
43221	17992
43222	17992
43223	17992
43224	17992
43225	17992
43226	17992
43227	17992
43228	17993
43229	17994
43230	17995
43231	17996
43232	17996
43233	17996
43234	17996
43235	17996
43236	17996
43237	17996
43238	17995
43239	17995
43240	17996
43241	17997
43242	17998
43243	17998
43244	17997
43245	17997
43246	17997
43247	17998
43248	17998
43249	17998
43250	17999
43251	18000
43252	18000
43253	18001
43254	18001
43255	18002
43256	18003
43257	18003
43258	18004
43259	18003
43260	18002
43261	18001
43262	18002
43263	18003
43264	18004
43265	18005
43266	18006
43267	18005
43268	18005
43269	18005
43270	18004
43271	18005
43272	18006
43273	18006
43274	18006
43275	18006
43276	18007
43277	18007
43278	18007
43279	18007
43280	18006
43281	18007
43282	18006
43283	18005
43284	18004
43285	18004
43286	18005
43287	18006
43288	18007
43289	18006
43290	18007
43291	18008
43292	18009
43293	18009
43294	18010
43295	18009
43296	18009
43297	18009
43298	18009
43299	18009
43300	18010
43301	18010
43302	18011
43303	18012
43304	18013
43305	18014
43306	18014
43307	18015
43308	18015
43309	18016
43310	18017
43311	18017
43312	18016
43313	18017
43314	18017
43315	18017
43316	18017
43317	18018
43318	18018
43319	18019
43320	18020
43321	18020
43322	18021
43323	18022
43324	18023
43325	18024
43326	18025
43327	18026
43328	18026
43329	18026
43330	18026
43331	18026
43332	18027
43333	18028
43334	18029
43335	18030
43336	18030
43337	18031
43338	18030
43339	18029
43340	18029
43341	18028
43342	18027
43343	18028
43344	18029
43345	18030
43346	18031
43347	18031
43348	18031
43349	18030
43350	18031
43351	18032
43352	18032
43353	18033
43354	18033
43355	18033
43356	18034
43357	18034
43358	18035
43359	18036
43360	18037
43361	18036
43362	18037
43363	18038
43364	18038
43365	18039
43366	18040
43367	18040
43368	18041
43369	18041
43370	18041
43371	18041
43372	18042
43373	18042
43374	18042
43375	18043
43376	18043
43377	18043
43378	18042
43379	18043
43380	18043
43381	18043
43382	18044
43383	18044
43384	18045
43385	18046
43386	18047
43387	18048
43388	18049
43389	18048
43390	18048
43391	18049
43392	18049
43393	18050
43394	18049
43395	18049
43396	18050
43397	18051
43398	18051
43399	18052
43400	18052
43401	18053
43402	18053
43403	18052
43404	18053
43405	18054
43406	18055
43407	18055
43408	18056
43409	18056
43410	18057
43411	18057
43412	18056
43413	18055
43414	18055
43415	18055
43416	18054
43417	18054
43418	18055
43419	18055
43420	18056
43421	18056
43422	18057
43423	18058
43424	18058
43425	18058
43426	18058
43427	18057
43428	18057
43429	18057
43430	18058
43431	18058
43432	18058
43433	18059
43434	18059
43435	18059
43436	18058
43437	18058
43438	18059
43439	18059
43440	18060
43441	18061
43442	18062
43443	18063
43444	18062
43445	18061
43446	18062
43447	18063
43448	18064
43449	18065
43450	18065
43451	18066
43452	18067
43453	18068
43454	18069
43455	18069
43456	18068
43457	18067
43458	18066
43459	18067
43460	18068
43461	18069
43462	18070
43463	18071
43464	18072
43465	18072
43466	18073
43467	18073
43468	18073
43469	18074
43470	18075
43471	18076
43472	18077
43473	18078
43474	18078
43475	18079
43476	18080
43477	18079
43478	18079
43479	18080
43480	18081
43481	18081
43482	18082
43483	18083
43484	18083
43485	18082
43486	18081
43487	18082
43488	18083
43489	18084
43490	18085
43491	18085
43492	18086
43493	18087
43494	18088
43495	18088
43496	18089
43497	18089
43498	18090
43499	18091
43500	18091
43501	18092
43502	18092
43503	18093
43504	18093
43505	18093
43506	18093
43507	18094
43508	18095
43509	18095
43510	18096
43511	18097
43512	18098
43513	18099
43514	18099
43515	18099
43516	18099
43517	18099
43518	18099
43519	18099
43520	18099
43521	18099
43522	18100
43523	18101
43524	18102
43525	18103
43526	18103
43527	18103
43528	18103
43529	18104
43530	18103
43531	18102
43532	18103
43533	18103
43534	18102
43535	18103
43536	18104
43537	18103
43538	18102
43539	18103
43540	18103
43541	18102
43542	18103
43543	18103
43544	18103
43545	18102
43546	18102
43547	18102
43548	18102
43549	18103
43550	18104
43551	18103
43552	18104
43553	18105
43554	18105
43555	18106
43556	18107
43557	18108
43558	18108
43559	18108
43560	18109
43561	18109
43562	18110
43563	18110
43564	18111
43565	18112
43566	18113
43567	18114
43568	18114
43569	18115
43570	18116
43571	18116
43572	18117
43573	18117
43574	18117
43575	18117
43576	18118
43577	18119
43578	18118
43579	18119
43580	18119
43581	18120
43582	18121
43583	18122
43584	18122
43585	18123
43586	18124
43587	18124
43588	18125
43589	18126
43590	18126
43591	18126
43592	18127
43593	18128
43594	18129
43595	18129
43596	18128
43597	18129
43598	18128
43599	18127
43600	18127
43601	18128
43602	18129
43603	18130
43604	18131
43605	18131
43606	18132
43607	18133
43608	18133
43609	18134
43610	18135
43611	18136
43612	18136
43613	18137
43614	18137
43615	18137
43616	18136
43617	18137
43618	18138
43619	18138
43620	18138
43621	18138
43622	18139
43623	18140
43624	18140
43625	18141
43626	18141
43627	18141
43628	18140
43629	18141
43630	18142
43631	18143
43632	18144
43633	18145
43634	18145
43635	18144
43636	18145
43637	18144
43638	18145
43639	18145
43640	18146
43641	18146
43642	18147
43643	18147
43644	18147
43645	18147
43646	18146
43647	18147
43648	18147
43649	18148
43650	18149
43651	18149
43652	18150
43653	18151
43654	18152
43655	18153
43656	18153
43657	18154
43658	18155
43659	18156
43660	18156
43661	18156
43662	18156
43663	18157
43664	18157
43665	18157
43666	18158
43667	18159
43668	18159
43669	18160
43670	18160
43671	18160
43672	18161
43673	18161
43674	18160
43675	18160
43676	18161
43677	18160
43678	18161
43679	18161
43680	18162
43681	18162
43682	18161
43683	18162
43684	18162
43685	18161
43686	18162
43687	18162
43688	18163
43689	18164
43690	18165
43691	18166
43692	18166
43693	18167
43694	18167
43695	18168
43696	18169
43697	18169
43698	18170
43699	18171
43700	18172
43701	18173
43702	18174
43703	18174
43704	18174
43705	18175
43706	18175
43707	18176
43708	18176
43709	18176
43710	18177
43711	18178
43712	18179
43713	18180
43714	18181
43715	18182
43716	18183
43717	18183
43718	18183
43719	18183
43720	18184
43721	18184
43722	18184
43723	18185
43724	18186
43725	18187
43726	18188
43727	18189
43728	18189
43729	18189
43730	18189
43731	18190
43732	18191
43733	18191
43734	18192
43735	18193
43736	18193
43737	18194
43738	18195
43739	18194
43740	18195
43741	18195
43742	18196
43743	18197
43744	18198
43745	18199
43746	18200
43747	18201
43748	18202
43749	18203
43750	18204
43751	18205
43752	18205
43753	18204
43754	18205
43755	18205
43756	18206
43757	18205
43758	18206
43759	18207
43760	18207
43761	18208
43762	18209
43763	18209
43764	18209
43765	18210
43766	18210
43767	18211
43768	18212
43769	18213
43770	18214
43771	18215
43772	18215
43773	18215
43774	18216
43775	18217
43776	18217
43777	18216
43778	18217
43779	18218
43780	18219
43781	18218
43782	18219
43783	18219
43784	18220
43785	18221
43786	18221
43787	18221
43788	18222
43789	18222
43790	18223
43791	18224
43792	18224
43793	18225
43794	18226
43795	18227
43796	18228
43797	18227
43798	18228
43799	18228
43800	18229
43801	18229
43802	18230
43803	18230
43804	18230
43805	18231
43806	18232
43807	18233
43808	18234
43809	18234
43810	18235
43811	18234
43812	18234
43813	18233
43814	18232
43815	18233
43816	18234
43817	18234
43818	18235
43819	18236
43820	18237
43821	18237
43822	18238
43823	18238
43824	18239
43825	18240
43826	18241
43827	18241
43828	18242
43829	18242
43830	18242
43831	18242
43832	18242
43833	18243
43834	18244
43835	18245
43836	18245
43837	18245
43838	18245
43839	18245
43840	18246
43841	18247
43842	18247
43843	18248
43844	18247
43845	18248
43846	18247
43847	18248
43848	18248
43849	18249
43850	18249
43851	18250
43852	18251
43853	18252
43854	18252
43855	18252
43856	18253
43857	18254
43858	18254
43859	18255
43860	18254
43861	18255
43862	18255
43863	18256
43864	18256
43865	18257
43866	18258
43867	18259
43868	18259
43869	18260
43870	18260
43871	18260
43872	18260
43873	18260
43874	18260
43875	18261
43876	18261
43877	18261
43878	18261
43879	18261
43880	18262
43881	18263
43882	18264
43883	18265
43884	18266
43885	18267
43886	18268
43887	18268
43888	18267
43889	18268
43890	18269
43891	18270
43892	18270
43893	18271
43894	18272
43895	18272
43896	18273
43897	18274
43898	18275
43899	18275
43900	18276
43901	18275
43902	18276
43903	18277
43904	18278
43905	18279
43906	18280
43907	18281
43908	18281
43909	18281
43910	18281
43911	18282
43912	18282
43913	18283
43914	18284
43915	18284
43916	18284
43917	18283
43918	18283
43919	18284
43920	18285
43921	18284
43922	18285
43923	18286
43924	18286
43925	18287
43926	18288
43927	18288
43928	18289
43929	18289
43930	18289
43931	18290
43932	18290
43933	18291
43934	18292
43935	18293
43936	18293
43937	18294
43938	18295
43939	18296
43940	18295
43941	18296
43942	18296
43943	18296
43944	18297
43945	18297
43946	18297
43947	18298
43948	18299
43949	18298
43950	18298
43951	18299
43952	18300
43953	18300
43954	18301
43955	18301
43956	18301
43957	18301
43958	18302
43959	18303
43960	18303
43961	18303
43962	18303
43963	18303
43964	18304
43965	18305
43966	18305
43967	18306
43968	18305
43969	18306
43970	18306
43971	18307
43972	18308
43973	18309
43974	18309
43975	18309
43976	18309
43977	18310
43978	18310
43979	18309
43980	18310
43981	18311
43982	18311
43983	18311
43984	18312
43985	18312
43986	18313
43987	18314
43988	18315
43989	18314
43990	18315
43991	18315
43992	18316
43993	18317
43994	18318
43995	18319
43996	18320
43997	18320
43998	18321
43999	18320
44000	18319
44001	18319
44002	18320
44003	18320
44004	18321
44005	18321
44006	18322
44007	18323
44008	18324
44009	18323
44010	18323
44011	18324
44012	18325
44013	18325
44014	18326
44015	18326
44016	18327
44017	18328
44018	18328
44019	18329
44020	18330
44021	18330
44022	18330
44023	18331
44024	18332
44025	18333
44026	18333
44027	18334
44028	18335
44029	18336
44030	18336
44031	18335
44032	18335
44033	18334
44034	18334
44035	18335
44036	18336
44037	18336
44038	18336
44039	18336
44040	18337
44041	18338
44042	18339
44043	18340
44044	18341
44045	18341
44046	18341
44047	18341
44048	18341
44049	18341
44050	18342
44051	18342
44052	18342
44053	18343
44054	18344
44055	18345
44056	18345
44057	18344
44058	18343
44059	18344
44060	18345
44061	18346
44062	18346
44063	18347
44064	18347
44065	18347
44066	18347
44067	18348
44068	18349
44069	18350
44070	18350
44071	18350
44072	18350
44073	18351
44074	18351
44075	18352
44076	18352
44077	18353
44078	18354
44079	18355
44080	18356
44081	18357
44082	18358
44083	18358
44084	18357
44085	18358
44086	18359
44087	18359
44088	18358
44089	18358
44090	18358
44091	18359
44092	18359
44093	18359
44094	18360
44095	18361
44096	18362
44097	18363
44098	18364
44099	18365
44100	18366
44101	18366
44102	18367
44103	18367
44104	18368
44105	18369
44106	18370
44107	18369
44108	18369
44109	18369
44110	18369
44111	18370
44112	18371
44113	18372
44114	18373
44115	18374
44116	18375
44117	18375
44118	18376
44119	18377
44120	18377
44121	18378
44122	18379
44123	18380
44124	18381
44125	18382
44126	18383
44127	18384
44128	18384
44129	18383
44130	18382
44131	18381
44132	18381
44133	18380
44134	18380
44135	18381
44136	18381
44137	18382
44138	18381
44139	18382
44140	18381
44141	18381
44142	18382
44143	18382
44144	18382
44145	18381
44146	18382
44147	18383
44148	18384
44149	18385
44150	18385
44151	18386
44152	18387
44153	18388
44154	18389
44155	18390
44156	18390
44157	18391
44158	18392
44159	18393
44160	18393
44161	18393
44162	18393
44163	18394
44164	18395
44165	18395
44166	18395
44167	18394
44168	18395
44169	18394
44170	18395
44171	18396
44172	18397
44173	18397
44174	18397
44175	18398
44176	18398
44177	18398
44178	18398
44179	18399
44180	18400
44181	18401
44182	18402
44183	18402
44184	18402
44185	18402
44186	18403
44187	18404
44188	18404
44189	18405
44190	18405
44191	18406
44192	18406
44193	18406
44194	18407
44195	18408
44196	18409
44197	18408
44198	18409
44199	18409
44200	18410
44201	18410
44202	18410
44203	18410
44204	18411
44205	18411
44206	18412
44207	18412
44208	18413
44209	18412
44210	18413
44211	18413
44212	18414
44213	18414
44214	18414
44215	18414
44216	18413
44217	18413
44218	18414
44219	18414
44220	18415
44221	18416
44222	18415
44223	18415
44224	18414
44225	18415
44226	18415
44227	18416
44228	18417
44229	18417
44230	18417
44231	18418
44232	18419
44233	18419
44234	18419
44235	18420
44236	18419
44237	18419
44238	18418
44239	18418
44240	18418
44241	18419
44242	18419
44243	18419
44244	18420
44245	18420
44246	18420
44247	18421
44248	18421
44249	18422
44250	18423
44251	18424
44252	18425
44253	18426
44254	18427
44255	18428
44256	18429
44257	18430
44258	18429
44259	18429
44260	18429
44261	18429
44262	18429
44263	18430
44264	18431
44265	18431
44266	18430
44267	18431
44268	18432
44269	18432
44270	18433
44271	18434
44272	18434
44273	18434
44274	18435
44275	18435
44276	18436
44277	18437
44278	18437
44279	18437
44280	18438
44281	18439
44282	18438
44283	18438
44284	18439
44285	18440
44286	18440
44287	18441
44288	18442
44289	18442
44290	18442
44291	18441
44292	18441
44293	18441
44294	18442
44295	18443
44296	18444
44297	18444
44298	18443
44299	18443
44300	18442
44301	18443
44302	18443
44303	18444
44304	18444
44305	18444
44306	18444
44307	18445
44308	18445
44309	18446
44310	18446
44311	18446
44312	18447
44313	18447
44314	18448
44315	18449
44316	18450
44317	18451
44318	18451
44319	18451
44320	18451
44321	18452
44322	18452
44323	18452
44324	18453
44325	18454
44326	18455
44327	18455
44328	18455
44329	18456
44330	18456
44331	18457
44332	18458
44333	18459
44334	18459
44335	18460
44336	18460
44337	18461
44338	18462
44339	18463
44340	18464
44341	18465
44342	18466
44343	18466
44344	18467
44345	18467
44346	18468
44347	18469
44348	18468
44349	18469
44350	18470
44351	18471
44352	18472
44353	18472
44354	18472
44355	18473
44356	18473
44357	18474
44358	18474
44359	18473
44360	18474
44361	18475
44362	18475
44363	18476
44364	18476
44365	18476
44366	18477
44367	18476
44368	18477
44369	18478
44370	18479
44371	18480
44372	18479
44373	18479
44374	18480
44375	18481
44376	18481
44377	18482
44378	18483
44379	18484
44380	18484
44381	18483
44382	18483
44383	18483
44384	18483
44385	18484
44386	18483
44387	18484
44388	18484
44389	18485
44390	18485
44391	18484
44392	18484
44393	18484
44394	18485
44395	18486
44396	18487
44397	18488
44398	18488
44399	18488
44400	18488
44401	18488
44402	18488
44403	18487
44404	18487
44405	18488
44406	18489
44407	18490
44408	18489
44409	18489
44410	18489
44411	18489
44412	18489
44413	18490
44414	18490
44415	18491
44416	18492
44417	18492
44418	18493
44419	18494
44420	18495
44421	18496
44422	18497
44423	18496
44424	18496
44425	18495
44426	18496
44427	18497
44428	18497
44429	18497
44430	18498
44431	18497
44432	18496
44433	18497
44434	18498
44435	18499
44436	18500
44437	18500
44438	18500
44439	18501
44440	18501
44441	18502
44442	18502
44443	18503
44444	18504
44445	18504
44446	18505
44447	18506
44448	18507
44449	18506
44450	18507
44451	18508
44452	18507
44453	18507
44454	18507
44455	18508
44456	18509
44457	18509
44458	18510
44459	18510
44460	18511
44461	18510
44462	18511
44463	18512
44464	18513
44465	18513
44466	18514
44467	18515
44468	18516
44469	18517
44470	18518
44471	18517
44472	18517
44473	18518
44474	18518
44475	18519
44476	18518
44477	18518
44478	18519
44479	18520
44480	18520
44481	18521
44482	18521
44483	18521
44484	18520
44485	18521
44486	18521
44487	18521
44488	18521
44489	18522
44490	18522
44491	18522
44492	18521
44493	18521
44494	18522
44495	18523
44496	18524
44497	18525
44498	18525
44499	18525
44500	18526
44501	18526
44502	18526
44503	18525
44504	18525
44505	18525
44506	18525
44507	18526
44508	18527
44509	18527
44510	18528
44511	18529
44512	18529
44513	18529
44514	18528
44515	18528
44516	18528
44517	18528
44518	18528
44519	18529
44520	18530
44521	18531
44522	18532
44523	18533
44524	18532
44525	18532
44526	18532
44527	18533
44528	18533
44529	18534
44530	18535
44531	18535
44532	18535
44533	18536
44534	18536
44535	18536
44536	18536
44537	18535
44538	18535
44539	18536
44540	18536
44541	18537
44542	18538
44543	18537
44544	18537
44545	18537
44546	18538
44547	18538
44548	18539
44549	18539
44550	18539
44551	18540
44552	18541
44553	18542
44554	18542
44555	18542
44556	18541
44557	18542
44558	18542
44559	18543
44560	18544
44561	18544
44562	18545
44563	18546
44564	18547
44565	18547
44566	18547
44567	18547
44568	18547
44569	18548
44570	18549
44571	18550
44572	18551
44573	18551
44574	18552
44575	18551
44576	18552
44577	18552
44578	18552
44579	18552
44580	18552
44581	18553
44582	18554
44583	18554
44584	18555
44585	18556
44586	18556
44587	18556
44588	18556
44589	18556
44590	18557
44591	18558
44592	18558
44593	18559
44594	18560
44595	18561
44596	18562
44597	18562
44598	18562
44599	18562
44600	18562
44601	18562
44602	18562
44603	18562
44604	18563
44605	18564
44606	18565
44607	18566
44608	18566
44609	18567
44610	18567
44611	18566
44612	18567
44613	18567
44614	18566
44615	18567
44616	18568
44617	18567
44618	18568
44619	18569
44620	18569
44621	18569
44622	18570
44623	18570
44624	18570
44625	18571
44626	18571
44627	18572
44628	18573
44629	18574
44630	18575
44631	18575
44632	18575
44633	18576
44634	18577
44635	18576
44636	18577
44637	18577
44638	18578
44639	18578
44640	18579
44641	18580
44642	18581
44643	18582
44644	18581
44645	18582
44646	18583
44647	18584
44648	18585
44649	18585
44650	18586
44651	18587
44652	18588
44653	18589
44654	18589
44655	18588
44656	18587
44657	18586
44658	18587
44659	18588
44660	18589
44661	18590
44662	18591
44663	18591
44664	18592
44665	18593
44666	18593
44667	18593
44668	18594
44669	18595
44670	18596
44671	18597
44672	18597
44673	18598
44674	18598
44675	18599
44676	18600
44677	18600
44678	18601
44679	18602
44680	18603
44681	18603
44682	18602
44683	18602
44684	18603
44685	18604
44686	18605
44687	18606
44688	18607
44689	18607
44690	18608
44691	18609
44692	18609
44693	18610
44694	18611
44695	18611
44696	18612
44697	18613
44698	18613
44699	18614
44700	18614
44701	18614
44702	18614
44703	18614
44704	18613
44705	18613
44706	18613
44707	18613
44708	18612
44709	18613
44710	18613
44711	18612
44712	18612
44713	18612
44714	18612
44715	18614
44716	18614
44717	18615
44718	18615
44719	18615
44720	18615
44721	18615
44722	18615
44723	18615
44724	18615
44725	18615
44726	18617
44727	18617
44728	18619
44729	18619
44730	18621
44731	18621
44732	18621
44733	18621
44734	18621
44735	18620
44736	18620
44737	18620
44738	18621
44739	18621
44740	18623
44741	18623
44742	18623
44743	18623
44744	18623
44745	18623
44746	18623
44747	18623
44748	18623
44749	18623
44750	18623
44751	18622
44752	18622
44753	18622
44754	18621
44755	18622
44756	18621
44757	18621
44758	18621
44759	18621
44760	18621
44761	18621
44762	18621
44763	18621
44764	18621
44765	18620
44766	18619
44767	18619
44768	18618
44769	18617
44770	18618
44771	18617
44772	18617
44773	18616
44774	18615
44775	18615
44776	18617
44777	18616
44778	18618
44779	18618
44780	18620
44781	18620
44782	18622
44783	18622
44784	18624
44785	18623
44786	18623
44787	18623
44788	18623
44789	18623
44790	18623
44791	18625
44792	18625
44793	18625
44794	18625
44795	18625
44796	18624
44797	18623
44798	18623
44799	18623
44800	18623
44801	18623
44802	18623
44803	18623
44804	18622
44805	18622
44806	18622
44807	18621
44808	18621
44809	18621
44810	18621
44811	18621
44812	18621
44813	18621
44814	18623
44815	18623
44816	18623
44817	18623
44818	18623
44819	18623
44820	18623
44821	18623
44822	18625
44823	18624
44824	18625
44825	18624
44826	18624
44827	18623
44828	18623
44829	18624
44830	18624
44831	18625
44832	18625
44833	18626
44834	18626
44835	18626
44836	18625
44837	18625
44838	18625
44839	18625
44840	18624
44841	18624
44842	18624
44843	18624
44844	18624
44845	18624
44846	18624
44847	18626
44848	18626
44849	18626
44850	18626
44851	18626
44852	18626
44853	18626
44854	18625
44855	18627
44856	18627
44857	18628
44858	18628
44859	18629
44860	18629
44861	18631
44862	18632
44863	18632
44864	18633
44865	18632
44866	18632
44867	18632
44868	18632
44869	18632
44870	18632
44871	18632
44872	18632
44873	18634
44874	18634
44875	18635
44876	18634
44877	18635
44878	18637
44879	18637
44880	18637
44881	18637
44882	18636
44883	18636
44884	18636
44885	18635
44886	18634
44887	18634
44888	18634
44889	18636
44890	18635
44891	18637
44892	18637
44893	18638
44894	18638
44895	18638
44896	18640
44897	18639
44898	18641
44899	18641
44900	18641
44901	18643
44902	18643
44903	18643
44904	18642
44905	18641
44906	18641
44907	18641
44908	18640
44909	18642
44910	18642
44911	18643
44912	18644
44913	18645
44914	18645
44915	18645
44916	18645
44917	18645
44918	18644
44919	18644
44920	18646
44921	18646
44922	18646
44923	18646
44924	18647
44925	18647
44926	18646
44927	18646
44928	18646
44929	18646
44930	18648
44931	18648
44932	18648
44933	18648
44934	18647
44935	18646
44936	18645
44937	18646
44938	18645
44939	18647
44940	18646
44941	18646
44942	18645
44943	18645
44944	18645
44945	18645
44946	18645
44947	18645
44948	18645
44949	18645
44950	18644
44951	18644
44952	18643
44953	18642
44954	18642
44955	18641
44956	18640
44957	18640
44958	18639
44959	18638
44960	18637
44961	18636
44962	18637
44963	18637
44964	18638
44965	18638
44966	18640
44967	18640
44968	18640
44969	18640
44970	18640
44971	18642
44972	18644
44973	18644
44974	18644
44975	18644
44976	18644
44977	18643
44978	18643
44979	18643
44980	18644
44981	18644
44982	18644
44983	18644
44984	18643
44985	18642
44986	18641
44987	18641
44988	18640
44989	18640
44990	18640
44991	18641
44992	18641
44993	18640
44994	18639
44995	18638
44996	18638
44997	18637
44998	18639
44999	18638
45000	18638
45001	18637
45002	18637
45003	18639
45004	18638
45005	18638
45006	18638
45007	18638
45008	18638
45009	18638
45010	18640
45011	18640
45012	18640
45013	18640
45014	18639
45015	18639
45016	18639
45017	18641
45018	18641
45019	18640
45020	18640
45021	18639
45022	18641
45023	18641
45024	18641
45025	18641
45026	18641
45027	18643
45028	18643
45029	18643
45030	18642
45031	18642
45032	18642
45033	18643
45034	18642
45035	18642
45036	18642
45037	18642
45038	18642
45039	18642
45040	18641
45041	18643
45042	18643
45043	18644
45044	18644
45045	18645
45046	18645
45047	18646
45048	18648
45049	18648
45050	18649
45051	18649
45052	18649
45053	18649
45054	18649
45055	18648
45056	18648
45057	18648
45058	18648
45059	18650
45060	18650
45061	18651
45062	18651
45063	18652
45064	18652
45065	18654
45066	18654
45067	18656
45068	18656
45069	18657
45070	18656
45071	18655
45072	18656
45073	18655
45074	18654
45075	18654
45076	18655
45077	18655
45078	18654
45079	18654
45080	18653
45081	18655
45082	18654
45083	18655
45084	18654
45085	18654
45086	18654
45087	18654
45088	18655
45089	18655
45090	18655
45091	18655
45092	18657
45093	18656
45094	18656
45095	18656
45096	18656
45097	18656
45098	18656
45099	18656
45100	18656
45101	18656
45102	18656
45103	18655
45104	18655
45105	18655
45106	18656
45107	18656
45108	18657
45109	18657
45110	18657
45111	18659
45112	18659
45113	18659
45114	18658
45115	18658
45116	18657
45117	18657
45118	18656
45119	18655
45120	18655
45121	18655
45122	18655
45123	18654
45124	18654
45125	18654
45126	18655
45127	18655
45128	18655
45129	18655
45130	18655
45131	18655
45132	18655
45133	18657
45134	18657
45135	18657
45136	18657
45137	18657
45138	18657
45139	18657
45140	18659
45141	18659
45142	18660
45143	18659
45144	18660
45145	18660
45146	18661
45147	18660
45148	18661
45149	18661
45150	18660
45151	18660
45152	18660
45153	18660
45154	18660
45155	18662
45156	18661
45157	18661
45158	18661
45159	18661
45160	18661
45161	18661
45162	18663
45163	18663
45164	18663
45165	18662
45166	18662
45167	18662
45168	18662
45169	18662
45170	18664
45171	18664
45172	18665
45173	18665
45174	18666
45175	18666
45176	18665
45177	18665
45178	18664
45179	18664
45180	18664
45181	18665
45182	18664
45183	18664
45184	18663
45185	18663
45186	18662
45187	18662
45188	18662
45189	18661
45190	18661
45191	18661
45192	18661
45193	18661
45194	18661
45195	18661
45196	18660
45197	18660
45198	18659
45199	18659
45200	18659
45201	18659
45202	18658
45203	18657
45204	18657
45205	18656
45206	18655
45207	18656
45208	18655
45209	18656
45210	18657
45211	18657
45212	18657
45213	18657
45214	18657
45215	18656
45216	18655
45217	18655
45218	18657
45219	18657
45220	18658
45221	18657
45222	18657
45223	18657
45224	18657
45225	18656
45226	18656
45227	18655
45228	18655
45229	18655
45230	18656
45231	18656
45232	18655
45233	18654
45234	18654
45235	18654
45236	18654
45237	18654
45238	18656
45239	18658
45240	18657
45241	18657
45242	18657
45243	18657
45244	18657
45245	18658
45246	18658
45247	18657
45248	18656
45249	18656
45250	18656
45251	18658
45252	18658
45253	18658
45254	18658
45255	18658
45256	18657
45257	18657
45258	18657
45259	18656
45260	18656
45261	18656
45262	18656
45263	18655
45264	18655
45265	18655
45266	18655
45267	18656
45268	18656
45269	18658
45270	18658
45271	18658
45272	18658
45273	18658
45274	18657
45275	18656
45276	18656
45277	18655
45278	18656
45279	18656
45280	18656
45281	18657
45282	18658
45283	18658
45284	18659
45285	18658
45286	18657
45287	18657
45288	18656
45289	18656
45290	18657
45291	18657
45292	18658
45293	18658
45294	18659
45295	18659
45296	18659
45297	18659
45298	18658
45299	18658
45300	18658
45301	18658
45302	18658
45303	18658
45304	18659
45305	18661
45306	18661
45307	18661
45308	18661
45309	18661
45310	18661
45311	18660
45312	18660
45313	18660
45314	18661
45315	18661
45316	18662
45317	18662
45318	18662
45319	18662
45320	18662
45321	18661
45322	18661
45323	18661
45324	18661
45325	18661
45326	18662
45327	18662
45328	18661
45329	18661
45330	18662
45331	18661
45332	18661
45333	18661
45334	18660
45335	18659
45336	18661
45337	18661
45338	18660
45339	18660
45340	18660
45341	18660
45342	18662
45343	18661
45344	18661
45345	18661
45346	18661
45347	18661
45348	18660
45349	18660
45350	18660
45351	18660
45352	18661
45353	18661
45354	18661
45355	18660
45356	18660
45357	18660
45358	18659
45359	18659
45360	18660
45361	18659
45362	18659
45363	18659
45364	18659
45365	18659
45366	18659
45367	18658
45368	18658
45369	18658
45370	18660
45371	18659
45372	18659
45373	18661
45374	18661
45375	18663
45376	18663
45377	18665
45378	18664
45379	18664
45380	18663
45381	18663
45382	18663
45383	18662
45384	18663
45385	18663
45386	18663
45387	18663
45388	18663
45389	18663
45390	18663
45391	18665
45392	18665
45393	18665
45394	18665
45395	18665
45396	18665
45397	18664
45398	18666
45399	18666
45400	18666
45401	18666
45402	18666
45403	18666
45404	18665
45405	18664
45406	18665
45407	18664
45408	18664
45409	18664
45410	18664
45411	18664
45412	18664
45413	18663
45414	18663
45415	18663
45416	18663
45417	18663
45418	18662
45419	18662
45420	18661
45421	18660
45422	18660
45423	18660
45424	18660
45425	18662
45426	18661
45427	18661
45428	18660
45429	18660
45430	18660
45431	18662
45432	18662
45433	18662
45434	18661
45435	18661
45436	18661
45437	18661
45438	18660
45439	18660
45440	18660
45441	18660
45442	18660
45443	18660
45444	18661
45445	18660
45446	18660
45447	18661
45448	18662
45449	18662
45450	18662
45451	18662
45452	18662
45453	18663
45454	18663
45455	18663
45456	18662
45457	18662
45458	18662
45459	18661
45460	18663
45461	18665
45462	18665
45463	18667
45464	18667
45465	18666
45466	18666
45467	18666
45468	18665
45469	18665
45470	18664
45471	18664
45472	18666
45473	18666
45474	18666
45475	18665
45476	18664
45477	18664
45478	18664
45479	18663
45480	18663
45481	18664
45482	18664
45483	18665
45484	18666
45485	18667
45486	18667
45487	18668
45488	18667
45489	18666
45490	18666
45491	18666
45492	18666
45493	18665
45494	18665
45495	18667
45496	18667
45497	18669
45498	18669
45499	18670
45500	18670
45501	18671
45502	18670
45503	18669
45504	18668
45505	18670
45506	18670
45507	18669
45508	18669
45509	18669
45510	18669
45511	18668
45512	18667
45513	18667
45514	18666
45515	18666
45516	18666
45517	18666
45518	18666
45519	18666
45520	18666
45521	18665
45522	18664
45523	18666
45524	18666
45525	18665
45526	18665
45527	18665
45528	18667
45529	18667
45530	18667
45531	18666
45532	18665
45533	18666
45534	18666
45535	18668
45536	18669
45537	18669
45538	18668
45539	18670
45540	18670
45541	18669
45542	18669
45543	18669
45544	18669
45545	18669
45546	18669
45547	18670
45548	18670
45549	18669
45550	18669
45551	18669
45552	18669
45553	18669
45554	18669
45555	18668
45556	18667
45557	18668
45558	18668
45559	18668
45560	18668
45561	18668
45562	18668
45563	18667
45564	18667
45565	18667
45566	18667
45567	18667
45568	18668
45569	18668
45570	18669
45571	18670
45572	18670
45573	18672
45574	18671
45575	18671
45576	18671
45577	18671
45578	18671
45579	18671
45580	18671
45581	18671
45582	18671
45583	18671
45584	18673
45585	18673
45586	18675
45587	18674
45588	18674
45589	18673
45590	18673
45591	18673
45592	18674
45593	18675
45594	18675
45595	18677
45596	18677
45597	18677
45598	18676
45599	18675
45600	18675
45601	18675
45602	18676
45603	18676
45604	18676
45605	18675
45606	18675
45607	18675
45608	18675
45609	18675
45610	18675
45611	18675
45612	18675
45613	18674
45614	18674
45615	18675
45616	18674
45617	18675
45618	18675
45619	18675
45620	18675
45621	18675
45622	18676
45623	18676
45624	18675
45625	18675
45626	18675
45627	18675
45628	18675
45629	18674
45630	18674
45631	18674
45632	18674
45633	18674
45634	18674
45635	18674
45636	18675
45637	18674
45638	18673
45639	18674
45640	18675
45641	18674
45642	18673
45643	18672
45644	18672
45645	18672
45646	18672
45647	18671
45648	18671
45649	18671
45650	18671
45651	18670
45652	18669
45653	18668
45654	18668
45655	18670
45656	18670
45657	18669
45658	18669
45659	18671
45660	18671
45661	18671
45662	18671
45663	18673
45664	18673
45665	18675
45666	18675
45667	18675
45668	18674
45669	18674
45670	18674
45671	18674
45672	18674
45673	18673
45674	18673
45675	18674
45676	18673
45677	18672
45678	18671
45679	18671
45680	18670
45681	18669
45682	18669
45683	18668
45684	18668
45685	18668
45686	18670
45687	18670
45688	18670
45689	18670
45690	18669
45691	18669
45692	18669
45693	18671
45694	18673
45695	18672
45696	18672
45697	18672
45698	18672
45699	18672
45700	18674
45701	18674
45702	18673
45703	18672
45704	18672
45705	18672
45706	18672
45707	18673
45708	18673
45709	18673
45710	18672
45711	18672
45712	18671
45713	18671
45714	18672
45715	18672
45716	18672
45717	18671
45718	18671
45719	18671
45720	18671
45721	18671
45722	18670
45723	18670
45724	18670
45725	18670
45726	18670
45727	18670
45728	18669
45729	18670
45730	18670
45731	18672
45732	18672
45733	18672
45734	18672
45735	18672
45736	18672
45737	18672
45738	18673
45739	18672
45740	18672
45741	18672
45742	18672
45743	18672
45744	18672
45745	18672
45746	18672
45747	18673
45748	18673
45749	18674
45750	18674
45751	18674
45752	18674
45753	18673
45754	18673
45755	18673
45756	18673
45757	18673
45758	18674
45759	18674
45760	18675
45761	18674
45762	18674
45763	18674
45764	18676
45765	18676
45766	18675
45767	18675
45768	18675
45769	18677
45770	18677
45771	18679
45772	18679
45773	18679
45774	18679
45775	18679
45776	18679
45777	18678
45778	18677
45779	18677
45780	18677
45781	18676
45782	18676
45783	18676
45784	18677
45785	18677
45786	18676
45787	18676
45788	18676
45789	18676
45790	18676
45791	18676
45792	18676
45793	18676
45794	18678
45795	18678
45796	18678
45797	18677
45798	18678
45799	18680
45800	18679
45801	18678
45802	18678
45803	18678
45804	18678
45805	18678
45806	18678
45807	18678
45808	18678
45809	18678
45810	18677
45811	18677
45812	18677
45813	18677
45814	18678
45815	18678
45816	18677
45817	18677
45818	18677
45819	18677
45820	18679
45821	18679
45822	18679
45823	18678
45824	18678
45825	18678
45826	18677
45827	18677
45828	18677
45829	18678
45830	18678
45831	18678
45832	18678
45833	18677
45834	18676
45835	18676
45836	18676
45837	18675
45838	18675
45839	18675
45840	18677
45841	18677
45842	18678
45843	18679
45844	18678
45845	18678
45846	18679
45847	18679
45848	18678
45849	18678
45850	18678
45851	18677
45852	18678
45853	18678
45854	18678
45855	18678
45856	18678
45857	18679
45858	18680
45859	18680
45860	18680
45861	18680
45862	18680
45863	18680
45864	18680
45865	18681
45866	18681
45867	18682
45868	18682
45869	18682
45870	18683
45871	18682
45872	18683
45873	18682
45874	18681
45875	18680
45876	18679
45877	18679
45878	18679
45879	18679
45880	18679
45881	18678
45882	18678
45883	18678
45884	18677
45885	18679
45886	18679
45887	18679
45888	18678
45889	18678
45890	18678
45891	18679
45892	18679
45893	18679
45894	18679
45895	18679
45896	18678
45897	18678
45898	18677
45899	18678
45900	18678
45901	18680
45902	18680
45903	18680
45904	18680
45905	18679
45906	18679
45907	18680
45908	18680
45909	18680
45910	18682
45911	18682
45912	18682
45913	18684
45914	18684
45915	18686
45916	18686
45917	18687
45918	18688
45919	18687
45920	18686
45921	18686
45922	18686
45923	18686
45924	18686
45925	18688
45926	18688
45927	18689
45928	18689
45929	18689
45930	18689
45931	18689
45932	18688
45933	18688
45934	18688
45935	18689
45936	18688
45937	18687
45938	18687
45939	18688
45940	18688
45941	18688
45942	18688
45943	18688
45944	18687
45945	18687
45946	18687
45947	18687
45948	18687
45949	18687
45950	18687
45951	18687
45952	18686
45953	18688
45954	18688
45955	18689
45956	18689
45957	18689
45958	18688
45959	18688
45960	18687
45961	18686
45962	18686
45963	18685
45964	18685
45965	18686
45966	18686
45967	18686
45968	18685
45969	18685
45970	18684
45971	18684
45972	18686
45973	18686
45974	18686
45975	18687
45976	18687
45977	18687
45978	18687
45979	18687
45980	18687
45981	18687
45982	18687
45983	18688
45984	18687
45985	18688
45986	18688
45987	18688
45988	18688
45989	18687
45990	18688
45991	18688
45992	18688
45993	18687
45994	18688
45995	18688
45996	18688
45997	18687
45998	18687
45999	18687
46000	18687
46001	18687
46002	18686
46003	18685
46004	18684
46005	18684
46006	18684
46007	18684
46008	18683
46009	18682
46010	18682
46011	18682
46012	18682
46013	18681
46014	18680
46015	18679
46016	18678
46017	18677
46018	18679
46019	18679
46020	18679
46021	18679
46022	18679
46023	18679
46024	18679
46025	18679
46026	18680
46027	18679
46028	18681
46029	18680
46030	18680
46031	18679
46032	18679
46033	18680
46034	18680
46035	18679
46036	18679
46037	18679
46038	18679
46039	18679
46040	18679
46041	18680
46042	18679
46043	18680
46044	18680
46045	18681
46046	18682
46047	18681
46048	18680
46049	18680
46050	18680
46051	18680
46052	18679
46053	18680
46054	18681
46055	18681
46056	18680
46057	18680
46058	18681
46059	18681
46060	18682
46061	18684
46062	18685
46063	18685
46064	18685
46065	18685
46066	18684
46067	18684
46068	18686
46069	18686
46070	18685
46071	18685
46072	18685
46073	18684
46074	18685
46075	18685
46076	18685
46077	18685
46078	18685
46079	18684
46080	18684
46081	18684
46082	18684
46083	18683
46084	18683
46085	18683
46086	18683
46087	18683
46088	18683
46089	18683
46090	18684
46091	18686
46092	18686
46093	18686
46094	18688
46095	18688
46096	18689
46097	18689
46098	18689
46099	18688
46100	18687
46101	18688
46102	18688
46103	18688
46104	18687
46105	18687
46106	18686
46107	18685
46108	18684
46109	18684
46110	18684
46111	18684
46112	18684
46113	18684
46114	18683
46115	18683
46116	18683
46117	18685
46118	18685
46119	18687
46120	18687
46121	18689
46122	18689
46123	18691
46124	18691
46125	18693
46126	18693
46127	18693
46128	18693
46129	18695
46130	18695
46131	18695
46132	18695
46133	18694
46134	18693
46135	18693
46136	18693
46137	18694
46138	18694
46139	18693
46140	18693
46141	18693
46142	18693
46143	18692
46144	18691
46145	18691
46146	18691
46147	18690
46148	18689
46149	18688
46150	18688
46151	18688
46152	18688
46153	18687
46154	18687
46155	18687
46156	18689
46157	18689
46158	18688
46159	18688
46160	18688
46161	18690
46162	18689
46163	18689
46164	18689
46165	18688
46166	18687
46167	18687
46168	18687
46169	18687
46170	18687
46171	18687
46172	18686
46173	18685
46174	18685
46175	18685
46176	18687
46177	18687
46178	18687
46179	18688
46180	18688
46181	18688
46182	18687
46183	18687
46184	18687
46185	18687
46186	18687
46187	18687
46188	18686
46189	18686
46190	18686
46191	18686
46192	18685
46193	18685
46194	18684
46195	18684
46196	18684
46197	18686
46198	18686
46199	18686
46200	18686
46201	18686
46202	18688
46203	18687
46204	18687
46205	18687
46206	18686
46207	18687
46208	18686
46209	18686
46210	18688
46211	18688
46212	18688
46213	18688
46214	18688
46215	18688
46216	18688
46217	18688
46218	18688
46219	18688
46220	18690
46221	18690
46222	18691
46223	18691
46224	18692
46225	18692
46226	18693
46227	18693
46228	18694
46229	18693
46230	18693
46231	18694
46232	18694
46233	18693
46234	18692
46235	18692
46236	18692
46237	18692
46238	18692
46239	18692
46240	18691
46241	18693
46242	18693
46243	18693
46244	18693
46245	18693
46246	18692
46247	18693
46248	18693
46249	18693
46250	18693
46251	18692
46252	18693
46253	18693
46254	18692
46255	18692
46256	18692
46257	18692
46258	18692
46259	18692
46260	18692
46261	18694
46262	18694
46263	18694
46264	18694
46265	18694
46266	18694
46267	18693
46268	18692
46269	18692
46270	18692
46271	18692
46272	18693
46273	18693
46274	18695
46275	18695
46276	18696
46277	18696
46278	18696
46279	18696
46280	18696
46281	18698
46282	18700
46283	18700
46284	18700
46285	18699
46286	18698
46287	18698
46288	18698
46289	18698
46290	18698
46291	18698
46292	18700
46293	18701
46294	18700
46295	18702
46296	18701
46297	18702
46298	18702
46299	18702
46300	18702
46301	18701
46302	18700
46303	18700
46304	18700
46305	18702
46306	18702
46307	18701
46308	18700
46309	18700
46310	18701
46311	18700
46312	18700
46313	18700
46314	18700
46315	18699
46316	18699
46317	18699
46318	18699
46319	18699
46320	18699
46321	18701
46322	18701
46323	18703
46324	18703
46325	18703
46326	18703
46327	18703
46328	18703
46329	18703
46330	18703
46331	18702
46332	18702
46333	18701
46334	18701
46335	18700
46336	18700
46337	18701
46338	18701
46339	18700
46340	18702
46341	18703
46342	18703
46343	18705
46344	18705
46345	18705
46346	18705
46347	18704
46348	18703
46349	18703
46350	18703
46351	18702
46352	18703
46353	18703
46354	18703
46355	18703
46356	18703
46357	18703
46358	18704
46359	18703
46360	18703
46361	18703
46362	18702
46363	18701
46364	18701
46365	18700
46366	18702
46367	18702
46368	18703
46369	18703
46370	18703
46371	18703
46372	18705
46373	18705
46374	18705
46375	18705
46376	18705
46377	18705
46378	18705
46379	18705
46380	18707
46381	18707
46382	18708
46383	18708
46384	18708
46385	18709
46386	18710
46387	18710
46388	18710
46389	18709
46390	18709
46391	18709
46392	18709
46393	18711
46394	18711
46395	18711
46396	18710
46397	18709
46398	18709
46399	18708
46400	18710
46401	18710
46402	18710
46403	18710
46404	18710
46405	18710
46406	18709
46407	18709
46408	18709
46409	18709
46410	18709
46411	18709
46412	18709
46413	18709
46414	18709
46415	18708
46416	18709
46417	18709
46418	18710
46419	18710
46420	18711
46421	18711
46422	18712
46423	18713
46424	18713
46425	18713
46426	18712
46427	18711
46428	18711
46429	18711
46430	18711
46431	18710
46432	18712
46433	18711
46434	18712
46435	18712
46436	18713
46437	18712
46438	18711
46439	18713
46440	18713
46441	18712
46442	18711
46443	18710
46444	18710
46445	18709
46446	18709
46447	18708
46448	18707
46449	18707
46450	18707
46451	18706
46452	18705
46453	18704
46454	18704
46455	18704
46456	18703
46457	18703
46458	18705
46459	18705
46460	18705
46461	18704
46462	18704
46463	18704
46464	18703
46465	18703
46466	18702
46467	18703
46468	18703
46469	18704
46470	18706
46471	18706
46472	18705
46473	18705
46474	18705
46475	18705
46476	18704
46477	18703
46478	18703
46479	18705
46480	18705
46481	18705
46482	18704
46483	18704
46484	18704
46485	18704
46486	18704
46487	18705
46488	18707
46489	18707
46490	18707
46491	18707
46492	18709
46493	18709
46494	18708
46495	18707
46496	18707
46497	18707
46498	18707
46499	18707
46500	18707
46501	18709
46502	18708
46503	18710
46504	18710
46505	18710
46506	18710
46507	18710
46508	18709
46509	18709
46510	18709
46511	18709
46512	18710
46513	18710
46514	18710
46515	18710
46516	18710
46517	18710
46518	18709
46519	18711
46520	18712
46521	18711
46522	18711
46523	18710
46524	18710
46525	18710
46526	18709
46527	18711
46528	18710
46529	18710
46530	18710
46531	18709
46532	18708
46533	18708
46534	18707
46535	18707
46536	18707
46537	18707
46538	18707
46539	18706
46540	18705
46541	18704
46542	18703
46543	18702
46544	18702
46545	18702
46546	18704
46547	18703
46548	18703
46549	18703
46550	18703
46551	18703
46552	18703
46553	18703
46554	18705
46555	18707
46556	18706
46557	18708
46558	18708
46559	18709
46560	18709
46561	18710
46562	18710
46563	18709
46564	18709
46565	18709
46566	18709
46567	18708
46568	18707
46569	18706
46570	18705
46571	18704
46572	18704
46573	18703
46574	18703
46575	18703
46576	18705
46577	18704
46578	18704
46579	18704
46580	18705
46581	18705
46582	18705
46583	18705
46584	18705
46585	18705
46586	18705
46587	18704
46588	18704
46589	18704
46590	18705
46591	18705
46592	18705
46593	18704
46594	18704
46595	18704
46596	18704
46597	18705
46598	18705
46599	18706
46600	18706
46601	18706
46602	18706
46603	18705
46604	18705
46605	18705
46606	18705
46607	18705
46608	18704
46609	18704
46610	18704
46611	18703
46612	18704
46613	18704
46614	18704
46615	18704
46616	18704
46617	18704
46618	18704
46619	18703
46620	18702
46621	18702
46622	18702
46623	18702
46624	18702
46625	18702
46626	18703
46627	18702
46628	18703
46629	18703
46630	18703
46631	18705
46632	18704
46633	18703
46634	18703
46635	18703
46636	18704
46637	18704
46638	18704
46639	18703
46640	18703
46641	18703
46642	18705
46643	18704
46644	18704
46645	18704
46646	18704
46647	18705
46648	18704
46649	18704
46650	18703
46651	18702
46652	18702
46653	18702
46654	18702
46655	18701
46656	18701
46657	18700
46658	18700
46659	18699
46660	18699
46661	18699
46662	18701
46663	18701
46664	18700
46665	18699
46666	18699
46667	18699
46668	18699
46669	18699
46670	18700
46671	18700
46672	18700
46673	18700
46674	18699
46675	18699
46676	18699
46677	18700
46678	18699
46679	18699
46680	18698
46681	18698
46682	18698
46683	18698
46684	18698
46685	18698
46686	18699
46687	18699
46688	18699
46689	18699
46690	18699
46691	18699
46692	18700
46693	18700
46694	18701
46695	18701
46696	18701
46697	18700
46698	18700
46699	18699
46700	18699
46701	18699
46702	18700
46703	18699
46704	18699
46705	18699
46706	18699
46707	18699
46708	18699
46709	18699
46710	18699
46711	18699
46712	18701
46713	18701
46714	18703
46715	18703
46716	18702
46717	18702
46718	18702
46719	18703
46720	18702
46721	18702
46722	18702
46723	18702
46724	18704
46725	18706
46726	18706
46727	18707
46728	18707
46729	18707
46730	18707
46731	18707
46732	18707
46733	18709
46734	18709
46735	18710
46736	18710
46737	18710
46738	18710
46739	18709
46740	18709
46741	18709
46742	18711
46743	18710
46744	18710
46745	18710
46746	18709
46747	18711
46748	18711
46749	18711
46750	18710
46751	18710
46752	18710
46753	18710
46754	18709
46755	18709
46756	18709
46757	18709
46758	18709
46759	18708
46760	18709
46761	18709
46762	18709
46763	18709
46764	18710
46765	18710
46766	18711
46767	18711
46768	18712
46769	18713
46770	18713
46771	18713
46772	18713
46773	18713
46774	18715
46775	18714
46776	18716
46777	18718
46778	18718
46779	18720
46780	18720
46781	18720
46782	18720
46783	18719
46784	18718
46785	18718
46786	18718
46787	18718
46788	18717
46789	18719
46790	18719
46791	18721
46792	18721
46793	18721
46794	18720
46795	18719
46796	18719
46797	18718
46798	18717
46799	18716
46800	18716
46801	18715
46802	18714
46803	18713
46804	18713
46805	18712
46806	18712
46807	18712
46808	18712
46809	18711
46810	18711
46811	18711
46812	18710
46813	18710
46814	18710
46815	18709
46816	18709
46817	18709
46818	18708
46819	18708
46820	18708
46821	18707
46822	18708
46823	18708
46824	18708
46825	18707
46826	18707
46827	18707
46828	18707
46829	18706
46830	18706
46831	18705
46832	18705
46833	18707
46834	18707
46835	18709
46836	18708
46837	18707
46838	18707
46839	18709
46840	18709
46841	18710
46842	18710
46843	18709
46844	18710
46845	18710
46846	18711
46847	18710
46848	18710
46849	18709
46850	18708
46851	18708
46852	18708
46853	18708
46854	18710
46855	18710
46856	18710
46857	18712
46858	18712
46859	18714
46860	18714
46861	18713
46862	18712
46863	18711
46864	18711
46865	18711
46866	18711
46867	18710
46868	18710
46869	18712
46870	18712
46871	18712
46872	18712
46873	18711
46874	18711
46875	18710
46876	18710
46877	18709
46878	18708
46879	18708
46880	18708
46881	18708
46882	18709
46883	18709
46884	18709
46885	18708
46886	18707
46887	18707
46888	18706
46889	18705
46890	18704
46891	18704
46892	18704
46893	18706
46894	18706
46895	18708
46896	18708
46897	18710
46898	18709
46899	18711
46900	18711
46901	18713
46902	18713
46903	18714
46904	18713
46905	18712
46906	18711
46907	18710
46908	18709
46909	18709
46910	18708
46911	18707
46912	18707
46913	18707
46914	18707
46915	18709
46916	18709
46917	18709
46918	18709
46919	18709
46920	18708
46921	18707
46922	18707
46923	18707
46924	18709
46925	18709
46926	18709
46927	18708
46928	18708
46929	18708
46930	18708
46931	18710
46932	18710
46933	18712
46934	18714
46935	18713
46936	18715
46937	18715
46938	18714
46939	18714
46940	18716
46941	18716
46942	18715
46943	18715
46944	18715
46945	18715
46946	18715
46947	18715
46948	18715
46949	18714
46950	18716
46951	18716
46952	18716
46953	18716
46954	18715
46955	18715
46956	18714
46957	18713
46958	18713
46959	18712
46960	18712
46961	18712
46962	18713
46963	18712
46964	18711
46965	18711
46966	18710
46967	18709
46968	18709
46969	18709
46970	18708
46971	18707
46972	18707
46973	18707
46974	18707
46975	18706
46976	18706
46977	18706
46978	18708
46979	18708
46980	18707
46981	18707
46982	18706
46983	18706
46984	18708
46985	18708
46986	18708
46987	18708
46988	18708
46989	18708
46990	18707
46991	18707
46992	18707
46993	18707
46994	18707
46995	18707
46996	18708
46997	18708
46998	18709
46999	18709
47000	18710
47001	18710
47002	18709
47003	18708
47004	18708
47005	18708
47006	18707
47007	18707
47008	18708
47009	18708
47010	18710
47011	18710
47012	18709
47013	18708
47014	18707
47015	18707
47016	18707
47017	18709
47018	18709
47019	18711
47020	18711
47021	18710
47022	18710
47023	18710
47024	18709
47025	18708
47026	18707
47027	18706
47028	18706
47029	18705
47030	18707
47031	18707
47032	18707
47033	18707
47034	18706
47035	18706
47036	18707
47037	18707
47038	18707
47039	18707
47040	18707
47041	18706
47042	18705
47043	18707
47044	18707
47045	18707
47046	18706
47047	18706
47048	18706
47049	18706
47050	18706
47051	18705
47052	18705
47053	18705
47054	18705
47055	18705
47056	18705
47057	18705
47058	18706
47059	18705
47060	18705
47061	18705
47062	18707
47063	18707
47064	18707
47065	18707
47066	18707
47067	18706
47068	18705
47069	18705
47070	18705
47071	18706
47072	18706
47073	18707
47074	18707
47075	18709
47076	18709
47077	18709
47078	18711
47079	18712
47080	18712
47081	18712
47082	18712
47083	18712
47084	18712
47085	18713
47086	18715
47087	18715
47088	18714
47089	18713
47090	18712
47091	18711
47092	18710
47093	18710
47094	18710
47095	18712
47096	18711
47097	18711
47098	18711
47099	18710
47100	18710
47101	18709
47102	18708
47103	18708
47104	18708
47105	18707
47106	18707
47107	18707
47108	18707
47109	18707
47110	18707
47111	18707
47112	18706
47113	18708
47114	18707
47115	18707
47116	18707
47117	18706
47118	18705
47119	18707
47120	18706
47121	18707
47122	18707
47123	18708
47124	18708
47125	18710
47126	18711
47127	18711
47128	18713
47129	18713
47130	18713
47131	18713
47132	18712
47133	18711
47134	18711
47135	18711
47136	18713
47137	18713
47138	18715
47139	18715
47140	18715
47141	18716
47142	18716
47143	18716
47144	18718
47145	18718
47146	18718
47147	18719
47148	18719
47149	18720
47150	18720
47151	18719
47152	18720
47153	18719
47154	18719
47155	18719
47156	18718
47157	18718
47158	18718
47159	18718
47160	18717
47161	18717
47162	18717
47163	18716
47164	18718
47165	18717
47166	18717
47167	18717
47168	18717
47169	18717
47170	18719
47171	18719
47172	18718
47173	18718
47174	18718
47175	18718
47176	18718
47177	18718
47178	18718
47179	18718
47180	18720
47181	18720
47182	18720
47183	18720
47184	18719
47185	18718
47186	18720
47187	18720
47188	18721
47189	18721
47190	18722
47191	18724
47192	18724
47193	18725
47194	18725
47195	18725
47196	18725
47197	18725
47198	18725
47199	18726
47200	18726
47201	18726
47202	18728
47203	18728
47204	18728
47205	18728
47206	18728
47207	18728
47208	18727
47209	18726
47210	18725
47211	18725
47212	18727
47213	18727
47214	18727
47215	18726
47216	18726
47217	18726
47218	18726
47219	18726
47220	18727
47221	18727
47222	18727
47223	18728
47224	18728
47225	18729
47226	18729
47227	18728
47228	18729
47229	18729
47230	18728
47231	18727
47232	18727
47233	18727
47234	18729
47235	18729
47236	18729
47237	18728
47238	18728
47239	18728
47240	18728
47241	18728
47242	18728
47243	18727
47244	18727
47245	18727
47246	18727
47247	18727
47248	18727
47249	18727
47250	18727
47251	18726
47252	18726
47253	18725
47254	18725
47255	18725
47256	18725
47257	18724
47258	18724
47259	18724
47260	18725
47261	18725
47262	18725
47263	18724
47264	18726
47265	18725
47266	18725
47267	18724
47268	18724
47269	18724
47270	18724
47271	18724
47272	18724
47273	18724
47274	18724
47275	18724
47276	18724
47277	18723
47278	18723
47279	18722
47280	18722
47281	18722
47282	18724
47283	18723
47284	18723
47285	18723
47286	18723
47287	18723
47288	18723
47289	18722
47290	18722
47291	18723
47292	18723
47293	18724
47294	18724
47295	18725
47296	18727
47297	18726
47298	18727
47299	18726
47300	18726
47301	18726
47302	18726
47303	18726
47304	18726
47305	18726
47306	18726
47307	18726
47308	18726
47309	18726
47310	18728
47311	18728
47312	18729
47313	18728
47314	18728
47315	18730
47316	18729
47317	18729
47318	18731
47319	18733
47320	18733
47321	18732
47322	18732
47323	18731
47324	18731
47325	18730
47326	18732
47327	18734
47328	18734
47329	18734
47330	18733
47331	18732
47332	18732
47333	18732
47334	18731
47335	18732
47336	18733
47337	18734
47338	18734
47339	18735
47340	18736
47341	18736
47342	18736
47343	18735
47344	18734
47345	18734
47346	18734
47347	18734
47348	18734
47349	18734
47350	18736
47351	18736
47352	18737
47353	18736
47354	18737
47355	18736
47356	18736
47357	18735
47358	18735
47359	18735
47360	18735
47361	18734
47362	18733
47363	18732
47364	18732
47365	18733
47366	18733
47367	18732
47368	18731
47369	18731
47370	18731
47371	18731
47372	18731
47373	18731
47374	18731
47375	18730
47376	18730
47377	18731
47378	18730
47379	18732
47380	18731
47381	18730
47382	18732
47383	18734
47384	18734
47385	18735
47386	18735
47387	18737
47388	18737
47389	18736
47390	18736
47391	18735
47392	18735
47393	18736
47394	18738
47395	18737
47396	18737
47397	18738
47398	18738
47399	18740
47400	18740
47401	18739
47402	18739
47403	18739
47404	18738
47405	18738
47406	18738
47407	18738
47408	18740
47409	18740
47410	18742
47411	18741
47412	18742
47413	18743
47414	18743
47415	18745
47416	18745
47417	18745
47418	18745
47419	18744
47420	18744
47421	18744
47422	18744
47423	18744
47424	18745
47425	18745
47426	18744
47427	18743
47428	18742
47429	18742
47430	18743
47431	18743
47432	18743
47433	18742
47434	18741
47435	18740
47436	18739
47437	18738
47438	18738
47439	18738
47440	18737
47441	18739
47442	18739
47443	18739
47444	18738
47445	18738
47446	18738
47447	18738
47448	18740
47449	18739
47450	18738
47451	18738
47452	18738
47453	18740
47454	18739
47455	18738
47456	18737
47457	18739
47458	18739
47459	18740
47460	18740
47461	18739
47462	18738
47463	18737
47464	18736
47465	18737
47466	18737
47467	18737
47468	18737
47469	18739
47470	18739
47471	18740
47472	18740
47473	18739
47474	18738
47475	18739
47476	18739
47477	18739
47478	18739
47479	18738
47480	18737
47481	18737
47482	18737
47483	18738
47484	18738
47485	18738
47486	18739
47487	18739
47488	18739
47489	18738
47490	18737
47491	18737
47492	18737
47493	18737
47494	18739
47495	18739
47496	18741
47497	18741
47498	18742
47499	18742
47500	18741
47501	18741
47502	18740
47503	18740
47504	18740
47505	18739
47506	18739
47507	18738
47508	18738
47509	18737
47510	18737
47511	18737
47512	18737
47513	18736
47514	18735
47515	18735
47516	18734
47517	18733
47518	18734
47519	18734
47520	18734
47521	18734
47522	18733
47523	18733
47524	18732
47525	18734
47526	18734
47527	18736
47528	18736
47529	18736
47530	18736
47531	18735
47532	18734
47533	18736
47534	18736
47535	18735
47536	18734
47537	18734
47538	18734
47539	18735
47540	18735
47541	18737
47542	18736
47543	18737
47544	18737
47545	18736
47546	18736
47547	18736
47548	18736
47549	18736
47550	18735
47551	18734
47552	18734
47553	18735
47554	18735
47555	18735
47556	18734
47557	18734
47558	18734
47559	18734
47560	18735
47561	18735
47562	18736
47563	18736
47564	18738
47565	18739
47566	18739
47567	18739
47568	18739
47569	18738
47570	18738
47571	18737
47572	18737
47573	18737
47574	18736
47575	18735
47576	18735
47577	18735
47578	18735
47579	18735
47580	18734
47581	18734
47582	18736
47583	18736
47584	18737
47585	18737
47586	18737
47587	18736
47588	18736
47589	18735
47590	18735
47591	18734
47592	18734
47593	18734
47594	18734
47595	18734
47596	18733
47597	18733
47598	18733
47599	18734
47600	18734
47601	18734
47602	18734
47603	18734
47604	18735
47605	18735
47606	18735
47607	18735
47608	18734
47609	18734
47610	18734
47611	18733
47612	18733
47613	18733
47614	18733
47615	18733
47616	18734
47617	18734
47618	18734
47619	18733
47620	18734
47621	18734
47622	18736
47623	18737
47624	18737
47625	18739
47626	18739
47627	18741
47628	18740
47629	18739
47630	18739
47631	18739
47632	18739
47633	18739
47634	18739
47635	18739
47636	18739
47637	18738
47638	18738
47639	18738
47640	18738
47641	18738
47642	18738
47643	18738
47644	18738
47645	18737
47646	18738
47647	18737
47648	18736
47649	18736
47650	18736
47651	18736
47652	18735
47653	18735
47654	18735
47655	18736
47656	18736
47657	18737
47658	18737
47659	18739
47660	18740
47661	18740
47662	18742
47663	18742
47664	18742
47665	18742
47666	18742
47667	18742
47668	18742
47669	18742
47670	18742
47671	18744
47672	18744
47673	18746
47674	18745
47675	18746
47676	18745
47677	18745
47678	18745
47679	18745
47680	18744
47681	18743
47682	18744
47683	18744
47684	18746
47685	18746
47686	18745
47687	18744
47688	18744
47689	18744
47690	18743
47691	18743
47692	18743
47693	18743
47694	18743
47695	18743
47696	18743
47697	18743
47698	18743
47699	18742
47700	18742
47701	18742
47702	18742
47703	18743
47704	18743
47705	18743
47706	18743
47707	18742
47708	18743
47709	18743
47710	18744
47711	18745
47712	18745
47713	18745
47714	18744
47715	18743
47716	18745
47717	18744
47718	18745
47719	18745
47720	18747
47721	18747
47722	18747
47723	18746
47724	18745
47725	18745
47726	18745
47727	18745
47728	18745
47729	18747
47730	18747
47731	18749
47732	18750
47733	18749
47734	18749
47735	18751
47736	18751
47737	18752
47738	18752
47739	18751
47740	18751
47741	18751
47742	18751
47743	18750
47744	18750
47745	18749
47746	18749
47747	18748
47748	18747
47749	18746
47750	18747
47751	18747
47752	18747
47753	18747
47754	18747
47755	18747
47756	18747
47757	18747
47758	18746
47759	18745
47760	18745
47761	18745
47762	18744
47763	18744
47764	18744
47765	18744
47766	18746
47767	18746
47768	18746
47769	18747
47770	18746
47771	18746
47772	18747
47773	18747
47774	18749
47775	18749
47776	18748
47777	18747
47778	18746
47779	18746
47780	18745
47781	18744
47782	18744
47783	18744
47784	18744
47785	18744
47786	18743
47787	18742
47788	18742
47789	18742
47790	18741
47791	18740
47792	18741
47793	18741
47794	18741
47795	18741
47796	18741
47797	18743
47798	18745
47799	18745
47800	18745
47801	18746
47802	18745
47803	18744
47804	18744
47805	18744
47806	18743
47807	18743
47808	18743
47809	18744
47810	18744
47811	18745
47812	18744
47813	18744
47814	18743
47815	18742
47816	18741
47817	18741
47818	18740
47819	18742
47820	18742
47821	18743
47822	18743
47823	18742
47824	18741
47825	18740
47826	18741
47827	18741
47828	18741
47829	18741
47830	18741
47831	18741
47832	18740
47833	18739
47834	18740
47835	18740
47836	18739
47837	18741
47838	18740
47839	18740
47840	18741
47841	18741
47842	18741
47843	18741
47844	18741
47845	18741
47846	18742
47847	18742
47848	18741
47849	18741
47850	18741
47851	18741
47852	18740
47853	18740
47854	18740
47855	18741
47856	18741
47857	18741
47858	18743
47859	18742
47860	18743
47861	18743
47862	18744
47863	18743
47864	18744
47865	18744
47866	18744
47867	18744
47868	18743
47869	18743
47870	18743
47871	18743
47872	18743
47873	18742
47874	18742
47875	18742
47876	18742
47877	18741
47878	18740
47879	18740
47880	18741
47881	18741
47882	18743
47883	18743
47884	18743
47885	18742
47886	18742
47887	18742
47888	18741
47889	18741
47890	18743
47891	18743
47892	18742
47893	18742
47894	18742
47895	18741
47896	18743
47897	18743
47898	18743
47899	18743
47900	18742
47901	18741
47902	18741
47903	18741
47904	18741
47905	18740
47906	18740
47907	18740
47908	18740
47909	18740
47910	18741
47911	18740
47912	18739
47913	18738
47914	18738
47915	18738
47916	18737
47917	18738
47918	18739
47919	18739
47920	18740
47921	18740
47922	18741
47923	18743
47924	18743
47925	18744
47926	18744
47927	18745
47928	18745
47929	18747
47930	18747
47931	18747
47932	18746
47933	18746
47934	18745
47935	18745
47936	18745
47937	18744
47938	18744
47939	18743
47940	18743
47941	18743
47942	18744
47943	18743
47944	18743
47945	18742
47946	18742
47947	18742
47948	18741
47949	18742
47950	18742
47951	18743
47952	18743
47953	18744
47954	18744
47955	18744
47956	18743
47957	18743
47958	18742
47959	18742
47960	18742
47961	18742
47962	18744
47963	18743
47964	18745
47965	18745
47966	18746
47967	18746
47968	18746
47969	18746
47970	18746
47971	18746
47972	18746
47973	18746
47974	18745
47975	18746
47976	18746
47977	18747
47978	18746
47979	18747
47980	18749
47981	18748
47982	18748
47983	18747
47984	18747
47985	18749
47986	18749
47987	18749
47988	18749
47989	18749
47990	18749
47991	18748
47992	18748
47993	18748
47994	18749
47995	18748
47996	18748
47997	18748
47998	18747
47999	18749
48000	18749
48001	18749
48002	18750
48003	18749
48004	18751
48005	18751
48006	18750
48007	18750
48008	18750
48009	18749
48010	18749
48011	18748
48012	18749
48013	18750
48014	18750
48015	18750
48016	18750
48017	18750
48018	18749
48019	18749
48020	18749
48021	18748
48022	18747
48023	18747
48024	18747
48025	18746
48026	18746
48027	18745
48028	18744
48029	18744
48030	18746
48031	18746
48032	18747
48033	18747
48034	18747
48035	18747
48036	18747
48037	18749
48038	18749
48039	18749
48040	18749
48041	18748
48042	18748
48043	18748
48044	18748
48045	18749
48046	18749
48047	18749
48048	18748
48049	18748
48050	18747
48051	18746
48052	18747
48053	18747
48054	18746
48055	18746
48056	18746
48057	18745
48058	18744
48059	18744
48060	18743
48061	18745
48062	18744
48063	18743
48064	18743
48065	18743
48066	18745
48067	18744
48068	18743
48069	18744
48070	18744
48071	18744
48072	18743
48073	18743
48074	18743
48075	18742
48076	18742
48077	18744
48078	18744
48079	18744
48080	18744
48081	18743
48082	18743
48083	18743
48084	18743
48085	18743
48086	18743
48087	18744
48088	18744
48089	18744
48090	18744
48091	18746
48092	18746
48093	18745
48094	18744
48095	18744
48096	18744
48097	18744
48098	18743
48099	18745
48100	18745
48101	18746
48102	18745
48103	18746
48104	18746
48105	18747
48106	18749
48107	18749
48108	18750
48109	18750
48110	18750
48111	18750
48112	18750
48113	18750
48114	18750
48115	18749
48116	18749
48117	18751
48118	18751
48119	18752
48120	18752
48121	18753
48122	18753
48123	18755
48124	18755
48125	18757
48126	18757
48127	18757
48128	18757
48129	18757
48130	18757
48131	18757
48132	18756
48133	18756
48134	18755
48135	18756
48136	18757
48137	18757
48138	18758
48139	18758
48140	18758
48141	18760
48142	18760
48143	18760
48144	18760
48145	18761
48146	18761
48147	18761
48148	18761
48149	18761
48150	18761
48151	18761
48152	18761
48153	18763
48154	18763
48155	18765
48156	18765
48157	18765
48158	18767
48159	18767
48160	18767
48161	18767
48162	18766
48163	18766
48164	18765
48165	18764
48166	18763
48167	18763
48168	18765
48169	18765
48170	18765
48171	18765
48172	18765
48173	18765
48174	18765
48175	18765
48176	18766
48177	18766
48178	18766
48179	18766
48180	18766
48181	18766
48182	18766
48183	18766
48184	18765
48185	18764
48186	18764
48187	18764
48188	18764
48189	18764
48190	18763
48191	18762
48192	18762
48193	18761
48194	18761
48195	18760
48196	18759
48197	18759
48198	18761
48199	18761
48200	18763
48201	18762
48202	18764
48203	18764
48204	18763
48205	18765
48206	18765
48207	18765
48208	18765
48209	18764
48210	18764
48211	18766
48212	18766
48213	18766
48214	18766
48215	18765
48216	18764
48217	18763
48218	18763
48219	18763
48220	18763
48221	18763
48222	18762
48223	18762
48224	18761
48225	18761
48226	18761
48227	18761
48228	18761
48229	18761
48230	18761
48231	18762
48232	18761
48233	18761
48234	18761
48235	18761
48236	18761
48237	18761
48238	18761
48239	18763
48240	18762
48241	18763
48242	18762
48243	18762
48244	18761
48245	18761
48246	18762
48247	18762
48248	18763
48249	18763
48250	18764
48251	18764
48252	18763
48253	18763
48254	18763
48255	18763
48256	18763
48257	18762
48258	18762
48259	18762
48260	18762
48261	18762
48262	18762
48263	18762
48264	18764
48265	18764
48266	18764
48267	18763
48268	18763
48269	18763
48270	18763
48271	18762
48272	18764
48273	18763
48274	18764
48275	18764
48276	18765
48277	18765
48278	18767
48279	18768
48280	18767
48281	18768
48282	18767
48283	18766
48284	18766
48285	18766
48286	18765
48287	18764
48288	18764
48289	18764
48290	18764
48291	18766
48292	18766
48293	18765
48294	18764
48295	18764
48296	18764
48297	18766
48298	18766
48299	18766
48300	18765
48301	18766
48302	18766
48303	18766
48304	18766
48305	18766
48306	18766
48307	18766
48308	18768
48309	18768
48310	18768
48311	18767
48312	18766
48313	18766
48314	18766
48315	18767
48316	18766
48317	18766
48318	18766
48319	18768
48320	18768
48321	18768
48322	18767
48323	18767
48324	18767
48325	18767
48326	18766
48327	18767
48328	18767
48329	18768
48330	18768
48331	18768
48332	18767
48333	18767
48334	18769
48335	18769
48336	18769
48337	18768
48338	18767
48339	18766
48340	18766
48341	18766
48342	18767
48343	18766
48344	18766
48345	18766
48346	18766
48347	18766
48348	18766
48349	18766
48350	18766
48351	18766
48352	18768
48353	18769
48354	18769
48355	18769
48356	18771
48357	18771
48358	18773
48359	18773
48360	18773
48361	18772
48362	18772
48363	18771
48364	18771
48365	18771
48366	18771
48367	18770
48368	18770
48369	18770
48370	18769
48371	18769
48372	18769
48373	18768
48374	18768
48375	18770
48376	18770
48377	18770
48378	18770
48379	18769
48380	18769
48381	18769
48382	18768
48383	18768
48384	18770
48385	18769
48386	18769
48387	18769
48388	18769
48389	18769
48390	18769
48391	18768
48392	18768
48393	18768
48394	18769
48395	18769
48396	18769
48397	18769
48398	18769
48399	18768
48400	18768
48401	18768
48402	18768
48403	18769
48404	18768
48405	18767
48406	18769
48407	18769
48408	18771
48409	18771
48410	18773
48411	18773
48412	18772
48413	18772
48414	18772
48415	18772
48416	18772
48417	18771
48418	18771
48419	18773
48420	18773
48421	18772
48422	18772
48423	18772
48424	18771
48425	18771
48426	18770
48427	18770
48428	18770
48429	18772
48430	18774
48431	18774
48432	18775
48433	18775
48434	18776
48435	18775
48436	18774
48437	18776
48438	18776
48439	18776
48440	18775
48441	18775
48442	18775
48443	18774
48444	18773
48445	18772
48446	18772
48447	18772
48448	18772
48449	18772
48450	18772
48451	18772
48452	18771
48453	18771
48454	18770
48455	18772
48456	18771
48457	18771
48458	18771
48459	18771
48460	18773
48461	18773
48462	18774
48463	18774
48464	18775
48465	18776
48466	18776
48467	18777
48468	18776
48469	18777
48470	18776
48471	18776
48472	18776
48473	18776
48474	18775
48475	18777
48476	18776
48477	18776
48478	18776
48479	18776
48480	18776
48481	18776
48482	18776
48483	18778
48484	18777
48485	18777
48486	18777
48487	18779
48488	18778
48489	18778
48490	18777
48491	18777
48492	18778
48493	18778
48494	18780
48495	18780
48496	18780
48497	18779
48498	18779
48499	18779
48500	18779
48501	18779
48502	18781
48503	18780
48504	18780
48505	18780
48506	18780
48507	18780
48508	18782
48509	18781
48510	18781
48511	18781
48512	18782
48513	18782
48514	18784
48515	18785
48516	18785
48517	18784
48518	18785
48519	18785
48520	18787
48521	18787
48522	18787
48523	18786
48524	18786
48525	18786
48526	18786
48527	18786
48528	18787
48529	18787
48530	18787
48531	18787
48532	18787
48533	18786
48534	18785
48535	18785
48536	18784
48537	18783
48538	18782
48539	18782
48540	18782
48541	18782
48542	18782
48543	18782
48544	18783
48545	18783
48546	18784
48547	18785
48548	18785
48549	18784
48550	18783
48551	18782
48552	18782
48553	18782
48554	18782
48555	18783
48556	18782
48557	18781
48558	18781
48559	18781
48560	18781
48561	18782
48562	18782
48563	18782
48564	18782
48565	18782
48566	18781
48567	18781
48568	18781
48569	18780
48570	18780
48571	18781
48572	18781
48573	18781
48574	18780
48575	18780
48576	18780
48577	18780
48578	18780
48579	18780
48580	18779
48581	18779
48582	18779
48583	18779
48584	18778
48585	18779
48586	18779
48587	18778
48588	18777
48589	18778
48590	18777
48591	18777
48592	18778
48593	18777
48594	18777
48595	18777
48596	18776
48597	18775
48598	18775
48599	18775
48600	18775
48601	18775
48602	18774
48603	18774
48604	18774
48605	18774
48606	18776
48607	18775
48608	18774
48609	18774
48610	18774
48611	18774
48612	18773
48613	18773
48614	18774
48615	18774
48616	18774
48617	18774
48618	18774
48619	18774
48620	18774
48621	18774
48622	18775
48623	18775
48624	18776
48625	18775
48626	18776
48627	18775
48628	18776
48629	18776
48630	18776
48631	18776
48632	18775
48633	18775
48634	18774
48635	18774
48636	18773
48637	18775
48638	18775
48639	18776
48640	18776
48641	18776
48642	18776
48643	18776
48644	18778
48645	18777
48646	18777
48647	18777
48648	18777
48649	18777
48650	18777
48651	18778
48652	18778
48653	18778
48654	18777
48655	18777
48656	18777
48657	18777
48658	18777
48659	18778
48660	18778
48661	18778
48662	18778
48663	18778
48664	18780
48665	18780
48666	18781
48667	18781
48668	18781
48669	18781
48670	18781
48671	18781
48672	18780
48673	18779
48674	18778
48675	18778
48676	18777
48677	18776
48678	18775
48679	18775
48680	18775
48681	18775
48682	18774
48683	18773
48684	18774
48685	18773
48686	18774
48687	18774
48688	18774
48689	18774
48690	18774
48691	18775
48692	18775
48693	18775
48694	18775
48695	18774
48696	18773
48697	18773
48698	18773
48699	18772
48700	18772
48701	18771
48702	18770
48703	18770
48704	18772
48705	18771
48706	18771
48707	18771
48708	18771
48709	18770
48710	18772
48711	18772
48712	18772
48713	18772
48714	18771
48715	18771
48716	18771
48717	18771
48718	18771
48719	18770
48720	18769
48721	18769
48722	18769
48723	18769
48724	18771
48725	18770
48726	18770
48727	18770
48728	18769
48729	18768
48730	18768
48731	18767
48732	18767
48733	18767
48734	18767
48735	18767
48736	18766
48737	18766
48738	18767
48739	18766
48740	18766
48741	18765
48742	18765
48743	18765
48744	18766
48745	18767
48746	18767
48747	18768
48748	18767
48749	18767
48750	18767
48751	18767
48752	18767
48753	18767
48754	18766
48755	18766
48756	18767
48757	18767
48758	18767
48759	18769
48760	18769
48761	18769
48762	18769
48763	18768
48764	18767
48765	18767
48766	18767
48767	18768
48768	18768
48769	18769
48770	18769
48771	18769
48772	18769
48773	18769
48774	18768
48775	18767
48776	18768
48777	18768
48778	18768
48779	18769
48780	18769
48781	18769
48782	18769
48783	18768
48784	18768
48785	18768
48786	18768
48787	18769
48788	18769
48789	18769
48790	18768
48791	18768
48792	18768
48793	18768
48794	18768
48795	18770
48796	18770
48797	18772
48798	18772
48799	18772
48800	18771
48801	18771
48802	18771
48803	18770
48804	18770
48805	18771
48806	18771
48807	18770
48808	18769
48809	18768
48810	18768
48811	18768
48812	18767
48813	18768
48814	18768
48815	18768
48816	18767
48817	18767
48818	18767
48819	18767
48820	18769
48821	18768
48822	18768
48823	18769
48824	18768
48825	18768
48826	18768
48827	18768
48828	18767
48829	18767
48830	18767
48831	18766
48832	18766
48833	18765
48834	18764
48835	18764
48836	18766
48837	18765
48838	18764
48839	18765
48840	18765
48841	18765
48842	18764
48843	18764
48844	18764
48845	18764
48846	18764
48847	18765
48848	18765
48849	18766
48850	18765
48851	18767
48852	18767
48853	18769
48854	18769
48855	18769
48856	18769
48857	18769
48858	18769
48859	18768
48860	18767
48861	18767
48862	18767
48863	18768
48864	18767
48865	18766
48866	18766
48867	18766
48868	18766
48869	18767
48870	18767
48871	18767
48872	18766
48873	18765
48874	18765
48875	18765
48876	18767
48877	18766
48878	18766
48879	18766
48880	18765
48881	18765
48882	18764
48883	18765
48884	18765
48885	18765
48886	18765
48887	18766
48888	18766
48889	18765
48890	18765
48891	18765
48892	18765
48893	18765
48894	18765
48895	18765
48896	18766
48897	18766
48898	18767
48899	18767
48900	18767
48901	18766
48902	18765
48903	18765
48904	18767
48905	18767
48906	18768
48907	18768
48908	18768
48909	18768
48910	18767
48911	18767
48912	18767
48913	18767
48914	18767
48915	18767
48916	18767
48917	18767
48918	18769
48919	18768
48920	18767
48921	18768
48922	18768
48923	18769
48924	18769
48925	18771
48926	18770
48927	18770
48928	18770
48929	18770
48930	18770
48931	18769
48932	18768
48933	18769
48934	18768
48935	18767
48936	18766
48937	18766
48938	18765
48939	18766
48940	18766
48941	18766
48942	18765
48943	18764
48944	18764
48945	18763
48946	18762
48947	18764
48948	18764
48949	18764
48950	18763
48951	18763
48952	18763
48953	18763
48954	18763
48955	18763
48956	18763
48957	18765
48958	18765
48959	18765
48960	18765
48961	18764
48962	18764
48963	18765
48964	18765
48965	18767
48966	18767
48967	18767
48968	18769
48969	18770
48970	18772
48971	18772
48972	18773
48973	18772
48974	18772
48975	18772
48976	18772
48977	18772
48978	18774
48979	18774
48980	18775
48981	18775
48982	18775
48983	18775
48984	18774
48985	18774
48986	18774
48987	18774
48988	18776
48989	18776
48990	18776
48991	18775
48992	18775
48993	18776
48994	18776
48995	18776
48996	18775
48997	18775
48998	18775
48999	18775
49000	18774
49001	18774
49002	18774
49003	18773
49004	18772
49005	18771
49006	18771
49007	18771
49008	18771
49009	18772
49010	18771
49011	18771
49012	18771
49013	18773
49014	18774
49015	18774
49016	18775
49017	18775
49018	18776
49019	18776
49020	18775
49021	18775
49022	18774
49023	18775
49024	18775
49025	18775
49026	18776
49027	18776
49028	18776
49029	18776
49030	18776
49031	18776
49032	18776
49033	18776
49034	18775
49035	18776
49036	18775
49037	18775
49038	18776
49039	18776
49040	18777
49041	18776
49042	18776
49043	18775
49044	18775
49045	18775
49046	18774
49047	18773
49048	18774
49049	18774
49050	18774
49051	18774
49052	18774
49053	18774
49054	18774
49055	18773
49056	18775
49057	18775
49058	18776
49059	18776
49060	18776
49061	18775
49062	18774
49063	18773
49064	18773
49065	18775
49066	18775
49067	18775
49068	18774
49069	18774
49070	18774
49071	18774
49072	18773
49073	18774
49074	18773
49075	18774
49076	18774
49077	18774
49078	18773
49079	18773
49080	18774
49081	18774
49082	18775
49083	18775
49084	18775
49085	18775
49086	18775
49087	18775
49088	18774
49089	18774
49090	18774
49091	18774
49092	18773
49093	18772
49094	18772
49095	18771
49096	18770
49097	18769
49098	18768
49099	18767
49100	18766
49101	18768
49102	18768
49103	18767
49104	18767
49105	18766
49106	18766
49107	18765
49108	18766
49109	18766
49110	18766
49111	18766
49112	18766
49113	18766
49114	18766
49115	18766
49116	18767
49117	18766
49118	18768
49119	18767
49120	18766
49121	18766
49122	18766
49123	18767
49124	18767
49125	18766
49126	18767
49127	18767
49128	18768
49129	18768
49130	18767
49131	18767
49132	18766
49133	18767
49134	18767
49135	18768
49136	18767
49137	18767
49138	18767
49139	18767
49140	18767
49141	18769
49142	18770
49143	18770
49144	18770
49145	18769
49146	18770
49147	18770
49148	18770
49149	18770
49150	18770
49151	18772
49152	18772
49153	18772
49154	18771
49155	18770
49156	18770
49157	18770
49158	18769
49159	18768
49160	18767
49161	18767
49162	18767
49163	18767
49164	18767
49165	18767
49166	18767
49167	18769
49168	18769
49169	18769
49170	18770
49171	18770
49172	18772
49173	18772
49174	18774
49175	18774
49176	18774
49177	18774
49178	18773
49179	18773
49180	18773
49181	18774
49182	18774
49183	18774
49184	18773
49185	18773
49186	18772
49187	18771
49188	18770
49189	18770
49190	18770
49191	18769
49192	18769
49193	18769
49194	18768
49195	18768
49196	18768
49197	18767
49198	18769
49199	18769
49200	18770
49201	18769
49202	18771
49203	18771
49204	18772
49205	18772
49206	18773
49207	18773
49208	18772
49209	18772
49210	18771
49211	18772
49212	18772
49213	18771
49214	18771
49215	18770
49216	18770
49217	18769
49218	18768
49219	18768
49220	18768
49221	18768
49222	18768
49223	18767
49224	18767
49225	18769
49226	18769
49227	18771
49228	18770
49229	18770
49230	18770
49231	18770
49232	18770
49233	18770
49234	18772
49235	18771
49236	18771
49237	18770
49238	18770
49239	18770
49240	18770
49241	18770
49242	18770
49243	18770
49244	18769
49245	18768
49246	18769
49247	18768
49248	18768
49249	18770
49250	18770
49251	18770
49252	18770
49253	18770
49254	18770
49255	18770
49256	18770
49257	18770
49258	18770
49259	18772
49260	18772
49261	18773
49262	18773
49263	18774
49264	18773
49265	18774
49266	18774
49267	18775
49268	18774
49269	18774
49270	18773
49271	18773
49272	18773
49273	18773
49274	18773
49275	18773
49276	18773
49277	18772
49278	18772
49279	18771
49280	18770
49281	18770
49282	18769
49283	18768
49284	18768
49285	18768
49286	18768
49287	18768
49288	18767
49289	18768
49290	18768
49291	18768
49292	18768
49293	18768
49294	18767
49295	18768
49296	18767
49297	18768
49298	18768
49299	18768
49300	18768
49301	18768
49302	18768
49303	18768
49304	18767
49305	18767
49306	18767
49307	18769
49308	18768
49309	18769
49310	18768
49311	18768
49312	18768
49313	18770
49314	18770
49315	18770
49316	18770
49317	18770
49318	18770
49319	18770
49320	18769
49321	18771
49322	18773
49323	18773
49324	18772
49325	18772
49326	18772
49327	18772
49328	18774
49329	18774
49330	18776
49331	18775
49332	18775
49333	18775
49334	18775
49335	18775
49336	18774
49337	18773
49338	18773
49339	18773
49340	18774
49341	18773
49342	18773
49343	18773
49344	18773
49345	18775
49346	18775
49347	18774
49348	18773
49349	18773
49350	18773
49351	18773
49352	18773
49353	18773
49354	18773
49355	18773
49356	18772
49357	18771
49358	18771
49359	18771
49360	18771
49361	18773
49362	18773
49363	18775
49364	18774
49365	18774
49366	18774
49367	18774
49368	18773
49369	18772
49370	18772
49371	18772
49372	18773
49373	18772
49374	18774
49375	18775
49376	18775
49377	18777
49378	18777
49379	18776
49380	18776
49381	18776
49382	18776
49383	18775
49384	18774
49385	18773
49386	18772
49387	18772
49388	18773
49389	18773
49390	18773
49391	18773
49392	18773
49393	18773
49394	18773
49395	18773
49396	18773
49397	18775
49398	18775
49399	18776
49400	18776
49401	18775
49402	18774
49403	18773
49404	18773
49405	18772
49406	18771
49407	18773
49408	18773
49409	18773
49410	18774
49411	18773
49412	18775
49413	18774
49414	18773
49415	18772
49416	18772
49417	18771
49418	18771
49419	18773
49420	18773
49421	18772
49422	18771
49423	18770
49424	18770
49425	18770
49426	18772
49427	18772
49428	18771
49429	18771
49430	18771
49431	18771
49432	18770
49433	18770
49434	18769
49435	18768
49436	18768
49437	18767
49438	18767
49439	18766
49440	18766
49441	18766
49442	18767
49443	18766
49444	18767
49445	18769
49446	18769
49447	18768
49448	18767
49449	18767
49450	18767
49451	18767
49452	18767
49453	18767
49454	18768
49455	18768
49456	18769
49457	18769
49458	18769
49459	18768
49460	18768
49461	18768
49462	18767
49463	18767
49464	18766
49465	18766
49466	18768
49467	18770
49468	18770
49469	18769
49470	18768
49471	18767
49472	18767
49473	18767
49474	18766
49475	18766
49476	18768
49477	18770
49478	18770
49479	18769
49480	18769
49481	18769
49482	18768
49483	18770
49484	18770
49485	18770
49486	18769
49487	18769
49488	18769
49489	18769
49490	18768
49491	18768
49492	18767
49493	18767
49494	18767
49495	18767
49496	18766
49497	18765
49498	18767
49499	18767
49500	18767
49501	18767
49502	18767
49503	18767
49504	18767
49505	18767
49506	18767
49507	18767
49508	18766
49509	18767
49510	18767
49511	18768
49512	18767
49513	18768
49514	18768
49515	18769
49516	18770
49517	18770
49518	18770
49519	18769
49520	18769
49521	18768
49522	18768
49523	18768
49524	18767
49525	18769
49526	18769
49527	18768
49528	18769
49529	18770
49530	18769
49531	18769
49532	18769
49533	18768
49534	18768
49535	18768
49536	18767
49537	18769
49538	18769
49539	18769
49540	18769
49541	18770
49542	18769
49543	18768
49544	18768
49545	18768
49546	18768
49547	18768
49548	18770
49549	18769
49550	18768
49551	18768
49552	18768
49553	18767
49554	18766
49555	18766
49556	18768
49557	18767
49558	18767
49559	18769
49560	18768
49561	18770
49562	18770
49563	18772
49564	18772
49565	18772
49566	18771
49567	18771
49568	18771
49569	18771
49570	18771
49571	18771
49572	18773
49573	18773
49574	18773
49575	18773
49576	18773
49577	18772
49578	18771
49579	18770
49580	18770
49581	18770
49582	18770
49583	18771
49584	18770
49585	18769
49586	18768
49587	18767
49588	18767
49589	18767
49590	18767
49591	18767
49592	18769
49593	18769
49594	18770
49595	18772
49596	18772
49597	18773
49598	18772
49599	18771
49600	18773
49601	18773
49602	18772
49603	18771
49604	18770
49605	18769
49606	18768
49607	18768
49608	18768
49609	18767
49610	18767
49611	18767
49612	18769
49613	18769
49614	18769
49615	18769
49616	18768
49617	18768
49618	18767
49619	18767
49620	18767
49621	18769
49622	18768
49623	18768
49624	18768
49625	18767
49626	18767
49627	18766
49628	18768
49629	18768
49630	18768
49631	18768
49632	18767
49633	18767
49634	18767
49635	18767
49636	18767
49637	18766
49638	18766
49639	18766
49640	18767
49641	18767
49642	18768
49643	18768
49644	18767
49645	18766
49646	18766
49647	18766
49648	18768
49649	18767
49650	18767
49651	18766
49652	18766
49653	18766
49654	18767
49655	18766
49656	18766
49657	18765
49658	18765
49659	18764
49660	18764
49661	18766
49662	18766
49663	18768
49664	18768
49665	18767
49666	18766
49667	18766
49668	18765
49669	18765
49670	18765
49671	18765
49672	18765
49673	18767
49674	18767
49675	18769
49676	18768
49677	18767
49678	18766
49679	18765
49680	18765
49681	18764
49682	18764
49683	18764
49684	18764
49685	18763
49686	18763
49687	18763
49688	18763
49689	18764
49690	18764
49691	18764
49692	18763
49693	18763
49694	18762
49695	18762
49696	18763
49697	18762
49698	18764
49699	18764
49700	18764
49701	18764
49702	18764
49703	18764
49704	18764
49705	18764
49706	18764
49707	18763
49708	18763
49709	18763
49710	18763
49711	18762
49712	18762
49713	18762
49714	18761
49715	18761
49716	18762
49717	18762
49718	18763
49719	18763
49720	18765
49721	18765
49722	18765
49723	18765
49724	18765
49725	18764
49726	18764
49727	18765
49728	18765
49729	18765
49730	18767
49731	18767
49732	18767
49733	18769
49734	18769
49735	18770
49736	18770
49737	18770
49738	18770
49739	18770
49740	18770
49741	18770
49742	18772
49743	18772
49744	18771
49745	18770
49746	18769
49747	18768
49748	18768
49749	18768
49750	18768
49751	18767
49752	18766
49753	18766
49754	18766
49755	18768
49756	18768
49757	18768
49758	18767
49759	18767
49760	18766
49761	18766
49762	18765
49763	18764
49764	18766
49765	18766
49766	18766
49767	18766
49768	18766
49769	18766
49770	18765
49771	18767
49772	18766
49773	18767
49774	18767
49775	18768
49776	18767
49777	18769
49778	18770
49779	18770
49780	18772
49781	18772
49782	18772
49783	18773
49784	18773
49785	18773
49786	18773
49787	18775
49788	18775
49789	18775
49790	18775
49791	18774
49792	18773
49793	18772
49794	18772
49795	18774
49796	18774
49797	18776
49798	18776
49799	18776
49800	18777
49801	18776
49802	18777
49803	18777
49804	18776
49805	18776
49806	18776
49807	18775
49808	18775
49809	18775
49810	18774
49811	18773
49812	18772
49813	18772
49814	18772
49815	18772
49816	18772
49817	18771
49818	18771
49819	18770
49820	18770
49821	18770
49822	18770
49823	18770
49824	18770
49825	18772
49826	18771
49827	18771
49828	18771
49829	18773
49830	18772
49831	18772
49832	18772
49833	18771
49834	18771
49835	18771
49836	18770
49837	18770
49838	18770
49839	18772
49840	18771
49841	18772
49842	18771
49843	18772
49844	18774
49845	18774
49846	18775
49847	18775
49848	18775
49849	18775
49850	18774
49851	18773
49852	18772
49853	18771
49854	18773
49855	18773
49856	18773
49857	18773
49858	18773
49859	18773
49860	18773
49861	18774
49862	18776
49863	18776
49864	18776
49865	18776
49866	18776
49867	18776
49868	18776
49869	18776
49870	18775
49871	18775
49872	18775
49873	18775
49874	18776
49875	18776
49876	18776
49877	18777
49878	18778
49879	18777
49880	18777
49881	18778
49882	18778
49883	18778
49884	18780
49885	18780
49886	18781
49887	18781
49888	18783
49889	18782
49890	18784
49891	18784
49892	18785
49893	18784
49894	18783
49895	18783
49896	18783
49897	18782
49898	18781
49899	18780
49900	18780
49901	18782
49902	18781
49903	18781
49904	18780
49905	18779
49906	18778
49907	18777
49908	18777
49909	18777
49910	18779
49911	18779
49912	18778
49913	18778
49914	18778
49915	18778
49916	18778
49917	18777
49918	18776
49919	18776
49920	18776
49921	18777
49922	18777
49923	18777
49924	18777
49925	18776
49926	18776
49927	18776
49928	18775
49929	18775
49930	18775
49931	18775
49932	18775
49933	18774
49934	18773
49935	18774
49936	18774
49937	18773
49938	18772
49939	18772
49940	18771
49941	18771
49942	18772
49943	18772
49944	18772
49945	18771
49946	18772
49947	18772
49948	18772
49949	18772
49950	18772
49951	18771
49952	18771
49953	18773
49954	18773
49955	18775
49956	18774
49957	18774
49958	18773
49959	18773
49960	18774
49961	18774
49962	18774
49963	18773
49964	18773
49965	18774
49966	18774
49967	18773
49968	18774
49969	18773
49970	18773
49971	18773
49972	18773
49973	18772
49974	18772
49975	18771
49976	18771
49977	18772
49978	18772
49979	18772
49980	18771
49981	18771
49982	18771
49983	18771
49984	18771
49985	18770
49986	18770
49987	18770
49988	18770
49989	18770
49990	18769
49991	18769
49992	18768
49993	18768
49994	18768
49995	18768
49996	18768
49997	18769
49998	18769
49999	18769
50000	18769
50001	18769
50002	18769
50003	18768
50004	18768
50005	18769
50006	18768
50007	18768
50008	18769
50009	18768
50010	18768
50011	18768
50012	18768
50013	18768
50014	18769
50015	18771
50016	18771
50017	18770
50018	18770
50019	18769
50020	18769
50021	18769
50022	18768
50023	18769
50024	18768
50025	18768
50026	18768
50027	18767
50028	18767
50029	18767
50030	18767
50031	18767
50032	18766
50033	18767
50034	18767
50035	18766
50036	18766
50037	18767
50038	18767
50039	18768
50040	18768
50041	18769
50042	18770
50043	18770
50044	18769
50045	18769
50046	18769
50047	18769
50048	18769
50049	18769
50050	18769
50051	18769
50052	18769
50053	18771
50054	18771
50055	18773
50056	18773
50057	18772
50058	18772
50059	18772
50060	18772
50061	18773
50062	18772
50063	18772
50064	18774
50065	18774
50066	18776
50067	18776
50068	18777
50069	18777
50070	18777
50071	18777
50072	18777
50073	18777
50074	18779
50075	18779
50076	18780
50077	18780
50078	18780
50079	18780
50080	18779
50081	18779
50082	18779
50083	18779
50084	18781
50085	18780
50086	18782
50087	18782
50088	18781
50089	18783
50090	18785
50091	18785
50092	18785
50093	18785
50094	18784
50095	18783
50096	18783
50097	18782
50098	18781
50099	18783
50100	18783
50101	18785
50102	18785
50103	18784
50104	18784
50105	18783
50106	18782
50107	18781
50108	18781
50109	18780
50110	18779
50111	18778
50112	18778
50113	18777
50114	18776
50115	18776
50116	18776
50117	18775
50118	18774
50119	18774
50120	18773
50121	18773
50122	18773
50123	18773
50124	18773
50125	18773
50126	18773
50127	18772
50128	18772
50129	18772
50130	18771
50131	18771
50132	18770
50133	18771
50134	18771
50135	18771
50136	18771
50137	18770
50138	18770
50139	18769
50140	18769
50141	18770
50142	18770
50143	18772
50144	18771
50145	18771
50146	18770
50147	18772
50148	18772
50149	18773
50150	18773
50151	18773
50152	18773
50153	18772
50154	18772
50155	18771
50156	18771
50157	18773
50158	18773
50159	18775
50160	18775
50161	18776
50162	18776
50163	18778
50164	18778
50165	18777
50166	18776
50167	18776
50168	18775
50169	18775
50170	18775
50171	18774
50172	18774
50173	18774
50174	18773
50175	18772
50176	18771
50177	18773
50178	18773
50179	18773
50180	18772
50181	18772
50182	18772
50183	18771
50184	18772
50185	18772
50186	18771
50187	18771
50188	18771
50189	18770
50190	18770
50191	18769
50192	18769
50193	18768
50194	18768
50195	18767
50196	18766
50197	18765
50198	18764
50199	18764
50200	18764
50201	18766
50202	18766
50203	18766
50204	18765
50205	18767
50206	18766
50207	18766
50208	18766
50209	18765
50210	18765
50211	18765
50212	18764
50213	18764
50214	18764
50215	18764
50216	18763
50217	18762
50218	18761
50219	18761
50220	18761
50221	18762
50222	18762
50223	18762
50224	18762
50225	18761
50226	18761
50227	18761
50228	18761
50229	18762
50230	18762
50231	18763
50232	18763
50233	18764
50234	18766
50235	18765
50236	18766
50237	18765
50238	18765
50239	18765
50240	18765
50241	18764
50242	18764
50243	18764
50244	18764
50245	18764
50246	18764
50247	18764
50248	18766
50249	18765
50250	18765
50251	18766
50252	18766
50253	18768
50254	18767
50255	18767
50256	18769
50257	18771
50258	18771
50259	18771
50260	18770
50261	18769
50262	18769
50263	18768
50264	18770
50265	18772
50266	18772
50267	18772
50268	18771
50269	18771
50270	18771
50271	18773
50272	18772
50273	18771
50274	18771
50275	18771
50276	18770
50277	18769
50278	18769
50279	18769
50280	18769
50281	18769
50282	18769
50283	18769
50284	18769
50285	18769
50286	18769
50287	18768
50288	18768
50289	18768
50290	18768
50291	18768
50292	18768
50293	18767
50294	18767
50295	18766
50296	18766
50297	18766
50298	18765
50299	18766
50300	18765
50301	18765
50302	18765
50303	18765
50304	18764
50305	18763
50306	18764
50307	18764
50308	18764
50309	18764
50310	18764
50311	18764
50312	18763
50313	18764
50314	18764
50315	18765
50316	18765
50317	18767
50318	18766
50319	18767
50320	18767
50321	18769
50322	18769
50323	18769
50324	18768
50325	18767
50326	18767
50327	18767
50328	18767
50329	18767
50330	18766
50331	18768
50332	18768
50333	18769
50334	18768
50335	18767
50336	18769
50337	18769
50338	18771
50339	18770
50340	18772
50341	18772
50342	18771
50343	18771
50344	18770
50345	18769
50346	18771
50347	18771
50348	18773
50349	18774
50350	18774
50351	18776
50352	18776
50353	18775
50354	18776
50355	18776
50356	18776
50357	18775
50358	18776
50359	18775
50360	18774
50361	18773
50362	18773
50363	18772
50364	18772
50365	18772
50366	18772
50367	18772
50368	18772
50369	18772
50370	18771
50371	18770
50372	18769
50373	18768
50374	18768
50375	18767
50376	18767
50377	18766
50378	18767
50379	18767
50380	18767
50381	18767
50382	18766
50383	18766
50384	18766
50385	18768
50386	18767
50387	18768
50388	18769
50389	18769
50390	18769
50391	18768
50392	18768
50393	18769
50394	18769
50395	18768
50396	18768
50397	18767
50398	18767
50399	18767
50400	18767
50401	18766
50402	18766
50403	18765
50404	18764
50405	18764
50406	18763
50407	18763
50408	18762
50409	18761
50410	18760
50411	18759
50412	18760
50413	18760
50414	18760
50415	18760
50416	18760
50417	18759
50418	18758
50419	18760
50420	18759
50421	18759
50422	18759
50423	18760
50424	18760
50425	18761
50426	18761
50427	18761
50428	18762
50429	18762
50430	18761
50431	18761
50432	18760
50433	18760
50434	18760
50435	18762
50436	18762
50437	18763
50438	18763
50439	18764
50440	18764
50441	18766
50442	18766
50443	18766
50444	18765
50445	18765
50446	18764
50447	18764
50448	18763
50449	18763
50450	18765
50451	18765
50452	18765
50453	18764
50454	18763
50455	18764
50456	18764
50457	18764
50458	18764
50459	18763
50460	18762
50461	18762
50462	18762
50463	18762
50464	18761
50465	18760
50466	18760
50467	18760
50468	18760
50469	18759
50470	18758
50471	18757
50472	18757
50473	18756
50474	18756
50475	18756
50476	18755
50477	18755
50478	18755
50479	18754
50480	18756
50481	18758
50482	18758
50483	18758
50484	18760
50485	18760
50486	18759
50487	18758
50488	18758
50489	18757
50490	18756
50491	18756
50492	18758
50493	18758
50494	18759
50495	18760
50496	18760
50497	18760
50498	18760
50499	18759
50500	18759
50501	18758
50502	18758
50503	18758
50504	18757
50505	18756
50506	18756
50507	18756
50508	18756
50509	18756
50510	18755
50511	18755
50512	18755
50513	18755
50514	18756
50515	18756
50516	18758
50517	18757
50518	18757
50519	18756
50520	18757
50521	18757
50522	18757
50523	18756
50524	18756
50525	18756
50526	18755
50527	18755
50528	18756
50529	18756
50530	18756
50531	18756
50532	18755
50533	18755
50534	18755
50535	18756
50536	18757
50537	18757
50538	18756
50539	18755
50540	18754
50541	18754
50542	18754
50543	18756
50544	18756
50545	18756
50546	18756
50547	18756
50548	18756
50549	18755
50550	18755
50551	18756
50552	18757
50553	18757
50554	18757
50555	18757
50556	18756
50557	18756
50558	18755
50559	18755
50560	18755
50561	18755
50562	18755
50563	18755
50564	18756
50565	18755
50566	18756
50567	18755
50568	18755
50569	18757
50570	18758
50571	18758
50572	18760
50573	18760
50574	18760
50575	18760
50576	18760
50577	18762
50578	18761
50579	18761
50580	18760
50581	18760
50582	18760
50583	18760
50584	18759
50585	18758
50586	18758
50587	18758
50588	18757
50589	18757
50590	18757
50591	18757
50592	18757
50593	18756
50594	18756
50595	18757
50596	18757
50597	18757
50598	18756
50599	18756
50600	18756
50601	18756
50602	18757
50603	18757
50604	18758
50605	18757
50606	18759
50607	18760
50608	18759
50609	18761
50610	18761
50611	18761
50612	18761
50613	18761
50614	18761
50615	18761
50616	18761
50617	18761
50618	18763
50619	18763
50620	18765
50621	18764
50622	18764
50623	18765
50624	18765
50625	18765
50626	18764
50627	18763
50628	18764
50629	18764
50630	18766
50631	18766
50632	18765
50633	18764
50634	18764
50635	18764
50636	18763
50637	18763
50638	18763
50639	18763
50640	18763
50641	18763
50642	18763
50643	18764
50644	18764
50645	18764
50646	18764
50647	18764
50648	18764
50649	18763
50650	18763
50651	18763
50652	18763
50653	18762
50654	18763
50655	18763
50656	18764
50657	18763
50658	18765
50659	18764
50660	18766
50661	18766
50662	18765
50663	18764
50664	18764
50665	18763
50666	18763
50667	18763
50668	18762
50669	18763
50670	18763
50671	18764
50672	18764
50673	18764
50674	18764
50675	18766
50676	18766
50677	18768
50678	18770
50679	18770
50680	18771
50681	18771
50682	18772
50683	18771
50684	18771
50685	18770
50686	18770
50687	18770
50688	18770
50689	18769
50690	18769
50691	18768
50692	18767
50693	18767
50694	18766
50695	18765
50696	18765
50697	18765
50698	18765
50699	18765
50700	18765
50701	18765
50702	18765
50703	18764
50704	18763
50705	18763
50706	18763
50707	18763
50708	18762
50709	18762
50710	18762
50711	18764
50712	18763
50713	18763
50714	18763
50715	18763
50716	18763
50717	18763
50718	18763
50719	18764
50720	18763
50721	18763
50722	18762
50723	18761
50724	18763
50725	18763
50726	18764
50727	18763
50728	18765
50729	18765
50730	18766
50731	18766
50732	18766
50733	18765
50734	18764
50735	18763
50736	18764
50737	18763
50738	18763
50739	18764
50740	18764
50741	18763
50742	18762
50743	18761
50744	18761
50745	18760
50746	18759
50747	18759
50748	18759
50749	18758
50750	18757
50751	18757
50752	18757
50753	18756
50754	18758
50755	18758
50756	18758
50757	18758
50758	18758
50759	18757
50760	18757
50761	18756
50762	18756
50763	18756
50764	18755
50765	18754
50766	18753
50767	18752
50768	18752
50769	18753
50770	18752
50771	18753
50772	18752
50773	18753
50774	18753
50775	18753
50776	18753
50777	18752
50778	18752
50779	18752
50780	18752
50781	18752
50782	18751
50783	18751
50784	18751
50785	18751
50786	18750
50787	18749
50788	18751
50789	18750
50790	18750
50791	18749
50792	18749
50793	18750
50794	18750
50795	18750
50796	18750
50797	18750
50798	18750
50799	18749
50800	18749
50801	18749
50802	18749
50803	18748
50804	18748
50805	18747
50806	18747
50807	18747
50808	18749
50809	18749
50810	18750
50811	18750
50812	18752
50813	18752
50814	18752
50815	18751
50816	18751
50817	18751
50818	18750
50819	18752
50820	18752
50821	18752
50822	18751
50823	18751
50824	18750
50825	18750
50826	18752
50827	18751
50828	18751
50829	18751
50830	18750
50831	18749
50832	18749
50833	18749
50834	18748
50835	18748
50836	18748
50837	18748
50838	18747
50839	18747
50840	18748
50841	18747
50842	18746
50843	18746
50844	18746
50845	18745
50846	18744
50847	18745
50848	18746
50849	18746
50850	18747
50851	18747
50852	18748
50853	18750
50854	18750
50855	18751
50856	18751
50857	18753
50858	18753
50859	18752
50860	18752
50861	18751
50862	18751
50863	18751
50864	18751
50865	18752
50866	18752
50867	18751
50868	18751
50869	18751
50870	18750
50871	18750
50872	18751
50873	18751
50874	18751
50875	18751
50876	18750
50877	18751
50878	18751
50879	18752
50880	18752
50881	18753
50882	18753
50883	18753
50884	18753
50885	18753
50886	18752
50887	18752
50888	18752
50889	18752
50890	18753
50891	18753
50892	18752
50893	18752
50894	18752
50895	18754
50896	18756
50897	18756
50898	18756
50899	18758
50900	18758
50901	18758
50902	18757
50903	18757
50904	18757
50905	18757
50906	18757
50907	18757
50908	18757
50909	18757
50910	18759
50911	18759
50912	18760
50913	18760
50914	18760
50915	18760
50916	18760
50917	18760
50918	18760
50919	18761
50920	18761
50921	18763
50922	18762
50923	18762
50924	18762
50925	18762
50926	18762
50927	18762
50928	18762
50929	18762
50930	18762
50931	18762
50932	18761
50933	18761
50934	18761
50935	18760
50936	18760
50937	18760
50938	18759
50939	18759
50940	18759
50941	18759
50942	18759
50943	18759
50944	18759
50945	18758
50946	18758
50947	18759
50948	18759
50949	18761
50950	18761
50951	18761
50952	18763
50953	18762
50954	18762
50955	18762
50956	18762
50957	18762
50958	18762
50959	18761
50960	18761
50961	18761
50962	18761
50963	18763
50964	18763
50965	18763
50966	18763
50967	18762
50968	18762
50969	18762
50970	18762
50971	18762
50972	18762
50973	18761
50974	18760
50975	18760
50976	18760
50977	18760
50978	18760
50979	18760
50980	18760
50981	18760
50982	18762
50983	18762
50984	18762
50985	18762
50986	18762
50987	18762
50988	18762
50989	18761
50990	18763
50991	18763
50992	18765
50993	18765
50994	18766
50995	18766
50996	18767
50997	18768
50998	18768
50999	18767
51000	18767
51001	18767
51002	18766
51003	18766
51004	18766
51005	18766
51006	18766
51007	18766
51008	18766
51009	18768
51010	18768
51011	18768
51012	18768
51013	18768
51014	18768
51015	18768
51016	18768
51017	18770
51018	18769
51019	18769
51020	18768
51021	18768
51022	18767
51023	18768
51024	18769
51025	18769
51026	18769
51027	18769
51028	18769
51029	18769
51030	18769
51031	18769
51032	18769
51033	18769
51034	18771
51035	18770
51036	18771
51037	18771
51038	18772
51039	18772
51040	18774
51041	18774
51042	18774
51043	18773
51044	18773
51045	18773
51046	18772
51047	18771
51048	18771
51049	18770
51050	18770
51051	18772
51052	18773
51053	18773
51054	18775
51055	18775
51056	18774
51057	18775
51058	18775
51059	18776
51060	18776
51061	18777
51062	18777
51063	18777
51064	18777
51065	18777
51066	18779
51067	18778
51068	18778
51069	18780
51070	18780
51071	18781
51072	18781
51073	18780
51074	18780
51075	18779
51076	18778
51077	18778
51078	18780
51079	18780
51080	18779
51081	18778
51082	18778
51083	18778
51084	18777
51085	18777
51086	18777
51087	18779
51088	18779
51089	18779
51090	18779
51091	18778
51092	18778
51093	18778
51094	18778
51095	18777
51096	18779
51097	18779
51098	18778
51099	18777
51100	18777
51101	18777
51102	18777
51103	18776
51104	18776
51105	18776
51106	18776
51107	18775
51108	18774
51109	18774
51110	18774
51111	18773
51112	18772
51113	18773
51114	18772
51115	18771
51116	18772
51117	18772
51118	18771
51119	18770
51120	18770
51121	18772
51122	18771
51123	18770
51124	18769
51125	18769
51126	18769
51127	18769
51128	18769
51129	18769
51130	18769
51131	18769
51132	18768
51133	18768
51134	18770
51135	18770
51136	18770
51137	18772
51138	18772
51139	18773
51140	18773
51141	18775
51142	18775
51143	18774
51144	18776
51145	18776
51146	18778
51147	18778
51148	18778
51149	18777
51150	18777
51151	18777
51152	18777
51153	18777
51154	18776
51155	18776
51156	18776
51157	18777
51158	18777
51159	18778
51160	18778
51161	18778
51162	18777
51163	18777
51164	18776
51165	18775
51166	18775
51167	18775
51168	18775
51169	18775
51170	18775
51171	18774
51172	18775
51173	18775
51174	18777
51175	18777
51176	18778
51177	18778
51178	18779
51179	18780
51180	18779
51181	18779
51182	18779
51183	18778
51184	18780
51185	18780
51186	18780
51187	18782
51188	18781
51189	18781
51190	18781
51191	18780
51192	18780
51193	18781
51194	18781
51195	18780
51196	18780
51197	18780
51198	18780
51199	18779
51200	18781
51201	18781
51202	18782
51203	18782
51204	18783
51205	18783
51206	18784
51207	18784
51208	18786
51209	18786
51210	18787
51211	18786
51212	18785
51213	18785
51214	18785
51215	18787
51216	18787
51217	18787
51218	18786
51219	18786
51220	18786
51221	18786
51222	18786
51223	18785
51224	18785
51225	18784
51226	18784
51227	18784
51228	18784
51229	18784
51230	18783
51231	18783
51232	18782
51233	18782
51234	18782
51235	18782
51236	18781
51237	18781
51238	18781
51239	18783
51240	18783
51241	18782
51242	18781
51243	18782
51244	18782
51245	18783
51246	18784
51247	18784
51248	18784
51249	18784
51250	18783
51251	18783
51252	18783
51253	18784
51254	18784
51255	18785
51256	18785
51257	18785
51258	18785
51259	18785
51260	18786
51261	18785
51262	18786
51263	18786
51264	18786
51265	18785
51266	18784
51267	18784
51268	18784
51269	18784
51270	18784
51271	18785
51272	18785
51273	18787
51274	18787
51275	18787
51276	18786
51277	18786
51278	18785
51279	18785
51280	18786
51281	18785
51282	18785
51283	18785
51284	18786
51285	18788
51286	18787
51287	18787
51288	18787
51289	18787
51290	18787
51291	18787
51292	18787
51293	18787
51294	18787
51295	18786
51296	18785
51297	18785
51298	18785
51299	18785
51300	18786
51301	18786
51302	18786
51303	18786
51304	18786
51305	18786
51306	18786
51307	18788
51308	18787
51309	18787
51310	18787
51311	18787
51312	18787
51313	18787
51314	18789
51315	18789
51316	18789
51317	18789
51318	18788
51319	18788
51320	18788
51321	18788
51322	18790
51323	18790
51324	18791
51325	18790
51326	18790
51327	18789
51328	18788
51329	18787
51330	18787
51331	18787
51332	18788
51333	18787
51334	18786
51335	18786
51336	18786
51337	18786
51338	18785
51339	18785
51340	18785
51341	18785
51342	18785
51343	18785
51344	18785
51345	18785
51346	18787
51347	18787
51348	18787
51349	18787
51350	18787
51351	18787
51352	18787
51353	18789
51354	18788
51355	18789
51356	18789
51357	18790
51358	18790
51359	18791
51360	18792
51361	18792
51362	18791
51363	18790
51364	18789
51365	18789
51366	18789
51367	18789
51368	18789
51369	18788
51370	18788
51371	18787
51372	18787
51373	18787
51374	18786
51375	18785
51376	18785
51377	18785
51378	18785
51379	18785
51380	18785
51381	18785
51382	18784
51383	18783
51384	18783
51385	18782
51386	18783
51387	18782
51388	18783
51389	18783
51390	18782
51391	18782
51392	18782
51393	18782
51394	18782
51395	18781
51396	18781
51397	18781
51398	18783
51399	18782
51400	18782
51401	18782
51402	18783
51403	18785
51404	18785
51405	18785
51406	18785
51407	18785
51408	18784
51409	18784
51410	18784
51411	18783
51412	18782
51413	18781
51414	18781
51415	18781
51416	18781
51417	18782
51418	18782
51419	18783
51420	18784
51421	18783
51422	18784
51423	18784
51424	18783
51425	18783
51426	18783
51427	18782
51428	18782
51429	18782
51430	18784
51431	18784
51432	18784
51433	18786
51434	18786
51435	18787
51436	18786
51437	18785
51438	18784
51439	18784
51440	18784
51441	18784
51442	18784
51443	18786
51444	18786
51445	18786
51446	18786
51447	18785
51448	18785
51449	18784
51450	18783
51451	18783
51452	18782
51453	18782
51454	18782
51455	18784
51456	18784
51457	18784
51458	18784
51459	18783
51460	18783
51461	18785
51462	18787
51463	18787
51464	18787
51465	18787
51466	18786
51467	18786
51468	18786
51469	18786
51470	18787
51471	18787
51472	18786
51473	18786
51474	18786
51475	18786
51476	18786
51477	18786
51478	18786
51479	18786
51480	18786
51481	18786
51482	18785
51483	18785
51484	18784
51485	18783
51486	18784
51487	18784
51488	18784
51489	18784
51490	18784
51491	18785
51492	18785
51493	18786
51494	18787
51495	18786
51496	18785
51497	18786
51498	18786
51499	18788
51500	18789
51501	18788
51502	18790
51503	18790
51504	18790
51505	18790
51506	18790
51507	18792
51508	18792
51509	18792
51510	18792
51511	18792
51512	18792
51513	18791
51514	18792
51515	18792
51516	18791
51517	18790
51518	18790
51519	18791
51520	18791
51521	18791
51522	18793
51523	18793
51524	18793
51525	18792
51526	18792
51527	18793
51528	18793
51529	18793
51530	18793
51531	18793
51532	18792
51533	18792
51534	18791
51535	18792
51536	18792
51537	18793
51538	18793
51539	18793
51540	18793
51541	18794
51542	18794
51543	18794
51544	18794
51545	18793
51546	18793
51547	18793
51548	18794
51549	18793
51550	18793
51551	18793
51552	18792
51553	18791
51554	18791
51555	18791
51556	18791
51557	18791
51558	18791
51559	18790
51560	18790
51561	18791
51562	18791
51563	18793
51564	18792
51565	18794
51566	18794
51567	18794
51568	18796
51569	18796
51570	18796
51571	18798
51572	18798
51573	18798
51574	18798
51575	18799
51576	18798
51577	18798
51578	18798
51579	18798
51580	18798
51581	18797
51582	18797
51583	18797
51584	18796
51585	18795
51586	18795
51587	18795
51588	18796
51589	18796
51590	18795
51591	18797
51592	18796
51593	18796
51594	18795
51595	18795
51596	18795
51597	18794
51598	18794
51599	18794
51600	18794
51601	18794
51602	18794
51603	18796
51604	18795
51605	18796
51606	18796
51607	18795
51608	18795
51609	18795
51610	18795
51611	18794
51612	18796
51613	18796
51614	18796
51615	18796
51616	18796
51617	18795
51618	18795
51619	18794
51620	18795
51621	18795
51622	18795
51623	18795
51624	18795
51625	18795
51626	18795
51627	18795
51628	18794
51629	18794
51630	18793
51631	18793
51632	18794
51633	18794
51634	18794
51635	18794
51636	18793
51637	18793
51638	18792
51639	18791
51640	18791
51641	18791
51642	18791
51643	18793
51644	18793
51645	18792
51646	18792
51647	18792
51648	18792
51649	18792
51650	18792
51651	18793
51652	18792
51653	18792
51654	18791
51655	18792
51656	18792
51657	18792
51658	18792
51659	18791
51660	18791
51661	18791
51662	18790
51663	18790
51664	18792
51665	18792
51666	18791
51667	18791
51668	18791
51669	18790
51670	18789
51671	18789
51672	18789
51673	18788
51674	18790
51675	18792
51676	18792
51677	18794
51678	18794
51679	18794
51680	18794
51681	18793
51682	18793
51683	18792
51684	18792
51685	18791
51686	18790
51687	18790
51688	18789
51689	18789
51690	18788
51691	18788
51692	18787
51693	18787
51694	18789
51695	18789
51696	18791
51697	18791
51698	18791
51699	18791
51700	18793
51701	18793
51702	18794
51703	18794
51704	18794
51705	18795
51706	18794
51707	18793
51708	18792
51709	18791
51710	18790
51711	18790
51712	18790
51713	18790
51714	18790
51715	18790
51716	18790
51717	18789
51718	18789
51719	18791
51720	18791
51721	18790
51722	18790
51723	18790
51724	18792
51725	18791
51726	18791
51727	18791
51728	18791
51729	18791
51730	18791
51731	18791
51732	18791
51733	18792
51734	18792
51735	18794
51736	18793
51737	18793
51738	18793
51739	18792
51740	18792
51741	18792
51742	18792
51743	18792
51744	18791
51745	18793
51746	18792
51747	18792
51748	18792
51749	18792
51750	18794
51751	18793
51752	18793
51753	18794
51754	18794
51755	18794
51756	18793
51757	18793
51758	18793
51759	18793
51760	18792
51761	18792
51762	18792
51763	18792
51764	18792
51765	18792
51766	18792
51767	18794
51768	18794
51769	18794
51770	18794
51771	18794
51772	18794
51773	18793
51774	18793
51775	18793
51776	18793
51777	18794
51778	18794
51779	18794
51780	18794
51781	18796
51782	18796
51783	18796
51784	18796
51785	18795
51786	18795
51787	18794
51788	18794
51789	18794
51790	18793
51791	18793
51792	18792
51793	18792
51794	18792
51795	18792
51796	18792
51797	18792
51798	18792
51799	18792
51800	18792
51801	18794
51802	18793
51803	18794
51804	18794
51805	18794
51806	18794
51807	18794
51808	18793
51809	18793
51810	18793
51811	18793
51812	18793
51813	18795
51814	18794
51815	18794
51816	18794
51817	18793
51818	18793
51819	18793
51820	18793
51821	18793
51822	18793
51823	18794
51824	18794
51825	18793
51826	18793
51827	18793
51828	18792
51829	18791
51830	18791
51831	18791
51832	18791
51833	18791
51834	18791
51835	18791
51836	18791
51837	18791
51838	18790
51839	18792
51840	18791
51841	18791
51842	18790
51843	18790
51844	18789
51845	18789
51846	18789
51847	18789
51848	18789
51849	18790
51850	18790
51851	18791
51852	18792
51853	18792
51854	18792
51855	18791
51856	18791
51857	18793
51858	18793
51859	18793
51860	18793
51861	18793
51862	18794
51863	18794
51864	18794
51865	18793
51866	18793
51867	18793
51868	18793
51869	18793
51870	18793
51871	18794
51872	18793
51873	18793
51874	18794
51875	18795
51876	18795
51877	18795
51878	18795
51879	18795
51880	18795
51881	18795
51882	18794
51883	18795
51884	18795
51885	18796
51886	18796
51887	18796
51888	18797
51889	18797
51890	18796
51891	18797
51892	18797
51893	18797
51894	18798
51895	18799
51896	18800
51897	18799
51898	18798
51899	18797
51900	18799
51901	18798
51902	18798
51903	18798
51904	18798
51905	18798
51906	18799
51907	18799
51908	18799
51909	18798
51910	18798
51911	18798
51912	18798
51913	18798
51914	18798
51915	18797
51916	18796
51917	18797
51918	18797
51919	18797
51920	18796
51921	18796
51922	18796
51923	18797
51924	18799
51925	18799
51926	18799
51927	18799
51928	18801
51929	18801
51930	18802
51931	18801
51932	18801
51933	18800
51934	18800
51935	18800
51936	18800
51937	18800
51938	18800
51939	18802
51940	18802
51941	18804
51942	18804
51943	18805
51944	18804
51945	18804
51946	18804
51947	18803
51948	18803
51949	18803
51950	18803
51951	18803
51952	18802
51953	18802
51954	18802
51955	18802
51956	18802
51957	18801
51958	18800
51959	18802
51960	18803
51961	18802
51962	18802
51963	18802
51964	18802
51965	18802
51966	18802
51967	18802
51968	18803
51969	18803
51970	18803
51971	18802
51972	18802
51973	18802
51974	18802
51975	18801
51976	18802
51977	18803
51978	18803
51979	18803
51980	18804
51981	18804
51982	18805
51983	18805
51984	18805
51985	18805
51986	18805
51987	18804
51988	18804
51989	18804
51990	18806
51991	18806
51992	18806
51993	18805
51994	18804
51995	18803
51996	18803
51997	18803
51998	18803
51999	18803
52000	18803
52001	18802
52002	18801
52003	18801
52004	18801
52005	18801
52006	18801
52007	18801
52008	18801
52009	18801
52010	18801
52011	18802
52012	18801
52013	18802
52014	18802
52015	18802
52016	18801
52017	18801
52018	18800
52019	18801
52020	18800
52021	18800
52022	18799
52023	18799
52024	18799
52025	18798
52026	18798
52027	18797
52028	18796
52029	18796
52030	18795
52031	18795
52032	18795
52033	18797
52034	18796
52035	18796
52036	18796
52037	18796
52038	18795
52039	18794
52040	18794
52041	18794
52042	18795
52043	18795
52044	18795
52045	18797
52046	18797
52047	18797
52048	18798
52049	18798
52050	18798
52051	18798
52052	18797
52053	18796
52054	18796
52055	18795
52056	18794
52057	18796
52058	18795
52059	18795
52060	18796
52061	18796
52062	18796
52063	18796
52064	18795
52065	18795
52066	18795
52067	18794
52068	18793
52069	18794
52070	18793
52071	18795
52072	18795
52073	18794
52074	18794
52075	18794
52076	18794
52077	18796
52078	18795
52079	18795
52080	18795
52081	18796
52082	18796
52083	18795
52084	18795
52085	18795
52086	18795
52087	18795
52088	18794
52089	18794
52090	18794
52091	18794
52092	18794
52093	18794
52094	18794
52095	18794
52096	18793
52097	18793
52098	18793
52099	18793
52100	18793
52101	18794
52102	18794
52103	18795
52104	18795
52105	18796
52106	18796
52107	18796
52108	18796
52109	18795
52110	18795
52111	18795
52112	18794
52113	18794
52114	18794
52115	18794
52116	18794
52117	18794
52118	18795
52119	18795
52120	18795
52121	18795
52122	18794
52123	18794
52124	18794
52125	18794
52126	18794
52127	18794
52128	18795
52129	18795
52130	18795
52131	18795
52132	18794
52133	18793
52134	18792
52135	18792
52136	18793
52137	18792
52138	18792
52139	18792
52140	18792
52141	18794
52142	18794
52143	18795
52144	18795
52145	18794
52146	18794
52147	18794
52148	18794
52149	18794
52150	18794
52151	18796
52152	18798
52153	18798
52154	18799
52155	18799
52156	18799
52157	18799
52158	18799
52159	18799
52160	18801
52161	18800
52162	18799
52163	18798
52164	18798
52165	18800
52166	18800
52167	18800
52168	18800
52169	18800
52170	18799
52171	18798
52172	18798
52173	18798
52174	18797
52175	18797
52176	18797
52177	18796
52178	18797
52179	18796
52180	18797
52181	18797
52182	18798
52183	18798
52184	18798
52185	18798
52186	18798
52187	18798
52188	18798
52189	18800
52190	18799
52191	18800
52192	18800
52193	18802
52194	18803
52195	18802
52196	18802
52197	18802
52198	18801
52199	18801
52200	18800
52201	18800
52202	18800
52203	18802
52204	18801
52205	18800
52206	18800
52207	18800
52208	18802
52209	18802
52210	18804
52211	18804
52212	18803
52213	18803
52214	18803
52215	18803
52216	18805
52217	18805
52218	18807
52219	18807
52220	18809
52221	18809
52222	18808
52223	18808
52224	18807
52225	18807
52226	18807
52227	18807
52228	18807
52229	18809
52230	18809
52231	18809
52232	18808
52233	18808
52234	18807
52235	18806
52236	18806
52237	18806
52238	18806
52239	18807
52240	18807
52241	18806
52242	18806
52243	18806
52244	18805
52245	18804
52246	18804
52247	18804
52248	18806
52249	18806
52250	18806
52251	18808
52252	18810
52253	18809
52254	18808
52255	18810
52256	18810
52257	18812
52258	18812
52259	18811
52260	18811
52261	18811
52262	18811
52263	18811
52264	18811
52265	18813
52266	18813
52267	18815
52268	18815
52269	18815
52270	18815
52271	18814
52272	18813
52273	18812
52274	18811
52275	18811
52276	18811
52277	18811
52278	18810
52279	18809
52280	18809
52281	18808
52282	18808
52283	18808
52284	18807
52285	18808
52286	18808
52287	18808
52288	18807
52289	18807
52290	18807
52291	18806
52292	18806
52293	18806
52294	18808
52295	18809
52296	18809
52297	18811
52298	18811
52299	18810
52300	18810
52301	18809
52302	18808
52303	18808
52304	18810
52305	18810
52306	18810
52307	18809
52308	18809
52309	18809
52310	18809
52311	18808
52312	18808
52313	18808
52314	18808
52315	18808
52316	18807
52317	18809
52318	18809
52319	18811
52320	18811
52321	18813
52322	18813
52323	18814
52324	18814
52325	18816
52326	18816
52327	18816
52328	18816
52329	18815
52330	18815
52331	18814
52332	18814
52333	18816
52334	18815
52335	18814
52336	18814
52337	18814
52338	18814
52339	18813
52340	18812
52341	18812
52342	18811
52343	18810
52344	18810
52345	18809
52346	18808
52347	18808
52348	18807
52349	18808
52350	18808
52351	18807
52352	18806
52353	18806
52354	18805
52355	18805
52356	18805
52357	18805
52358	18804
52359	18804
52360	18804
52361	18806
52362	18805
52363	18804
52364	18803
52365	18803
52366	18803
52367	18805
52368	18807
52369	18807
52370	18807
52371	18806
52372	18806
52373	18806
52374	18805
52375	18804
52376	18803
52377	18802
52378	18804
52379	18804
52380	18804
52381	18804
52382	18804
52383	18803
52384	18802
52385	18804
52386	18803
52387	18803
52388	18803
52389	18802
52390	18802
52391	18802
52392	18802
52393	18801
52394	18801
52395	18801
52396	18801
52397	18801
52398	18802
52399	18804
52400	18804
52401	18804
52402	18804
52403	18804
52404	18804
52405	18803
52406	18803
52407	18803
52408	18803
52409	18803
52410	18805
52411	18805
52412	18805
52413	18806
52414	18806
52415	18805
52416	18804
52417	18803
52418	18803
52419	18803
52420	18803
52421	18803
52422	18805
52423	18805
52424	18805
52425	18805
52426	18806
52427	18806
52428	18808
52429	18808
52430	18808
52431	18810
52432	18810
52433	18809
52434	18808
52435	18808
52436	18808
52437	18809
52438	18809
52439	18809
52440	18808
52441	18808
52442	18807
52443	18806
52444	18805
52445	18805
52446	18807
52447	18807
52448	18807
52449	18806
52450	18806
52451	18806
52452	18806
52453	18808
52454	18808
52455	18810
52456	18812
52457	18812
52458	18814
52459	18814
52460	18814
52461	18814
52462	18816
52463	18816
52464	18815
52465	18814
52466	18814
52467	18814
52468	18814
52469	18814
52470	18814
52471	18813
52472	18813
52473	18813
52474	18813
52475	18813
52476	18812
52477	18812
52478	18811
52479	18810
52480	18810
52481	18809
52482	18809
52483	18809
52484	18811
52485	18810
52486	18809
52487	18809
52488	18809
52489	18808
52490	18807
52491	18807
52492	18807
52493	18807
52494	18809
52495	18809
52496	18809
52497	18809
52498	18809
52499	18809
52500	18809
52501	18809
52502	18808
52503	18807
52504	18807
52505	18807
52506	18806
52507	18806
52508	18808
52509	18807
52510	18807
52511	18807
52512	18806
52513	18806
52514	18805
52515	18805
52516	18804
52517	18804
52518	18804
52519	18804
52520	18804
52521	18804
52522	18804
52523	18804
52524	18804
52525	18804
52526	18804
52527	18804
52528	18804
52529	18804
52530	18804
52531	18805
52532	18805
52533	18806
52534	18805
52535	18805
52536	18805
52537	18805
52538	18805
52539	18805
52540	18804
52541	18804
52542	18806
52543	18806
52544	18808
52545	18807
52546	18808
52547	18807
52548	18807
52549	18809
52550	18809
52551	18809
52552	18810
52553	18809
52554	18808
52555	18808
52556	18808
52557	18808
52558	18808
52559	18808
52560	18808
52561	18807
52562	18808
52563	18808
52564	18808
52565	18808
52566	18808
52567	18807
52568	18808
52569	18808
52570	18808
52571	18807
52572	18808
52573	18808
52574	18808
52575	18808
52576	18808
52577	18808
52578	18807
52579	18807
52580	18807
52581	18807
52582	18807
52583	18807
52584	18807
52585	18807
52586	18809
52587	18809
52588	18809
52589	18809
52590	18808
52591	18807
52592	18807
52593	18806
52594	18806
52595	18807
52596	18807
52597	18808
52598	18808
52599	18810
52600	18810
52601	18810
52602	18812
52603	18813
52604	18812
52605	18813
52606	18812
52607	18813
52608	18812
52609	18811
52610	18810
52611	18810
52612	18810
52613	18810
52614	18810
52615	18810
52616	18812
52617	18814
52618	18814
52619	18813
52620	18813
52621	18812
52622	18812
52623	18812
52624	18812
52625	18812
52626	18811
52627	18810
52628	18812
52629	18811
52630	18811
52631	18811
52632	18810
52633	18809
52634	18809
52635	18809
52636	18809
52637	18809
52638	18809
52639	18809
52640	18808
52641	18808
52642	18809
52643	18809
52644	18810
52645	18810
52646	18810
52647	18810
52648	18812
52649	18811
52650	18810
52651	18809
52652	18809
52653	18808
52654	18807
52655	18806
52656	18806
52657	18806
52658	18805
52659	18805
52660	18805
52661	18805
52662	18804
52663	18803
52664	18805
52665	18804
52666	18804
52667	18804
52668	18804
52669	18803
52670	18805
52671	18805
52672	18805
52673	18804
52674	18803
52675	18803
52676	18802
52677	18802
52678	18804
52679	18804
52680	18806
52681	18806
52682	18806
52683	18807
52684	18807
52685	18807
52686	18809
52687	18808
52688	18808
52689	18810
52690	18809
52691	18811
52692	18811
52693	18811
52694	18810
52695	18809
52696	18809
52697	18811
52698	18811
52699	18811
52700	18811
52701	18810
52702	18809
52703	18809
52704	18809
52705	18810
52706	18810
52707	18810
52708	18809
52709	18808
52710	18809
52711	18808
52712	18808
52713	18808
52714	18808
52715	18808
52716	18810
52717	18809
52718	18809
52719	18809
52720	18809
52721	18809
52722	18809
52723	18811
52724	18811
52725	18811
52726	18811
52727	18811
52728	18811
52729	18811
52730	18811
52731	18810
52732	18809
52733	18809
52734	18809
52735	18808
52736	18807
52737	18809
52738	18809
52739	18810
52740	18810
52741	18812
52742	18812
52743	18813
52744	18813
52745	18812
52746	18812
52747	18812
52748	18811
52749	18811
52750	18811
52751	18812
52752	18812
52753	18812
52754	18813
52755	18812
52756	18812
52757	18812
52758	18812
52759	18812
52760	18811
52761	18811
52762	18810
52763	18810
52764	18812
52765	18812
52766	18812
52767	18811
52768	18810
52769	18810
52770	18810
52771	18809
52772	18810
52773	18810
52774	18810
52775	18811
52776	18811
52777	18811
52778	18811
52779	18810
52780	18811
52781	18811
52782	18811
52783	18810
52784	18809
52785	18808
52786	18807
52787	18806
52788	18807
52789	18808
52790	18807
52791	18807
52792	18806
52793	18806
52794	18806
52795	18805
52796	18807
52797	18806
52798	18806
52799	18806
52800	18805
52801	18804
52802	18804
52803	18804
52804	18806
52805	18805
52806	18805
52807	18804
52808	18804
52809	18804
52810	18804
52811	18804
52812	18804
52813	18804
52814	18804
52815	18804
52816	18804
52817	18803
52818	18803
52819	18804
52820	18803
52821	18803
52822	18802
52823	18801
52824	18800
52825	18800
52826	18800
52827	18800
52828	18800
52829	18799
52830	18799
52831	18801
52832	18801
52833	18802
52834	18802
52835	18803
52836	18805
52837	18805
52838	18806
52839	18806
52840	18806
52841	18806
52842	18807
52843	18807
52844	18806
52845	18806
52846	18806
52847	18806
52848	18806
52849	18805
52850	18805
52851	18805
52852	18807
52853	18806
52854	18807
52855	18806
52856	18806
52857	18808
52858	18807
52859	18806
52860	18806
52861	18806
52862	18806
52863	18806
52864	18805
52865	18806
52866	18806
52867	18808
52868	18807
52869	18806
52870	18805
52871	18805
52872	18805
52873	18805
52874	18805
52875	18805
52876	18805
52877	18804
52878	18804
52879	18805
52880	18805
52881	18806
52882	18806
52883	18806
52884	18805
52885	18806
52886	18806
52887	18807
52888	18806
52889	18806
52890	18806
52891	18808
52892	18807
52893	18808
52894	18808
52895	18810
52896	18809
52897	18808
52898	18808
52899	18807
52900	18806
52901	18806
52902	18806
52903	18806
52904	18807
52905	18807
52906	18809
52907	18809
52908	18810
52909	18809
52910	18810
52911	18810
52912	18812
52913	18812
52914	18811
52915	18811
52916	18811
52917	18810
52918	18810
52919	18811
52920	18811
52921	18811
52922	18811
52923	18811
52924	18811
52925	18810
52926	18809
52927	18808
52928	18808
52929	18808
52930	18807
52931	18807
52932	18806
52933	18805
52934	18804
52935	18803
52936	18803
52937	18803
52938	18803
52939	18805
52940	18805
52941	18805
52942	18804
52943	18803
52944	18803
52945	18803
52946	18803
52947	18803
52948	18804
52949	18804
52950	18803
52951	18805
52952	18805
52953	18806
52954	18806
52955	18805
52956	18804
52957	18803
52958	18803
52959	18803
52960	18803
52961	18804
52962	18804
52963	18804
52964	18804
52965	18804
52966	18803
52967	18802
52968	18801
52969	18800
52970	18800
52971	18800
52972	18800
52973	18799
52974	18798
52975	18798
52976	18798
52977	18800
52978	18800
52979	18802
52980	18802
52981	18803
52982	18802
52983	18802
52984	18801
52985	18801
52986	18801
52987	18800
52988	18800
52989	18801
52990	18803
52991	18803
52992	18804
52993	18803
52994	18802
52995	18802
52996	18801
52997	18801
52998	18800
52999	18800
53000	18799
53001	18798
53002	18798
53003	18797
53004	18797
53005	18797
53006	18796
53007	18795
53008	18796
53009	18796
53010	18797
53011	18799
53012	18799
53013	18799
53014	18798
53015	18798
53016	18797
53017	18797
53018	18797
53019	18797
53020	18796
53021	18798
53022	18798
53023	18797
53024	18797
53025	18797
53026	18797
53027	18796
53028	18796
53029	18796
53030	18798
53031	18797
53032	18798
53033	18798
53034	18798
53035	18798
53036	18798
53037	18798
53038	18799
53039	18799
53040	18799
53041	18801
53042	18801
53043	18801
53044	18800
53045	18800
53046	18800
53047	18800
53048	18801
53049	18800
53050	18801
53051	18801
53052	18802
53053	18801
53054	18802
53055	18802
53056	18802
53057	18802
53058	18802
53059	18802
53060	18802
53061	18802
53062	18801
53063	18800
53064	18800
53065	18800
53066	18800
53067	18799
53068	18800
53069	18800
53070	18802
53071	18802
53072	18802
53073	18801
53074	18801
53075	18800
53076	18800
53077	18800
53078	18799
53079	18798
53080	18798
53081	18798
53082	18799
53083	18798
53084	18797
53085	18797
53086	18796
53087	18796
53088	18796
53089	18797
53090	18797
53091	18798
53092	18798
53093	18800
53094	18800
53095	18799
53096	18798
53097	18798
53098	18798
53099	18798
53100	18798
53101	18798
53102	18797
53103	18797
53104	18797
53105	18797
53106	18797
53107	18798
53108	18797
53109	18797
53110	18797
53111	18796
53112	18797
53113	18797
53114	18798
53115	18798
53116	18799
53117	18800
53118	18801
53119	18801
53120	18803
53121	18803
53122	18802
53123	18802
53124	18802
53125	18804
53126	18804
53127	18804
53128	18803
53129	18803
53130	18803
53131	18803
53132	18803
53133	18803
53134	18803
53135	18803
53136	18803
53137	18803
53138	18803
53139	18803
53140	18803
53141	18802
53142	18802
53143	18802
53144	18803
53145	18803
53146	18802
53147	18804
53148	18803
53149	18802
53150	18802
53151	18802
53152	18802
53153	18802
53154	18802
53155	18802
53156	18802
53157	18801
53158	18801
53159	18800
53160	18799
53161	18800
53162	18800
53163	18800
53164	18800
53165	18800
53166	18799
53167	18798
53168	18798
53169	18799
53170	18799
53171	18800
53172	18800
53173	18801
53174	18802
53175	18804
53176	18803
53177	18803
53178	18803
53179	18803
53180	18803
53181	18803
53182	18803
53183	18803
53184	18805
53185	18805
53186	18807
53187	18806
53188	18807
53189	18806
53190	18805
53191	18804
53192	18804
53193	18803
53194	18805
53195	18807
53196	18807
53197	18807
53198	18809
53199	18811
53200	18811
53201	18811
53202	18811
53203	18812
53204	18812
53205	18813
53206	18813
53207	18812
53208	18812
53209	18811
53210	18813
53211	18813
53212	18814
53213	18813
53214	18814
53215	18813
53216	18813
53217	18813
53218	18812
53219	18811
53220	18811
53221	18811
53222	18811
53223	18811
53224	18811
53225	18811
53226	18810
53227	18809
53228	18809
53229	18809
53230	18809
53231	18809
53232	18808
53233	18808
53234	18807
53235	18806
53236	18807
53237	18806
53238	18805
53239	18807
53240	18809
53241	18809
53242	18809
53243	18808
53244	18809
53245	18809
53246	18809
53247	18811
53248	18810
53249	18809
53250	18809
53251	18811
53252	18810
53253	18811
53254	18811
53255	18813
53256	18813
53257	18813
53258	18812
53259	18811
53260	18811
53261	18811
53262	18811
53263	18811
53264	18813
53265	18813
53266	18815
53267	18816
53268	18815
53269	18817
53270	18817
53271	18818
53272	18818
53273	18818
53274	18818
53275	18817
53276	18818
53277	18817
53278	18816
53279	18816
53280	18816
53281	18815
53282	18814
53283	18814
53284	18814
53285	18814
53286	18814
53287	18814
53288	18814
53289	18814
53290	18814
53291	18813
53292	18813
53293	18813
53294	18815
53295	18814
53296	18814
53297	18814
53298	18816
53299	18815
53300	18815
53301	18815
53302	18817
53303	18816
53304	18815
53305	18814
53306	18815
53307	18815
53308	18817
53309	18817
53310	18816
53311	18816
53312	18817
53313	18817
53314	18818
53315	18818
53316	18817
53317	18816
53318	18816
53319	18816
53320	18816
53321	18816
53322	18816
53323	18817
53324	18817
53325	18817
53326	18817
53327	18817
53328	18817
53329	18819
53330	18821
53331	18821
53332	18821
53333	18822
53334	18822
53335	18821
53336	18821
53337	18820
53338	18820
53339	18819
53340	18819
53341	18819
53342	18820
53343	18820
53344	18821
53345	18821
53346	18821
53347	18820
53348	18820
53349	18819
53350	18819
53351	18818
53352	18818
53353	18817
53354	18817
53355	18817
53356	18817
53357	18817
53358	18817
53359	18816
53360	18815
53361	18817
53362	18817
53363	18816
53364	18815
53365	18816
53366	18816
53367	18816
53368	18818
53369	18817
53370	18818
53371	18818
53372	18819
53373	18819
53374	18818
53375	18817
53376	18816
53377	18816
53378	18816
53379	18816
53380	18815
53381	18815
53382	18815
53383	18816
53384	18815
53385	18815
53386	18816
53387	18816
53388	18817
53389	18817
53390	18819
53391	18820
53392	18820
53393	18820
53394	18820
53395	18820
53396	18819
53397	18819
53398	18819
53399	18819
53400	18819
53401	18819
53402	18818
53403	18818
53404	18818
53405	18817
53406	18816
53407	18816
53408	18816
53409	18818
53410	18818
53411	18818
53412	18820
53413	18820
53414	18821
53415	18821
53416	18821
53417	18821
53418	18821
53419	18820
53420	18820
53421	18819
53422	18819
53423	18819
53424	18819
53425	18819
53426	18820
53427	18819
53428	18819
53429	18821
53430	18821
53431	18820
53432	18821
53433	18823
53434	18823
53435	18824
53436	18824
53437	18826
53438	18826
53439	18826
53440	18826
53441	18825
53442	18825
53443	18824
53444	18824
53445	18823
53446	18823
53447	18823
53448	18823
53449	18823
53450	18823
53451	18822
53452	18822
53453	18823
53454	18823
53455	18823
53456	18823
53457	18823
53458	18822
53459	18822
53460	18821
53461	18821
53462	18821
53463	18820
53464	18820
53465	18822
53466	18823
53467	18823
53468	18825
53469	18825
53470	18825
53471	18825
53472	18825
53473	18825
53474	18825
53475	18825
53476	18824
53477	18825
53478	18824
53479	18825
53480	18825
53481	18826
53482	18826
53483	18828
53484	18827
53485	18828
53486	18827
53487	18826
53488	18826
53489	18826
53490	18825
53491	18825
53492	18825
53493	18827
53494	18827
53495	18827
53496	18827
53497	18826
53498	18826
53499	18826
53500	18826
53501	18825
53502	18825
53503	18826
53504	18826
53505	18826
53506	18826
53507	18826
53508	18826
53509	18828
53510	18828
53511	18829
53512	18828
53513	18829
53514	18829
53515	18828
53516	18828
53517	18827
53518	18827
53519	18826
53520	18826
53521	18825
53522	18824
53523	18824
53524	18823
53525	18823
53526	18823
53527	18822
53528	18821
53529	18822
53530	18822
53531	18821
53532	18820
53533	18820
53534	18822
53535	18821
53536	18821
53537	18821
53538	18821
53539	18820
53540	18820
53541	18819
53542	18819
53543	18818
53544	18817
53545	18818
53546	18818
53547	18820
53548	18820
53549	18821
53550	18821
53551	18821
53552	18820
53553	18822
53554	18822
53555	18821
53556	18821
53557	18821
53558	18821
53559	18821
53560	18821
53561	18822
53562	18822
53563	18822
53564	18821
53565	18822
53566	18822
53567	18821
53568	18821
53569	18821
53570	18820
53571	18819
53572	18819
53573	18819
53574	18819
53575	18819
53576	18819
53577	18818
53578	18819
53579	18819
53580	18821
53581	18821
53582	18822
53583	18822
53584	18823
53585	18824
53586	18823
53587	18823
53588	18825
53589	18825
53590	18825
53591	18824
53592	18824
53593	18823
53594	18823
53595	18823
53596	18823
53597	18824
53598	18824
53599	18826
53600	18826
53601	18826
53602	18825
53603	18824
53604	18824
53605	18823
53606	18825
53607	18824
53608	18825
53609	18825
53610	18826
53611	18826
53612	18827
53613	18827
53614	18829
53615	18829
53616	18829
53617	18829
53618	18829
53619	18829
53620	18828
53621	18828
53622	18829
53623	18829
53624	18829
53625	18831
53626	18831
53627	18833
53628	18833
53629	18835
53630	18835
53631	18835
53632	18834
53633	18834
53634	18834
53635	18833
53636	18833
53637	18833
53638	18835
53639	18835
53640	18835
53641	18835
53642	18836
53643	18836
53644	18836
53645	18836
53646	18836
53647	18836
53648	18836
53649	18835
53650	18835
53651	18837
53652	18837
53653	18836
53654	18836
53655	18836
53656	18836
53657	18836
53658	18836
53659	18836
53660	18836
53661	18835
53662	18835
53663	18835
53664	18835
53665	18835
53666	18835
53667	18835
53668	18834
53669	18834
53670	18834
53671	18834
53672	18834
53673	18833
53674	18833
53675	18833
53676	18835
53677	18836
53678	18836
53679	18835
53680	18837
53681	18837
53682	18837
53683	18837
53684	18837
53685	18836
53686	18835
53687	18835
53688	18837
53689	18837
53690	18837
53691	18837
53692	18836
53693	18835
53694	18835
53695	18835
53696	18835
53697	18834
53698	18834
53699	18833
53700	18833
53701	18833
53702	18833
53703	18833
53704	18833
53705	18833
53706	18833
53707	18835
53708	18835
53709	18835
53710	18835
53711	18834
53712	18834
53713	18834
53714	18833
53715	18835
53716	18835
53717	18837
53718	18836
53719	18837
53720	18837
53721	18838
53722	18839
53723	18838
53724	18838
53725	18837
53726	18837
53727	18836
53728	18836
53729	18836
53730	18836
53731	18836
53732	18836
53733	18836
53734	18837
53735	18836
53736	18836
53737	18836
53738	18836
53739	18836
53740	18836
53741	18836
53742	18838
53743	18837
53744	18837
53745	18836
53746	18836
53747	18835
53748	18836
53749	18837
53750	18837
53751	18837
53752	18837
53753	18837
53754	18839
53755	18839
53756	18841
53757	18841
53758	18842
53759	18841
53760	18840
53761	18840
53762	18840
53763	18840
53764	18840
53765	18842
53766	18842
53767	18842
53768	18842
53769	18842
53770	18841
53771	18840
53772	18839
53773	18838
53774	18838
53775	18838
53776	18838
53777	18840
53778	18840
53779	18840
53780	18839
53781	18839
53782	18839
53783	18841
53784	18841
53785	18842
53786	18842
53787	18843
53788	18844
53789	18843
53790	18844
53791	18844
53792	18843
53793	18843
53794	18843
53795	18842
53796	18842
53797	18844
53798	18843
53799	18843
53800	18843
53801	18845
53802	18845
53803	18845
53804	18845
53805	18845
53806	18845
53807	18844
53808	18845
53809	18844
53810	18844
53811	18843
53812	18843
53813	18844
53814	18844
53815	18846
53816	18846
53817	18847
53818	18847
53819	18849
53820	18849
53821	18849
53822	18849
53823	18849
53824	18848
53825	18848
53826	18848
53827	18848
53828	18848
53829	18848
53830	18847
53831	18847
53832	18846
53833	18847
53834	18847
53835	18846
53836	18845
53837	18844
53838	18844
53839	18844
53840	18844
53841	18844
53842	18844
53843	18845
53844	18845
53845	18846
53846	18847
53847	18846
53848	18846
53849	18845
53850	18845
53851	18845
53852	18845
53853	18845
53854	18847
53855	18847
53856	18847
53857	18847
53858	18847
53859	18849
53860	18850
53861	18850
53862	18852
53863	18853
53864	18852
53865	18851
53866	18850
53867	18850
53868	18851
53869	18851
53870	18851
53871	18851
53872	18852
53873	18852
53874	18852
53875	18851
53876	18851
53877	18851
53878	18851
53879	18850
53880	18851
53881	18851
53882	18851
53883	18851
53884	18851
53885	18851
53886	18850
53887	18850
53888	18849
53889	18849
53890	18849
53891	18848
53892	18847
53893	18847
53894	18847
53895	18847
53896	18849
53897	18848
53898	18847
53899	18846
53900	18846
53901	18846
53902	18848
53903	18848
53904	18847
53905	18847
53906	18847
53907	18847
53908	18847
53909	18849
53910	18849
53911	18849
53912	18848
53913	18849
53914	18849
53915	18849
53916	18848
53917	18847
53918	18847
53919	18847
53920	18848
53921	18848
53922	18848
53923	18848
53924	18848
53925	18848
53926	18848
53927	18848
53928	18848
53929	18849
53930	18849
53931	18851
53932	18852
53933	18852
53934	18854
53935	18854
53936	18854
53937	18856
53938	18856
53939	18856
53940	18857
53941	18857
53942	18856
53943	18856
53944	18856
53945	18856
53946	18855
53947	18856
53948	18856
53949	18858
53950	18858
53951	18858
53952	18857
53953	18856
53954	18855
53955	18855
53956	18856
53957	18856
53958	18855
53959	18855
53960	18854
53961	18854
53962	18854
53963	18854
53964	18854
53965	18854
53966	18854
53967	18854
53968	18854
53969	18854
53970	18853
53971	18852
53972	18852
53973	18851
53974	18851
53975	18851
53976	18853
53977	18853
53978	18854
53979	18853
53980	18853
53981	18853
53982	18853
53983	18853
53984	18853
53985	18852
53986	18852
53987	18852
53988	18853
53989	18852
53990	18851
53991	18851
53992	18851
53993	18852
53994	18851
53995	18851
53996	18851
53997	18851
53998	18850
53999	18850
54000	18852
54001	18852
54002	18852
54003	18851
54004	18850
54005	18850
54006	18849
54007	18849
54008	18848
54009	18850
54010	18850
54011	18852
54012	18852
54013	18854
54014	18854
54015	18854
54016	18854
54017	18853
54018	18853
54019	18853
54020	18855
54021	18855
54022	18854
54023	18854
54024	18854
54025	18854
54026	18854
54027	18854
54028	18853
54029	18852
54030	18852
54031	18852
54032	18851
54033	18851
54034	18850
54035	18850
54036	18849
54037	18849
54038	18851
54039	18851
54040	18850
54041	18849
54042	18849
54043	18849
54044	18849
54045	18849
54046	18848
54047	18848
54048	18847
54049	18846
54050	18846
54051	18846
54052	18847
54053	18848
54054	18848
54055	18848
54056	18848
54057	18847
54058	18848
54059	18848
54060	18848
54061	18848
54062	18849
54063	18849
54064	18849
54065	18849
54066	18849
54067	18848
54068	18847
54069	18847
54070	18848
54071	18848
54072	18848
54073	18850
54074	18850
54075	18850
54076	18850
54077	18850
54078	18849
54079	18850
54080	18850
54081	18849
54082	18849
54083	18848
54084	18848
54085	18849
54086	18848
54087	18848
54088	18848
54089	18847
54090	18847
54091	18847
54092	18847
54093	18846
54094	18846
54095	18845
54096	18844
54097	18846
54098	18846
54099	18847
54100	18846
54101	18846
54102	18845
54103	18844
54104	18844
54105	18844
54106	18844
54107	18843
54108	18843
54109	18843
54110	18843
54111	18845
54112	18845
54113	18846
54114	18845
54115	18844
54116	18844
54117	18844
54118	18844
54119	18843
54120	18843
54121	18843
54122	18843
54123	18843
54124	18843
54125	18843
54126	18843
54127	18844
54128	18843
54129	18844
54130	18844
54131	18845
54132	18846
54133	18846
54134	18845
54135	18845
54136	18845
54137	18845
54138	18844
54139	18844
54140	18844
54141	18843
54142	18843
54143	18843
54144	18843
54145	18844
54146	18844
54147	18844
54148	18844
54149	18844
54150	18844
54151	18844
54152	18843
54153	18843
54154	18842
54155	18842
54156	18841
54157	18840
54158	18839
54159	18838
54160	18837
54161	18836
54162	18837
54163	18836
54164	18837
54165	18837
54166	18837
54167	18837
54168	18837
54169	18837
54170	18838
54171	18838
54172	18838
54173	18840
54174	18840
54175	18840
54176	18839
54177	18839
54178	18838
54179	18838
54180	18838
54181	18837
54182	18836
54183	18835
54184	18835
54185	18834
54186	18834
54187	18834
54188	18834
54189	18834
54190	18836
54191	18836
54192	18837
54193	18837
54194	18838
54195	18837
54196	18836
54197	18835
54198	18835
54199	18835
54200	18835
54201	18835
54202	18834
54203	18834
54204	18834
54205	18836
54206	18836
54207	18836
54208	18835
54209	18836
54210	18836
54211	18835
54212	18835
54213	18834
54214	18834
54215	18833
54216	18832
54217	18831
54218	18832
54219	18832
54220	18834
54221	18834
54222	18834
54223	18834
54224	18834
54225	18833
54226	18833
54227	18834
54228	18834
54229	18834
54230	18833
54231	18833
54232	18833
54233	18833
54234	18832
54235	18831
54236	18832
54237	18832
54238	18834
54239	18834
54240	18834
54241	18833
54242	18833
54243	18832
54244	18832
54245	18832
54246	18832
54247	18832
54248	18831
54249	18833
54250	18832
54251	18834
54252	18834
54253	18834
54254	18834
54255	18834
54256	18834
54257	18833
54258	18833
54259	18833
54260	18833
54261	18834
54262	18834
54263	18834
54264	18834
54265	18834
54266	18836
54267	18836
54268	18836
54269	18836
54270	18835
54271	18835
54272	18835
54273	18835
54274	18835
54275	18835
54276	18835
54277	18835
54278	18837
54279	18838
54280	18837
54281	18836
54282	18835
54283	18835
54284	18835
54285	18837
54286	18836
54287	18836
54288	18836
54289	18836
54290	18835
54291	18835
54292	18835
54293	18835
54294	18834
54295	18833
54296	18833
54297	18833
54298	18832
54299	18832
54300	18832
54301	18832
54302	18831
54303	18832
54304	18832
54305	18833
54306	18833
54307	18833
54308	18833
54309	18833
54310	18833
54311	18833
54312	18832
54313	18834
54314	18833
54315	18833
54316	18834
54317	18833
54318	18832
54319	18831
54320	18832
54321	18832
54322	18831
54323	18833
54324	18833
54325	18833
54326	18832
54327	18831
54328	18831
54329	18831
54330	18831
54331	18831
54332	18831
54333	18833
54334	18833
54335	18833
54336	18833
54337	18833
54338	18833
54339	18833
54340	18832
54341	18833
54342	18835
54343	18835
54344	18836
54345	18835
54346	18834
54347	18834
54348	18834
54349	18834
54350	18834
54351	18834
54352	18834
54353	18834
54354	18836
54355	18837
54356	18839
54357	18839
54358	18839
54359	18839
54360	18838
54361	18838
54362	18838
54363	18840
54364	18840
54365	18840
54366	18840
54367	18841
54368	18841
54369	18841
54370	18840
54371	18840
54372	18839
54373	18839
54374	18839
54375	18838
54376	18838
54377	18838
54378	18839
54379	18839
54380	18839
54381	18840
54382	18841
54383	18841
54384	18842
54385	18842
54386	18842
54387	18842
54388	18842
54389	18842
54390	18842
54391	18841
54392	18842
54393	18841
54394	18841
54395	18841
54396	18842
54397	18843
54398	18843
54399	18844
54400	18844
54401	18845
54402	18845
54403	18845
54404	18845
54405	18845
54406	18844
54407	18843
54408	18844
54409	18844
54410	18844
54411	18844
54412	18844
54413	18843
54414	18843
54415	18843
54416	18842
54417	18841
54418	18843
54419	18844
54420	18843
54421	18843
54422	18842
54423	18843
54424	18843
54425	18844
54426	18844
54427	18844
54428	18844
54429	18844
54430	18844
54431	18844
54432	18844
54433	18844
54434	18844
54435	18844
54436	18844
54437	18844
54438	18843
54439	18843
54440	18843
54441	18843
54442	18843
54443	18843
54444	18845
54445	18845
54446	18844
54447	18844
54448	18843
54449	18842
54450	18841
54451	18840
54452	18840
54453	18840
54454	18840
54455	18840
54456	18839
54457	18839
54458	18839
54459	18838
54460	18839
54461	18838
54462	18839
54463	18839
54464	18838
54465	18838
54466	18839
54467	18838
54468	18838
54469	18838
54470	18838
54471	18838
54472	18838
54473	18837
54474	18836
54475	18835
54476	18835
54477	18837
54478	18837
54479	18837
54480	18839
54481	18839
54482	18841
54483	18841
54484	18842
54485	18844
54486	18844
54487	18844
54488	18844
54489	18844
54490	18843
54491	18842
54492	18842
54493	18844
54494	18843
54495	18843
54496	18842
54497	18842
54498	18842
54499	18841
54500	18840
54501	18840
54502	18839
54503	18838
54504	18837
54505	18836
54506	18836
54507	18836
54508	18835
54509	18835
54510	18837
54511	18836
54512	18836
54513	18838
54514	18838
54515	18839
54516	18839
54517	18838
54518	18837
54519	18837
54520	18837
54521	18836
54522	18838
54523	18838
54524	18837
54525	18837
54526	18837
54527	18837
54528	18837
54529	18836
54530	18835
54531	18835
54532	18835
54533	18835
54534	18834
54535	18836
54536	18835
54537	18835
54538	18835
54539	18835
54540	18834
54541	18834
54542	18836
54543	18835
54544	18834
54545	18834
54546	18834
54547	18834
54548	18833
54549	18832
54550	18831
54551	18831
54552	18831
54553	18833
54554	18835
54555	18835
54556	18835
54557	18835
54558	18834
54559	18833
54560	18832
54561	18831
54562	18831
54563	18831
54564	18831
54565	18831
54566	18830
54567	18829
54568	18829
54569	18828
54570	18829
54571	18828
54572	18827
54573	18827
54574	18827
54575	18827
54576	18826
54577	18828
54578	18828
54579	18828
54580	18828
54581	18828
54582	18828
54583	18828
54584	18827
54585	18827
54586	18827
54587	18827
54588	18829
54589	18829
54590	18829
54591	18829
54592	18829
54593	18829
54594	18830
54595	18832
54596	18832
54597	18832
54598	18832
54599	18832
54600	18833
54601	18833
54602	18832
54603	18831
54604	18830
54605	18830
54606	18830
54607	18830
54608	18832
54609	18832
54610	18832
54611	18832
54612	18834
54613	18834
54614	18834
54615	18834
54616	18834
54617	18835
54618	18834
54619	18834
54620	18833
54621	18832
54622	18831
54623	18830
54624	18829
54625	18831
54626	18831
54627	18830
54628	18830
54629	18830
54630	18829
54631	18828
54632	18828
54633	18828
54634	18829
54635	18829
54636	18829
54637	18828
54638	18828
54639	18828
54640	18830
54641	18830
54642	18829
54643	18828
54644	18829
54645	18828
54646	18830
54647	18829
54648	18829
54649	18828
54650	18827
54651	18827
54652	18827
54653	18827
54654	18827
54655	18827
54656	18827
54657	18827
54658	18826
54659	18825
54660	18825
54661	18825
54662	18824
54663	18824
54664	18824
54665	18824
54666	18824
54667	18824
54668	18824
54669	18825
54670	18825
54671	18825
54672	18826
54673	18826
54674	18827
54675	18827
54676	18826
54677	18826
54678	18827
54679	18827
54680	18827
54681	18826
54682	18825
54683	18825
54684	18826
54685	18826
54686	18826
54687	18826
54688	18826
54689	18826
54690	18826
54691	18826
54692	18825
54693	18824
54694	18824
54695	18824
54696	18824
54697	18825
54698	18824
54699	18824
54700	18824
54701	18823
54702	18822
54703	18822
54704	18824
54705	18824
54706	18823
54707	18823
54708	18822
54709	18822
54710	18821
54711	18821
54712	18822
54713	18821
54714	18820
54715	18820
54716	18820
54717	18819
54718	18819
54719	18818
54720	18819
54721	18819
54722	18820
54723	18819
54724	18820
54725	18820
54726	18820
54727	18820
54728	18820
54729	18820
54730	18822
54731	18822
54732	18821
54733	18822
54734	18824
54735	18825
54736	18825
54737	18826
54738	18825
54739	18825
54740	18825
54741	18827
54742	18827
54743	18828
54744	18828
54745	18828
54746	18827
54747	18827
54748	18827
54749	18827
54750	18829
54751	18829
54752	18831
54753	18831
54754	18832
54755	18832
54756	18832
54757	18832
54758	18832
54759	18832
54760	18832
54761	18832
54762	18831
54763	18831
54764	18830
54765	18830
54766	18830
54767	18831
54768	18830
54769	18830
54770	18829
54771	18829
54772	18831
54773	18831
54774	18833
54775	18833
54776	18832
54777	18832
54778	18831
54779	18830
54780	18832
54781	18832
54782	18832
54783	18834
54784	18834
54785	18836
54786	18836
54787	18836
54788	18835
54789	18834
54790	18834
54791	18834
54792	18836
54793	18836
54794	18836
54795	18835
54796	18835
54797	18835
54798	18834
54799	18835
54800	18835
54801	18835
54802	18834
54803	18833
54804	18833
54805	18832
54806	18832
54807	18831
54808	18831
54809	18830
54810	18830
54811	18830
54812	18832
54813	18832
54814	18834
54815	18833
54816	18835
54817	18835
54818	18837
54819	18836
54820	18835
54821	18837
54822	18837
54823	18836
54824	18836
54825	18836
54826	18835
54827	18835
54828	18834
54829	18836
54830	18836
54831	18838
54832	18838
54833	18838
54834	18837
54835	18837
54836	18836
54837	18836
54838	18835
54839	18835
54840	18835
54841	18834
54842	18833
54843	18832
54844	18832
54845	18832
54846	18831
54847	18831
54848	18830
54849	18831
54850	18831
54851	18831
54852	18831
54853	18830
54854	18830
54855	18830
54856	18832
54857	18832
54858	18832
54859	18834
54860	18834
54861	18835
54862	18835
54863	18837
54864	18837
54865	18836
54866	18836
54867	18836
54868	18836
54869	18836
54870	18836
54871	18836
54872	18836
54873	18836
54874	18835
54875	18835
54876	18834
54877	18833
54878	18832
54879	18831
54880	18831
54881	18831
54882	18830
54883	18832
54884	18831
54885	18831
54886	18831
54887	18831
54888	18832
54889	18831
54890	18831
54891	18833
54892	18833
54893	18834
54894	18834
54895	18833
54896	18832
54897	18833
54898	18833
54899	18832
54900	18832
54901	18831
54902	18831
54903	18830
54904	18829
54905	18829
54906	18831
54907	18831
54908	18831
54909	18831
54910	18830
54911	18830
54912	18830
54913	18832
54914	18832
54915	18832
54916	18832
54917	18832
54918	18832
54919	18832
54920	18832
54921	18832
54922	18831
54923	18831
54924	18831
54925	18832
54926	18832
54927	18833
54928	18832
54929	18832
54930	18831
54931	18831
54932	18831
54933	18833
54934	18833
54935	18833
54936	18833
54937	18832
54938	18831
54939	18831
54940	18831
54941	18830
54942	18831
54943	18830
54944	18830
54945	18832
54946	18832
54947	18832
54948	18832
54949	18832
54950	18831
54951	18830
54952	18829
54953	18828
54954	18828
54955	18827
54956	18827
54957	18827
54958	18826
54959	18825
54960	18825
54961	18825
54962	18825
54963	18825
54964	18825
54965	18824
54966	18825
54967	18825
54968	18825
54969	18825
54970	18825
54971	18824
54972	18825
54973	18824
54974	18825
54975	18825
54976	18825
54977	18825
54978	18825
54979	18825
54980	18825
54981	18825
54982	18825
54983	18825
54984	18824
54985	18823
54986	18823
54987	18822
54988	18823
54989	18823
54990	18825
54991	18824
54992	18824
54993	18824
54994	18824
54995	18826
54996	18826
54997	18826
54998	18828
54999	18828
55000	18829
55001	18828
55002	18828
55003	18827
55004	18826
55005	18825
55006	18825
55007	18825
55008	18825
55009	18825
55010	18824
55011	18826
55012	18828
55013	18828
55014	18827
55015	18827
55016	18827
55017	18826
55018	18825
55019	18825
55020	18827
55021	18826
55022	18825
55023	18824
55024	18824
55025	18823
55026	18823
55027	18822
55028	18821
55029	18823
55030	18822
55031	18822
55032	18822
55033	18822
55034	18822
55035	18822
55036	18821
55037	18821
55038	18820
55039	18822
55040	18822
55041	18822
55042	18823
55043	18823
55044	18823
55045	18822
55046	18823
55047	18822
55048	18821
55049	18821
55050	18820
55051	18819
55052	18819
55053	18819
55054	18821
55055	18821
55056	18823
55057	18823
55058	18825
55059	18827
55060	18827
55061	18826
55062	18826
55063	18825
55064	18825
55065	18827
55066	18827
55067	18826
55068	18826
55069	18825
55070	18824
55071	18823
55072	18823
55073	18825
55074	18824
55075	18824
55076	18824
55077	18823
55078	18823
55079	18823
55080	18822
55081	18821
55082	18820
55083	18820
55084	18820
55085	18820
55086	18820
55087	18820
55088	18820
55089	18819
55090	18818
55091	18819
55092	18819
55093	18820
55094	18820
55095	18820
55096	18820
55097	18821
55098	18820
55099	18820
55100	18820
55101	18820
55102	18821
55103	18821
55104	18821
55105	18820
55106	18819
55107	18819
55108	18819
55109	18819
55110	18819
55111	18819
55112	18819
55113	18821
55114	18821
55115	18820
55116	18820
55117	18819
55118	18819
55119	18819
55120	18821
55121	18820
55122	18820
55123	18820
55124	18819
55125	18819
55126	18818
55127	18817
55128	18819
55129	18819
55130	18819
55131	18820
55132	18822
55133	18822
55134	18823
55135	18823
55136	18823
55137	18823
55138	18823
55139	18822
55140	18821
55141	18821
55142	18823
55143	18823
55144	18822
55145	18821
55146	18821
55147	18821
55148	18821
55149	18821
55150	18821
55151	18822
55152	18823
55153	18822
55154	18821
55155	18820
55156	18820
55157	18820
55158	18820
55159	18819
55160	18818
55161	18817
55162	18817
55163	18818
55164	18818
55165	18817
55166	18816
55167	18816
55168	18815
55169	18814
55170	18813
55171	18812
55172	18813
55173	18812
55174	18811
55175	18811
55176	18811
55177	18811
55178	18811
55179	18813
55180	18812
55181	18811
55182	18811
55183	18811
55184	18811
55185	18811
55186	18811
55187	18813
55188	18812
55189	18812
55190	18812
55191	18811
55192	18811
55193	18811
55194	18810
55195	18809
55196	18809
55197	18809
55198	18808
55199	18808
55200	18808
55201	18809
55202	18809
55203	18808
55204	18807
55205	18807
55206	18807
55207	18807
55208	18806
55209	18806
55210	18805
55211	18807
55212	18807
55213	18808
55214	18808
55215	18809
55216	18811
55217	18811
55218	18812
55219	18811
55220	18812
55221	18812
55222	18812
55223	18812
55224	18811
55225	18811
55226	18811
55227	18810
55228	18810
55229	18810
55230	18810
55231	18810
55232	18812
55233	18811
55234	18812
55235	18812
55236	18814
55237	18813
55238	18812
55239	18812
55240	18812
55241	18812
55242	18812
55243	18811
55244	18812
55245	18812
55246	18814
55247	18813
55248	18812
55249	18811
55250	18811
55251	18811
55252	18812
55253	18812
55254	18813
55255	18813
55256	18813
55257	18813
55258	18813
55259	18813
55260	18813
55261	18812
55262	18812
55263	18812
55264	18813
55265	18813
55266	18815
55267	18814
55268	18815
55269	18817
55270	18816
55271	18816
55272	18815
55273	18814
55274	18813
55275	18813
55276	18813
55277	18813
55278	18812
55279	18811
55280	18812
55281	18812
55282	18812
55283	18814
55284	18814
55285	18815
55286	18816
55287	18816
55288	18818
55289	18818
55290	18818
55291	18819
55292	18818
55293	18817
55294	18817
55295	18817
55296	18816
55297	18816
55298	18816
55299	18815
55300	18814
55301	18814
55302	18813
55303	18813
55304	18813
55305	18813
55306	18813
55307	18813
55308	18812
55309	18811
55310	18811
55311	18810
55312	18809
55313	18809
55314	18808
55315	18808
55316	18808
55317	18810
55318	18810
55319	18810
55320	18809
55321	18808
55322	18808
55323	18808
55324	18808
55325	18808
55326	18808
55327	18808
55328	18808
55329	18808
55330	18807
55331	18808
55332	18807
55333	18807
55334	18806
55335	18806
55336	18806
55337	18805
55338	18804
55339	18806
55340	18806
55341	18807
55342	18806
55343	18807
55344	18807
55345	18809
55346	18809
55347	18809
55348	18808
55349	18807
55350	18806
55351	18806
55352	18806
55353	18806
55354	18806
55355	18805
55356	18804
55357	18803
55358	18802
55359	18801
55360	18802
55361	18804
55362	18804
55363	18803
55364	18802
55365	18802
55366	18802
55367	18801
55368	18800
55369	18799
55370	18798
55371	18797
55372	18797
55373	18797
55374	18796
55375	18795
55376	18795
55377	18796
55378	18798
55379	18798
55380	18798
55381	18797
55382	18797
55383	18796
55384	18796
55385	18798
55386	18798
55387	18798
55388	18797
55389	18797
55390	18797
55391	18797
55392	18796
55393	18796
55394	18796
55395	18795
55396	18795
55397	18796
55398	18795
55399	18796
55400	18795
55401	18796
55402	18796
55403	18796
55404	18796
55405	18796
55406	18796
55407	18796
55408	18796
55409	18795
55410	18794
55411	18794
55412	18794
55413	18794
55414	18793
55415	18793
55416	18795
55417	18794
55418	18795
55419	18795
55420	18795
55421	18795
55422	18795
55423	18795
55424	18795
55425	18795
55426	18797
55427	18796
55428	18796
55429	18796
55430	18795
55431	18795
55432	18795
55433	18794
55434	18796
55435	18796
55436	18795
55437	18795
55438	18794
55439	18794
55440	18794
55441	18794
55442	18795
55443	18795
55444	18795
55445	18794
55446	18793
55447	18793
55448	18794
55449	18793
55450	18793
55451	18793
55452	18793
55453	18794
55454	18794
55455	18795
55456	18795
55457	18797
55458	18796
55459	18795
55460	18794
55461	18794
55462	18794
55463	18794
55464	18794
55465	18793
55466	18793
55467	18793
55468	18792
55469	18792
55470	18792
55471	18793
55472	18793
55473	18793
55474	18792
55475	18791
55476	18792
55477	18792
55478	18793
55479	18793
55480	18794
55481	18795
55482	18796
55483	18796
55484	18798
55485	18798
55486	18798
55487	18797
55488	18797
55489	18799
55490	18798
55491	18798
55492	18797
55493	18797
55494	18797
55495	18797
55496	18796
55497	18795
55498	18795
55499	18794
55500	18795
55501	18795
55502	18795
55503	18794
55504	18793
55505	18793
55506	18793
55507	18793
55508	18794
55509	18794
55510	18795
55511	18795
55512	18796
55513	18797
55514	18799
55515	18798
55516	18797
55517	18797
55518	18797
55519	18797
55520	18797
55521	18797
55522	18797
55523	18799
55524	18799
55525	18801
55526	18800
55527	18799
55528	18798
55529	18799
55530	18798
55531	18798
55532	18797
55533	18799
55534	18801
55535	18801
55536	18801
55537	18803
55538	18805
55539	18805
55540	18805
55541	18805
55542	18807
55543	18806
55544	18805
55545	18805
55546	18805
55547	18804
55548	18804
55549	18804
55550	18804
55551	18804
55552	18804
55553	18804
55554	18804
55555	18804
55556	18804
55557	18804
55558	18804
55559	18804
55560	18804
55561	18803
55562	18804
55563	18803
55564	18803
55565	18803
55566	18802
55567	18801
55568	18802
55569	18802
55570	18802
55571	18801
55572	18801
55573	18801
55574	18800
55575	18799
55576	18800
55577	18800
55578	18801
55579	18801
55580	18803
55581	18802
55582	18804
55583	18804
55584	18803
55585	18803
55586	18803
55587	18802
55588	18802
55589	18802
55590	18801
55591	18803
55592	18803
55593	18802
55594	18802
55595	18804
55596	18804
55597	18804
55598	18804
55599	18803
55600	18805
55601	18805
55602	18806
55603	18805
55604	18804
55605	18806
55606	18806
55607	18808
55608	18810
55609	18810
55610	18811
55611	18811
55612	18812
55613	18811
55614	18811
55615	18811
55616	18810
55617	18809
55618	18808
55619	18808
55620	18808
55621	18807
55622	18806
55623	18805
55624	18805
55625	18805
55626	18805
55627	18805
55628	18805
55629	18805
55630	18805
55631	18805
55632	18804
55633	18804
55634	18806
55635	18806
55636	18805
55637	18805
55638	18806
55639	18806
55640	18805
55641	18805
55642	18806
55643	18806
55644	18805
55645	18805
55646	18805
55647	18804
55648	18804
55649	18804
55650	18803
55651	18803
55652	18802
55653	18802
55654	18801
55655	18801
55656	18802
55657	18802
55658	18802
55659	18802
55660	18801
55661	18803
55662	18802
55663	18803
55664	18803
55665	18803
55666	18803
55667	18803
55668	18805
55669	18805
55670	18806
55671	18806
55672	18808
55673	18808
55674	18809
55675	18809
55676	18809
55677	18808
55678	18808
55679	18807
55680	18806
55681	18806
55682	18806
55683	18807
55684	18807
55685	18808
55686	18808
55687	18807
55688	18807
55689	18807
55690	18806
55691	18807
55692	18807
55693	18806
55694	18805
55695	18805
55696	18805
55697	18805
55698	18805
55699	18805
55700	18805
55701	18805
55702	18805
55703	18805
55704	18804
55705	18803
55706	18803
55707	18803
55708	18803
55709	18803
55710	18802
55711	18802
55712	18801
55713	18803
55714	18802
55715	18802
55716	18801
55717	18801
55718	18803
55719	18803
55720	18804
55721	18805
55722	18805
55723	18805
55724	18805
55725	18805
55726	18804
55727	18804
55728	18804
55729	18804
55730	18804
55731	18804
55732	18803
55733	18803
55734	18803
55735	18802
55736	18801
55737	18801
55738	18801
55739	18803
55740	18802
55741	18803
55742	18803
55743	18802
55744	18801
55745	18800
55746	18801
55747	18801
55748	18801
55749	18801
55750	18801
55751	18801
55752	18800
55753	18800
55754	18801
55755	18800
55756	18800
55757	18801
55758	18801
55759	18803
55760	18803
55761	18805
55762	18805
55763	18805
55764	18806
55765	18806
55766	18806
55767	18806
55768	18806
55769	18805
55770	18804
55771	18804
55772	18804
55773	18804
55774	18804
55775	18804
55776	18805
55777	18805
55778	18807
55779	18806
55780	18807
55781	18806
55782	18808
55783	18808
55784	18809
55785	18809
55786	18809
55787	18808
55788	18808
55789	18807
55790	18806
55791	18806
55792	18808
55793	18808
55794	18808
55795	18808
55796	18808
55797	18807
55798	18807
55799	18807
55800	18808
55801	18808
55802	18808
55803	18808
55804	18809
55805	18808
55806	18808
55807	18808
55808	18808
55809	18807
55810	18807
55811	18809
55812	18809
55813	18811
55814	18812
55815	18812
55816	18814
55817	18814
55818	18814
55819	18814
55820	18813
55821	18813
55822	18813
55823	18813
55824	18813
55825	18813
55826	18812
55827	18811
55828	18811
55829	18810
55830	18810
55831	18812
55832	18811
55833	18811
55834	18811
55835	18811
55836	18810
55837	18810
55838	18810
55839	18810
55840	18810
55841	18810
55842	18809
55843	18810
55844	18809
55845	18809
55846	18809
55847	18809
55848	18809
55849	18809
55850	18809
55851	18810
55852	18810
55853	18810
55854	18810
55855	18811
55856	18812
55857	18812
55858	18811
55859	18813
55860	18812
55861	18811
55862	18811
55863	18811
55864	18811
55865	18811
55866	18811
55867	18811
55868	18811
55869	18813
55870	18813
55871	18812
55872	18812
55873	18812
55874	18813
55875	18812
55876	18812
55877	18812
55878	18812
55879	18811
55880	18810
55881	18810
55882	18810
55883	18810
55884	18810
55885	18810
55886	18809
55887	18809
55888	18809
55889	18809
55890	18808
55891	18807
55892	18807
55893	18807
55894	18807
55895	18807
55896	18808
55897	18808
55898	18808
55899	18809
55900	18809
55901	18809
55902	18811
55903	18811
55904	18810
55905	18810
55906	18809
55907	18809
55908	18808
55909	18808
55910	18808
55911	18809
55912	18810
55913	18812
55914	18812
55915	18813
55916	18812
55917	18811
55918	18810
55919	18809
55920	18809
55921	18809
55922	18811
55923	18811
55924	18811
55925	18811
55926	18811
55927	18810
55928	18810
55929	18810
55930	18809
55931	18809
55932	18808
55933	18808
55934	18807
55935	18807
55936	18806
55937	18806
55938	18808
55939	18808
55940	18808
55941	18808
55942	18808
55943	18808
55944	18808
55945	18807
55946	18807
55947	18806
55948	18806
55949	18805
55950	18806
55951	18807
55952	18807
55953	18808
55954	18808
55955	18808
55956	18807
55957	18806
55958	18807
55959	18808
55960	18808
55961	18807
55962	18807
55963	18807
55964	18807
55965	18807
55966	18807
55967	18807
55968	18809
55969	18810
55970	18810
55971	18810
55972	18812
55973	18813
55974	18813
55975	18813
55976	18813
55977	18813
55978	18813
55979	18813
55980	18812
55981	18811
55982	18813
55983	18812
55984	18813
55985	18813
55986	18815
55987	18815
55988	18817
55989	18817
55990	18817
55991	18817
55992	18819
55993	18819
55994	18821
55995	18823
55996	18823
55997	18825
55998	18825
55999	18824
56000	18824
56001	18823
56002	18823
56003	18823
56004	18823
56005	18823
56006	18824
56007	18823
56008	18822
56009	18824
56010	18824
56011	18824
56012	18823
56013	18823
56014	18822
56015	18822
56016	18822
56017	18822
56018	18822
56019	18822
56020	18822
56021	18822
56022	18821
56023	18820
56024	18820
56025	18820
56026	18819
56027	18818
56028	18818
56029	18818
56030	18818
56031	18820
56032	18820
56033	18820
56034	18822
56035	18821
56036	18823
56037	18823
56038	18823
56039	18822
56040	18823
56041	18825
56042	18825
56043	18825
56044	18827
56045	18827
56046	18829
56047	18828
56048	18827
56049	18827
56050	18827
56051	18827
56052	18827
56053	18827
56054	18829
56055	18829
56056	18829
56057	18829
56058	18831
56059	18831
56060	18832
56061	18832
56062	18832
56063	18831
56064	18830
56065	18830
56066	18830
56067	18830
56068	18830
56069	18830
56070	18832
56071	18831
56072	18831
56073	18830
56074	18830
56075	18831
56076	18830
56077	18830
56078	18830
56079	18829
56080	18828
56081	18828
56082	18828
56083	18828
56084	18830
56085	18830
56086	18830
56087	18829
56088	18829
56089	18829
56090	18829
56091	18831
56092	18831
56093	18833
56094	18832
56095	18834
56096	18834
56097	18833
56098	18833
56099	18833
56100	18833
56101	18833
56102	18833
56103	18833
56104	18832
56105	18831
56106	18831
56107	18831
56108	18831
56109	18830
56110	18830
56111	18830
56112	18830
56113	18832
56114	18832
56115	18834
56116	18834
56117	18836
56118	18836
56119	18835
56120	18834
56121	18834
56122	18834
56123	18836
56124	18836
56125	18836
56126	18836
56127	18835
56128	18835
56129	18834
56130	18833
56131	18833
56132	18832
56133	18832
56134	18832
56135	18832
56136	18832
56137	18832
56138	18831
56139	18831
56140	18831
56141	18833
56142	18833
56143	18832
56144	18831
56145	18830
56146	18829
56147	18829
56148	18829
56149	18829
56150	18830
56151	18830
56152	18830
56153	18829
56154	18828
56155	18828
56156	18828
56157	18827
56158	18827
56159	18827
56160	18827
56161	18827
56162	18827
56163	18827
56164	18827
56165	18827
56166	18827
56167	18827
56168	18827
56169	18826
56170	18825
56171	18825
56172	18825
56173	18825
56174	18825
56175	18827
56176	18827
56177	18829
56178	18829
56179	18831
56180	18830
56181	18832
56182	18832
56183	18832
56184	18832
56185	18831
56186	18831
56187	18830
56188	18832
56189	18832
56190	18832
56191	18831
56192	18831
56193	18831
56194	18831
56195	18833
56196	18833
56197	18833
56198	18833
56199	18832
56200	18832
56201	18832
56202	18833
56203	18833
56204	18833
56205	18833
56206	18835
56207	18835
56208	18835
56209	18835
56210	18835
56211	18835
56212	18836
56213	18836
56214	18836
56215	18835
56216	18835
56217	18834
56218	18833
56219	18832
56220	18832
56221	18832
56222	18831
56223	18831
56224	18831
56225	18831
56226	18832
56227	18833
56228	18833
56229	18833
56230	18833
56231	18833
56232	18835
56233	18837
56234	18837
56235	18839
56236	18839
56237	18839
56238	18839
56239	18838
56240	18838
56241	18838
56242	18838
56243	18840
56244	18840
56245	18839
56246	18839
56247	18839
56248	18841
56249	18841
56250	18841
56251	18840
56252	18839
56253	18838
56254	18838
56255	18838
56256	18838
56257	18837
56258	18838
56259	18838
56260	18837
56261	18836
56262	18836
56263	18837
56264	18836
56265	18836
56266	18836
56267	18835
56268	18834
56269	18834
56270	18834
56271	18836
56272	18836
56273	18837
56274	18837
56275	18836
56276	18836
56277	18836
56278	18836
56279	18835
56280	18835
56281	18837
56282	18837
56283	18837
56284	18839
56285	18839
56286	18841
56287	18840
56288	18839
56289	18838
56290	18838
56291	18838
56292	18838
56293	18839
56294	18839
56295	18841
56296	18841
56297	18843
56298	18843
56299	18842
56300	18842
56301	18842
56302	18842
56303	18841
56304	18843
56305	18843
56306	18845
56307	18846
56308	18845
56309	18846
56310	18845
56311	18845
56312	18845
56313	18845
56314	18846
56315	18846
56316	18846
56317	18845
56318	18845
56319	18844
56320	18844
56321	18844
56322	18843
56323	18842
56324	18842
56325	18842
56326	18841
56327	18840
56328	18839
56329	18840
56330	18839
56331	18841
56332	18841
56333	18842
56334	18842
56335	18844
56336	18843
56337	18842
56338	18841
56339	18841
56340	18841
56341	18840
56342	18841
56343	18841
56344	18843
56345	18843
56346	18845
56347	18845
56348	18847
56349	18846
56350	18845
56351	18844
56352	18844
56353	18844
56354	18844
56355	18844
56356	18843
56357	18843
56358	18843
56359	18843
56360	18843
56361	18843
56362	18845
56363	18845
56364	18846
56365	18846
56366	18846
56367	18846
56368	18845
56369	18845
56370	18845
56371	18845
56372	18845
56373	18845
56374	18844
56375	18844
56376	18844
56377	18843
56378	18845
56379	18845
56380	18845
56381	18845
56382	18845
56383	18845
56384	18844
56385	18844
56386	18843
56387	18843
56388	18845
56389	18844
56390	18846
56391	18846
56392	18847
56393	18846
56394	18846
56395	18845
56396	18845
56397	18844
56398	18844
56399	18843
56400	18843
56401	18845
56402	18845
56403	18846
56404	18845
56405	18846
56406	18846
56407	18848
56408	18847
56409	18847
56410	18847
56411	18846
56412	18845
56413	18845
56414	18845
56415	18845
56416	18847
56417	18847
56418	18847
56419	18847
56420	18848
56421	18848
56422	18847
56423	18846
56424	18845
56425	18845
56426	18845
56427	18844
56428	18844
56429	18845
56430	18844
56431	18843
56432	18843
56433	18842
56434	18841
56435	18841
56436	18840
56437	18839
56438	18839
56439	18839
56440	18838
56441	18838
56442	18837
56443	18839
56444	18838
56445	18838
56446	18838
56447	18838
56448	18838
56449	18839
56450	18839
56451	18840
56452	18840
56453	18840
56454	18840
56455	18840
56456	18840
56457	18840
56458	18839
56459	18839
56460	18839
56461	18838
56462	18838
56463	18838
56464	18840
56465	18841
56466	18841
56467	18843
56468	18843
56469	18843
56470	18844
56471	18844
56472	18844
56473	18844
56474	18844
56475	18844
56476	18844
56477	18844
56478	18844
56479	18846
56480	18846
56481	18845
56482	18844
56483	18844
56484	18843
56485	18843
56486	18843
56487	18843
56488	18843
56489	18842
56490	18842
56491	18842
56492	18842
56493	18843
56494	18842
56495	18842
56496	18841
56497	18841
56498	18841
56499	18842
56500	18842
56501	18842
56502	18842
56503	18842
56504	18841
56505	18840
56506	18839
56507	18839
56508	18839
56509	18839
56510	18838
56511	18838
56512	18839
56513	18838
56514	18837
56515	18837
56516	18836
56517	18835
56518	18835
56519	18835
56520	18835
56521	18835
56522	18835
56523	18835
56524	18834
56525	18834
56526	18836
56527	18836
56528	18836
56529	18835
56530	18835
56531	18834
56532	18834
56533	18834
56534	18834
56535	18834
56536	18836
56537	18836
56538	18836
56539	18836
56540	18838
56541	18838
56542	18837
56543	18837
56544	18836
56545	18836
56546	18836
56547	18836
56548	18836
56549	18835
56550	18835
56551	18834
56552	18834
56553	18834
56554	18835
56555	18835
56556	18834
56557	18834
56558	18834
56559	18836
56560	18836
56561	18836
56562	18836
56563	18835
56564	18834
56565	18834
56566	18833
56567	18833
56568	18833
56569	18832
56570	18832
56571	18832
56572	18832
56573	18832
56574	18832
56575	18832
56576	18831
56577	18832
56578	18833
56579	18832
56580	18831
56581	18831
56582	18831
56583	18831
56584	18831
56585	18830
56586	18830
56587	18829
56588	18828
56589	18827
56590	18827
56591	18827
56592	18827
56593	18826
56594	18826
56595	18826
56596	18826
56597	18827
56598	18827
56599	18827
56600	18827
56601	18828
56602	18829
56603	18828
56604	18828
56605	18827
56606	18827
56607	18827
56608	18826
56609	18826
56610	18826
56611	18826
56612	18826
56613	18825
56614	18825
56615	18825
56616	18825
56617	18825
56618	18825
56619	18827
56620	18827
56621	18827
56622	18827
56623	18826
56624	18826
56625	18826
56626	18826
56627	18826
56628	18826
56629	18826
56630	18826
56631	18826
56632	18826
56633	18825
56634	18825
56635	18825
56636	18825
56637	18827
56638	18826
56639	18827
56640	18826
56641	18826
56642	18828
56643	18828
56644	18828
56645	18830
56646	18832
56647	18832
56648	18832
56649	18832
56650	18832
56651	18834
56652	18833
56653	18835
56654	18835
56655	18834
56656	18835
56657	18835
56658	18835
56659	18835
56660	18834
56661	18834
56662	18834
56663	18833
56664	18832
56665	18834
56666	18835
56667	18834
56668	18836
56669	18836
56670	18836
56671	18836
56672	18836
56673	18836
56674	18836
56675	18836
56676	18836
56677	18836
56678	18836
56679	18836
56680	18838
56681	18837
56682	18839
56683	18839
56684	18841
56685	18841
56686	18840
56687	18839
56688	18839
56689	18839
56690	18839
56691	18838
56692	18838
56693	18837
56694	18837
56695	18839
56696	18838
56697	18838
56698	18838
56699	18839
56700	18839
56701	18840
56702	18839
56703	18840
56704	18840
56705	18840
56706	18839
56707	18839
56708	18839
56709	18841
56710	18840
56711	18840
56712	18839
56713	18838
56714	18838
56715	18837
56716	18839
56717	18839
56718	18839
56719	18838
56720	18838
56721	18838
56722	18840
56723	18840
56724	18840
56725	18840
56726	18839
56727	18838
56728	18838
56729	18838
56730	18839
56731	18839
56732	18840
56733	18840
56734	18839
56735	18839
56736	18841
56737	18840
56738	18842
56739	18842
56740	18843
56741	18843
56742	18845
56743	18845
56744	18844
56745	18843
56746	18842
56747	18842
56748	18842
56749	18841
56750	18843
56751	18843
56752	18843
56753	18843
56754	18843
56755	18842
56756	18841
56757	18840
56758	18840
56759	18839
56760	18839
56761	18839
56762	18839
56763	18838
56764	18840
56765	18842
56766	18842
56767	18842
56768	18843
56769	18843
56770	18842
56771	18841
56772	18841
56773	18841
56774	18841
56775	18841
56776	18840
56777	18839
56778	18838
56779	18837
56780	18837
56781	18837
56782	18837
56783	18836
56784	18836
56785	18836
56786	18836
56787	18838
56788	18838
56789	18837
56790	18837
56791	18836
56792	18835
56793	18836
56794	18836
56795	18837
56796	18837
56797	18836
56798	18836
56799	18837
56800	18837
56801	18836
56802	18836
56803	18836
56804	18835
56805	18834
56806	18834
56807	18834
56808	18833
56809	18832
56810	18832
56811	18832
56812	18832
56813	18832
56814	18834
56815	18834
56816	18833
56817	18833
56818	18832
56819	18832
56820	18831
56821	18830
56822	18830
56823	18829
56824	18829
56825	18828
56826	18828
56827	18827
56828	18826
56829	18826
56830	18825
56831	18825
56832	18825
56833	18825
56834	18824
56835	18824
56836	18823
56837	18823
56838	18823
56839	18823
56840	18823
56841	18823
56842	18822
56843	18822
56844	18822
56845	18822
56846	18824
56847	18823
56848	18822
56849	18821
56850	18821
56851	18821
56852	18821
56853	18821
56854	18821
56855	18821
56856	18820
56857	18820
56858	18820
56859	18820
56860	18821
56861	18821
56862	18820
56863	18820
56864	18820
56865	18821
56866	18821
56867	18821
56868	18823
56869	18823
56870	18822
56871	18822
56872	18822
56873	18821
56874	18821
56875	18820
56876	18819
56877	18818
56878	18818
56879	18818
56880	18818
56881	18818
56882	18817
56883	18818
56884	18818
56885	18819
56886	18819
56887	18820
56888	18820
56889	18820
56890	18822
56891	18822
56892	18823
56893	18823
56894	18824
56895	18823
56896	18823
56897	18822
56898	18823
56899	18823
56900	18823
56901	18823
56902	18823
56903	18822
56904	18821
56905	18821
56906	18823
56907	18823
56908	18824
56909	18824
56910	18824
56911	18824
56912	18824
56913	18823
56914	18822
56915	18822
56916	18822
56917	18824
56918	18824
56919	18826
56920	18826
56921	18827
56922	18827
56923	18826
56924	18826
56925	18826
56926	18826
56927	18825
56928	18826
56929	18826
56930	18827
56931	18826
56932	18827
56933	18826
56934	18825
56935	18825
56936	18827
56937	18826
56938	18826
56939	18826
56940	18827
56941	18826
56942	18825
56943	18824
56944	18823
56945	18825
56946	18824
56947	18824
56948	18824
56949	18824
56950	18824
56951	18823
56952	18823
56953	18822
56954	18821
56955	18823
56956	18823
56957	18823
56958	18822
56959	18822
56960	18823
56961	18822
56962	18822
56963	18822
56964	18822
56965	18821
56966	18820
56967	18821
56968	18821
56969	18823
56970	18823
56971	18824
56972	18823
56973	18824
56974	18824
56975	18824
56976	18824
56977	18825
56978	18825
56979	18824
56980	18824
56981	18824
56982	18823
56983	18823
56984	18825
56985	18825
56986	18825
56987	18825
56988	18825
56989	18824
56990	18823
56991	18823
56992	18823
56993	18823
56994	18823
56995	18825
56996	18824
56997	18825
56998	18826
56999	18825
57000	18825
57001	18826
57002	18826
57003	18826
57004	18826
57005	18826
57006	18825
57007	18824
57008	18823
57009	18825
57010	18824
57011	18824
57012	18824
57013	18824
57014	18824
57015	18824
57016	18824
57017	18823
57018	18823
57019	18822
57020	18822
57021	18821
57022	18823
57023	18823
57024	18823
57025	18823
57026	18822
57027	18823
57028	18823
57029	18824
57030	18824
57031	18825
57032	18825
57033	18825
57034	18824
57035	18824
57036	18823
57037	18822
57038	18821
57039	18821
57040	18821
57041	18821
57042	18821
57043	18821
57044	18821
57045	18820
57046	18820
57047	18820
57048	18819
57049	18820
57050	18819
57051	18818
57052	18818
57053	18818
57054	18818
57055	18820
57056	18822
57057	18822
57058	18821
57059	18822
57060	18822
57061	18821
57062	18820
57063	18820
57064	18819
57065	18819
57066	18819
57067	18820
57068	18820
57069	18821
57070	18821
57071	18822
57072	18822
57073	18822
57074	18821
57075	18820
57076	18820
57077	18820
57078	18819
57079	18819
57080	18820
57081	18819
57082	18819
57083	18818
57084	18817
57085	18818
57086	18817
57087	18817
57088	18817
57089	18817
57090	18816
57091	18816
57092	18815
57093	18814
57094	18813
57095	18812
57096	18812
57097	18812
57098	18812
57099	18812
57100	18811
57101	18813
57102	18813
57103	18813
57104	18813
57105	18814
57106	18814
57107	18816
57108	18816
57109	18815
57110	18815
57111	18815
57112	18814
57113	18814
57114	18814
57115	18814
57116	18813
57117	18812
57118	18814
57119	18814
57120	18816
57121	18816
57122	18815
57123	18815
57124	18815
57125	18814
57126	18814
57127	18814
57128	18814
57129	18813
57130	18813
57131	18813
57132	18813
57133	18813
57134	18815
57135	18814
57136	18813
57137	18812
57138	18812
57139	18811
57140	18810
57141	18809
57142	18810
57143	18810
57144	18811
57145	18810
57146	18811
57147	18813
57148	18813
57149	18814
57150	18814
57151	18815
57152	18815
57153	18814
57154	18814
57155	18813
57156	18813
57157	18812
57158	18812
57159	18812
57160	18811
57161	18811
57162	18811
57163	18812
57164	18811
57165	18810
57166	18810
57167	18810
57168	18810
57169	18810
57170	18810
57171	18812
57172	18811
57173	18811
57174	18811
57175	18811
57176	18812
57177	18812
57178	18813
57179	18812
57180	18811
57181	18810
57182	18809
57183	18809
57184	18808
57185	18807
57186	18807
57187	18806
57188	18807
57189	18807
57190	18807
57191	18808
57192	18807
57193	18807
57194	18807
57195	18807
57196	18808
57197	18808
57198	18808
57199	18808
57200	18807
57201	18807
57202	18807
57203	18807
57204	18807
57205	18807
57206	18809
57207	18809
57208	18809
57209	18809
57210	18808
57211	18808
57212	18807
57213	18807
57214	18806
57215	18805
57216	18804
57217	18804
57218	18804
57219	18804
57220	18804
57221	18804
57222	18804
57223	18804
57224	18806
57225	18806
57226	18806
57227	18806
57228	18806
57229	18806
57230	18805
57231	18804
57232	18803
57233	18803
57234	18804
57235	18804
57236	18805
57237	18805
57238	18805
57239	18804
57240	18805
57241	18804
57242	18804
57243	18803
57244	18803
57245	18802
57246	18801
57247	18802
57248	18801
57249	18802
57250	18802
57251	18802
57252	18801
57253	18800
57254	18800
57255	18800
57256	18800
57257	18800
57258	18802
57259	18803
57260	18803
57261	18803
57262	18803
57263	18803
57264	18803
57265	18802
57266	18801
57267	18800
57268	18800
57269	18800
57270	18802
57271	18802
57272	18801
57273	18800
57274	18799
57275	18798
57276	18800
57277	18799
57278	18799
57279	18799
57280	18798
57281	18797
57282	18797
57283	18797
57284	18797
57285	18799
57286	18799
57287	18799
57288	18799
57289	18798
57290	18797
57291	18797
57292	18797
57293	18797
57294	18798
57295	18798
57296	18798
57297	18799
57298	18799
57299	18798
57300	18797
57301	18796
57302	18796
57303	18795
57304	18795
57305	18794
57306	18793
57307	18792
57308	18792
57309	18791
57310	18791
57311	18791
57312	18791
57313	18790
57314	18790
57315	18790
57316	18792
57317	18794
57318	18794
57319	18795
57320	18795
57321	18795
57322	18795
57323	18795
57324	18795
57325	18795
57326	18795
57327	18795
57328	18795
57329	18795
57330	18794
57331	18795
57332	18795
57333	18797
57334	18797
57335	18796
57336	18795
57337	18795
57338	18794
57339	18794
57340	18794
57341	18794
57342	18794
57343	18796
57344	18795
57345	18796
57346	18795
57347	18795
57348	18795
57349	18794
57350	18794
57351	18793
57352	18792
57353	18794
57354	18793
57355	18793
57356	18793
57357	18793
57358	18792
57359	18791
57360	18792
57361	18791
57362	18791
57363	18793
57364	18792
57365	18792
57366	18791
57367	18791
57368	18791
57369	18791
57370	18791
57371	18791
57372	18791
57373	18790
57374	18790
57375	18792
57376	18791
57377	18790
57378	18790
57379	18790
57380	18789
57381	18788
57382	18787
57383	18787
57384	18788
57385	18788
57386	18788
57387	18788
57388	18788
57389	18788
57390	18790
57391	18789
57392	18789
57393	18788
57394	18788
57395	18788
57396	18788
57397	18788
57398	18788
57399	18787
57400	18786
57401	18787
57402	18787
57403	18786
57404	18786
57405	18786
57406	18785
57407	18784
57408	18783
57409	18783
57410	18783
57411	18783
57412	18782
57413	18783
57414	18783
57415	18782
57416	18782
57417	18781
57418	18781
57419	18781
57420	18781
57421	18780
57422	18780
57423	18779
57424	18779
57425	18779
57426	18778
57427	18777
57428	18777
57429	18777
57430	18777
57431	18776
57432	18776
57433	18775
57434	18774
57435	18773
57436	18772
57437	18772
57438	18772
57439	18771
57440	18771
57441	18770
57442	18770
57443	18770
57444	18770
57445	18770
57446	18769
57447	18770
57448	18770
57449	18769
57450	18771
57451	18770
57452	18771
57453	18771
57454	18772
57455	18772
57456	18771
57457	18771
57458	18770
57459	18770
57460	18770
57461	18772
57462	18772
57463	18772
57464	18772
57465	18772
57466	18772
57467	18772
57468	18774
57469	18774
57470	18775
57471	18775
57472	18774
57473	18774
57474	18773
57475	18773
57476	18772
57477	18773
57478	18773
57479	18775
57480	18775
57481	18775
57482	18774
57483	18774
57484	18774
57485	18774
57486	18773
57487	18772
57488	18772
57489	18771
57490	18771
57491	18770
57492	18769
57493	18769
57494	18769
57495	18769
57496	18769
57497	18770
57498	18769
57499	18768
57500	18768
57501	18768
57502	18768
57503	18768
57504	18768
57505	18768
57506	18769
57507	18770
57508	18770
57509	18771
57510	18770
57511	18771
57512	18771
57513	18771
57514	18770
57515	18770
57516	18770
57517	18771
57518	18771
57519	18771
57520	18771
57521	18771
57522	18771
57523	18770
57524	18769
57525	18770
57526	18771
57527	18773
57528	18772
57529	18771
57530	18770
57531	18770
57532	18769
57533	18769
57534	18769
57535	18768
57536	18768
57537	18768
57538	18768
57539	18768
57540	18768
57541	18767
57542	18766
57543	18765
57544	18765
57545	18764
57546	18764
57547	18764
57548	18764
57549	18763
57550	18762
57551	18761
57552	18760
57553	18760
57554	18759
57555	18759
57556	18759
57557	18760
57558	18759
57559	18759
57560	18759
57561	18758
57562	18758
57563	18758
57564	18758
57565	18758
57566	18760
57567	18759
57568	18759
57569	18758
57570	18758
57571	18758
57572	18758
57573	18758
57574	18758
57575	18759
57576	18759
57577	18759
57578	18760
57579	18759
57580	18759
57581	18758
57582	18758
57583	18758
57584	18758
57585	18758
57586	18757
57587	18757
57588	18757
57589	18759
57590	18759
57591	18761
57592	18761
57593	18761
57594	18761
57595	18761
57596	18761
57597	18761
57598	18761
57599	18761
57600	18761
57601	18761
57602	18760
57603	18759
57604	18758
57605	18757
57606	18757
57607	18757
57608	18757
57609	18757
57610	18759
57611	18759
57612	18758
57613	18760
57614	18761
57615	18761
57616	18761
57617	18761
57618	18761
57619	18760
57620	18760
57621	18760
57622	18761
57623	18761
57624	18761
57625	18761
57626	18762
57627	18762
57628	18762
57629	18762
57630	18761
57631	18761
57632	18761
57633	18760
57634	18760
57635	18760
57636	18760
57637	18759
57638	18761
57639	18761
57640	18761
57641	18761
57642	18760
57643	18760
57644	18759
57645	18759
57646	18758
57647	18758
57648	18758
57649	18758
57650	18758
57651	18757
57652	18757
57653	18757
57654	18757
57655	18756
57656	18756
57657	18756
57658	18755
57659	18754
57660	18753
57661	18753
57662	18753
57663	18753
57664	18754
57665	18753
57666	18753
57667	18753
57668	18753
57669	18752
57670	18751
57671	18751
57672	18750
57673	18749
57674	18748
57675	18748
57676	18749
57677	18748
57678	18747
57679	18749
57680	18748
57681	18748
57682	18747
57683	18747
57684	18747
57685	18747
57686	18746
57687	18748
57688	18748
57689	18748
57690	18747
57691	18746
57692	18746
57693	18746
57694	18745
57695	18744
57696	18744
57697	18743
57698	18745
57699	18745
57700	18744
57701	18744
57702	18743
57703	18745
57704	18745
57705	18746
57706	18746
57707	18746
57708	18745
57709	18744
57710	18743
57711	18742
57712	18741
57713	18741
57714	18741
57715	18741
57716	18741
57717	18741
57718	18740
57719	18739
57720	18738
57721	18739
57722	18739
57723	18739
57724	18739
57725	18739
57726	18739
57727	18739
57728	18739
57729	18738
57730	18738
57731	18739
57732	18738
57733	18738
57734	18740
57735	18739
57736	18738
57737	18738
57738	18738
57739	18738
57740	18738
57741	18738
57742	18738
57743	18737
57744	18737
57745	18736
57746	18736
57747	18736
57748	18736
57749	18738
57750	18738
57751	18737
57752	18737
57753	18736
57754	18736
57755	18737
57756	18737
57757	18736
57758	18737
57759	18737
57760	18737
57761	18736
57762	18736
57763	18738
57764	18740
57765	18739
57766	18739
57767	18738
57768	18738
57769	18738
57770	18737
57771	18737
57772	18739
57773	18739
57774	18738
57775	18738
57776	18738
57777	18737
57778	18737
57779	18737
57780	18738
57781	18737
57782	18738
57783	18740
57784	18739
57785	18740
57786	18739
57787	18741
57788	18741
57789	18742
57790	18741
57791	18741
57792	18741
57793	18741
57794	18741
57795	18741
57796	18743
57797	18743
57798	18745
57799	18744
57800	18743
57801	18743
57802	18743
57803	18743
57804	18743
57805	18743
57806	18742
57807	18743
57808	18745
57809	18745
57810	18747
57811	18747
57812	18747
57813	18748
57814	18747
57815	18746
57816	18746
57817	18746
57818	18746
57819	18746
57820	18746
57821	18746
57822	18746
57823	18745
57824	18744
57825	18744
57826	18744
57827	18743
57828	18743
57829	18745
57830	18746
57831	18746
57832	18746
57833	18746
57834	18745
57835	18744
57836	18744
57837	18743
57838	18744
57839	18744
57840	18743
57841	18743
57842	18743
57843	18743
57844	18743
57845	18743
57846	18745
57847	18745
57848	18744
57849	18744
57850	18743
57851	18743
57852	18743
57853	18743
57854	18743
57855	18743
57856	18744
57857	18744
57858	18744
57859	18743
57860	18745
57861	18744
57862	18745
57863	18745
57864	18745
57865	18745
57866	18744
57867	18743
57868	18743
57869	18743
57870	18743
57871	18743
57872	18742
57873	18742
57874	18741
57875	18740
57876	18740
57877	18742
57878	18744
57879	18744
57880	18744
57881	18744
57882	18743
57883	18743
57884	18743
57885	18743
57886	18743
57887	18743
57888	18743
57889	18743
57890	18743
57891	18743
57892	18743
57893	18744
57894	18744
57895	18743
57896	18744
57897	18744
57898	18744
57899	18744
57900	18743
57901	18742
57902	18741
57903	18741
57904	18741
57905	18740
57906	18739
57907	18738
57908	18737
57909	18737
57910	18737
57911	18738
57912	18737
57913	18737
57914	18737
57915	18738
57916	18738
57917	18738
57918	18738
57919	18737
57920	18737
57921	18736
57922	18737
57923	18738
57924	18738
57925	18739
57926	18739
57927	18739
57928	18741
57929	18741
57930	18741
57931	18741
57932	18740
57933	18740
57934	18740
57935	18739
57936	18740
57937	18740
57938	18741
57939	18741
57940	18740
57941	18740
57942	18742
57943	18742
57944	18743
57945	18742
57946	18742
57947	18741
57948	18741
57949	18741
57950	18741
57951	18741
57952	18741
57953	18743
57954	18743
57955	18744
57956	18744
57957	18743
57958	18743
57959	18743
57960	18742
57961	18742
57962	18742
57963	18742
57964	18741
57965	18741
57966	18741
57967	18740
57968	18740
57969	18740
57970	18741
57971	18741
57972	18743
57973	18743
57974	18745
57975	18746
57976	18748
57977	18748
57978	18748
57979	18748
57980	18748
57981	18748
57982	18747
57983	18746
57984	18746
57985	18745
57986	18745
57987	18745
57988	18744
57989	18743
57990	18743
57991	18742
57992	18741
57993	18743
57994	18742
57995	18742
57996	18742
57997	18742
57998	18742
57999	18742
58000	18742
58001	18744
58002	18744
58003	18744
58004	18744
58005	18746
58006	18745
58007	18745
58008	18744
58009	18744
58010	18744
58011	18744
58012	18744
58013	18743
58014	18743
58015	18743
58016	18743
58017	18742
58018	18743
58019	18743
58020	18743
58021	18743
58022	18743
58023	18743
58024	18743
58025	18744
58026	18744
58027	18744
58028	18744
58029	18745
58030	18746
58031	18746
58032	18745
58033	18745
58034	18745
58035	18746
58036	18745
58037	18745
58038	18745
58039	18744
58040	18744
58041	18743
58042	18743
58043	18742
58044	18742
58045	18742
58046	18741
58047	18740
58048	18739
58049	18739
58050	18739
58051	18739
58052	18739
58053	18739
58054	18740
58055	18741
58056	18741
58057	18741
58058	18741
58059	18741
58060	18741
58061	18741
58062	18741
58063	18741
58064	18741
58065	18741
58066	18741
58067	18740
58068	18739
58069	18738
58070	18737
58071	18737
58072	18737
58073	18739
58074	18739
58075	18739
58076	18738
58077	18738
58078	18738
58079	18738
58080	18738
58081	18737
58082	18737
58083	18736
58084	18735
58085	18735
58086	18735
58087	18734
58088	18734
58089	18734
58090	18734
58091	18734
58092	18734
58093	18734
58094	18736
58095	18736
58096	18736
58097	18735
58098	18734
58099	18734
58100	18733
58101	18734
58102	18735
58103	18734
58104	18735
58105	18735
58106	18734
58107	18734
58108	18734
58109	18734
58110	18734
58111	18734
58112	18734
58113	18736
58114	18736
58115	18738
58116	18739
58117	18739
58118	18738
58119	18738
58120	18737
58121	18738
58122	18739
58123	18738
58124	18739
58125	18738
58126	18740
58127	18740
58128	18740
58129	18741
58130	18742
58131	18742
58132	18741
58133	18741
58134	18743
58135	18745
58136	18744
58137	18744
58138	18743
58139	18744
58140	18744
58141	18746
58142	18746
58143	18748
58144	18748
58145	18750
58146	18749
58147	18749
58148	18749
58149	18748
58150	18748
58151	18747
58152	18747
58153	18749
58154	18749
58155	18749
58156	18749
58157	18750
58158	18750
58159	18752
58160	18752
58161	18751
58162	18751
58163	18751
58164	18750
58165	18750
58166	18750
58167	18751
58168	18750
58169	18750
58170	18750
58171	18749
58172	18749
58173	18749
58174	18750
58175	18749
58176	18748
58177	18748
58178	18747
58179	18747
58180	18746
58181	18745
58182	18745
58183	18745
58184	18744
58185	18744
58186	18744
58187	18744
58188	18746
58189	18746
58190	18745
58191	18745
58192	18745
58193	18744
58194	18744
58195	18743
58196	18745
58197	18745
58198	18747
58199	18746
58200	18747
58201	18749
58202	18749
58203	18748
58204	18748
58205	18748
58206	18750
58207	18752
58208	18752
58209	18754
58210	18754
58211	18756
58212	18756
58213	18755
58214	18755
58215	18754
58216	18754
58217	18754
58218	18754
58219	18754
58220	18753
58221	18754
58222	18753
58223	18755
58224	18754
58225	18754
58226	18753
58227	18753
58228	18753
58229	18753
58230	18753
58231	18753
58232	18753
58233	18752
58234	18752
58235	18751
58236	18750
58237	18750
58238	18750
58239	18750
58240	18749
58241	18748
58242	18748
58243	18748
58244	18747
58245	18749
58246	18749
58247	18751
58248	18751
58249	18753
58250	18755
58251	18755
58252	18754
58253	18754
58254	18754
58255	18753
58256	18753
58257	18753
58258	18752
58259	18752
58260	18751
58261	18751
58262	18750
58263	18750
58264	18750
58265	18750
58266	18749
58267	18749
58268	18748
58269	18750
58270	18750
58271	18752
58272	18752
58273	18754
58274	18754
58275	18753
58276	18753
58277	18753
58278	18752
58279	18754
58280	18754
58281	18753
58282	18753
58283	18753
58284	18753
58285	18752
58286	18751
58287	18751
58288	18751
58289	18751
58290	18751
58291	18750
58292	18750
58293	18752
58294	18752
58295	18751
58296	18751
58297	18751
58298	18751
58299	18750
58300	18750
58301	18750
58302	18750
58303	18750
58304	18750
58305	18750
58306	18750
58307	18750
58308	18750
58309	18749
58310	18748
58311	18747
58312	18747
58313	18746
58314	18745
58315	18744
58316	18744
58317	18745
58318	18745
58319	18744
58320	18744
58321	18744
58322	18744
58323	18743
58324	18743
58325	18742
58326	18741
58327	18741
58328	18741
58329	18741
58330	18741
58331	18743
58332	18743
58333	18745
58334	18745
58335	18747
58336	18749
58337	18749
58338	18748
58339	18748
58340	18748
58341	18747
58342	18746
58343	18747
58344	18747
58345	18747
58346	18747
58347	18747
58348	18747
58349	18746
58350	18746
58351	18745
58352	18744
58353	18744
58354	18744
58355	18745
58356	18745
58357	18747
58358	18746
58359	18746
58360	18746
58361	18746
58362	18746
58363	18747
58364	18747
58365	18747
58366	18747
58367	18746
58368	18745
58369	18744
58370	18744
58371	18743
58372	18743
58373	18743
58374	18743
58375	18743
58376	18745
58377	18747
58378	18747
58379	18746
58380	18745
58381	18745
58382	18745
58383	18745
58384	18745
58385	18746
58386	18746
58387	18746
58388	18746
58389	18747
58390	18746
58391	18745
58392	18744
58393	18744
58394	18744
58395	18743
58396	18742
58397	18741
58398	18741
58399	18740
58400	18740
58401	18740
58402	18740
58403	18741
58404	18740
58405	18740
58406	18739
58407	18739
58408	18738
58409	18740
58410	18740
58411	18740
58412	18740
58413	18740
58414	18739
58415	18738
58416	18738
58417	18739
58418	18739
58419	18741
58420	18741
58421	18743
58422	18743
58423	18742
58424	18742
58425	18742
58426	18742
58427	18741
58428	18740
58429	18740
58430	18740
58431	18742
58432	18742
58433	18744
58434	18744
58435	18746
58436	18745
58437	18744
58438	18743
58439	18742
58440	18742
58441	18742
58442	18741
58443	18743
58444	18743
58445	18745
58446	18746
58447	18745
58448	18744
58449	18745
58450	18745
58451	18745
58452	18745
58453	18745
58454	18745
58455	18744
58456	18743
58457	18744
58458	18744
58459	18743
58460	18743
58461	18743
58462	18742
58463	18741
58464	18741
58465	18741
58466	18741
58467	18740
58468	18739
58469	18739
58470	18739
58471	18738
58472	18737
58473	18737
58474	18736
58475	18736
58476	18738
58477	18739
58478	18741
58479	18741
58480	18741
58481	18742
58482	18741
58483	18742
58484	18741
58485	18743
58486	18742
58487	18743
58488	18743
58489	18742
58490	18741
58491	18741
58492	18741
58493	18741
58494	18740
58495	18740
58496	18739
58497	18738
58498	18738
58499	18738
58500	18738
58501	18738
58502	18738
58503	18740
58504	18740
58505	18739
58506	18740
58507	18740
58508	18739
58509	18739
58510	18738
58511	18737
58512	18736
58513	18736
58514	18736
58515	18737
58516	18736
58517	18735
58518	18735
58519	18735
58520	18734
58521	18734
58522	18733
58523	18732
58524	18732
58525	18731
58526	18730
58527	18730
58528	18729
58529	18731
58530	18730
58531	18731
58532	18730
58533	18731
58534	18731
58535	18733
58536	18733
58537	18735
58538	18734
58539	18733
58540	18733
58541	18732
58542	18732
58543	18731
58544	18732
58545	18734
58546	18734
58547	18734
58548	18736
58549	18736
58550	18738
58551	18737
58552	18736
58553	18736
58554	18735
58555	18735
58556	18735
58557	18735
58558	18734
58559	18734
58560	18734
58561	18734
58562	18734
58563	18736
58564	18735
58565	18735
58566	18736
58567	18736
58568	18735
58569	18735
58570	18735
58571	18735
58572	18735
58573	18735
58574	18735
58575	18735
58576	18734
58577	18734
58578	18734
58579	18733
58580	18735
58581	18734
58582	18734
58583	18734
58584	18735
58585	18735
58586	18736
58587	18735
58588	18735
58589	18735
58590	18735
58591	18735
58592	18735
58593	18734
58594	18733
58595	18733
58596	18735
58597	18735
58598	18735
58599	18737
58600	18737
58601	18738
58602	18738
58603	18738
58604	18738
58605	18740
58606	18739
58607	18739
58608	18738
58609	18738
58610	18737
58611	18737
58612	18737
58613	18737
58614	18738
58615	18738
58616	18737
58617	18737
58618	18737
58619	18737
58620	18737
58621	18737
58622	18737
58623	18736
58624	18736
58625	18735
58626	18735
58627	18735
58628	18735
58629	18734
58630	18734
58631	18733
58632	18735
58633	18735
58634	18735
58635	18735
58636	18735
58637	18735
58638	18735
58639	18735
58640	18734
58641	18734
58642	18734
58643	18734
58644	18734
58645	18734
58646	18735
58647	18734
58648	18733
58649	18733
58650	18732
58651	18732
58652	18732
58653	18732
58654	18732
58655	18734
58656	18733
58657	18733
58658	18733
58659	18732
58660	18731
58661	18731
58662	18730
58663	18730
58664	18730
58665	18730
58666	18729
58667	18729
58668	18729
58669	18729
58670	18729
58671	18729
58672	18728
58673	18729
58674	18730
58675	18729
58676	18731
58677	18731
58678	18730
58679	18730
58680	18729
58681	18729
58682	18729
58683	18729
58684	18729
58685	18728
58686	18728
58687	18728
58688	18729
58689	18729
58690	18728
58691	18727
58692	18727
58693	18727
58694	18726
58695	18726
58696	18727
58697	18727
58698	18727
58699	18727
58700	18726
58701	18726
58702	18726
58703	18725
58704	18725
58705	18724
58706	18723
58707	18724
58708	18724
58709	18726
58710	18726
58711	18726
58712	18726
58713	18725
58714	18725
58715	18724
58716	18724
58717	18724
58718	18724
58719	18723
58720	18724
58721	18725
58722	18724
58723	18724
58724	18725
58725	18724
58726	18726
58727	18726
58728	18728
58729	18728
58730	18729
58731	18729
58732	18728
58733	18728
58734	18728
58735	18727
58736	18727
58737	18729
58738	18728
58739	18728
58740	18729
58741	18728
58742	18728
58743	18727
58744	18729
58745	18728
58746	18728
58747	18728
58748	18728
58749	18728
58750	18728
58751	18727
58752	18726
58753	18728
58754	18728
58755	18728
58756	18728
58757	18727
58758	18727
58759	18726
58760	18725
58761	18726
58762	18726
58763	18727
58764	18726
58765	18725
58766	18725
58767	18725
58768	18724
58769	18725
58770	18725
58771	18727
58772	18727
58773	18728
58774	18728
58775	18729
58776	18728
58777	18728
58778	18728
58779	18727
58780	18727
58781	18729
58782	18729
58783	18729
58784	18729
58785	18729
58786	18728
58787	18728
58788	18727
58789	18727
58790	18727
58791	18727
58792	18729
58793	18728
58794	18729
58795	18729
58796	18730
58797	18729
58798	18728
58799	18729
58800	18728
58801	18728
58802	18727
58803	18727
58804	18729
58805	18729
58806	18729
58807	18729
58808	18729
58809	18728
58810	18727
58811	18726
58812	18725
58813	18724
58814	18723
58815	18723
58816	18722
58817	18722
58818	18721
58819	18720
58820	18720
58821	18720
58822	18720
58823	18720
58824	18719
58825	18720
58826	18720
58827	18721
58828	18721
58829	18722
58830	18722
58831	18722
58832	18721
58833	18720
58834	18720
58835	18719
58836	18718
58837	18718
58838	18718
58839	18718
58840	18718
58841	18717
58842	18716
58843	18716
58844	18717
58845	18716
58846	18716
58847	18716
58848	18716
58849	18715
58850	18716
58851	18716
58852	18716
58853	18717
58854	18717
58855	18718
58856	18718
58857	18717
58858	18716
58859	18716
58860	18716
58861	18716
58862	18716
58863	18716
58864	18718
58865	18717
58866	18719
58867	18719
58868	18720
58869	18720
58870	18719
58871	18719
58872	18718
58873	18718
58874	18718
58875	18719
58876	18719
58877	18720
58878	18719
58879	18718
58880	18718
58881	18717
58882	18718
58883	18717
58884	18717
58885	18716
58886	18715
58887	18715
58888	18715
58889	18715
58890	18714
58891	18714
58892	18713
58893	18712
58894	18712
58895	18712
58896	18713
58897	18715
58898	18715
58899	18715
58900	18714
58901	18714
58902	18713
58903	18713
58904	18715
58905	18715
58906	18715
58907	18715
58908	18715
58909	18714
58910	18714
58911	18713
58912	18713
58913	18713
58914	18713
58915	18715
58916	18715
58917	18716
58918	18716
58919	18715
58920	18715
58921	18715
58922	18714
58923	18713
58924	18713
58925	18712
58926	18712
58927	18712
58928	18712
58929	18713
58930	18712
58931	18711
58932	18711
58933	18711
58934	18711
58935	18711
58936	18711
58937	18713
58938	18712
58939	18712
58940	18712
58941	18712
58942	18713
58943	18713
58944	18715
58945	18714
58946	18714
58947	18713
58948	18712
58949	18712
58950	18711
58951	18711
58952	18711
58953	18710
58954	18710
58955	18710
58956	18710
58957	18710
58958	18712
58959	18711
58960	18710
58961	18710
58962	18709
58963	18708
58964	18707
58965	18707
58966	18708
58967	18707
58968	18708
58969	18707
58970	18708
58971	18709
58972	18709
58973	18710
58974	18710
58975	18709
58976	18709
58977	18709
58978	18709
58979	18709
58980	18708
58981	18708
58982	18707
58983	18706
58984	18705
58985	18705
58986	18705
58987	18705
58988	18706
58989	18706
58990	18706
58991	18705
58992	18705
58993	18705
58994	18705
58995	18705
58996	18706
58997	18707
58998	18706
58999	18705
59000	18705
59001	18705
59002	18704
59003	18704
59004	18704
59005	18704
59006	18704
59007	18704
59008	18704
59009	18704
59010	18706
59011	18706
59012	18705
59013	18705
59014	18704
59015	18704
59016	18704
59017	18704
59018	18703
59019	18703
59020	18703
59021	18703
59022	18702
59023	18702
59024	18702
59025	18702
59026	18702
59027	18704
59028	18704
59029	18706
59030	18705
59031	18706
59032	18705
59033	18705
59034	18705
59035	18705
59036	18705
59037	18705
59038	18707
59039	18706
59040	18708
59041	18708
59042	18707
59043	18707
59044	18707
59045	18707
59046	18706
59047	18706
59048	18706
59049	18706
59050	18706
59051	18708
59052	18710
59053	18710
59054	18710
59055	18710
59056	18710
59057	18711
59058	18712
59059	18712
59060	18713
59061	18712
59062	18712
59063	18712
59064	18711
59065	18713
59066	18712
59067	18712
59068	18711
59069	18710
59070	18710
59071	18710
59072	18709
59073	18708
59074	18708
59075	18710
59076	18710
59077	18709
59078	18710
59079	18709
59080	18708
59081	18710
59082	18712
59083	18712
59084	18713
59085	18712
59086	18712
59087	18712
59088	18712
59089	18712
59090	18712
59091	18712
59092	18711
59093	18711
59094	18713
59095	18713
59096	18714
59097	18714
59098	18713
59099	18712
59100	18712
59101	18712
59102	18712
59103	18712
59104	18712
59105	18714
59106	18713
59107	18712
59108	18712
59109	18712
59110	18711
59111	18713
59112	18712
59113	18712
59114	18712
59115	18712
59116	18712
59117	18711
59118	18710
59119	18710
59120	18710
59121	18710
59122	18710
59123	18710
59124	18712
59125	18711
59126	18713
59127	18713
59128	18715
59129	18715
59130	18716
59131	18716
59132	18715
59133	18714
59134	18713
59135	18713
59136	18713
59137	18714
59138	18714
59139	18713
59140	18712
59141	18712
59142	18714
59143	18714
59144	18714
59145	18713
59146	18713
59147	18712
59148	18711
59149	18711
59150	18711
59151	18710
59152	18711
59153	18713
59154	18713
59155	18713
59156	18713
59157	18712
59158	18712
59159	18711
59160	18710
59161	18710
59162	18710
59163	18710
59164	18710
59165	18709
59166	18709
59167	18709
59168	18711
59169	18710
59170	18710
59171	18709
59172	18709
59173	18709
59174	18710
59175	18709
59176	18710
59177	18710
59178	18709
59179	18708
59180	18708
59181	18708
59182	18708
59183	18708
59184	18707
59185	18708
59186	18707
59187	18707
59188	18706
59189	18706
59190	18706
59191	18707
59192	18707
59193	18707
59194	18706
59195	18706
59196	18705
59197	18704
59198	18704
59199	18704
59200	18704
59201	18703
59202	18703
59203	18702
59204	18702
59205	18702
59206	18704
59207	18703
59208	18703
59209	18702
59210	18701
59211	18701
59212	18701
59213	18701
59214	18701
59215	18701
59216	18701
59217	18700
59218	18699
59219	18699
59220	18700
59221	18700
59222	18699
59223	18699
59224	18700
59225	18700
59226	18700
59227	18700
59228	18699
59229	18699
59230	18698
59231	18698
59232	18698
59233	18698
59234	18698
59235	18700
59236	18700
59237	18700
59238	18699
59239	18699
59240	18698
59241	18698
59242	18697
59243	18697
59244	18697
59245	18698
59246	18697
59247	18698
59248	18698
59249	18699
59250	18701
59251	18701
59252	18701
59253	18702
59254	18701
59255	18700
59256	18699
59257	18698
59258	18697
59259	18697
59260	18696
59261	18696
59262	18695
59263	18694
59264	18694
59265	18694
59266	18694
59267	18695
59268	18697
59269	18697
59270	18696
59271	18696
59272	18696
59273	18696
59274	18696
59275	18697
59276	18697
59277	18697
59278	18696
59279	18695
59280	18695
59281	18694
59282	18694
59283	18694
59284	18694
59285	18693
59286	18692
59287	18692
59288	18691
59289	18690
59290	18690
59291	18690
59292	18690
59293	18690
59294	18690
59295	18690
59296	18690
59297	18690
59298	18690
59299	18690
59300	18690
59301	18690
59302	18692
59303	18691
59304	18690
59305	18690
59306	18691
59307	18691
59308	18692
59309	18692
59310	18692
59311	18691
59312	18691
59313	18690
59314	18691
59315	18690
59316	18690
59317	18692
59318	18693
59319	18693
59320	18692
59321	18692
59322	18691
59323	18690
59324	18690
59325	18689
59326	18688
59327	18687
59328	18688
59329	18687
59330	18688
59331	18688
59332	18687
59333	18687
59334	18687
59335	18686
59336	18686
59337	18686
59338	18685
59339	18685
59340	18685
59341	18685
59342	18685
59343	18685
59344	18687
59345	18688
59346	18688
59347	18690
59348	18690
59349	18690
59350	18690
59351	18690
59352	18690
59353	18690
59354	18690
59355	18690
59356	18690
59357	18690
59358	18689
59359	18689
59360	18689
59361	18691
59362	18690
59363	18691
59364	18690
59365	18689
59366	18689
59367	18689
59368	18689
59369	18690
59370	18690
59371	18692
59372	18692
59373	18691
59374	18691
59375	18691
59376	18691
59377	18690
59378	18689
59379	18691
59380	18690
59381	18690
59382	18692
59383	18692
59384	18692
59385	18692
59386	18691
59387	18690
59388	18692
59389	18692
59390	18691
59391	18690
59392	18690
59393	18690
59394	18690
59395	18690
59396	18689
59397	18688
59398	18690
59399	18689
59400	18689
59401	18688
59402	18687
59403	18687
59404	18687
59405	18687
59406	18687
59407	18688
59408	18688
59409	18688
59410	18689
59411	18689
59412	18688
59413	18687
59414	18687
59415	18686
59416	18685
59417	18684
59418	18683
59419	18682
59420	18682
59421	18682
59422	18682
59423	18683
59424	18683
59425	18683
59426	18683
59427	18685
59428	18684
59429	18684
59430	18683
59431	18683
59432	18683
59433	18683
59434	18683
59435	18682
59436	18682
59437	18681
59438	18682
59439	18681
59440	18680
59441	18680
59442	18679
59443	18679
59444	18680
59445	18679
59446	18681
59447	18680
59448	18680
59449	18680
59450	18680
59451	18679
59452	18679
59453	18679
59454	18681
59455	18680
59456	18679
59457	18679
59458	18679
59459	18678
59460	18678
59461	18678
59462	18677
59463	18676
59464	18675
59465	18675
59466	18675
59467	18675
59468	18675
59469	18676
59470	18676
59471	18676
59472	18675
59473	18675
59474	18674
59475	18673
59476	18673
59477	18673
59478	18673
59479	18672
59480	18674
59481	18674
59482	18674
59483	18674
59484	18675
59485	18674
59486	18675
59487	18675
59488	18676
59489	18676
59490	18676
59491	18675
59492	18677
59493	18676
59494	18675
59495	18675
59496	18674
59497	18674
59498	18674
59499	18674
59500	18674
59501	18673
59502	18675
59503	18675
59504	18675
59505	18675
59506	18675
59507	18674
59508	18673
59509	18673
59510	18672
59511	18672
59512	18671
59513	18671
59514	18671
59515	18670
59516	18670
59517	18670
59518	18670
59519	18671
59520	18670
59521	18669
59522	18670
59523	18669
59524	18668
59525	18668
59526	18667
59527	18667
59528	18666
59529	18666
59530	18666
59531	18666
59532	18666
59533	18666
59534	18668
59535	18667
59536	18669
59537	18669
59538	18670
59539	18670
59540	18670
59541	18670
59542	18670
59543	18670
59544	18670
59545	18671
59546	18671
59547	18671
59548	18671
59549	18671
59550	18671
59551	18671
59552	18670
59553	18669
59554	18669
59555	18669
59556	18669
59557	18669
59558	18671
59559	18671
59560	18671
59561	18671
59562	18670
59563	18669
59564	18669
59565	18669
59566	18668
59567	18668
59568	18668
59569	18667
59570	18667
59571	18666
59572	18665
59573	18664
59574	18664
59575	18664
59576	18665
59577	18664
59578	18664
59579	18664
59580	18663
59581	18663
59582	18662
59583	18661
59584	18661
59585	18661
59586	18661
59587	18662
59588	18661
59589	18661
59590	18661
59591	18661
59592	18660
59593	18660
59594	18659
59595	18658
59596	18657
59597	18658
59598	18657
59599	18656
59600	18656
59601	18657
59602	18657
59603	18657
59604	18656
59605	18658
59606	18657
59607	18657
59608	18657
59609	18656
59610	18656
59611	18656
59612	18656
59613	18655
59614	18654
59615	18653
59616	18652
59617	18651
59618	18650
59619	18649
59620	18651
59621	18651
59622	18651
59623	18650
59624	18650
59625	18650
59626	18650
59627	18650
59628	18651
59629	18651
59630	18653
59631	18653
59632	18653
59633	18652
59634	18651
59635	18650
59636	18649
59637	18649
59638	18649
59639	18649
59640	18649
59641	18649
59642	18649
59643	18649
59644	18648
59645	18647
59646	18646
59647	18647
59648	18649
59649	18648
59650	18648
59651	18648
59652	18647
59653	18647
59654	18647
59655	18647
59656	18647
59657	18646
59658	18646
59659	18645
59660	18645
59661	18645
59662	18645
59663	18647
59664	18647
59665	18646
59666	18645
59667	18645
59668	18645
59669	18646
59670	18646
59671	18645
59672	18646
59673	18646
59674	18646
59675	18646
59676	18646
59677	18646
59678	18646
59679	18645
59680	18645
59681	18646
59682	18646
59683	18645
59684	18644
59685	18644
59686	18644
59687	18644
59688	18644
59689	18645
59690	18646
59691	18646
59692	18645
59693	18645
59694	18645
59695	18644
59696	18644
59697	18644
59698	18645
59699	18644
59700	18644
59701	18644
59702	18644
59703	18644
59704	18644
59705	18646
59706	18646
59707	18645
59708	18644
59709	18643
59710	18643
59711	18642
59712	18642
59713	18642
59714	18642
59715	18642
59716	18641
59717	18640
59718	18640
59719	18639
59720	18638
59721	18638
59722	18638
59723	18638
59724	18638
59725	18639
59726	18639
59727	18639
59728	18638
59729	18639
59730	18639
59731	18639
59732	18639
59733	18638
59734	18638
59735	18638
59736	18637
59737	18637
59738	18637
59739	18639
59740	18639
59741	18641
59742	18640
59743	18639
59744	18639
59745	18639
59746	18639
59747	18639
59748	18638
59749	18638
59750	18638
59751	18639
59752	18639
59753	18638
59754	18638
59755	18638
59756	18637
59757	18637
59758	18637
59759	18637
59760	18639
59761	18638
59762	18637
59763	18637
59764	18637
59765	18637
59766	18637
59767	18637
59768	18638
59769	18638
59770	18638
59771	18640
59772	18639
59773	18638
59774	18639
59775	18638
59776	18637
59777	18637
59778	18637
59779	18637
59780	18636
59781	18635
59782	18635
59783	18634
59784	18633
59785	18633
59786	18633
59787	18633
59788	18633
59789	18635
59790	18637
59791	18637
59792	18637
59793	18637
59794	18637
59795	18637
59796	18637
59797	18637
59798	18637
59799	18637
59800	18637
59801	18636
59802	18636
59803	18636
59804	18637
59805	18637
59806	18636
59807	18636
59808	18636
59809	18636
59810	18635
59811	18634
59812	18634
59813	18633
59814	18632
59815	18631
59816	18630
59817	18630
59818	18629
59819	18629
59820	18629
59821	18628
59822	18628
59823	18628
59824	18629
59825	18629
59826	18628
59827	18628
59828	18627
59829	18627
59830	18626
59831	18625
59832	18626
59833	18626
59834	18627
59835	18628
59836	18628
59837	18628
59838	18628
59839	18629
59840	18629
59841	18631
59842	18631
59843	18632
59844	18632
59845	18632
59846	18632
59847	18632
59848	18631
59849	18633
59850	18633
59851	18633
59852	18632
59853	18632
59854	18632
59855	18632
59856	18631
59857	18631
59858	18631
59859	18631
59860	18630
59861	18630
59862	18632
59863	18634
59864	18633
59865	18633
59866	18633
59867	18633
59868	18632
59869	18631
59870	18630
59871	18631
59872	18631
59873	18631
59874	18630
59875	18630
59876	18630
59877	18629
59878	18628
59879	18629
59880	18628
59881	18629
59882	18630
59883	18629
59884	18631
59885	18630
59886	18632
59887	18632
59888	18633
59889	18632
59890	18632
59891	18631
59892	18631
59893	18631
59894	18631
59895	18633
59896	18633
59897	18635
59898	18634
59899	18633
59900	18633
59901	18632
59902	18632
59903	18632
59904	18632
59905	18633
59906	18635
59907	18635
59908	18635
59909	18636
59910	18635
59911	18635
59912	18635
59913	18635
59914	18635
59915	18635
59916	18635
59917	18635
59918	18635
59919	18637
59920	18636
59921	18636
59922	18636
59923	18635
59924	18636
59925	18636
59926	18636
59927	18636
59928	18635
59929	18634
59930	18634
59931	18633
59932	18634
59933	18634
59934	18633
59935	18633
59936	18633
59937	18633
59938	18633
59939	18635
59940	18635
59941	18635
59942	18635
59943	18634
59944	18633
59945	18633
59946	18633
59947	18633
59948	18635
59949	18635
59950	18637
59951	18637
59952	18636
59953	18635
59954	18635
59955	18637
59956	18637
59957	18636
59958	18635
59959	18635
59960	18634
59961	18633
59962	18632
59963	18632
59964	18632
59965	18632
59966	18632
59967	18632
59968	18631
59969	18630
59970	18630
59971	18630
59972	18632
59973	18632
59974	18634
59975	18634
59976	18636
59977	18635
59978	18637
59979	18637
59980	18637
59981	18637
59982	18637
59983	18637
59984	18637
59985	18636
59986	18636
59987	18635
59988	18635
59989	18635
59990	18635
59991	18635
59992	18634
59993	18634
59994	18634
59995	18636
59996	18636
59997	18635
59998	18637
59999	18637
60000	18637
60001	18637
60002	18636
60003	18636
60004	18636
60005	18636
60006	18636
60007	18638
60008	18638
60009	18640
60010	18639
60011	18641
60012	18641
60013	18642
60014	18642
60015	18642
60016	18641
60017	18640
60018	18639
60019	18639
60020	18638
60021	18638
60022	18638
60023	18637
60024	18637
60025	18636
60026	18636
60027	18636
60028	18636
60029	18636
60030	18635
60031	18635
60032	18635
60033	18635
60034	18635
60035	18635
60036	18635
60037	18634
60038	18634
60039	18633
60040	18632
60041	18632
60042	18632
60043	18631
60044	18631
60045	18631
60046	18632
60047	18632
60048	18631
60049	18633
60050	18633
60051	18633
60052	18633
60053	18633
60054	18633
60055	18633
60056	18633
60057	18632
60058	18632
60059	18632
60060	18633
60061	18633
60062	18633
60063	18635
60064	18635
60065	18635
60066	18634
60067	18634
60068	18633
60069	18632
60070	18632
60071	18632
60072	18634
60073	18634
60074	18636
60075	18636
60076	18638
60077	18638
60078	18639
60079	18639
60080	18638
60081	18638
60082	18638
60083	18638
60084	18638
60085	18638
60086	18638
60087	18637
60088	18636
60089	18636
60090	18635
60091	18635
60092	18635
60093	18635
60094	18636
60095	18636
60096	18635
60097	18635
60098	18635
60099	18637
60100	18636
60101	18636
60102	18636
60103	18635
60104	18635
60105	18635
60106	18635
60107	18635
60108	18635
60109	18635
60110	18635
60111	18635
60112	18635
60113	18635
60114	18636
60115	18635
60116	18636
60117	18635
60118	18635
60119	18636
60120	18636
60121	18636
60122	18637
60123	18637
60124	18637
60125	18636
60126	18636
60127	18636
60128	18636
60129	18636
60130	18635
60131	18637
60132	18637
60133	18637
60134	18639
60135	18639
60136	18640
60137	18639
60138	18639
60139	18639
60140	18639
60141	18638
60142	18637
60143	18637
60144	18637
60145	18637
60146	18636
60147	18636
60148	18636
60149	18636
60150	18635
60151	18635
60152	18635
60153	18635
60154	18635
60155	18634
60156	18633
60157	18633
60158	18634
60159	18634
60160	18634
60161	18634
60162	18635
60163	18635
60164	18634
60165	18634
60166	18634
60167	18634
60168	18636
60169	18635
60170	18635
60171	18634
60172	18633
60173	18633
60174	18635
60175	18635
60176	18637
60177	18637
60178	18637
60179	18637
60180	18636
60181	18636
60182	18636
60183	18636
60184	18637
60185	18636
60186	18635
60187	18635
60188	18635
60189	18635
60190	18637
60191	18637
60192	18637
60193	18637
60194	18637
60195	18637
60196	18637
60197	18636
60198	18635
60199	18635
60200	18634
60201	18633
60202	18633
60203	18633
60204	18632
60205	18633
60206	18632
60207	18632
60208	18633
60209	18633
60210	18634
60211	18634
60212	18633
60213	18633
60214	18633
60215	18632
60216	18633
60217	18633
60218	18633
60219	18632
60220	18632
60221	18632
60222	18632
60223	18632
60224	18632
60225	18634
60226	18634
60227	18635
60228	18635
60229	18637
60230	18638
60231	18637
60232	18637
60233	18637
60234	18637
60235	18637
60236	18637
60237	18636
60238	18638
60239	18637
60240	18638
60241	18638
60242	18640
60243	18640
60244	18642
60245	18642
60246	18642
60247	18644
60248	18644
60249	18646
60250	18646
60251	18646
60252	18648
60253	18649
60254	18649
60255	18649
60256	18648
60257	18648
60258	18647
60259	18647
60260	18647
60261	18646
60262	18647
60263	18647
60264	18646
60265	18645
60266	18645
60267	18645
60268	18645
60269	18644
60270	18643
60271	18643
60272	18643
60273	18643
60274	18643
60275	18643
60276	18643
60277	18643
60278	18642
60279	18642
60280	18642
60281	18644
60282	18644
60283	18646
60284	18645
60285	18647
60286	18646
60287	18645
60288	18645
60289	18647
60290	18647
60291	18649
60292	18648
60293	18648
60294	18650
60295	18649
60296	18649
60297	18648
60298	18648
60299	18648
60300	18648
60301	18648
60302	18648
60303	18650
60304	18652
60305	18652
60306	18653
60307	18653
60308	18653
60309	18652
60310	18652
60311	18652
60312	18651
60313	18651
60314	18651
60315	18652
60316	18651
60317	18650
60318	18650
60319	18649
60320	18649
60321	18648
60322	18648
60323	18648
60324	18650
60325	18650
60326	18650
60327	18649
60328	18649
60329	18650
60330	18649
60331	18648
60332	18648
60333	18647
60334	18646
60335	18646
60336	18646
60337	18645
60338	18645
60339	18644
60340	18643
60341	18643
60342	18643
60343	18643
60344	18645
60345	18645
60346	18645
60347	18645
60348	18645
60349	18644
60350	18644
60351	18644
60352	18644
60353	18644
60354	18644
60355	18644
60356	18644
60357	18646
60358	18645
60359	18644
60360	18645
60361	18645
60362	18647
60363	18647
60364	18647
60365	18649
60366	18651
60367	18650
60368	18649
60369	18649
60370	18651
60371	18650
60372	18652
60373	18652
60374	18653
60375	18653
60376	18653
60377	18652
60378	18652
60379	18652
60380	18652
60381	18651
60382	18651
60383	18651
60384	18651
60385	18651
60386	18651
60387	18650
60388	18650
60389	18649
60390	18649
60391	18649
60392	18649
60393	18650
60394	18650
60395	18651
60396	18651
60397	18651
60398	18651
60399	18650
60400	18650
60401	18649
60402	18649
60403	18648
60404	18650
60405	18650
60406	18651
60407	18651
60408	18650
60409	18649
60410	18648
60411	18648
60412	18648
60413	18649
60414	18649
60415	18651
60416	18650
60417	18650
60418	18649
60419	18649
60420	18651
60421	18651
60422	18653
60423	18653
60424	18655
60425	18655
60426	18654
60427	18653
60428	18652
60429	18652
60430	18652
60431	18654
60432	18654
60433	18656
60434	18656
60435	18656
60436	18656
60437	18656
60438	18655
60439	18655
60440	18654
60441	18654
60442	18654
60443	18653
60444	18653
60445	18652
60446	18651
60447	18651
60448	18650
60449	18650
60450	18650
60451	18650
60452	18649
60453	18649
60454	18649
60455	18651
60456	18651
60457	18651
60458	18650
60459	18650
60460	18650
60461	18649
60462	18648
60463	18650
60464	18650
60465	18649
60466	18651
60467	18651
60468	18651
60469	18653
60470	18653
60471	18652
60472	18652
60473	18651
60474	18651
60475	18651
60476	18651
60477	18650
60478	18651
60479	18651
60480	18653
60481	18653
60482	18654
60483	18654
60484	18656
60485	18656
60486	18657
60487	18656
60488	18655
60489	18655
60490	18654
60491	18654
60492	18654
60493	18653
60494	18654
60495	18654
60496	18654
60497	18655
60498	18657
60499	18656
60500	18656
60501	18656
60502	18656
60503	18656
60504	18657
60505	18656
60506	18657
60507	18657
60508	18656
60509	18658
60510	18658
60511	18657
60512	18656
60513	18655
60514	18654
60515	18654
60516	18656
60517	18656
60518	18655
60519	18655
60520	18655
60521	18655
60522	18657
60523	18657
60524	18656
60525	18655
60526	18654
60527	18654
60528	18654
60529	18654
60530	18654
60531	18654
60532	18654
60533	18654
60534	18656
60535	18656
60536	18656
60537	18655
60538	18655
60539	18654
60540	18653
60541	18652
60542	18652
60543	18652
60544	18651
60545	18650
60546	18649
60547	18649
60548	18648
60549	18647
60550	18647
60551	18647
60552	18647
60553	18647
60554	18646
60555	18645
60556	18646
60557	18646
60558	18646
60559	18646
60560	18646
60561	18645
60562	18645
60563	18645
60564	18647
60565	18646
60566	18646
60567	18645
60568	18645
60569	18645
60570	18645
60571	18645
60572	18645
60573	18645
60574	18644
60575	18644
60576	18644
60577	18646
60578	18645
60579	18645
60580	18644
60581	18643
60582	18642
60583	18642
60584	18642
60585	18642
60586	18642
60587	18643
60588	18643
60589	18643
60590	18645
60591	18645
60592	18644
60593	18644
60594	18643
60595	18642
60596	18641
60597	18641
60598	18641
60599	18641
60600	18641
60601	18640
60602	18639
60603	18640
60604	18640
60605	18641
60606	18641
60607	18641
60608	18643
60609	18643
60610	18644
60611	18644
60612	18645
60613	18645
60614	18645
60615	18644
60616	18643
60617	18643
60618	18644
60619	18644
60620	18644
60621	18644
60622	18644
60623	18643
60624	18643
60625	18643
60626	18642
60627	18642
60628	18643
60629	18642
60630	18642
60631	18642
60632	18642
60633	18641
60634	18640
60635	18639
60636	18639
60637	18638
60638	18637
60639	18637
60640	18637
60641	18638
60642	18638
60643	18638
60644	18640
60645	18640
60646	18639
60647	18639
60648	18638
60649	18637
60650	18637
60651	18637
60652	18636
60653	18635
60654	18637
60655	18637
60656	18637
60657	18636
60658	18636
60659	18638
60660	18637
60661	18637
60662	18636
60663	18636
60664	18636
60665	18636
60666	18635
60667	18635
60668	18635
60669	18635
60670	18635
60671	18635
60672	18637
60673	18636
60674	18635
60675	18634
60676	18633
60677	18633
60678	18632
60679	18633
60680	18633
60681	18634
60682	18634
60683	18633
60684	18634
60685	18634
60686	18633
60687	18632
60688	18632
60689	18632
60690	18631
60691	18630
60692	18630
60693	18630
60694	18630
60695	18629
60696	18628
60697	18629
60698	18628
60699	18627
60700	18627
60701	18627
60702	18627
60703	18627
60704	18627
60705	18629
60706	18629
60707	18629
60708	18629
60709	18630
60710	18630
60711	18632
60712	18632
60713	18631
60714	18631
60715	18630
60716	18629
60717	18629
60718	18629
60719	18631
60720	18631
60721	18631
60722	18630
60723	18630
60724	18629
60725	18629
60726	18628
60727	18628
60728	18629
60729	18629
60730	18628
60731	18629
60732	18629
60733	18629
60734	18628
60735	18628
60736	18628
60737	18629
60738	18629
60739	18631
60740	18633
60741	18633
60742	18634
60743	18633
60744	18632
60745	18631
60746	18630
60747	18629
60748	18629
60749	18628
60750	18628
60751	18628
60752	18630
60753	18630
60754	18630
60755	18630
60756	18630
60757	18629
60758	18629
60759	18629
60760	18629
60761	18629
60762	18628
60763	18628
60764	18627
60765	18629
60766	18628
60767	18628
60768	18628
60769	18627
60770	18627
60771	18629
60772	18628
60773	18630
60774	18630
60775	18631
60776	18630
60777	18630
60778	18630
60779	18630
60780	18630
60781	18630
60782	18630
60783	18630
60784	18632
60785	18632
60786	18633
60787	18633
60788	18632
60789	18632
60790	18631
60791	18630
60792	18630
60793	18629
60794	18629
60795	18628
60796	18630
60797	18630
60798	18631
60799	18631
60800	18631
60801	18630
60802	18629
60803	18629
60804	18629
60805	18628
60806	18628
60807	18627
60808	18629
60809	18629
60810	18630
60811	18629
60812	18630
60813	18629
60814	18629
60815	18630
60816	18629
60817	18628
60818	18628
60819	18627
60820	18627
60821	18626
60822	18626
60823	18625
60824	18624
60825	18626
60826	18625
60827	18625
60828	18624
60829	18623
60830	18623
60831	18623
60832	18625
60833	18625
60834	18627
60835	18627
60836	18627
60837	18627
60838	18627
60839	18626
60840	18625
60841	18624
60842	18624
60843	18626
60844	18626
60845	18626
60846	18625
60847	18625
60848	18625
60849	18625
60850	18627
60851	18627
60852	18626
60853	18627
60854	18626
60855	18626
60856	18626
60857	18626
60858	18626
60859	18628
60860	18627
60861	18629
60862	18630
60863	18629
60864	18630
60865	18629
60866	18629
60867	18629
60868	18629
60869	18630
60870	18630
60871	18630
60872	18630
60873	18629
60874	18628
60875	18628
60876	18628
60877	18627
60878	18626
60879	18626
60880	18626
60881	18625
60882	18625
60883	18625
60884	18625
60885	18625
60886	18625
60887	18624
60888	18624
60889	18623
60890	18623
60891	18623
60892	18623
60893	18624
60894	18625
60895	18625
60896	18627
60897	18627
60898	18627
60899	18626
60900	18626
60901	18626
60902	18626
60903	18627
60904	18627
60905	18628
60906	18628
60907	18628
60908	18627
60909	18627
60910	18627
60911	18627
60912	18627
60913	18627
60914	18628
60915	18628
60916	18628
60917	18628
60918	18628
60919	18628
60920	18630
60921	18630
60922	18630
60923	18630
60924	18629
60925	18628
60926	18627
60927	18626
60928	18626
60929	18626
60930	18626
60931	18626
60932	18625
60933	18625
60934	18625
60935	18624
60936	18624
60937	18625
60938	18624
60939	18623
60940	18623
60941	18622
60942	18622
60943	18622
60944	18623
60945	18622
60946	18622
60947	18621
60948	18621
60949	18621
60950	18620
60951	18620
60952	18620
60953	18622
60954	18622
60955	18622
60956	18622
60957	18621
60958	18621
60959	18620
60960	18619
60961	18619
60962	18619
60963	18618
60964	18618
60965	18618
60966	18618
60967	18617
60968	18617
60969	18617
60970	18617
60971	18617
60972	18619
60973	18619
60974	18621
60975	18621
60976	18621
60977	18620
60978	18620
60979	18619
60980	18619
60981	18619
60982	18618
60983	18618
60984	18618
60985	18617
60986	18617
60987	18617
60988	18617
60989	18618
60990	18618
60991	18620
60992	18620
60993	18620
60994	18620
60995	18619
60996	18618
60997	18618
60998	18618
60999	18618
61000	18618
61001	18618
61002	18617
61003	18617
61004	18617
61005	18617
61006	18616
61007	18617
61008	18617
61009	18617
61010	18618
61011	18617
61012	18617
61013	18616
61014	18615
61015	18614
61016	18613
61017	18612
61018	18612
61019	18612
61020	18611
61021	18611
61022	18613
61023	18613
61024	18613
61025	18613
61026	18613
61027	18613
61028	18613
61029	18614
61030	18614
61031	18614
61032	18614
61033	18613
61034	18612
61035	18612
61036	18611
61037	18611
61038	18610
61039	18609
61040	18610
61041	18610
61042	18609
61043	18609
61044	18609
61045	18608
61046	18608
61047	18608
61048	18608
61049	18610
61050	18611
61051	18611
61052	18611
61053	18611
61054	18611
61055	18610
61056	18610
61057	18609
61058	18610
61059	18609
61060	18608
61061	18608
61062	18607
61063	18607
61064	18606
61065	18607
61066	18606
61067	18606
61068	18605
61069	18605
61070	18605
61071	18606
61072	18605
61073	18605
61074	18605
61075	18604
61076	18604
61077	18604
61078	18604
61079	18604
61080	18606
61081	18606
61082	18606
61083	18606
61084	18605
61085	18605
61086	18604
61087	18604
61088	18603
61089	18602
61090	18602
61091	18602
61092	18603
61093	18602
61094	18601
61095	18603
61096	18603
61097	18602
61098	18602
61099	18602
61100	18602
61101	18602
61102	18602
61103	18604
61104	18604
61105	18605
61106	18605
61107	18605
61108	18604
61109	18604
61110	18604
61111	18604
61112	18605
61113	18605
61114	18605
61115	18605
61116	18605
61117	18605
61118	18605
61119	18605
61120	18604
61121	18605
61122	18604
61123	18603
61124	18603
61125	18603
61126	18603
61127	18604
61128	18603
61129	18603
61130	18603
61131	18603
61132	18605
61133	18604
61134	18604
61135	18604
61136	18603
61137	18603
61138	18602
61139	18602
61140	18602
61141	18604
61142	18604
61143	18604
61144	18603
61145	18602
61146	18601
61147	18601
61148	18601
61149	18601
61150	18602
61151	18602
61152	18601
61153	18601
61154	18601
61155	18601
61156	18602
61157	18602
61158	18602
61159	18601
61160	18601
61161	18600
61162	18599
61163	18599
61164	18599
61165	18599
61166	18599
61167	18599
61168	18599
61169	18598
61170	18598
61171	18597
61172	18597
61173	18597
61174	18596
61175	18596
61176	18598
61177	18600
61178	18600
61179	18601
61180	18601
61181	18600
61182	18600
61183	18599
61184	18598
61185	18598
61186	18598
61187	18598
61188	18600
61189	18600
61190	18599
61191	18600
61192	18599
61193	18599
61194	18599
61195	18598
61196	18598
61197	18598
61198	18598
61199	18598
61200	18597
61201	18599
61202	18598
61203	18597
61204	18597
61205	18597
61206	18596
61207	18596
61208	18595
61209	18595
61210	18594
61211	18594
61212	18594
61213	18593
61214	18592
61215	18592
61216	18592
61217	18591
61218	18591
61219	18591
61220	18591
61221	18590
61222	18590
61223	18590
61224	18589
61225	18588
61226	18588
61227	18588
61228	18588
61229	18588
61230	18587
61231	18586
61232	18586
61233	18586
61234	18585
61235	18587
61236	18587
61237	18587
61238	18587
61239	18587
61240	18587
61241	18586
61242	18586
61243	18585
61244	18584
61245	18584
61246	18583
61247	18582
61248	18582
61249	18582
61250	18582
61251	18582
61252	18582
61253	18581
61254	18582
61255	18582
61256	18581
61257	18583
61258	18585
61259	18585
61260	18585
61261	18586
61262	18586
61263	18588
61264	18588
61265	18587
61266	18587
61267	18587
61268	18587
61269	18587
61270	18586
61271	18587
61272	18587
61273	18586
61274	18585
61275	18585
61276	18586
61277	18586
61278	18586
61279	18585
61280	18584
61281	18585
61282	18585
61283	18585
61284	18584
61285	18584
61286	18584
61287	18585
61288	18584
61289	18583
61290	18584
61291	18584
61292	18585
61293	18585
61294	18584
61295	18584
61296	18584
61297	18584
61298	18585
61299	18585
61300	18585
61301	18585
61302	18585
61303	18585
61304	18584
61305	18585
61306	18586
61307	18588
61308	18587
61309	18586
61310	18585
61311	18585
61312	18584
61313	18583
61314	18582
61315	18582
61316	18582
61317	18582
61318	18581
61319	18580
61320	18579
61321	18578
61322	18578
61323	18578
61324	18578
61325	18578
61326	18577
61327	18576
61328	18575
61329	18575
61330	18575
61331	18574
61332	18573
61333	18572
61334	18572
61335	18571
61336	18571
61337	18571
61338	18571
61339	18573
61340	18573
61341	18573
61342	18573
61343	18573
61344	18573
61345	18573
61346	18573
61347	18573
61348	18573
61349	18573
61350	18573
61351	18574
61352	18574
61353	18574
61354	18575
61355	18574
61356	18574
61357	18574
61358	18573
61359	18573
61360	18573
61361	18573
61362	18573
61363	18573
61364	18575
61365	18575
61366	18574
61367	18574
61368	18574
61369	18573
61370	18572
61371	18571
61372	18570
61373	18570
61374	18569
61375	18568
61376	18568
61377	18568
61378	18567
61379	18566
61380	18568
61381	18567
61382	18566
61383	18566
61384	18566
61385	18566
61386	18566
61387	18565
61388	18565
61389	18567
61390	18567
61391	18567
61392	18569
61393	18569
61394	18570
61395	18570
61396	18569
61397	18568
61398	18567
61399	18566
61400	18566
61401	18566
61402	18565
61403	18565
61404	18565
61405	18564
61406	18563
61407	18563
61408	18562
61409	18563
61410	18563
61411	18563
61412	18562
61413	18564
61414	18564
61415	18563
61416	18563
61417	18563
61418	18563
61419	18563
61420	18563
61421	18563
61422	18564
61423	18563
61424	18563
61425	18563
61426	18562
61427	18564
61428	18564
61429	18563
61430	18563
61431	18563
61432	18563
61433	18563
61434	18562
61435	18562
61436	18562
61437	18561
61438	18561
61439	18561
61440	18561
61441	18560
61442	18560
61443	18562
61444	18562
61445	18562
61446	18563
61447	18564
61448	18564
61449	18564
61450	18564
61451	18564
61452	18564
61453	18563
61454	18563
61455	18563
61456	18563
61457	18562
61458	18562
61459	18562
61460	18562
61461	18564
61462	18564
61463	18563
61464	18565
61465	18566
61466	18567
61467	18567
61468	18566
61469	18566
61470	18566
61471	18565
61472	18565
61473	18565
61474	18564
61475	18564
61476	18564
61477	18563
61478	18563
61479	18562
61480	18564
61481	18564
61482	18564
61483	18564
61484	18564
61485	18563
61486	18563
61487	18563
61488	18563
61489	18562
61490	18561
61491	18561
61492	18561
61493	18561
61494	18561
61495	18561
61496	18560
61497	18559
61498	18559
61499	18559
61500	18559
61501	18560
61502	18559
61503	18559
61504	18559
61505	18558
61506	18557
61507	18557
61508	18558
61509	18560
61510	18560
61511	18562
61512	18561
61513	18562
61514	18561
61515	18562
61516	18562
61517	18561
61518	18561
61519	18561
61520	18561
61521	18561
61522	18561
61523	18563
61524	18563
61525	18565
61526	18564
61527	18563
61528	18563
61529	18563
61530	18563
61531	18562
61532	18562
61533	18564
61534	18564
61535	18564
61536	18563
61537	18563
61538	18562
61539	18562
61540	18564
61541	18564
61542	18563
61543	18562
61544	18562
61545	18564
61546	18564
61547	18564
61548	18564
61549	18564
61550	18563
61551	18564
61552	18564
61553	18566
61554	18566
61555	18566
61556	18565
61557	18564
61558	18564
61559	18564
61560	18564
61561	18566
61562	18566
61563	18566
61564	18566
61565	18566
61566	18566
61567	18566
61568	18567
61569	18567
61570	18566
61571	18566
61572	18566
61573	18566
61574	18566
61575	18566
61576	18566
61577	18568
61578	18568
61579	18568
61580	18568
61581	18567
61582	18566
61583	18566
61584	18565
61585	18566
61586	18565
61587	18564
61588	18564
61589	18564
61590	18564
61591	18564
61592	18564
61593	18564
61594	18563
61595	18565
61596	18564
61597	18564
61598	18564
61599	18565
61600	18564
61601	18564
61602	18563
61603	18563
61604	18563
61605	18563
61606	18563
61607	18563
61608	18562
61609	18561
61610	18560
61611	18560
61612	18562
61613	18564
61614	18563
61615	18563
61616	18563
61617	18563
61618	18563
61619	18563
61620	18563
61621	18563
61622	18563
61623	18563
61624	18563
61625	18563
61626	18563
61627	18563
61628	18564
61629	18563
61630	18564
61631	18564
61632	18564
61633	18564
61634	18563
61635	18562
61636	18562
61637	18561
61638	18561
61639	18560
61640	18559
61641	18559
61642	18559
61643	18558
61644	18558
61645	18557
61646	18557
61647	18558
61648	18558
61649	18558
61650	18559
61651	18559
61652	18559
61653	18558
61654	18558
61655	18557
61656	18557
61657	18556
61658	18557
61659	18558
61660	18558
61661	18559
61662	18558
61663	18558
61664	18558
61665	18558
61666	18557
61667	18557
61668	18557
61669	18558
61670	18557
61671	18557
61672	18559
61673	18559
61674	18560
61675	18559
61676	18558
61677	18558
61678	18558
61679	18558
61680	18558
61681	18558
61682	18558
61683	18558
61684	18560
61685	18561
61686	18561
61687	18560
61688	18560
61689	18560
61690	18559
61691	18559
61692	18559
61693	18561
61694	18561
61695	18563
61696	18563
61697	18562
61698	18562
61699	18561
61700	18563
61701	18563
61702	18563
61703	18562
61704	18561
61705	18560
61706	18559
61707	18559
61708	18559
61709	18558
61710	18557
61711	18557
61712	18557
61713	18559
61714	18558
61715	18558
61716	18558
61717	18558
61718	18558
61719	18560
61720	18560
61721	18562
61722	18564
61723	18564
61724	18563
61725	18563
61726	18563
61727	18563
61728	18562
61729	18562
61730	18561
61731	18561
61732	18561
61733	18560
61734	18560
61735	18560
61736	18560
61737	18560
61738	18559
61739	18558
61740	18560
61741	18560
61742	18559
61743	18561
61744	18561
61745	18560
61746	18560
61747	18560
61748	18560
61749	18560
61750	18562
61751	18562
61752	18562
61753	18562
61754	18564
61755	18566
61756	18566
61757	18565
61757
0.678807
