1	1
2	1
3	3
4	2
5	1
6	1
7	3
8	5
9	4
10	3
11	2
12	2
13	1
14	1
15	1
16	3
17	5
18	6
19	5
20	4
21	5
22	4
23	3
24	4
25	3
26	2
27	2
28	3
29	2
30	1
31	1
32	2
33	1
34	1
35	3
36	5
37	6
38	6
39	5
40	5
41	4
42	5
43	5
44	4
45	4
46	3
47	4
48	4
49	3
50	3
51	2
52	2
53	3
54	3
55	2
56	4
57	3
58	2
59	1
60	1
61	2
62	2
63	1
64	3
65	2
66	1
67	1
68	3
69	5
70	6
71	6
72	7
73	6
74	5
75	5
76	6
77	5
78	4
79	5
80	5
81	6
82	5
83	4
84	4
85	5
86	4
87	3
88	4
89	4
90	5
91	4
92	3
93	3
94	4
95	3
96	2
97	2
98	3
99	3
100	4
101	3
102	2
103	4
104	5
105	4
106	3
107	4
108	3
109	2
110	3
111	2
112	1
113	1
114	2
115	2
116	3
117	2
118	1
119	3
120	4
121	3
122	2
123	3
124	2
125	1
126	2
127	1
128	1
129	3
130	5
131	6
132	6
133	7
134	7
135	6
136	8
137	7
138	6
139	5
140	5
141	6
142	6
143	5
144	7
145	6
146	5
147	4
148	5
149	5
150	6
151	8
152	7
153	6
154	5
155	5
156	4
157	4
158	5
159	7
160	6
161	5
162	4
163	4
164	3
165	4
166	4
167	5
168	7
169	6
170	5
171	4
172	4
173	3
174	3
175	4
176	6
177	5
178	4
179	3
180	3
181	2
182	2
183	3
184	3
185	4
186	6
187	5
188	4
189	3
190	3
191	2
192	4
193	5
194	4
195	4
196	3
197	4
198	4
199	3
200	3
201	2
202	3
203	3
204	2
205	2
206	1
207	1
208	2
209	2
210	3
211	5
212	4
213	3
214	2
215	2
216	1
217	3
218	4
219	4
220	3
221	2
222	3
223	3
224	2
225	2
226	1
227	2
228	2
229	1
230	1
231	1
232	3
233	5
234	6
235	6
236	7
237	7
238	8
239	7
240	6
241	8
242	9
243	8
244	7
245	8
246	7
247	6
248	7
249	6
250	5
251	5
252	6
253	6
254	7
255	6
256	5
257	7
258	8
259	7
260	6
261	7
262	6
263	5
264	6
265	5
266	4
267	5
268	5
269	6
270	8
271	9
272	8
273	7
274	8
275	7
276	6
277	7
278	6
279	5
280	5
281	6
282	5
283	4
284	4
285	5
286	7
287	8
288	7
289	6
290	6
291	5
292	6
293	5
294	4
295	4
296	5
297	4
298	3
299	4
300	4
301	5
302	7
303	8
304	7
305	6
306	7
307	6
308	5
309	6
310	5
311	4
312	4
313	5
314	4
315	3
316	3
317	4
318	6
319	7
320	6
321	5
322	6
323	5
324	4
325	4
326	3
327	3
328	4
329	3
330	2
331	2
332	3
333	3
334	4
335	6
336	7
337	6
338	5
339	6
340	5
341	4
342	5
343	4
344	3
345	3
346	4
347	3
348	2
349	4
350	5
351	4
352	4
353	5
354	4
355	3
356	4
357	4
358	5
359	4
360	3
361	3
362	4
363	3
364	2
365	3
366	3
367	4
368	3
369	2
370	2
371	3
372	2
373	1
374	1
375	2
376	2
377	3
378	5
379	6
380	5
381	4
382	5
383	4
384	3
385	4
386	3
387	2
388	2
389	3
390	2
391	1
392	3
393	4
394	4
395	5
396	4
397	3
398	2
399	3
400	3
401	4
402	3
403	2
404	2
405	3
406	2
407	1
408	2
409	2
410	3
411	2
412	1
413	1
414	2
415	1
416	1
417	3
418	5
419	6
420	6
421	7
422	7
423	8
424	10
425	9
426	8
427	7
428	7
429	6
430	8
431	9
432	9
433	8
434	8
435	7
436	8
437	8
438	7
439	7
440	6
441	7
442	7
443	6
444	6
445	5
446	5
447	6
448	6
449	7
450	9
451	8
452	7
453	6
454	6
455	5
456	7
457	8
458	8
459	7
460	7
461	6
462	7
463	7
464	6
465	6
466	5
467	6
468	6
469	5
470	5
471	4
472	5
473	5
474	6
475	8
476	9
477	9
478	8
479	8
480	7
481	8
482	8
483	7
484	7
485	6
486	7
487	7
488	6
489	6
490	5
491	5
492	6
493	6
494	5
495	7
496	6
497	5
498	4
499	4
500	5
501	7
502	8
503	8
504	7
505	7
506	6
507	6
508	6
509	5
510	6
511	6
512	5
513	5
514	4
515	4
516	5
517	5
518	4
519	6
520	5
521	4
522	3
523	4
524	4
525	5
526	7
527	8
528	8
529	7
530	7
531	6
532	7
533	7
534	6
535	6
536	5
537	6
538	6
539	5
540	5
541	4
542	4
543	5
544	5
545	4
546	6
547	5
548	4
549	3
550	3
551	4
552	6
553	7
554	7
555	6
556	6
557	5
558	6
559	6
560	5
561	5
562	4
563	4
564	4
565	3
566	3
567	4
568	4
569	3
570	5
571	4
572	3
573	2
574	2
575	3
576	3
577	4
578	6
579	7
580	7
581	6
582	6
583	5
584	6
585	6
586	5
587	5
588	4
589	5
590	5
591	4
592	4
593	3
594	3
595	4
596	4
597	3
598	5
599	4
600	3
601	2
602	4
603	5
604	4
605	4
606	5
607	5
608	4
609	6
610	5
611	4
612	3
613	4
614	4
615	5
616	5
617	4
618	5
619	4
620	3
621	3
622	4
623	4
624	3
625	4
626	3
627	2
628	3
629	3
630	4
631	6
632	5
633	4
634	3
635	3
636	2
637	2
638	3
639	4
640	3
641	2
642	2
643	1
644	1
645	2
646	2
647	3
648	5
649	6
650	6
651	5
652	5
653	4
654	5
655	5
656	4
657	4
658	3
659	4
660	4
661	3
662	3
663	2
664	2
665	3
666	3
667	2
668	4
669	3
670	2
671	1
672	3
673	4
674	4
675	5
676	5
677	4
678	6
679	5
680	4
681	3
682	2
683	3
684	3
685	4
686	4
687	3
688	4
689	3
690	2
691	2
692	3
693	3
694	2
695	3
696	2
697	1
698	2
699	2
700	3
701	5
702	4
703	3
704	2
705	2
706	1
707	1
708	2
709	3
710	2
711	1
712	1
713	1
714	3
715	5
716	6
717	6
718	7
719	7
720	8
721	10
722	11
723	10
724	9
725	10
726	9
727	8
728	9
729	8
730	7
731	7
732	8
733	7
734	6
735	8
736	9
737	9
738	10
739	9
740	8
741	8
742	9
743	8
744	7
745	8
746	8
747	9
748	8
749	7
750	7
751	8
752	7
753	6
754	7
755	7
756	8
757	7
758	6
759	6
760	7
761	6
762	5
763	5
764	6
765	6
766	7
767	9
768	10
769	9
770	8
771	9
772	8
773	7
774	8
775	7
776	6
777	6
778	7
779	6
780	5
781	7
782	8
783	8
784	9
785	8
786	7
787	7
788	8
789	7
790	6
791	7
792	7
793	8
794	7
795	6
796	6
797	7
798	6
799	5
800	6
801	6
802	7
803	6
804	5
805	5
806	6
807	5
808	4
809	5
810	5
811	6
812	8
813	9
814	9
815	10
816	9
817	8
818	8
819	8
820	7
821	8
822	8
823	9
824	8
825	7
826	7
827	8
828	7
829	6
830	7
831	7
832	8
833	7
834	6
835	6
836	7
837	6
838	5
839	5
840	6
841	6
842	7
843	6
844	5
845	7
846	8
847	7
848	6
849	7
850	6
851	5
852	6
853	5
854	4
855	4
856	5
857	7
858	8
859	8
860	9
861	8
862	7
863	7
864	8
865	7
866	6
867	6
868	6
869	7
870	6
871	5
872	6
873	6
874	7
875	6
876	5
877	5
878	6
879	5
880	4
881	4
882	5
883	5
884	6
885	5
886	4
887	6
888	7
889	6
890	5
891	6
892	5
893	4
894	5
895	4
896	3
897	4
898	4
899	5
900	7
901	8
902	8
903	8
904	7
905	7
906	8
907	7
908	6
909	7
910	7
911	8
912	7
913	6
914	6
915	6
916	5
917	6
918	6
919	7
920	6
921	5
922	5
923	6
924	5
925	4
926	4
927	5
928	5
929	6
930	5
931	4
932	6
933	7
934	6
935	5
936	6
937	5
938	4
939	5
940	4
941	3
942	3
943	4
944	6
945	7
946	7
947	8
948	7
949	6
950	6
951	7
952	6
953	5
954	6
955	6
956	6
957	5
958	5
959	6
960	5
961	4
962	4
963	4
964	5
965	4
966	3
967	3
968	4
969	4
970	5
971	4
972	3
973	5
974	6
975	5
976	4
977	5
978	4
979	3
980	4
981	3
982	2
983	2
984	3
985	3
986	4
987	6
988	7
989	7
990	8
991	7
992	6
993	6
994	7
995	6
996	5
997	6
998	6
999	7
1000	6
1001	5
1002	5
1003	6
1004	5
1005	4
1006	5
1007	5
1008	6
1009	5
1010	4
1011	4
1012	5
1013	4
1014	3
1015	3
1016	4
1017	4
1018	5
1019	4
1020	3
1021	5
1022	6
1023	5
1024	4
1025	5
1026	4
1027	3
1028	4
1029	3
1030	2
1031	4
1032	5
1033	4
1034	4
1035	5
1036	5
1037	6
1038	5
1039	4
1040	6
1041	7
1042	6
1043	5
1044	6
1045	5
1046	4
1047	5
1048	4
1049	3
1050	4
1051	4
1052	5
1053	5
1054	6
1055	5
1056	4
1057	5
1058	6
1059	5
1060	4
1061	5
1062	4
1063	3
1064	3
1065	4
1066	4
1067	5
1068	4
1069	3
1070	4
1071	5
1072	4
1073	3
1074	4
1075	3
1076	2
1077	3
1078	3
1079	4
1080	6
1081	7
1082	6
1083	5
1084	6
1085	5
1086	4
1087	4
1088	3
1089	3
1090	4
1091	3
1092	2
1093	2
1094	3
1095	4
1096	5
1097	4
1098	3
1099	3
1100	2
1101	2
1102	3
1103	2
1104	1
1105	1
1106	2
1107	2
1108	3
1109	5
1110	6
1111	6
1112	7
1113	6
1114	5
1115	5
1116	6
1117	5
1118	4
1119	5
1120	5
1121	6
1122	5
1123	4
1124	4
1125	5
1126	4
1127	3
1128	4
1129	4
1130	5
1131	4
1132	3
1133	3
1134	4
1135	3
1136	2
1137	2
1138	3
1139	3
1140	4
1141	3
1142	2
1143	4
1144	5
1145	4
1146	3
1147	4
1148	3
1149	2
1150	3
1151	2
1152	1
1153	3
1154	4
1155	4
1156	5
1157	5
1158	6
1159	5
1160	4
1161	6
1162	7
1163	6
1164	5
1165	6
1166	5
1167	4
1168	5
1169	4
1170	3
1171	2
1172	3
1173	3
1174	4
1175	4
1176	5
1177	4
1178	3
1179	4
1180	5
1181	4
1182	3
1183	4
1184	3
1185	2
1186	2
1187	3
1188	3
1189	4
1190	3
1191	2
1192	3
1193	4
1194	3
1195	2
1196	3
1197	2
1198	1
1199	2
1200	2
1201	3
1202	5
1203	6
1204	5
1205	4
1206	4
1207	3
1208	4
1209	3
1210	2
1211	2
1212	3
1213	2
1214	1
1215	1
1216	2
1217	3
1218	4
1219	3
1220	2
1221	2
1222	1
1223	1
1224	2
1225	1
1226	1
1227	3
1228	5
1229	6
1230	6
1231	7
1232	7
1233	8
1234	10
1235	11
1236	11
1237	10
1238	10
1239	9
1240	10
1241	10
1242	9
1243	9
1244	8
1245	9
1246	9
1247	8
1248	8
1249	7
1250	7
1251	8
1252	8
1253	7
1254	9
1255	8
1256	7
1257	6
1258	8
1259	9
1260	9
1261	10
1262	10
1263	9
1264	10
1265	9
1266	8
1267	8
1268	9
1269	9
1270	8
1271	10
1272	9
1273	8
1274	7
1275	8
1276	8
1277	9
1278	9
1279	8
1280	10
1281	9
1282	8
1283	7
1284	7
1285	8
1286	8
1287	7
1288	9
1289	8
1290	7
1291	6
1292	7
1293	7
1294	8
1295	10
1296	9
1297	8
1298	7
1299	7
1300	6
1301	6
1302	7
1303	9
1304	8
1305	7
1306	6
1307	6
1308	5
1309	5
1310	6
1311	6
1312	7
1313	9
1314	10
1315	10
1316	9
1317	9
1318	8
1319	9
1320	9
1321	8
1322	8
1323	7
1324	8
1325	8
1326	7
1327	7
1328	6
1329	6
1330	7
1331	7
1332	6
1333	8
1334	7
1335	6
1336	5
1337	7
1338	8
1339	8
1340	9
1341	9
1342	8
1343	10
1344	9
1345	8
1346	7
1347	7
1348	8
1349	8
1350	7
1351	8
1352	7
1353	6
1354	7
1355	7
1356	8
1357	8
1358	7
1359	9
1360	8
1361	7
1362	6
1363	6
1364	7
1365	7
1366	6
1367	8
1368	7
1369	6
1370	5
1371	6
1372	6
1373	7
1374	9
1375	8
1376	7
1377	6
1378	6
1379	5
1380	5
1381	6
1382	8
1383	7
1384	6
1385	5
1386	5
1387	4
1388	5
1389	5
1390	6
1391	8
1392	9
1393	9
1394	10
1395	10
1396	9
1397	11
1398	10
1399	9
1400	8
1401	8
1402	8
1403	8
1404	7
1405	8
1406	8
1407	9
1408	11
1409	10
1410	9
1411	8
1412	8
1413	7
1414	7
1415	8
1416	10
1417	9
1418	8
1419	7
1420	7
1421	6
1422	7
1423	7
1424	8
1425	10
1426	9
1427	8
1428	7
1429	7
1430	6
1431	6
1432	7
1433	9
1434	8
1435	7
1436	6
1437	6
1438	5
1439	5
1440	6
1441	6
1442	7
1443	9
1444	8
1445	7
1446	6
1447	6
1448	5
1449	7
1450	8
1451	8
1452	7
1453	6
1454	7
1455	7
1456	6
1457	6
1458	5
1459	6
1460	6
1461	5
1462	5
1463	4
1464	4
1465	5
1466	7
1467	8
1468	8
1469	9
1470	9
1471	8
1472	10
1473	9
1474	8
1475	7
1476	7
1477	8
1478	8
1479	7
1480	9
1481	8
1482	7
1483	6
1484	6
1485	6
1486	7
1487	9
1488	8
1489	7
1490	6
1491	6
1492	5
1493	6
1494	6
1495	7
1496	9
1497	8
1498	7
1499	6
1500	6
1501	5
1502	5
1503	6
1504	8
1505	7
1506	6
1507	5
1508	5
1509	4
1510	4
1511	5
1512	5
1513	6
1514	8
1515	7
1516	6
1517	5
1518	5
1519	4
1520	6
1521	7
1522	7
1523	6
1524	6
1525	5
1526	6
1527	6
1528	5
1529	4
1530	5
1531	5
1532	4
1533	4
1534	3
1535	4
1536	4
1537	5
1538	7
1539	8
1540	8
1541	8
1542	8
1543	7
1544	7
1545	8
1546	8
1547	7
1548	9
1549	8
1550	7
1551	6
1552	7
1553	7
1554	8
1555	10
1556	9
1557	8
1558	7
1559	7
1560	6
1561	6
1562	6
1563	6
1564	5
1565	6
1566	6
1567	7
1568	9
1569	8
1570	7
1571	6
1572	6
1573	5
1574	5
1575	6
1576	8
1577	7
1578	6
1579	5
1580	5
1581	4
1582	4
1583	5
1584	5
1585	6
1586	8
1587	7
1588	6
1589	5
1590	5
1591	4
1592	6
1593	7
1594	6
1595	6
1596	5
1597	6
1598	6
1599	5
1600	5
1601	4
1602	5
1603	5
1604	4
1605	4
1606	3
1607	3
1608	4
1609	6
1610	7
1611	7
1612	8
1613	8
1614	7
1615	9
1616	8
1617	7
1618	6
1619	6
1620	7
1621	7
1622	6
1623	8
1624	7
1625	6
1626	5
1627	6
1628	6
1629	6
1630	6
1631	5
1632	5
1633	6
1634	8
1635	7
1636	6
1637	5
1638	5
1639	4
1640	4
1641	4
1642	5
1643	7
1644	6
1645	5
1646	4
1647	4
1648	3
1649	3
1650	4
1651	4
1652	5
1653	7
1654	6
1655	5
1656	4
1657	4
1658	3
1659	5
1660	6
1661	6
1662	5
1663	5
1664	4
1665	5
1666	4
1667	4
1668	3
1669	4
1670	4
1671	3
1672	3
1673	2
1674	2
1675	3
1676	3
1677	4
1678	6
1679	7
1680	7
1681	8
1682	8
1683	7
1684	9
1685	8
1686	7
1687	6
1688	6
1689	7
1690	7
1691	6
1692	8
1693	7
1694	6
1695	5
1696	6
1697	6
1698	7
1699	9
1700	8
1701	7
1702	6
1703	6
1704	5
1705	5
1706	6
1707	8
1708	7
1709	6
1710	5
1711	5
1712	4
1713	5
1714	5
1715	6
1716	8
1717	7
1718	6
1719	5
1720	5
1721	4
1722	4
1723	5
1724	7
1725	6
1726	5
1727	4
1728	4
1729	3
1730	3
1731	4
1732	4
1733	5
1734	7
1735	6
1736	5
1737	4
1738	4
1739	3
1740	5
1741	6
1742	6
1743	5
1744	5
1745	4
1746	5
1747	5
1748	4
1749	3
1750	4
1751	4
1752	3
1753	3
1754	2
1755	4
1756	5
1757	4
1758	4
1759	5
1760	5
1761	6
1762	8
1763	7
1764	6
1765	5
1766	5
1767	4
1768	6
1769	7
1770	7
1771	6
1772	6
1773	5
1774	6
1775	6
1776	5
1777	5
1778	4
1779	5
1780	5
1781	4
1782	3
1783	4
1784	4
1785	5
1786	5
1787	6
1788	8
1789	7
1790	6
1791	5
1792	5
1793	4
1794	5
1795	6
1796	6
1797	5
1798	5
1799	4
1800	5
1801	5
1802	4
1803	4
1804	3
1805	3
1806	4
1807	4
1808	5
1809	7
1810	6
1811	5
1812	4
1813	4
1814	3
1815	4
1816	5
1817	4
1818	4
1819	3
1820	4
1821	4
1822	3
1823	2
1824	3
1825	3
1826	4
1827	6
1828	7
1829	7
1830	6
1831	6
1832	5
1833	6
1834	6
1835	5
1836	4
1837	4
1838	4
1839	3
1840	3
1841	4
1842	4
1843	3
1844	5
1845	4
1846	3
1847	2
1848	2
1849	3
1850	4
1851	5
1852	4
1853	4
1854	3
1855	3
1856	3
1857	2
1858	2
1859	3
1860	3
1861	2
1862	4
1863	3
1864	2
1865	1
1866	1
1867	2
1868	2
1869	3
1870	5
1871	6
1872	6
1873	7
1874	7
1875	6
1876	8
1877	7
1878	6
1879	5
1880	5
1881	6
1882	6
1883	5
1884	7
1885	6
1886	5
1887	4
1888	5
1889	5
1890	6
1891	8
1892	7
1893	6
1894	5
1895	5
1896	4
1897	4
1898	5
1899	7
1900	6
1901	5
1902	4
1903	4
1904	3
1905	4
1906	4
1907	5
1908	7
1909	6
1910	5
1911	4
1912	4
1913	3
1914	3
1915	4
1916	6
1917	5
1918	4
1919	3
1920	3
1921	2
1922	2
1923	3
1924	3
1925	4
1926	6
1927	5
1928	4
1929	3
1930	3
1931	2
1932	4
1933	5
1934	5
1935	4
1936	4
1937	3
1938	4
1939	3
1940	3
1941	2
1942	3
1943	3
1944	2
1945	2
1946	1
1947	3
1948	4
1949	4
1950	5
1951	5
1952	6
1953	8
1954	7
1955	6
1956	5
1957	5
1958	4
1959	6
1960	7
1961	7
1962	6
1963	6
1964	5
1965	6
1966	6
1967	5
1968	5
1969	4
1970	5
1971	5
1972	4
1973	3
1974	2
1975	3
1976	3
1977	4
1978	4
1979	5
1980	7
1981	6
1982	5
1983	4
1984	4
1985	3
1986	4
1987	5
1988	5
1989	4
1990	3
1991	4
1992	3
1993	3
1994	2
1995	2
1996	3
1997	3
1998	4
1999	6
2000	5
2001	4
2002	3
2003	3
2004	2
2005	3
2006	4
2007	4
2008	3
2009	3
2010	2
2011	3
2012	3
2013	2
2014	2
2015	1
2016	2
2017	2
2018	3
2019	5
2020	6
2021	6
2022	5
2023	5
2024	4
2025	4
2026	4
2027	3
2028	4
2029	4
2030	3
2031	2
2032	2
2033	3
2034	3
2035	2
2036	4
2037	3
2038	2
2039	1
2040	1
2041	2
2042	3
2043	4
2044	4
2045	3
2046	2
2047	2
2048	2
2049	1
2050	1
2051	2
2052	2
2053	1
2054	3
2055	2
2056	1
2057	1
2058	3
2059	5
2060	6
2061	6
2062	7
2063	7
2064	8
2065	10
2066	11
2067	11
2068	12
2069	11
2070	10
2071	10
2072	11
2073	10
2074	9
2075	10
2076	10
2077	11
2078	10
2079	9
2080	9
2081	10
2082	9
2083	8
2084	9
2085	9
2086	10
2087	9
2088	8
2089	8
2090	9
2091	8
2092	7
2093	7
2094	8
2095	8
2096	9
2097	8
2098	7
2099	9
2100	10
2101	9
2102	8
2103	9
2104	8
2105	7
2106	8
2107	7
2108	6
2109	8
2110	9
2111	9
2112	10
2113	10
2114	11
2115	10
2116	9
2117	10
2118	11
2119	10
2120	9
2121	10
2122	9
2123	8
2124	8
2125	9
2126	9
2127	10
2128	9
2129	8
2130	10
2131	11
2132	10
2133	9
2134	10
2135	9
2136	8
2137	9
2138	8
2139	7
2140	8
2141	8
2142	9
2143	9
2144	10
2145	9
2146	8
2147	10
2148	11
2149	10
2150	9
2151	10
2152	9
2153	8
2154	9
2155	8
2156	7
2157	7
2158	8
2159	8
2160	9
2161	8
2162	7
2163	9
2164	10
2165	9
2166	8
2167	9
2168	8
2169	7
2170	8
2171	7
2172	6
2173	7
2174	7
2175	8
2176	10
2177	11
2178	10
2179	9
2180	10
2181	9
2182	8
2183	8
2184	7
2185	7
2186	8
2187	7
2188	6
2189	6
2190	7
2191	9
2192	10
2193	9
2194	8
2195	9
2196	8
2197	7
2198	7
2199	6
2200	6
2201	7
2202	6
2203	5
2204	5
2205	6
2206	6
2207	7
2208	9
2209	10
2210	10
2211	11
2212	10
2213	9
2214	9
2215	10
2216	9
2217	8
2218	9
2219	9
2220	10
2221	9
2222	8
2223	8
2224	9
2225	8
2226	7
2227	8
2228	8
2229	9
2230	8
2231	7
2232	7
2233	8
2234	7
2235	6
2236	6
2237	7
2238	7
2239	8
2240	7
2241	6
2242	8
2243	9
2244	8
2245	7
2246	8
2247	7
2248	6
2249	7
2250	6
2251	5
2252	7
2253	8
2254	8
2255	9
2256	9
2257	10
2258	9
2259	8
2260	10
2261	11
2262	10
2263	9
2264	10
2265	9
2266	8
2267	9
2268	8
2269	7
2270	7
2271	8
2272	8
2273	9
2274	8
2275	7
2276	8
2277	9
2278	8
2279	7
2280	8
2281	7
2282	6
2283	7
2284	7
2285	8
2286	8
2287	9
2288	8
2289	7
2290	9
2291	10
2292	9
2293	8
2294	9
2295	8
2296	7
2297	8
2298	7
2299	6
2300	6
2301	7
2302	7
2303	8
2304	7
2305	6
2306	8
2307	9
2308	8
2309	7
2310	8
2311	7
2312	6
2313	7
2314	6
2315	5
2316	6
2317	6
2318	7
2319	9
2320	10
2321	9
2322	8
2323	8
2324	7
2325	8
2326	7
2327	6
2328	6
2329	7
2330	6
2331	5
2332	5
2333	6
2334	8
2335	9
2336	8
2337	7
2338	7
2339	6
2340	7
2341	6
2342	5
2343	5
2344	6
2345	5
2346	4
2347	5
2348	5
2349	6
2350	8
2351	9
2352	9
2353	10
2354	10
2355	11
2356	10
2357	9
2358	11
2359	12
2360	11
2361	10
2362	11
2363	10
2364	9
2365	10
2366	9
2367	8
2368	8
2369	8
2370	8
2371	9
2372	8
2373	7
2374	8
2375	8
2376	9
2377	11
2378	11
2379	10
2380	10
2381	9
2382	10
2383	9
2384	8
2385	8
2386	9
2387	8
2388	7
2389	7
2390	8
2391	10
2392	11
2393	10
2394	9
2395	9
2396	8
2397	9
2398	8
2399	7
2400	7
2401	8
2402	7
2403	6
2404	7
2405	7
2406	8
2407	10
2408	11
2409	10
2410	9
2411	10
2412	9
2413	8
2414	9
2415	8
2416	7
2417	7
2418	8
2419	7
2420	6
2421	6
2422	7
2423	9
2424	9
2425	8
2426	9
2427	8
2428	7
2429	7
2430	6
2431	6
2432	7
2433	6
2434	5
2435	5
2436	6
2437	6
2438	7
2439	9
2440	10
2441	9
2442	8
2443	9
2444	8
2445	7
2446	8
2447	7
2448	6
2449	6
2450	7
2451	6
2452	5
2453	7
2454	8
2455	8
2456	9
2457	8
2458	7
2459	6
2460	7
2461	7
2462	8
2463	7
2464	6
2465	6
2466	7
2467	6
2468	5
2469	6
2470	6
2471	7
2472	6
2473	5
2474	5
2475	6
2476	5
2477	4
2478	4
2479	5
2480	7
2481	8
2482	8
2483	9
2484	9
2485	10
2486	9
2487	8
2488	10
2489	11
2490	10
2491	9
2492	10
2493	9
2494	8
2495	9
2496	8
2497	7
2498	7
2499	8
2500	8
2501	9
2502	8
2503	7
2504	9
2505	10
2506	9
2507	8
2508	9
2509	8
2510	7
2511	7
2512	6
2513	6
2514	6
2515	7
2516	9
2517	10
2518	9
2519	8
2520	8
2521	7
2522	8
2523	7
2524	6
2525	6
2526	7
2527	6
2528	5
2529	6
2530	6
2531	7
2532	9
2533	10
2534	9
2535	8
2536	8
2537	7
2538	7
2539	6
2540	6
2541	7
2542	6
2543	5
2544	5
2545	6
2546	8
2547	9
2548	8
2549	7
2550	8
2551	7
2552	6
2553	7
2554	6
2555	5
2556	5
2557	6
2558	5
2559	4
2560	4
2561	5
2562	5
2563	6
2564	8
2565	9
2566	8
2567	7
2568	8
2569	7
2570	6
2571	7
2572	6
2573	5
2574	5
2575	6
2576	5
2577	4
2578	6
2579	7
2580	7
2581	8
2582	7
2583	6
2584	6
2585	7
2586	6
2587	5
2588	6
2589	6
2590	7
2591	6
2592	5
2593	4
2594	5
2595	5
2596	6
2597	5
2598	4
2599	4
2600	5
2601	4
2602	3
2603	4
2604	4
2605	5
2606	7
2607	8
2608	8
2609	8
2610	8
2611	9
2612	8
2613	7
2614	7
2615	8
2616	8
2617	9
2618	8
2619	7
2620	9
2621	10
2622	9
2623	8
2624	9
2625	8
2626	7
2627	8
2628	7
2629	6
2630	7
2631	7
2632	8
2633	10
2634	11
2635	10
2636	9
2637	10
2638	9
2639	8
2640	9
2641	8
2642	7
2643	7
2644	8
2645	7
2646	6
2647	6
2648	6
2649	6
2650	7
2651	6
2652	5
2653	6
2654	6
2655	7
2656	9
2657	9
2658	8
2659	8
2660	7
2661	7
2662	6
2663	6
2664	7
2665	6
2666	5
2667	5
2668	6
2669	8
2670	9
2671	8
2672	7
2673	8
2674	7
2675	6
2676	6
2677	5
2678	5
2679	6
2680	5
2681	4
2682	4
2683	5
2684	5
2685	6
2686	8
2687	9
2688	8
2689	7
2690	8
2691	7
2692	6
2693	7
2694	6
2695	5
2696	5
2697	6
2698	5
2699	4
2700	6
2701	7
2702	6
2703	6
2704	7
2705	6
2706	5
2707	6
2708	6
2709	7
2710	6
2711	5
2712	5
2713	6
2714	5
2715	4
2716	5
2717	5
2718	6
2719	5
2720	4
2721	4
2722	5
2723	4
2724	3
2725	3
2726	4
2727	6
2728	7
2729	7
2730	8
2731	8
2732	9
2733	8
2734	7
2735	9
2736	9
2737	8
2738	8
2739	7
2740	7
2741	6
2742	6
2743	7
2744	7
2745	8
2746	7
2747	6
2748	8
2749	9
2750	8
2751	7
2752	8
2753	7
2754	6
2755	7
2756	6
2757	5
2758	6
2759	6
2760	6
2761	6
2762	7
2763	6
2764	5
2765	5
2766	6
2767	8
2768	9
2769	8
2770	7
2771	8
2772	7
2773	6
2774	7
2775	6
2776	5
2777	5
2778	6
2779	5
2780	4
2781	4
2782	4
2783	5
2784	7
2785	8
2786	7
2787	6
2788	7
2789	6
2790	5
2791	5
2792	4
2793	4
2794	5
2795	4
2796	3
2797	3
2798	4
2799	4
2800	5
2801	7
2802	8
2803	7
2804	6
2805	7
2806	6
2807	5
2808	6
2809	5
2810	4
2811	4
2812	5
2813	4
2814	3
2815	5
2816	6
2817	6
2818	7
2819	6
2820	5
2821	5
2822	6
2823	5
2824	4
2825	5
2826	4
2827	4
2828	5
2829	4
2830	3
2831	4
2832	4
2833	5
2834	4
2835	3
2836	3
2837	4
2838	3
2839	2
2840	2
2841	3
2842	3
2843	4
2844	6
2845	7
2846	7
2847	8
2848	8
2849	9
2850	8
2851	7
2852	9
2853	10
2854	9
2855	8
2856	9
2857	8
2858	7
2859	8
2860	7
2861	6
2862	6
2863	7
2864	7
2865	8
2866	7
2867	6
2868	8
2869	9
2870	8
2871	7
2872	8
2873	7
2874	6
2875	7
2876	6
2877	5
2878	6
2879	6
2880	7
2881	9
2882	10
2883	9
2884	8
2885	8
2886	7
2887	8
2888	7
2889	6
2890	6
2891	7
2892	6
2893	5
2894	5
2895	6
2896	8
2897	9
2898	8
2899	7
2900	7
2901	6
2902	7
2903	6
2904	5
2905	5
2906	6
2907	5
2908	4
2909	5
2910	5
2911	6
2912	8
2913	9
2914	8
2915	7
2916	8
2917	7
2918	6
2919	6
2920	5
2921	5
2922	6
2923	5
2924	4
2925	4
2926	5
2927	7
2928	8
2929	7
2930	6
2931	7
2932	6
2933	5
2934	6
2935	5
2936	4
2937	4
2938	5
2939	4
2940	3
2941	3
2942	4
2943	4
2944	5
2945	7
2946	8
2947	7
2948	6
2949	7
2950	6
2951	5
2952	6
2953	5
2954	4
2955	4
2956	5
2957	4
2958	3
2959	5
2960	6
2961	6
2962	7
2963	6
2964	5
2965	5
2966	6
2967	5
2968	4
2969	5
2970	5
2971	6
2972	5
2973	4
2974	3
2975	4
2976	4
2977	5
2978	4
2979	3
2980	3
2981	4
2982	3
2983	2
2984	4
2985	5
2986	4
2987	4
2988	5
2989	5
2990	6
2991	8
2992	9
2993	8
2994	7
2995	8
2996	7
2997	6
2998	7
2999	6
3000	5
3001	5
3002	6
3003	5
3004	4
3005	6
3006	7
3007	7
3008	8
3009	7
3010	6
3011	6
3012	7
3013	6
3014	5
3015	6
3016	6
3017	7
3018	6
3019	5
3020	5
3021	6
3022	5
3023	4
3024	5
3025	5
3026	6
3027	5
3028	4
3029	3
3030	4
3031	4
3032	5
3033	5
3034	6
3035	8
3036	9
3037	8
3038	7
3039	8
3040	7
3041	6
3042	7
3043	6
3044	5
3045	5
3046	6
3047	5
3048	4
3049	5
3050	6
3051	6
3052	7
3053	6
3054	5
3055	5
3056	5
3057	4
3058	5
3059	5
3060	6
3061	5
3062	4
3063	4
3064	5
3065	4
3066	3
3067	3
3068	4
3069	4
3070	5
3071	7
3072	8
3073	7
3074	6
3075	7
3076	6
3077	5
3078	6
3079	5
3080	4
3081	4
3082	5
3083	4
3084	3
3085	4
3086	5
3087	4
3088	4
3089	5
3090	4
3091	3
3092	4
3093	4
3094	5
3095	4
3096	3
3097	2
3098	3
3099	3
3100	4
3101	6
3102	7
3103	7
3104	7
3105	6
3106	6
3107	7
3108	6
3109	5
3110	6
3111	6
3112	7
3113	6
3114	5
3115	4
3116	4
3117	4
3118	5
3119	4
3120	3
3121	3
3122	4
3123	4
3124	5
3125	4
3126	3
3127	5
3128	6
3129	5
3130	4
3131	5
3132	4
3133	3
3134	4
3135	3
3136	2
3137	2
3138	3
3139	4
3140	5
3141	4
3142	4
3143	5
3144	4
3145	3
3146	3
3147	3
3148	4
3149	3
3150	2
3151	2
3152	3
3153	3
3154	4
3155	3
3156	2
3157	4
3158	5
3159	4
3160	3
3161	4
3162	3
3163	2
3164	3
3165	2
3166	1
3167	1
3168	2
3169	2
3170	3
3171	5
3172	6
3173	6
3174	7
3175	7
3176	8
3177	7
3178	6
3179	8
3180	9
3181	8
3182	7
3183	8
3184	7
3185	6
3186	7
3187	6
3188	5
3189	5
3190	6
3191	6
3192	7
3193	6
3194	5
3195	7
3196	8
3197	7
3198	6
3199	7
3200	6
3201	5
3202	6
3203	5
3204	4
3205	5
3206	5
3207	6
3208	8
3209	9
3210	8
3211	7
3212	7
3213	6
3214	7
3215	6
3216	5
3217	5
3218	6
3219	5
3220	4
3221	4
3222	5
3223	7
3224	8
3225	7
3226	6
3227	7
3228	6
3229	5
3230	6
3231	5
3232	4
3233	4
3234	5
3235	4
3236	3
3237	4
3238	4
3239	5
3240	7
3241	8
3242	7
3243	6
3244	7
3245	6
3246	5
3247	5
3248	4
3249	4
3250	5
3251	4
3252	3
3253	3
3254	4
3255	6
3256	7
3257	6
3258	5
3259	6
3260	5
3261	4
3262	4
3263	3
3264	3
3265	4
3266	3
3267	2
3268	2
3269	3
3270	3
3271	4
3272	6
3273	7
3274	6
3275	5
3276	6
3277	5
3278	4
3279	5
3280	4
3281	3
3282	3
3283	4
3284	3
3285	2
3286	4
3287	5
3288	5
3289	6
3290	5
3291	4
3292	4
3293	5
3294	4
3295	3
3296	4
3297	3
3298	3
3299	4
3300	3
3301	2
3302	3
3303	3
3304	4
3305	3
3306	2
3307	2
3308	3
3309	2
3310	1
3311	3
3312	4
3313	4
3314	5
3315	5
3316	6
3317	8
3318	9
3319	8
3320	7
3321	8
3322	7
3323	6
3324	7
3325	6
3326	5
3327	5
3328	6
3329	5
3330	4
3331	6
3332	7
3333	7
3334	8
3335	7
3336	6
3337	6
3338	7
3339	6
3340	5
3341	6
3342	6
3343	7
3344	6
3345	5
3346	5
3347	6
3348	5
3349	4
3350	5
3351	5
3352	6
3353	5
3354	4
3355	3
3356	2
3357	3
3358	3
3359	4
3360	4
3361	5
3362	7
3363	8
3364	7
3365	6
3366	7
3367	6
3368	5
3369	6
3370	5
3371	4
3372	4
3373	5
3374	4
3375	3
3376	4
3377	5
3378	5
3379	6
3380	5
3381	4
3382	3
3383	4
3384	3
3385	3
3386	4
3387	3
3388	2
3389	2
3390	3
3391	3
3392	4
3393	6
3394	7
3395	6
3396	5
3397	6
3398	5
3399	4
3400	5
3401	4
3402	3
3403	3
3404	4
3405	3
3406	2
3407	3
3408	4
3409	4
3410	4
3411	3
3412	3
3413	4
3414	3
3415	2
3416	3
3417	3
3418	4
3419	3
3420	2
3421	2
3422	3
3423	2
3424	1
3425	2
3426	2
3427	3
3428	5
3429	6
3430	6
3431	7
3432	6
3433	5
3434	5
3435	5
3436	4
3437	4
3438	4
3439	5
3440	4
3441	3
3442	4
3443	4
3444	5
3445	4
3446	3
3447	2
3448	2
3449	3
3450	3
3451	4
3452	3
3453	2
3454	4
3455	5
3456	4
3457	3
3458	4
3459	3
3460	2
3461	3
3462	2
3463	1
3464	1
3465	2
3466	3
3467	4
3468	4
3469	5
3470	4
3471	3
3472	2
3473	2
3474	2
3475	3
3476	2
3477	1
3478	1
3479	2
3480	2
3481	3
3482	2
3483	1
3484	3
3485	4
3486	3
3487	2
3488	3
3489	2
3490	1
3491	2
3492	1
3493	1
3494	3
3495	5
3496	6
3497	6
3498	7
3499	7
3500	8
3501	10
3502	11
3503	11
3504	12
3505	12
3506	11
3507	13
3508	12
3509	11
3510	10
3511	10
3512	11
3513	11
3514	10
3515	12
3516	11
3517	10
3518	9
3519	10
3520	10
3521	11
3522	13
3523	12
3524	11
3525	10
3526	10
3527	9
3528	9
3529	10
3530	12
3531	11
3532	10
3533	9
3534	9
3535	8
3536	9
3537	9
3538	10
3539	12
3540	11
3541	10
3542	9
3543	9
3544	8
3545	8
3546	9
3547	11
3548	10
3549	9
3550	8
3551	8
3552	7
3553	7
3554	8
3555	8
3556	9
3557	11
3558	10
3559	9
3560	8
3561	8
3562	7
3563	9
3564	10
3565	10
3566	9
3567	8
3568	9
3569	9
3570	8
3571	8
3572	7
3573	8
3574	8
3575	7
3576	7
3577	6
3578	8
3579	9
3580	9
3581	10
3582	10
3583	11
3584	13
3585	12
3586	11
3587	10
3588	10
3589	9
3590	10
3591	11
3592	11
3593	10
3594	10
3595	9
3596	10
3597	10
3598	9
3599	9
3600	8
3601	8
3602	9
3603	9
3604	10
3605	12
3606	11
3607	10
3608	9
3609	9
3610	8
3611	10
3612	11
3613	11
3614	10
3615	10
3616	9
3617	10
3618	10
3619	9
3620	9
3621	8
3622	9
3623	9
3624	8
3625	8
3626	7
3627	8
3628	8
3629	9
3630	9
3631	10
3632	12
3633	11
3634	10
3635	9
3636	9
3637	8
3638	10
3639	11
3640	11
3641	10
3642	10
3643	9
3644	10
3645	9
3646	9
3647	8
3648	9
3649	9
3650	8
3651	8
3652	7
3653	7
3654	8
3655	8
3656	9
3657	11
3658	10
3659	9
3660	8
3661	8
3662	7
3663	9
3664	10
3665	10
3666	9
3667	9
3668	8
3669	9
3670	9
3671	8
3672	8
3673	7
3674	8
3675	7
3676	7
3677	6
3678	7
3679	7
3680	8
3681	10
3682	11
3683	11
3684	10
3685	10
3686	9
3687	10
3688	10
3689	9
3690	9
3691	8
3692	8
3693	8
3694	7
3695	7
3696	8
3697	8
3698	7
3699	9
3700	8
3701	7
3702	6
3703	6
3704	7
3705	9
3706	10
3707	10
3708	9
3709	9
3710	8
3711	9
3712	8
3713	8
3714	7
3715	7
3716	7
3717	6
3718	6
3719	7
3720	7
3721	6
3722	8
3723	7
3724	6
3725	5
3726	5
3727	6
3728	6
3729	7
3730	9
3731	10
3732	10
3733	11
3734	11
3735	10
3736	12
3737	11
3738	10
3739	9
3740	9
3741	10
3742	10
3743	9
3744	11
3745	10
3746	9
3747	8
3748	9
3749	9
3750	10
3751	12
3752	11
3753	10
3754	9
3755	9
3756	8
3757	8
3758	9
3759	11
3760	10
3761	9
3762	8
3763	8
3764	7
3765	8
3766	8
3767	9
3768	11
3769	10
3770	9
3771	8
3772	8
3773	7
3774	7
3775	8
3776	10
3777	9
3778	8
3779	7
3780	7
3781	6
3782	6
3783	7
3784	7
3785	8
3786	10
3787	9
3788	8
3789	7
3790	7
3791	6
3792	8
3793	9
3794	8
3795	8
3796	7
3797	8
3798	8
3799	7
3800	7
3801	6
3802	7
3803	7
3804	6
3805	6
3806	5
3807	7
3808	8
3809	8
3810	9
3811	9
3812	10
3813	12
3814	11
3815	10
3816	9
3817	9
3818	8
3819	10
3820	11
3821	11
3822	10
3823	10
3824	9
3825	10
3826	10
3827	9
3828	9
3829	8
3830	9
3831	9
3832	8
3833	8
3834	7
3835	7
3836	8
3837	8
3838	9
3839	11
3840	10
3841	9
3842	8
3843	8
3844	7
3845	8
3846	9
3847	9
3848	8
3849	8
3850	7
3851	8
3852	8
3853	7
3854	7
3855	6
3856	7
3857	7
3858	8
3859	8
3860	9
3861	11
3862	10
3863	9
3864	8
3865	8
3866	7
3867	9
3868	10
3869	10
3870	9
3871	9
3872	8
3873	9
3874	9
3875	8
3876	8
3877	7
3878	8
3879	7
3880	7
3881	6
3882	6
3883	7
3884	7
3885	8
3886	10
3887	9
3888	8
3889	7
3890	7
3891	6
3892	8
3893	9
3894	9
3895	8
3896	8
3897	7
3898	8
3899	8
3900	7
3901	6
3902	7
3903	7
3904	6
3905	6
3906	5
3907	6
3908	6
3909	7
3910	9
3911	10
3912	10
3913	9
3914	9
3915	8
3916	8
3917	8
3918	7
3919	8
3920	8
3921	7
3922	7
3923	6
3924	6
3925	7
3926	7
3927	6
3928	8
3929	7
3930	6
3931	5
3932	5
3933	6
3934	8
3935	9
3936	9
3937	8
3938	8
3939	7
3940	7
3941	7
3942	6
3943	7
3944	6
3945	6
3946	5
3947	5
3948	6
3949	6
3950	5
3951	7
3952	6
3953	5
3954	4
3955	5
3956	5
3957	6
3958	8
3959	9
3960	9
3961	10
3962	10
3963	11
3964	13
3965	12
3966	11
3967	10
3968	10
3969	9
3970	11
3971	12
3972	12
3973	11
3974	11
3975	10
3976	11
3977	11
3978	10
3979	10
3980	9
3981	10
3982	10
3983	9
3984	9
3985	8
3986	8
3987	8
3988	8
3989	9
3990	11
3991	10
3992	9
3993	8
3994	8
3995	7
3996	8
3997	8
3998	9
3999	11
4000	11
4001	11
4002	10
4003	10
4004	10
4005	9
4006	10
4007	10
4008	9
4009	9
4010	8
4011	8
4012	9
4013	9
4014	8
4015	10
4016	9
4017	8
4018	7
4019	7
4020	8
4021	10
4022	11
4023	11
4024	10
4025	10
4026	9
4027	9
4028	9
4029	8
4030	9
4031	9
4032	8
4033	8
4034	7
4035	7
4036	8
4037	8
4038	7
4039	9
4040	8
4041	7
4042	6
4043	7
4044	7
4045	8
4046	10
4047	11
4048	11
4049	10
4050	10
4051	9
4052	10
4053	10
4054	9
4055	9
4056	8
4057	9
4058	9
4059	8
4060	8
4061	7
4062	7
4063	8
4064	8
4065	7
4066	9
4067	8
4068	7
4069	6
4070	6
4071	7
4072	9
4073	9
4074	9
4075	8
4076	9
4077	9
4078	8
4079	8
4080	7
4081	7
4082	7
4083	6
4084	6
4085	7
4086	7
4087	6
4088	8
4089	7
4090	6
4091	5
4092	5
4093	6
4094	6
4095	7
4096	9
4097	10
4098	10
4099	9
4100	9
4101	8
4102	9
4103	9
4104	8
4105	8
4106	7
4107	8
4108	8
4109	7
4110	7
4111	6
4112	6
4113	7
4114	7
4115	6
4116	8
4117	7
4118	6
4119	5
4120	7
4121	8
4122	8
4123	9
4124	9
4125	8
4126	10
4127	9
4128	8
4129	7
4130	6
4131	7
4132	7
4133	8
4134	8
4135	7
4136	8
4137	7
4138	6
4139	6
4140	7
4141	7
4142	6
4143	7
4144	6
4145	5
4146	6
4147	6
4148	7
4149	9
4150	8
4151	7
4152	6
4153	6
4154	5
4155	5
4156	6
4157	7
4158	6
4159	5
4160	5
4161	4
4162	4
4163	5
4164	7
4165	8
4166	8
4167	9
4168	9
4169	10
4170	12
4171	11
4172	10
4173	9
4174	9
4175	8
4176	10
4177	11
4178	10
4179	10
4180	9
4181	10
4182	10
4183	9
4184	9
4185	8
4186	9
4187	9
4188	8
4189	8
4190	7
4191	7
4192	8
4193	8
4194	9
4195	11
4196	10
4197	9
4198	8
4199	8
4200	7
4201	9
4202	10
4203	10
4204	9
4205	9
4206	8
4207	9
4208	9
4209	8
4210	8
4211	7
4212	7
4213	7
4214	6
4215	6
4216	6
4217	7
4218	9
4219	10
4220	10
4221	9
4222	9
4223	8
4224	8
4225	8
4226	7
4227	8
4228	8
4229	7
4230	7
4231	6
4232	6
4233	7
4234	7
4235	6
4236	8
4237	7
4238	6
4239	5
4240	6
4241	6
4242	7
4243	9
4244	10
4245	10
4246	9
4247	9
4248	8
4249	8
4250	8
4251	7
4252	7
4253	7
4254	6
4255	6
4256	7
4257	7
4258	6
4259	8
4260	7
4261	6
4262	5
4263	5
4264	6
4265	8
4266	9
4267	9
4268	8
4269	8
4270	7
4271	8
4272	8
4273	7
4274	7
4275	6
4276	7
4277	7
4278	6
4279	6
4280	5
4281	5
4282	6
4283	6
4284	5
4285	7
4286	6
4287	5
4288	4
4289	4
4290	5
4291	5
4292	6
4293	8
4294	9
4295	9
4296	8
4297	8
4298	7
4299	8
4300	8
4301	7
4302	7
4303	6
4304	7
4305	7
4306	6
4307	6
4308	5
4309	5
4310	6
4311	6
4312	5
4313	7
4314	6
4315	5
4316	4
4317	6
4318	7
4319	7
4320	8
4321	8
4322	7
4323	8
4324	7
4325	6
4326	6
4327	7
4328	7
4329	6
4330	7
4331	6
4332	5
4333	6
4334	6
4335	7
4336	7
4337	6
4338	8
4339	7
4340	6
4341	5
4342	4
4343	5
4344	5
4345	6
4346	7
4347	6
4348	5
4349	5
4350	4
4351	4
4352	5
4353	7
4354	6
4355	5
4356	4
4357	4
4358	3
4359	4
4360	4
4361	5
4362	7
4363	8
4364	8
4365	8
4366	8
4367	9
4368	11
4369	10
4370	9
4371	8
4372	8
4373	7
4374	7
4375	8
4376	8
4377	9
4378	11
4379	10
4380	9
4381	8
4382	8
4383	7
4384	9
4385	10
4386	10
4387	9
4388	9
4389	8
4390	9
4391	9
4392	8
4393	8
4394	7
4395	8
4396	8
4397	7
4398	7
4399	6
4400	7
4401	7
4402	8
4403	10
4404	11
4405	11
4406	10
4407	10
4408	9
4409	10
4410	10
4411	9
4412	9
4413	8
4414	9
4415	9
4416	8
4417	8
4418	7
4419	7
4420	8
4421	8
4422	7
4423	9
4424	8
4425	7
4426	6
4427	6
4428	6
4429	6
4430	7
4431	7
4432	6
4433	8
4434	7
4435	6
4436	5
4437	6
4438	6
4439	7
4440	9
4441	9
4442	9
4443	8
4444	8
4445	8
4446	7
4447	7
4448	7
4449	6
4450	6
4451	7
4452	7
4453	6
4454	8
4455	7
4456	6
4457	5
4458	5
4459	6
4460	8
4461	9
4462	9
4463	8
4464	8
4465	7
4466	8
4467	8
4468	7
4469	7
4470	6
4471	6
4472	6
4473	5
4474	5
4475	6
4476	6
4477	5
4478	7
4479	6
4480	5
4481	4
4482	4
4483	5
4484	5
4485	6
4486	8
4487	9
4488	9
4489	8
4490	8
4491	7
4492	8
4493	8
4494	7
4495	7
4496	6
4497	7
4498	7
4499	6
4500	6
4501	5
4502	5
4503	6
4504	6
4505	5
4506	7
4507	6
4508	5
4509	4
4510	6
4511	7
4512	6
4513	6
4514	7
4515	7
4516	6
4517	8
4518	7
4519	6
4520	5
4521	6
4522	6
4523	7
4524	7
4525	6
4526	7
4527	6
4528	5
4529	5
4530	6
4531	6
4532	5
4533	6
4534	5
4535	4
4536	5
4537	5
4538	6
4539	8
4540	7
4541	6
4542	5
4543	5
4544	4
4545	4
4546	5
4547	6
4548	5
4549	4
4550	4
4551	3
4552	3
4553	4
4554	6
4555	7
4556	7
4557	8
4558	8
4559	9
4560	11
4561	10
4562	9
4563	8
4564	8
4565	7
4566	9
4567	9
4568	9
4569	8
4570	8
4571	8
4572	7
4573	7
4574	7
4575	6
4576	6
4577	7
4578	7
4579	8
4580	10
4581	9
4582	8
4583	7
4584	7
4585	6
4586	8
4587	9
4588	9
4589	8
4590	7
4591	8
4592	8
4593	7
4594	7
4595	6
4596	7
4597	7
4598	6
4599	6
4600	5
4601	6
4602	6
4603	6
4604	6
4605	7
4606	7
4607	6
4608	8
4609	7
4610	6
4611	5
4612	5
4613	6
4614	8
4615	9
4616	9
4617	8
4618	8
4619	7
4620	8
4621	8
4622	7
4623	7
4624	6
4625	7
4626	7
4627	6
4628	6
4629	5
4630	5
4631	6
4632	6
4633	5
4634	7
4635	6
4636	5
4637	4
4638	4
4639	4
4640	5
4641	7
4642	8
4643	8
4644	7
4645	7
4646	6
4647	7
4648	7
4649	6
4650	6
4651	5
4652	5
4653	5
4654	4
4655	4
4656	5
4657	5
4658	4
4659	6
4660	5
4661	4
4662	3
4663	3
4664	4
4665	4
4666	5
4667	7
4668	8
4669	8
4670	7
4671	7
4672	6
4673	7
4674	7
4675	6
4676	6
4677	5
4678	6
4679	6
4680	5
4681	5
4682	4
4683	4
4684	5
4685	5
4686	4
4687	6
4688	5
4689	4
4690	3
4691	5
4692	6
4693	6
4694	7
4695	7
4696	6
4697	7
4698	6
4699	5
4700	5
4701	6
4702	6
4703	5
4704	6
4705	5
4706	4
4707	5
4708	4
4709	4
4710	5
4711	5
4712	4
4713	6
4714	5
4715	4
4716	3
4717	4
4718	4
4719	5
4720	6
4721	5
4722	4
4723	4
4724	3
4725	3
4726	4
4727	6
4728	5
4729	4
4730	3
4731	3
4732	2
4733	2
4734	3
4735	3
4736	4
4737	6
4738	7
4739	7
4740	8
4741	8
4742	9
4743	11
4744	10
4745	9
4746	8
4747	8
4748	7
4749	9
4750	10
4751	10
4752	9
4753	9
4754	8
4755	9
4756	9
4757	8
4758	8
4759	7
4760	8
4761	8
4762	7
4763	7
4764	6
4765	6
4766	7
4767	7
4768	8
4769	10
4770	9
4771	8
4772	7
4773	7
4774	6
4775	8
4776	9
4777	9
4778	8
4779	8
4780	7
4781	8
4782	7
4783	7
4784	6
4785	7
4786	7
4787	6
4788	6
4789	5
4790	6
4791	6
4792	7
4793	9
4794	10
4795	10
4796	9
4797	9
4798	8
4799	8
4800	8
4801	7
4802	8
4803	8
4804	7
4805	7
4806	6
4807	6
4808	7
4809	7
4810	6
4811	8
4812	7
4813	6
4814	5
4815	5
4816	6
4817	8
4818	9
4819	9
4820	8
4821	8
4822	7
4823	7
4824	7
4825	6
4826	7
4827	7
4828	6
4829	6
4830	5
4831	5
4832	6
4833	6
4834	5
4835	7
4836	6
4837	5
4838	4
4839	5
4840	5
4841	6
4842	8
4843	9
4844	9
4845	8
4846	8
4847	7
4848	8
4849	8
4850	7
4851	7
4852	6
4853	6
4854	6
4855	5
4856	5
4857	6
4858	6
4859	5
4860	7
4861	6
4862	5
4863	4
4864	4
4865	5
4866	7
4867	8
4868	8
4869	7
4870	7
4871	6
4872	7
4873	7
4874	6
4875	6
4876	5
4877	6
4878	6
4879	5
4880	5
4881	4
4882	4
4883	5
4884	5
4885	4
4886	6
4887	5
4888	4
4889	3
4890	3
4891	4
4892	4
4893	5
4894	7
4895	8
4896	8
4897	7
4898	7
4899	6
4900	7
4901	7
4902	6
4903	6
4904	5
4905	6
4906	6
4907	5
4908	5
4909	4
4910	4
4911	5
4912	5
4913	4
4914	6
4915	5
4916	4
4917	3
4918	5
4919	6
4920	6
4921	7
4922	7
4923	6
4924	7
4925	6
4926	5
4927	5
4928	6
4929	6
4930	5
4931	6
4932	5
4933	4
4934	5
4935	5
4936	6
4937	6
4938	5
4939	7
4940	6
4941	5
4942	4
4943	3
4944	4
4945	4
4946	5
4947	6
4948	5
4949	4
4950	4
4951	3
4952	3
4953	4
4954	6
4955	5
4956	4
4957	3
4958	3
4959	2
4960	4
4961	5
4962	4
4963	4
4964	5
4965	5
4966	6
4967	8
4968	9
4969	9
4970	8
4971	8
4972	7
4973	8
4974	8
4975	7
4976	7
4977	6
4978	7
4979	7
4980	6
4981	6
4982	5
4983	5
4984	6
4985	6
4986	5
4987	7
4988	6
4989	5
4990	4
4991	6
4992	7
4993	7
4994	8
4995	8
4996	7
4997	9
4998	8
4999	7
5000	6
5001	6
5002	7
5003	7
5004	6
5005	6
5006	5
5007	6
5008	6
5009	7
5010	7
5011	6
5012	6
5013	5
5014	5
5015	6
5016	6
5017	5
5018	6
5019	5
5020	4
5021	5
5022	5
5023	6
5024	8
5025	7
5026	6
5027	5
5028	5
5029	4
5030	3
5031	4
5032	4
5033	5
5034	5
5035	6
5036	8
5037	9
5038	9
5039	8
5040	8
5041	7
5042	8
5043	8
5044	7
5045	7
5046	6
5047	7
5048	7
5049	6
5050	6
5051	5
5052	5
5053	6
5054	6
5055	5
5056	7
5057	6
5058	5
5059	4
5060	5
5061	6
5062	6
5063	7
5064	7
5065	6
5066	7
5067	6
5068	5
5069	5
5070	5
5071	5
5072	4
5073	5
5074	5
5075	6
5076	7
5077	6
5078	5
5079	5
5080	4
5081	4
5082	5
5083	7
5084	6
5085	5
5086	4
5087	4
5088	3
5089	3
5090	4
5091	4
5092	5
5093	7
5094	8
5095	8
5096	7
5097	7
5098	6
5099	7
5100	7
5101	6
5102	6
5103	5
5104	6
5105	6
5106	5
5107	5
5108	4
5109	4
5110	5
5111	5
5112	4
5113	6
5114	5
5115	4
5116	3
5117	4
5118	5
5119	4
5120	4
5121	5
5122	5
5123	4
5124	5
5125	4
5126	3
5127	4
5128	4
5129	5
5130	5
5131	4
5132	6
5133	5
5134	4
5135	3
5136	2
5137	3
5138	3
5139	4
5140	6
5141	7
5142	7
5143	7
5144	7
5145	6
5146	6
5147	7
5148	7
5149	6
5150	8
5151	7
5152	6
5153	5
5154	6
5155	6
5156	7
5157	9
5158	8
5159	7
5160	6
5161	6
5162	5
5163	4
5164	4
5165	4
5166	5
5167	7
5168	6
5169	5
5170	4
5171	4
5172	3
5173	3
5174	4
5175	4
5176	5
5177	7
5178	6
5179	5
5180	4
5181	4
5182	3
5183	5
5184	6
5185	5
5186	5
5187	4
5188	5
5189	5
5190	4
5191	4
5192	3
5193	4
5194	4
5195	3
5196	3
5197	2
5198	2
5199	3
5200	4
5201	5
5202	4
5203	4
5204	5
5205	5
5206	4
5207	6
5208	5
5209	4
5210	3
5211	3
5212	3
5213	4
5214	6
5215	5
5216	4
5217	3
5218	3
5219	2
5220	2
5221	3
5222	3
5223	4
5224	6
5225	5
5226	4
5227	3
5228	3
5229	2
5230	4
5231	5
5232	5
5233	4
5234	4
5235	3
5236	4
5237	3
5238	3
5239	2
5240	3
5241	3
5242	2
5243	2
5244	1
5245	1
5246	2
5247	2
5248	3
5249	5
5250	6
5251	6
5252	7
5253	7
5254	8
5255	10
5256	9
5257	8
5258	7
5259	7
5260	6
5261	8
5262	9
5263	9
5264	8
5265	8
5266	7
5267	8
5268	8
5269	7
5270	6
5271	7
5272	7
5273	6
5274	6
5275	5
5276	5
5277	6
5278	6
5279	7
5280	9
5281	8
5282	7
5283	6
5284	6
5285	5
5286	7
5287	8
5288	8
5289	7
5290	7
5291	6
5292	7
5293	7
5294	6
5295	6
5296	5
5297	6
5298	6
5299	5
5300	5
5301	4
5302	5
5303	5
5304	6
5305	8
5306	9
5307	9
5308	8
5309	8
5310	7
5311	7
5312	7
5313	6
5314	7
5315	7
5316	6
5317	6
5318	5
5319	5
5320	6
5321	6
5322	5
5323	7
5324	6
5325	5
5326	4
5327	4
5328	5
5329	7
5330	8
5331	8
5332	7
5333	7
5334	6
5335	7
5336	7
5337	6
5338	6
5339	5
5340	6
5341	6
5342	5
5343	5
5344	4
5345	4
5346	5
5347	5
5348	4
5349	6
5350	5
5351	4
5352	3
5353	4
5354	4
5355	5
5356	7
5357	8
5358	8
5359	7
5360	7
5361	6
5362	7
5363	7
5364	6
5365	6
5366	5
5367	5
5368	5
5369	4
5370	4
5371	5
5372	5
5373	4
5374	6
5375	5
5376	4
5377	3
5378	3
5379	4
5380	6
5381	7
5382	7
5383	6
5384	6
5385	5
5386	6
5387	6
5388	5
5389	5
5390	4
5391	4
5392	4
5393	3
5394	3
5395	4
5396	4
5397	3
5398	5
5399	4
5400	3
5401	2
5402	2
5403	3
5404	3
5405	4
5406	6
5407	7
5408	7
5409	6
5410	6
5411	5
5412	6
5413	6
5414	5
5415	5
5416	4
5417	5
5418	5
5419	4
5420	4
5421	3
5422	3
5423	4
5424	4
5425	3
5426	5
5427	4
5428	3
5429	2
5430	4
5431	5
5432	5
5433	6
5434	6
5435	5
5436	6
5437	5
5438	4
5439	4
5440	5
5441	5
5442	4
5443	5
5444	4
5445	3
5446	4
5447	3
5448	3
5449	4
5450	4
5451	3
5452	5
5453	4
5454	3
5455	2
5456	3
5457	3
5458	4
5459	5
5460	4
5461	3
5462	3
5463	2
5464	2
5465	3
5466	5
5467	4
5468	3
5469	2
5470	2
5471	1
5472	3
5473	4
5474	4
5475	5
5476	5
5477	6
5478	8
5479	9
5480	9
5481	8
5482	8
5483	7
5484	8
5485	8
5486	7
5487	7
5488	6
5489	7
5490	7
5491	6
5492	6
5493	5
5494	5
5495	6
5496	6
5497	5
5498	7
5499	6
5500	5
5501	4
5502	6
5503	7
5504	7
5505	8
5506	8
5507	7
5508	7
5509	6
5510	6
5511	7
5512	7
5513	6
5514	8
5515	7
5516	6
5517	5
5518	6
5519	6
5520	7
5521	7
5522	6
5523	7
5524	6
5525	5
5526	5
5527	6
5528	6
5529	5
5530	5
5531	4
5532	5
5533	5
5534	6
5535	8
5536	7
5537	6
5538	5
5539	5
5540	4
5541	3
5542	2
5543	3
5544	3
5545	4
5546	4
5547	5
5548	7
5549	8
5550	8
5551	7
5552	7
5553	6
5554	7
5555	7
5556	6
5557	6
5558	5
5559	6
5560	6
5561	5
5562	5
5563	4
5564	4
5565	5
5566	5
5567	4
5568	6
5569	5
5570	4
5571	3
5572	4
5573	5
5574	5
5575	6
5576	6
5577	5
5578	6
5579	5
5580	4
5581	3
5582	4
5583	3
5584	3
5585	4
5586	4
5587	3
5588	5
5589	4
5590	3
5591	2
5592	2
5593	3
5594	3
5595	4
5596	6
5597	7
5598	7
5599	6
5600	6
5601	5
5602	6
5603	6
5604	5
5605	5
5606	4
5607	5
5608	5
5609	4
5610	4
5611	3
5612	3
5613	4
5614	4
5615	3
5616	5
5617	4
5618	3
5619	2
5620	3
5621	4
5622	4
5623	4
5624	4
5625	3
5626	3
5627	4
5628	4
5629	3
5630	4
5631	3
5632	2
5633	3
5634	3
5635	4
5636	5
5637	4
5638	3
5639	3
5640	2
5641	2
5642	3
5643	5
5644	4
5645	3
5646	2
5647	2
5648	1
5649	2
5650	2
5651	3
5652	5
5653	6
5654	6
5655	7
5656	7
5657	6
5658	8
5659	7
5660	6
5661	5
5662	5
5663	5
5664	5
5665	4
5666	4
5667	4
5668	5
5669	7
5670	6
5671	5
5672	4
5673	4
5674	3
5675	4
5676	4
5677	5
5678	7
5679	6
5680	5
5681	4
5682	4
5683	3
5684	2
5685	2
5686	3
5687	3
5688	4
5689	6
5690	5
5691	4
5692	3
5693	3
5694	2
5695	4
5696	5
5697	5
5698	4
5699	3
5700	4
5701	4
5702	3
5703	3
5704	2
5705	3
5706	3
5707	2
5708	2
5709	1
5710	1
5711	2
5712	3
5713	4
5714	4
5715	5
5716	5
5717	4
5718	6
5719	5
5720	4
5721	3
5722	2
5723	2
5724	2
5725	3
5726	5
5727	4
5728	3
5729	2
5730	2
5731	1
5732	1
5733	2
5734	2
5735	3
5736	5
5737	4
5738	3
5739	2
5740	2
5741	1
5742	3
5743	4
5744	4
5745	3
5746	3
5747	2
5748	3
5749	3
5750	2
5751	1
5752	2
5753	2
5754	1
5755	1
5756	1
5757	3
5758	5
5759	6
5760	6
5761	7
5762	7
5763	8
5764	10
5765	11
5766	11
5767	12
5768	12
5769	13
5770	12
5771	11
5772	13
5773	14
5774	13
5775	12
5776	13
5777	12
5778	11
5779	12
5780	11
5781	10
5782	10
5783	11
5784	11
5785	12
5786	11
5787	10
5788	12
5789	13
5790	12
5791	11
5792	12
5793	11
5794	10
5795	11
5796	10
5797	9
5798	10
5799	10
5800	11
5801	13
5802	14
5803	13
5804	12
5805	13
5806	12
5807	11
5808	12
5809	11
5810	10
5811	10
5812	11
5813	10
5814	9
5815	9
5816	10
5817	12
5818	13
5819	12
5820	11
5821	11
5822	10
5823	11
5824	10
5825	9
5826	9
5827	10
5828	9
5829	8
5830	9
5831	9
5832	10
5833	12
5834	13
5835	12
5836	11
5837	12
5838	11
5839	10
5840	11
5841	10
5842	9
5843	9
5844	10
5845	9
5846	8
5847	8
5848	9
5849	11
5850	12
5851	11
5852	10
5853	11
5854	10
5855	9
5856	9
5857	8
5858	8
5859	9
5860	8
5861	7
5862	7
5863	8
5864	8
5865	9
5866	11
5867	12
5868	11
5869	10
5870	11
5871	10
5872	9
5873	10
5874	9
5875	8
5876	8
5877	9
5878	8
5879	7
5880	9
5881	10
5882	10
5883	11
5884	10
5885	9
5886	8
5887	9
5888	9
5889	10
5890	9
5891	8
5892	8
5893	9
5894	8
5895	7
5896	8
5897	8
5898	9
5899	8
5900	7
5901	7
5902	8
5903	7
5904	6
5905	8
5906	9
5907	9
5908	10
5909	10
5910	11
5911	13
5912	14
5913	13
5914	12
5915	13
5916	12
5917	11
5918	12
5919	11
5920	10
5921	10
5922	11
5923	10
5924	9
5925	10
5926	11
5927	11
5928	12
5929	11
5930	10
5931	10
5932	11
5933	10
5934	9
5935	10
5936	10
5937	11
5938	10
5939	9
5940	9
5941	10
5942	9
5943	8
5944	8
5945	9
5946	9
5947	10
5948	12
5949	13
5950	12
5951	11
5952	12
5953	11
5954	10
5955	11
5956	10
5957	9
5958	9
5959	10
5960	9
5961	8
5962	10
5963	11
5964	11
5965	12
5966	11
5967	10
5968	10
5969	11
5970	10
5971	9
5972	10
5973	10
5974	11
5975	10
5976	9
5977	9
5978	10
5979	9
5980	8
5981	9
5982	9
5983	10
5984	9
5985	8
5986	8
5987	9
5988	8
5989	7
5990	8
5991	8
5992	9
5993	9
5994	10
5995	12
5996	13
5997	12
5998	11
5999	12
6000	11
6001	10
6002	11
6003	10
6004	9
6005	9
6006	10
6007	9
6008	8
6009	10
6010	11
6011	11
6012	12
6013	11
6014	10
6015	10
6016	10
6017	9
6018	10
6019	9
6020	9
6021	10
6022	9
6023	8
6024	9
6025	9
6026	10
6027	9
6028	8
6029	8
6030	9
6031	8
6032	7
6033	7
6034	8
6035	8
6036	9
6037	11
6038	12
6039	11
6040	10
6041	11
6042	10
6043	9
6044	10
6045	9
6046	8
6047	8
6048	9
6049	8
6050	7
6051	9
6052	10
6053	10
6054	10
6055	9
6056	9
6057	10
6058	9
6059	8
6060	9
6061	9
6062	10
6063	9
6064	8
6065	8
6066	9
6067	8
6068	7
6069	8
6070	7
6071	7
6072	8
6073	7
6074	6
6075	7
6076	7
6077	8
6078	10
6079	11
6080	11
6081	11
6082	10
6083	10
6084	11
6085	10
6086	9
6087	10
6088	10
6089	11
6090	10
6091	9
6092	9
6093	10
6094	9
6095	8
6096	8
6097	8
6098	9
6099	8
6100	7
6101	7
6102	8
6103	8
6104	9
6105	8
6106	7
6107	9
6108	10
6109	9
6110	8
6111	9
6112	8
6113	7
6114	8
6115	7
6116	6
6117	6
6118	7
6119	9
6120	10
6121	10
6122	10
6123	9
6124	9
6125	10
6126	9
6127	8
6128	9
6129	8
6130	8
6131	9
6132	8
6133	7
6134	7
6135	7
6136	8
6137	7
6138	6
6139	6
6140	7
6141	7
6142	8
6143	7
6144	6
6145	8
6146	9
6147	8
6148	7
6149	8
6150	7
6151	6
6152	7
6153	6
6154	5
6155	5
6156	6
6157	6
6158	7
6159	9
6160	10
6161	10
6162	11
6163	11
6164	12
6165	11
6166	10
6167	12
6168	13
6169	12
6170	11
6171	12
6172	11
6173	10
6174	11
6175	10
6176	9
6177	9
6178	10
6179	10
6180	11
6181	10
6182	9
6183	11
6184	12
6185	11
6186	10
6187	11
6188	10
6189	9
6190	10
6191	9
6192	8
6193	9
6194	9
6195	10
6196	12
6197	13
6198	12
6199	11
6200	12
6201	11
6202	10
6203	11
6204	10
6205	9
6206	9
6207	10
6208	9
6209	8
6210	8
6211	9
6212	11
6213	12
6214	11
6215	10
6216	10
6217	9
6218	10
6219	9
6220	8
6221	8
6222	9
6223	8
6224	7
6225	8
6226	8
6227	9
6228	11
6229	12
6230	11
6231	10
6232	11
6233	10
6234	9
6235	10
6236	9
6237	8
6238	8
6239	9
6240	8
6241	7
6242	7
6243	8
6244	10
6245	11
6246	10
6247	9
6248	10
6249	9
6250	8
6251	8
6252	7
6253	7
6254	8
6255	7
6256	6
6257	6
6258	7
6259	7
6260	8
6261	10
6262	11
6263	10
6264	9
6265	10
6266	9
6267	8
6268	9
6269	8
6270	7
6271	7
6272	8
6273	7
6274	6
6275	8
6276	9
6277	8
6278	8
6279	9
6280	8
6281	7
6282	8
6283	8
6284	9
6285	8
6286	7
6287	7
6288	8
6289	7
6290	6
6291	7
6292	7
6293	8
6294	7
6295	6
6296	6
6297	7
6298	6
6299	5
6300	7
6301	8
6302	8
6303	9
6304	9
6305	10
6306	12
6307	13
6308	12
6309	11
6310	12
6311	11
6312	10
6313	11
6314	10
6315	9
6316	9
6317	10
6318	9
6319	8
6320	10
6321	11
6322	11
6323	12
6324	11
6325	10
6326	10
6327	11
6328	10
6329	9
6330	10
6331	10
6332	11
6333	10
6334	9
6335	9
6336	10
6337	9
6338	8
6339	9
6340	9
6341	10
6342	9
6343	8
6344	8
6345	9
6346	8
6347	7
6348	7
6349	8
6350	8
6351	9
6352	11
6353	12
6354	11
6355	10
6356	11
6357	10
6358	9
6359	10
6360	9
6361	8
6362	8
6363	9
6364	8
6365	7
6366	8
6367	9
6368	9
6369	10
6370	9
6371	8
6372	8
6373	9
6374	8
6375	7
6376	8
6377	8
6378	9
6379	8
6380	7
6381	7
6382	8
6383	7
6384	6
6385	7
6386	7
6387	8
6388	8
6389	9
6390	11
6391	12
6392	11
6393	10
6394	11
6395	10
6396	9
6397	10
6398	9
6399	8
6400	8
6401	9
6402	8
6403	7
6404	9
6405	10
6406	10
6407	11
6408	10
6409	9
6410	9
6411	9
6412	8
6413	9
6414	9
6415	10
6416	9
6417	8
6418	8
6419	9
6420	8
6421	7
6422	8
6423	7
6424	7
6425	8
6426	7
6427	6
6428	6
6429	7
6430	7
6431	8
6432	10
6433	11
6434	10
6435	9
6436	10
6437	9
6438	8
6439	9
6440	8
6441	7
6442	7
6443	8
6444	7
6445	6
6446	8
6447	9
6448	9
6449	9
6450	8
6451	8
6452	9
6453	8
6454	7
6455	8
6456	8
6457	9
6458	8
6459	7
6460	6
6461	7
6462	7
6463	8
6464	7
6465	6
6466	6
6467	7
6468	6
6469	5
6470	6
6471	6
6472	7
6473	9
6474	10
6475	10
6476	11
6477	10
6478	9
6479	9
6480	9
6481	8
6482	8
6483	8
6484	9
6485	8
6486	7
6487	8
6488	8
6489	9
6490	8
6491	7
6492	7
6493	8
6494	7
6495	6
6496	6
6497	7
6498	7
6499	8
6500	7
6501	6
6502	8
6503	9
6504	8
6505	7
6506	8
6507	7
6508	6
6509	7
6510	6
6511	5
6512	5
6513	6
6514	8
6515	9
6516	9
6517	10
6518	9
6519	8
6520	8
6521	8
6522	7
6523	7
6524	7
6525	8
6526	7
6527	6
6528	7
6529	6
6530	6
6531	7
6532	6
6533	5
6534	5
6535	6
6536	6
6537	7
6538	6
6539	5
6540	7
6541	8
6542	7
6543	6
6544	7
6545	6
6546	5
6547	6
6548	5
6549	4
6550	5
6551	5
6552	6
6553	8
6554	9
6555	9
6556	10
6557	10
6558	11
6559	13
6560	14
6561	13
6562	12
6563	13
6564	12
6565	11
6566	12
6567	11
6568	10
6569	10
6570	11
6571	10
6572	9
6573	11
6574	12
6575	12
6576	13
6577	12
6578	11
6579	11
6580	12
6581	11
6582	10
6583	11
6584	11
6585	12
6586	11
6587	10
6588	10
6589	11
6590	10
6591	9
6592	10
6593	10
6594	11
6595	10
6596	9
6597	9
6598	10
6599	9
6600	8
6601	8
6602	8
6603	8
6604	9
6605	11
6606	12
6607	11
6608	10
6609	11
6610	10
6611	9
6612	9
6613	8
6614	8
6615	9
6616	8
6617	7
6618	8
6619	8
6620	9
6621	11
6622	11
6623	11
6624	12
6625	11
6626	10
6627	10
6628	10
6629	11
6630	10
6631	9
6632	10
6633	10
6634	11
6635	10
6636	9
6637	9
6638	9
6639	8
6640	8
6641	9
6642	9
6643	10
6644	9
6645	8
6646	10
6647	11
6648	10
6649	9
6650	10
6651	9
6652	8
6653	9
6654	8
6655	7
6656	7
6657	8
6658	10
6659	11
6660	11
6661	12
6662	11
6663	10
6664	10
6665	11
6666	10
6667	9
6668	9
6669	9
6670	10
6671	9
6672	8
6673	9
6674	9
6675	10
6676	9
6677	8
6678	8
6679	9
6680	8
6681	7
6682	7
6683	8
6684	8
6685	9
6686	8
6687	7
6688	9
6689	10
6690	9
6691	8
6692	9
6693	8
6694	7
6695	8
6696	7
6697	6
6698	7
6699	7
6700	8
6701	10
6702	11
6703	11
6704	11
6705	10
6706	10
6707	11
6708	10
6709	9
6710	10
6711	10
6712	11
6713	10
6714	9
6715	9
6716	9
6717	8
6718	9
6719	9
6720	10
6721	9
6722	8
6723	8
6724	9
6725	8
6726	7
6727	7
6728	8
6729	8
6730	9
6731	8
6732	7
6733	9
6734	10
6735	9
6736	8
6737	9
6738	8
6739	7
6740	8
6741	7
6742	6
6743	6
6744	7
6745	9
6746	9
6747	9
6748	10
6749	9
6750	8
6751	9
6752	9
6753	9
6754	8
6755	8
6756	9
6757	8
6758	7
6759	7
6760	7
6761	8
6762	7
6763	6
6764	6
6765	7
6766	7
6767	8
6768	7
6769	6
6770	8
6771	9
6772	8
6773	7
6774	8
6775	7
6776	6
6777	7
6778	6
6779	5
6780	5
6781	6
6782	6
6783	7
6784	9
6785	10
6786	10
6787	11
6788	10
6789	9
6790	9
6791	10
6792	9
6793	8
6794	9
6795	9
6796	10
6797	9
6798	8
6799	8
6800	9
6801	8
6802	7
6803	8
6804	8
6805	9
6806	8
6807	7
6808	7
6809	8
6810	7
6811	6
6812	6
6813	7
6814	7
6815	8
6816	7
6817	6
6818	8
6819	9
6820	8
6821	7
6822	8
6823	7
6824	6
6825	7
6826	6
6827	5
6828	7
6829	8
6830	8
6831	9
6832	9
6833	10
6834	9
6835	8
6836	10
6837	11
6838	10
6839	9
6840	10
6841	9
6842	8
6843	9
6844	8
6845	7
6846	6
6847	7
6848	7
6849	8
6850	8
6851	9
6852	8
6853	7
6854	8
6855	9
6856	8
6857	7
6858	8
6859	7
6860	6
6861	6
6862	7
6863	7
6864	8
6865	7
6866	6
6867	7
6868	8
6869	7
6870	6
6871	7
6872	6
6873	5
6874	6
6875	6
6876	7
6877	9
6878	10
6879	9
6880	8
6881	8
6882	7
6883	8
6884	7
6885	6
6886	6
6887	7
6888	6
6889	5
6890	5
6891	6
6892	7
6893	8
6894	7
6895	6
6896	6
6897	5
6898	5
6899	6
6900	5
6901	4
6902	4
6903	5
6904	7
6905	8
6906	8
6907	9
6908	9
6909	10
6910	12
6911	13
6912	12
6913	11
6914	12
6915	11
6916	10
6917	11
6918	10
6919	9
6920	9
6921	10
6922	9
6923	8
6924	10
6925	11
6926	10
6927	10
6928	11
6929	10
6930	9
6931	10
6932	10
6933	11
6934	10
6935	9
6936	9
6937	10
6938	9
6939	8
6940	9
6941	9
6942	10
6943	9
6944	8
6945	8
6946	9
6947	8
6948	7
6949	7
6950	8
6951	8
6952	9
6953	11
6954	12
6955	11
6956	10
6957	11
6958	10
6959	9
6960	10
6961	9
6962	8
6963	8
6964	9
6965	8
6966	7
6967	9
6968	10
6969	10
6970	11
6971	10
6972	9
6973	9
6974	9
6975	8
6976	9
6977	9
6978	9
6979	8
6980	8
6981	9
6982	8
6983	7
6984	7
6985	7
6986	8
6987	7
6988	6
6989	6
6990	6
6991	7
6992	9
6993	10
6994	10
6995	11
6996	10
6997	9
6998	9
6999	10
7000	9
7001	8
7002	8
7003	8
7004	9
7005	8
7006	7
7007	8
7008	8
7009	9
7010	8
7011	7
7012	7
7013	8
7014	7
7015	6
7016	6
7017	7
7018	7
7019	8
7020	7
7021	6
7022	8
7023	9
7024	8
7025	7
7026	8
7027	7
7028	6
7029	7
7030	6
7031	5
7032	6
7033	6
7034	7
7035	9
7036	10
7037	10
7038	10
7039	9
7040	9
7041	10
7042	9
7043	8
7044	8
7045	8
7046	9
7047	8
7048	7
7049	7
7050	7
7051	8
7052	7
7053	6
7054	6
7055	7
7056	7
7057	8
7058	7
7059	6
7060	8
7061	9
7062	8
7063	7
7064	8
7065	7
7066	6
7067	7
7068	6
7069	5
7070	5
7071	6
7072	8
7073	9
7074	9
7075	9
7076	8
7077	8
7078	9
7079	8
7080	7
7081	8
7082	8
7083	8
7084	7
7085	7
7086	8
7087	7
7088	6
7089	7
7090	7
7091	8
7092	7
7093	6
7094	6
7095	6
7096	5
7097	5
7098	6
7099	6
7100	7
7101	6
7102	5
7103	7
7104	8
7105	7
7106	6
7107	7
7108	6
7109	5
7110	6
7111	5
7112	4
7113	4
7114	5
7115	5
7116	6
7117	8
7118	9
7119	9
7120	10
7121	9
7122	8
7123	8
7124	9
7125	8
7126	7
7127	8
7128	8
7129	9
7130	8
7131	7
7132	7
7133	8
7134	7
7135	6
7136	7
7137	7
7138	8
7139	7
7140	6
7141	6
7142	7
7143	6
7144	5
7145	5
7146	6
7147	6
7148	7
7149	6
7150	5
7151	7
7152	8
7153	7
7154	6
7155	7
7156	6
7157	5
7158	6
7159	5
7160	4
7161	6
7162	7
7163	7
7164	8
7165	8
7166	9
7167	8
7168	7
7169	8
7170	9
7171	8
7172	7
7173	8
7174	7
7175	6
7176	6
7177	7
7178	7
7179	8
7180	7
7181	6
7182	7
7183	8
7184	7
7185	6
7186	7
7187	6
7188	5
7189	6
7190	6
7191	7
7192	7
7193	8
7194	7
7195	6
7196	8
7197	9
7198	8
7199	7
7200	8
7201	7
7202	6
7203	7
7204	6
7205	5
7206	4
7207	5
7208	5
7209	6
7210	7
7211	8
7212	7
7213	6
7214	6
7215	5
7216	5
7217	6
7218	5
7219	4
7220	4
7221	5
7222	7
7223	8
7224	7
7225	6
7226	6
7227	5
7228	6
7229	5
7230	4
7231	4
7232	5
7233	4
7234	3
7235	4
7236	4
7237	5
7238	7
7239	8
7240	8
7241	8
7242	8
7243	9
7244	11
7245	12
7246	11
7247	10
7248	10
7249	9
7250	10
7251	9
7252	8
7253	8
7254	9
7255	8
7256	7
7257	7
7258	8
7259	8
7260	9
7261	11
7262	12
7263	11
7264	10
7265	11
7266	10
7267	9
7268	10
7269	9
7270	8
7271	8
7272	9
7273	8
7274	7
7275	9
7276	10
7277	10
7278	11
7279	10
7280	9
7281	9
7282	10
7283	9
7284	8
7285	9
7286	9
7287	10
7288	9
7289	8
7290	8
7291	9
7292	8
7293	7
7294	8
7295	8
7296	9
7297	8
7298	7
7299	7
7300	8
7301	7
7302	6
7303	7
7304	7
7305	8
7306	10
7307	11
7308	11
7309	12
7310	11
7311	10
7312	10
7313	10
7314	9
7315	10
7316	10
7317	11
7318	10
7319	9
7320	9
7321	10
7322	9
7323	8
7324	9
7325	9
7326	10
7327	9
7328	8
7329	8
7330	9
7331	8
7332	7
7333	7
7334	8
7335	8
7336	9
7337	8
7338	7
7339	9
7340	10
7341	9
7342	8
7343	9
7344	8
7345	7
7346	8
7347	7
7348	6
7349	6
7350	6
7351	6
7352	7
7353	7
7354	8
7355	7
7356	6
7357	8
7358	9
7359	8
7360	7
7361	8
7362	7
7363	6
7364	7
7365	6
7366	5
7367	6
7368	6
7369	7
7370	9
7371	9
7372	9
7373	10
7374	9
7375	8
7376	8
7377	8
7378	9
7379	8
7380	7
7381	7
7382	7
7383	8
7384	7
7385	6
7386	6
7387	7
7388	7
7389	8
7390	7
7391	6
7392	8
7393	9
7394	8
7395	7
7396	8
7397	7
7398	6
7399	7
7400	6
7401	5
7402	5
7403	6
7404	8
7405	9
7406	9
7407	10
7408	9
7409	8
7410	8
7411	9
7412	8
7413	7
7414	8
7415	8
7416	8
7417	7
7418	7
7419	8
7420	7
7421	6
7422	6
7423	6
7424	7
7425	6
7426	5
7427	5
7428	6
7429	6
7430	7
7431	6
7432	5
7433	7
7434	8
7435	7
7436	6
7437	7
7438	6
7439	5
7440	6
7441	5
7442	4
7443	4
7444	5
7445	5
7446	6
7447	8
7448	9
7449	9
7450	10
7451	9
7452	8
7453	8
7454	9
7455	8
7456	7
7457	8
7458	8
7459	9
7460	8
7461	7
7462	7
7463	8
7464	7
7465	6
7466	7
7467	7
7468	8
7469	7
7470	6
7471	6
7472	7
7473	6
7474	5
7475	5
7476	6
7477	6
7478	7
7479	6
7480	5
7481	7
7482	8
7483	7
7484	6
7485	7
7486	6
7487	5
7488	6
7489	5
7490	4
7491	6
7492	7
7493	6
7494	6
7495	7
7496	7
7497	8
7498	7
7499	6
7500	8
7501	9
7502	8
7503	7
7504	8
7505	7
7506	6
7507	7
7508	6
7509	5
7510	6
7511	6
7512	7
7513	7
7514	8
7515	7
7516	6
7517	7
7518	8
7519	7
7520	6
7521	7
7522	6
7523	5
7524	5
7525	6
7526	6
7527	7
7528	6
7529	5
7530	6
7531	7
7532	6
7533	5
7534	6
7535	5
7536	4
7537	5
7538	5
7539	6
7540	8
7541	9
7542	8
7543	7
7544	8
7545	7
7546	6
7547	6
7548	5
7549	5
7550	6
7551	5
7552	4
7553	4
7554	5
7555	6
7556	7
7557	6
7558	5
7559	5
7560	4
7561	4
7562	5
7563	4
7564	3
7565	3
7566	4
7567	6
7568	7
7569	7
7570	8
7571	8
7572	9
7573	11
7574	12
7575	11
7576	10
7577	11
7578	10
7579	9
7580	10
7581	9
7582	8
7583	8
7584	9
7585	8
7586	7
7587	9
7588	9
7589	9
7590	10
7591	9
7592	8
7593	8
7594	8
7595	9
7596	8
7597	7
7598	7
7599	7
7600	8
7601	7
7602	6
7603	6
7604	7
7605	7
7606	8
7607	10
7608	11
7609	10
7610	9
7611	10
7612	9
7613	8
7614	9
7615	8
7616	7
7617	7
7618	8
7619	7
7620	6
7621	8
7622	9
7623	9
7624	10
7625	9
7626	8
7627	7
7628	8
7629	8
7630	9
7631	8
7632	7
7633	7
7634	8
7635	7
7636	6
7637	7
7638	7
7639	8
7640	7
7641	6
7642	6
7643	7
7644	6
7645	5
7646	6
7647	6
7648	6
7649	6
7650	7
7651	7
7652	8
7653	7
7654	6
7655	8
7656	9
7657	8
7658	7
7659	8
7660	7
7661	6
7662	7
7663	6
7664	5
7665	5
7666	6
7667	8
7668	9
7669	9
7670	10
7671	9
7672	8
7673	8
7674	8
7675	7
7676	8
7677	8
7678	9
7679	8
7680	7
7681	7
7682	7
7683	6
7684	7
7685	7
7686	8
7687	7
7688	6
7689	6
7690	7
7691	6
7692	5
7693	5
7694	6
7695	6
7696	7
7697	6
7698	5
7699	7
7700	8
7701	7
7702	6
7703	7
7704	6
7705	5
7706	6
7707	5
7708	4
7709	4
7710	4
7711	5
7712	7
7713	8
7714	8
7715	9
7716	8
7717	7
7718	7
7719	8
7720	7
7721	6
7722	7
7723	7
7724	8
7725	7
7726	6
7727	6
7728	6
7729	5
7730	5
7731	5
7732	6
7733	5
7734	4
7735	4
7736	5
7737	5
7738	6
7739	5
7740	4
7741	6
7742	7
7743	6
7744	5
7745	6
7746	5
7747	4
7748	5
7749	4
7750	3
7751	3
7752	4
7753	4
7754	5
7755	7
7756	8
7757	8
7758	9
7759	8
7760	7
7761	7
7762	8
7763	7
7764	6
7765	7
7766	7
7767	8
7768	7
7769	6
7770	6
7771	7
7772	6
7773	5
7774	6
7775	6
7776	7
7777	6
7778	5
7779	5
7780	6
7781	5
7782	4
7783	4
7784	5
7785	5
7786	6
7787	5
7788	4
7789	6
7790	7
7791	6
7792	5
7793	6
7794	5
7795	4
7796	5
7797	4
7798	3
7799	5
7800	6
7801	6
7802	7
7803	7
7804	8
7805	7
7806	6
7807	7
7808	8
7809	7
7810	6
7811	7
7812	6
7813	5
7814	5
7815	6
7816	6
7817	7
7818	6
7819	5
7820	6
7821	7
7822	6
7823	5
7824	6
7825	5
7826	4
7827	5
7828	4
7829	4
7830	5
7831	5
7832	6
7833	5
7834	4
7835	6
7836	7
7837	6
7838	5
7839	6
7840	5
7841	4
7842	5
7843	4
7844	3
7845	4
7846	4
7847	5
7848	6
7849	7
7850	6
7851	5
7852	5
7853	4
7854	4
7855	5
7856	4
7857	3
7858	3
7859	4
7860	6
7861	7
7862	6
7863	5
7864	6
7865	5
7866	4
7867	4
7868	3
7869	3
7870	4
7871	3
7872	2
7873	2
7874	3
7875	3
7876	4
7877	6
7878	7
7879	7
7880	8
7881	8
7882	9
7883	11
7884	12
7885	11
7886	10
7887	11
7888	10
7889	9
7890	10
7891	9
7892	8
7893	8
7894	9
7895	8
7896	7
7897	9
7898	10
7899	10
7900	11
7901	10
7902	9
7903	9
7904	10
7905	9
7906	8
7907	9
7908	9
7909	10
7910	9
7911	8
7912	8
7913	9
7914	8
7915	7
7916	8
7917	8
7918	9
7919	8
7920	7
7921	7
7922	8
7923	7
7924	6
7925	6
7926	7
7927	7
7928	8
7929	10
7930	11
7931	10
7932	9
7933	10
7934	9
7935	8
7936	9
7937	8
7938	7
7939	7
7940	8
7941	7
7942	6
7943	8
7944	9
7945	9
7946	10
7947	9
7948	8
7949	8
7950	9
7951	8
7952	7
7953	8
7954	7
7955	7
7956	8
7957	7
7958	6
7959	7
7960	7
7961	8
7962	7
7963	6
7964	6
7965	7
7966	6
7967	5
7968	6
7969	6
7970	7
7971	9
7972	10
7973	10
7974	11
7975	10
7976	9
7977	9
7978	10
7979	9
7980	8
7981	8
7982	8
7983	9
7984	8
7985	7
7986	8
7987	8
7988	9
7989	8
7990	7
7991	7
7992	8
7993	7
7994	6
7995	6
7996	7
7997	7
7998	8
7999	7
8000	6
8001	8
8002	9
8003	8
8004	7
8005	8
8006	7
8007	6
8008	7
8009	6
8010	5
8011	5
8012	6
8013	8
8014	9
8015	9
8016	10
8017	9
8018	8
8019	8
8020	8
8021	7
8022	7
8023	7
8024	8
8025	7
8026	6
8027	7
8028	7
8029	8
8030	7
8031	6
8032	6
8033	7
8034	6
8035	5
8036	5
8037	6
8038	6
8039	7
8040	6
8041	5
8042	7
8043	8
8044	7
8045	6
8046	7
8047	6
8048	5
8049	6
8050	5
8051	4
8052	5
8053	5
8054	6
8055	8
8056	9
8057	9
8058	9
8059	8
8060	8
8061	8
8062	7
8063	8
8064	8
8065	9
8066	8
8067	7
8068	7
8069	7
8070	6
8071	6
8072	6
8073	7
8074	6
8075	5
8076	5
8077	6
8078	6
8079	7
8080	6
8081	5
8082	7
8083	8
8084	7
8085	6
8086	7
8087	6
8088	5
8089	6
8090	5
8091	4
8092	4
8093	5
8094	7
8095	8
8096	8
8097	8
8098	7
8099	7
8100	8
8101	7
8102	6
8103	7
8104	7
8105	7
8106	6
8107	6
8108	7
8109	6
8110	5
8111	6
8112	6
8113	7
8114	6
8115	5
8116	5
8117	6
8118	5
8119	4
8120	4
8121	5
8122	5
8123	5
8124	4
8125	6
8126	7
8127	6
8128	5
8129	6
8130	5
8131	4
8132	5
8133	4
8134	3
8135	3
8136	4
8137	4
8138	5
8139	7
8140	8
8141	8
8142	9
8143	8
8144	7
8145	7
8146	8
8147	7
8148	6
8149	7
8150	7
8151	8
8152	7
8153	6
8154	6
8155	7
8156	6
8157	5
8158	6
8159	6
8160	7
8161	6
8162	5
8163	5
8164	6
8165	5
8166	4
8167	4
8168	5
8169	5
8170	6
8171	5
8172	4
8173	6
8174	6
8175	5
8176	6
8177	5
8178	4
8179	5
8180	4
8181	3
8182	5
8183	6
8184	6
8185	7
8186	7
8187	8
8188	7
8189	6
8190	7
8191	8
8192	7
8193	6
8194	7
8195	6
8196	5
8197	5
8198	6
8199	6
8200	7
8201	6
8202	5
8203	6
8204	7
8205	6
8206	5
8207	6
8208	5
8209	4
8210	5
8211	5
8212	6
8213	6
8214	7
8215	6
8216	5
8217	7
8218	8
8219	7
8220	6
8221	7
8222	6
8223	5
8224	6
8225	5
8226	4
8227	3
8228	4
8229	4
8230	5
8231	6
8232	7
8233	6
8234	5
8235	5
8236	4
8237	4
8238	5
8239	4
8240	3
8241	3
8242	4
8243	6
8244	7
8245	6
8246	5
8247	5
8248	4
8249	5
8250	4
8251	3
8252	3
8253	4
8254	3
8255	2
8256	4
8257	5
8258	4
8259	4
8260	5
8261	5
8262	6
8263	8
8264	9
8265	9
8266	10
8267	9
8268	8
8269	8
8270	9
8271	8
8272	7
8273	8
8274	8
8275	9
8276	8
8277	7
8278	7
8279	8
8280	7
8281	6
8282	7
8283	7
8284	8
8285	7
8286	6
8287	6
8288	7
8289	6
8290	5
8291	5
8292	6
8293	6
8294	7
8295	6
8296	5
8297	7
8298	8
8299	7
8300	6
8301	7
8302	6
8303	5
8304	6
8305	5
8306	4
8307	6
8308	7
8309	7
8310	8
8311	8
8312	9
8313	8
8314	7
8315	9
8316	10
8317	9
8318	8
8319	9
8320	8
8321	7
8322	8
8323	7
8324	6
8325	6
8326	7
8327	7
8328	8
8329	7
8330	6
8331	6
8332	7
8333	6
8334	5
8335	6
8336	6
8337	7
8338	7
8339	8
8340	7
8341	6
8342	6
8343	7
8344	6
8345	5
8346	5
8347	6
8348	6
8349	7
8350	6
8351	5
8352	6
8353	7
8354	6
8355	5
8356	6
8357	5
8358	4
8359	5
8360	5
8361	6
8362	8
8363	9
8364	8
8365	7
8366	7
8367	6
8368	7
8369	6
8370	5
8371	5
8372	6
8373	5
8374	4
8375	3
8376	4
8377	4
8378	5
8379	5
8380	6
8381	8
8382	9
8383	9
8384	10
8385	9
8386	8
8387	8
8388	9
8389	8
8390	7
8391	8
8392	8
8393	8
8394	7
8395	7
8396	8
8397	7
8398	6
8399	7
8400	7
8401	8
8402	7
8403	6
8404	6
8405	7
8406	6
8407	5
8408	5
8409	6
8410	6
8411	6
8412	5
8413	7
8414	8
8415	7
8416	6
8417	7
8418	6
8419	5
8420	6
8421	5
8422	4
8423	5
8424	6
8425	6
8426	7
8427	7
8428	8
8429	7
8430	6
8431	7
8432	8
8433	7
8434	6
8435	7
8436	6
8437	5
8438	5
8439	5
8440	5
8441	6
8442	5
8443	4
8444	5
8445	5
8446	6
8447	7
8448	7
8449	6
8450	6
8451	5
8452	5
8453	6
8454	5
8455	4
8456	4
8457	5
8458	7
8459	8
8460	7
8461	6
8462	7
8463	6
8464	5
8465	5
8466	4
8467	4
8468	5
8469	4
8470	3
8471	3
8472	4
8473	4
8474	5
8475	7
8476	8
8477	8
8478	9
8479	8
8480	7
8481	7
8482	8
8483	7
8484	6
8485	7
8486	7
8487	7
8488	6
8489	6
8490	7
8491	6
8492	5
8493	6
8494	6
8495	6
8496	5
8497	5
8498	6
8499	5
8500	4
8501	4
8502	5
8503	5
8504	6
8505	5
8506	4
8507	6
8508	7
8509	6
8510	5
8511	6
8512	5
8513	4
8514	5
8515	4
8516	3
8517	4
8518	5
8519	4
8520	4
8521	5
8522	5
8523	6
8524	5
8525	4
8526	5
8527	6
8528	5
8529	4
8530	5
8531	4
8532	3
8533	4
8534	4
8535	5
8536	5
8537	6
8538	5
8539	4
8540	6
8541	7
8542	6
8543	5
8544	5
8545	4
8546	5
8547	4
8548	3
8549	2
8550	3
8551	3
8552	4
8553	6
8554	7
8555	7
8556	7
8557	7
8558	8
8559	7
8560	6
8561	6
8562	7
8563	7
8564	8
8565	7
8566	6
8567	8
8568	9
8569	8
8570	7
8571	8
8572	7
8573	6
8574	7
8575	6
8576	5
8577	6
8578	6
8579	7
8580	9
8581	10
8582	9
8583	8
8584	9
8585	8
8586	7
8587	8
8588	7
8589	6
8590	6
8591	6
8592	5
8593	4
8594	4
8595	4
8596	5
8597	7
8598	8
8599	7
8600	6
8601	7
8602	6
8603	5
8604	5
8605	4
8606	4
8607	5
8608	4
8609	3
8610	3
8611	4
8612	4
8613	5
8614	7
8615	8
8616	7
8617	6
8618	7
8619	6
8620	5
8621	6
8622	5
8623	4
8624	4
8625	5
8626	4
8627	3
8628	5
8629	6
8630	5
8631	5
8632	6
8633	5
8634	4
8635	5
8636	5
8637	6
8638	5
8639	4
8640	4
8641	5
8642	4
8643	3
8644	4
8645	4
8646	5
8647	4
8648	3
8649	3
8650	4
8651	3
8652	2
8653	2
8654	3
8655	4
8656	5
8657	4
8658	4
8659	5
8660	5
8661	6
8662	5
8663	4
8664	6
8665	7
8666	6
8667	5
8668	6
8669	5
8670	4
8671	5
8672	4
8673	3
8674	3
8675	3
8676	4
8677	6
8678	7
8679	6
8680	5
8681	6
8682	5
8683	4
8684	4
8685	3
8686	3
8687	4
8688	3
8689	2
8690	2
8691	3
8692	3
8693	4
8694	6
8695	7
8696	6
8697	5
8698	6
8699	5
8700	4
8701	5
8702	4
8703	3
8704	3
8705	4
8706	3
8707	2
8708	4
8709	5
8710	5
8711	6
8712	5
8713	4
8714	4
8715	5
8716	4
8717	3
8718	4
8719	3
8720	3
8721	4
8722	3
8723	2
8724	3
8725	3
8726	4
8727	3
8728	2
8729	2
8730	3
8731	2
8732	1
8733	1
8734	2
8735	2
8736	3
8737	5
8738	6
8739	6
8740	7
8741	7
8742	8
8743	10
8744	11
8745	10
8746	9
8747	10
8748	9
8749	8
8750	9
8751	8
8752	7
8753	7
8754	8
8755	7
8756	6
8757	8
8758	9
8759	9
8760	10
8761	9
8762	8
8763	8
8764	9
8765	8
8766	7
8767	8
8768	8
8769	9
8770	8
8771	7
8772	6
8773	7
8774	7
8775	8
8776	7
8777	6
8778	6
8779	7
8780	6
8781	5
8782	5
8783	6
8784	6
8785	7
8786	9
8787	10
8788	9
8789	8
8790	9
8791	8
8792	7
8793	8
8794	7
8795	6
8796	6
8797	7
8798	6
8799	5
8800	7
8801	8
8802	8
8803	9
8804	8
8805	7
8806	7
8807	8
8808	7
8809	6
8810	7
8811	7
8812	8
8813	7
8814	6
8815	6
8816	7
8817	6
8818	5
8819	6
8820	6
8821	7
8822	6
8823	5
8824	5
8825	6
8826	5
8827	4
8828	5
8829	5
8830	6
8831	8
8832	9
8833	9
8834	9
8835	8
8836	8
8837	8
8838	7
8839	7
8840	7
8841	8
8842	7
8843	6
8844	7
8845	7
8846	8
8847	7
8848	6
8849	6
8850	7
8851	6
8852	5
8853	5
8854	6
8855	6
8856	7
8857	6
8858	5
8859	7
8860	8
8861	7
8862	6
8863	7
8864	6
8865	5
8866	6
8867	5
8868	4
8869	4
8870	5
8871	7
8872	8
8873	8
8874	9
8875	8
8876	7
8877	7
8878	7
8879	6
8880	7
8881	7
8882	8
8883	7
8884	6
8885	6
8886	7
8887	6
8888	5
8889	6
8890	6
8891	7
8892	6
8893	5
8894	5
8895	6
8896	5
8897	4
8898	4
8899	5
8900	5
8901	5
8902	4
8903	6
8904	7
8905	6
8906	5
8907	6
8908	5
8909	4
8910	5
8911	4
8912	3
8913	4
8914	4
8915	5
8916	7
8917	8
8918	8
8919	9
8920	8
8921	7
8922	7
8923	7
8924	6
8925	7
8926	7
8927	8
8928	7
8929	6
8930	6
8931	6
8932	5
8933	5
8934	5
8935	6
8936	5
8937	4
8938	4
8939	5
8940	5
8941	6
8942	5
8943	4
8944	6
8945	7
8946	6
8947	5
8948	5
8949	4
8950	5
8951	4
8952	3
8953	3
8954	4
8955	6
8956	7
8957	7
8958	7
8959	6
8960	6
8961	7
8962	6
8963	5
8964	6
8965	6
8966	6
8967	5
8968	5
8969	6
8970	5
8971	4
8972	4
8973	4
8974	5
8975	4
8976	3
8977	3
8978	4
8979	4
8980	5
8981	4
8982	3
8983	5
8984	6
8985	5
8986	4
8987	5
8988	4
8989	3
8990	4
8991	3
8992	2
8993	2
8994	3
8995	3
8996	4
8997	6
8998	7
8999	7
9000	8
9001	7
9002	6
9003	6
9004	7
9005	6
9006	5
9007	6
9008	6
9009	7
9010	6
9011	5
9012	5
9013	4
9014	5
9015	5
9016	6
9017	5
9018	4
9019	4
9020	5
9021	4
9022	3
9023	3
9024	4
9025	4
9026	5
9027	4
9028	3
9029	5
9030	5
9031	4
9032	5
9033	4
9034	3
9035	4
9036	3
9037	2
9038	4
9039	5
9040	5
9041	6
9042	6
9043	7
9044	6
9045	5
9046	6
9047	7
9048	6
9049	5
9050	6
9051	5
9052	4
9053	4
9054	5
9055	5
9056	6
9057	5
9058	4
9059	5
9060	6
9061	5
9062	4
9063	5
9064	4
9065	3
9066	4
9067	3
9068	3
9069	4
9070	4
9071	4
9072	3
9073	5
9074	6
9075	5
9076	4
9077	5
9078	4
9079	3
9080	3
9081	2
9082	3
9083	3
9084	4
9085	5
9086	6
9087	5
9088	4
9089	4
9090	3
9091	3
9092	4
9093	3
9094	2
9095	2
9096	3
9097	5
9098	6
9099	5
9100	4
9101	5
9102	4
9103	3
9104	3
9105	2
9106	2
9107	3
9108	2
9109	1
9110	3
9111	4
9112	4
9113	5
9114	5
9115	6
9116	8
9117	9
9118	9
9119	10
9120	9
9121	8
9122	8
9123	9
9124	8
9125	7
9126	8
9127	8
9128	9
9129	8
9130	7
9131	7
9132	8
9133	7
9134	6
9135	7
9136	7
9137	7
9138	6
9139	6
9140	7
9141	6
9142	5
9143	5
9144	6
9145	6
9146	7
9147	6
9148	5
9149	7
9150	8
9151	7
9152	6
9153	7
9154	6
9155	5
9156	6
9157	5
9158	4
9159	6
9160	7
9161	7
9162	8
9163	8
9164	9
9165	8
9166	7
9167	7
9168	8
9169	7
9170	6
9171	6
9172	7
9173	7
9174	8
9175	7
9176	6
9177	8
9178	9
9179	8
9180	7
9181	8
9182	7
9183	6
9184	7
9185	6
9186	5
9187	6
9188	6
9189	7
9190	7
9191	8
9192	7
9193	6
9194	7
9195	8
9196	7
9197	6
9198	7
9199	6
9200	5
9201	5
9202	6
9203	6
9204	7
9205	6
9206	5
9207	5
9208	6
9209	5
9210	4
9211	5
9212	5
9213	6
9214	8
9215	9
9216	8
9217	7
9218	7
9219	6
9220	6
9221	5
9222	5
9223	6
9224	5
9225	4
9226	3
9227	2
9228	3
9229	3
9230	4
9231	4
9232	5
9233	7
9234	8
9235	8
9236	9
9237	8
9238	7
9239	7
9240	8
9241	7
9242	6
9243	7
9244	7
9245	7
9246	6
9247	6
9248	7
9249	6
9250	5
9251	6
9252	6
9253	6
9254	5
9255	5
9256	6
9257	5
9258	4
9259	4
9260	5
9261	5
9262	6
9263	5
9264	4
9265	6
9266	7
9267	6
9268	5
9269	6
9270	5
9271	4
9272	5
9273	4
9274	3
9275	4
9276	5
9277	5
9278	6
9279	6
9280	7
9281	6
9282	5
9283	6
9284	7
9285	6
9286	5
9287	6
9288	5
9289	4
9290	3
9291	4
9292	3
9293	3
9294	4
9295	4
9296	5
9297	4
9298	3
9299	5
9300	6
9301	5
9302	4
9303	4
9304	3
9305	4
9306	3
9307	2
9308	2
9309	3
9310	3
9311	4
9312	6
9313	7
9314	7
9315	8
9316	7
9317	6
9318	6
9319	7
9320	6
9321	5
9322	6
9323	6
9324	7
9325	6
9326	5
9327	5
9328	6
9329	5
9330	4
9331	5
9332	5
9333	5
9334	4
9335	4
9336	5
9337	4
9338	3
9339	3
9340	4
9341	4
9342	4
9343	3
9344	5
9345	6
9346	5
9347	4
9348	5
9349	4
9350	3
9351	4
9352	3
9353	2
9354	3
9355	4
9356	4
9357	4
9358	4
9359	5
9360	4
9361	3
9362	3
9363	4
9364	4
9365	5
9366	4
9367	3
9368	4
9369	5
9370	4
9371	3
9372	4
9373	3
9374	2
9375	3
9376	3
9377	4
9378	5
9379	5
9380	4
9381	4
9382	3
9383	3
9384	4
9385	3
9386	2
9387	2
9388	3
9389	5
9390	6
9391	5
9392	4
9393	4
9394	3
9395	4
9396	3
9397	2
9398	2
9399	3
9400	2
9401	1
9402	2
9403	2
9404	3
9405	5
9406	6
9407	6
9408	7
9409	7
9410	8
9411	7
9412	6
9413	8
9414	9
9415	8
9416	7
9417	8
9418	7
9419	6
9420	7
9421	6
9422	5
9423	5
9424	5
9425	5
9426	6
9427	5
9428	4
9429	4
9430	4
9431	5
9432	7
9433	8
9434	7
9435	6
9436	6
9437	5
9438	6
9439	5
9440	4
9441	4
9442	5
9443	4
9444	3
9445	4
9446	4
9447	5
9448	7
9449	8
9450	7
9451	6
9452	7
9453	6
9454	5
9455	6
9456	5
9457	4
9458	4
9459	4
9460	3
9461	2
9462	2
9463	3
9464	3
9465	4
9466	6
9467	7
9468	6
9469	5
9470	6
9471	5
9472	4
9473	5
9474	4
9475	3
9476	3
9477	4
9478	3
9479	2
9480	4
9481	5
9482	5
9483	6
9484	5
9485	4
9486	3
9487	4
9488	4
9489	5
9490	4
9491	3
9492	3
9493	4
9494	3
9495	2
9496	3
9497	3
9498	4
9499	3
9500	2
9501	2
9502	3
9503	2
9504	1
9505	1
9506	2
9507	3
9508	4
9509	4
9510	5
9511	5
9512	6
9513	5
9514	4
9515	6
9516	7
9517	6
9518	5
9519	6
9520	5
9521	4
9522	5
9523	4
9524	3
9525	2
9526	2
9527	2
9528	3
9529	5
9530	6
9531	5
9532	4
9533	4
9534	3
9535	4
9536	3
9537	2
9538	2
9539	3
9540	2
9541	1
9542	1
9543	2
9544	2
9545	3
9546	5
9547	6
9548	5
9549	4
9550	5
9551	4
9552	3
9553	4
9554	3
9555	2
9556	2
9557	3
9558	2
9559	1
9560	3
9561	4
9562	4
9563	5
9564	4
9565	3
9566	3
9567	4
9568	3
9569	2
9570	3
9571	3
9572	4
9573	3
9574	2
9575	1
9576	2
9577	2
9578	3
9579	2
9580	1
9581	1
9582	2
9583	1
9584	1
9585	3
9586	5
9587	6
9588	6
9589	7
9590	7
9591	8
9592	10
9593	11
9594	11
9595	12
9596	12
9597	13
9598	15
9599	14
9600	13
9601	12
9602	12
9603	11
9604	13
9605	14
9606	14
9607	13
9608	13
9609	12
9610	13
9611	13
9612	12
9613	12
9614	11
9615	12
9616	12
9617	11
9618	11
9619	10
9620	10
9621	11
9622	11
9623	12
9624	14
9625	13
9626	12
9627	11
9628	11
9629	10
9630	12
9631	13
9632	13
9633	12
9634	12
9635	11
9636	12
9637	12
9638	11
9639	11
9640	10
9641	11
9642	11
9643	10
9644	10
9645	9
9646	10
9647	10
9648	11
9649	13
9650	14
9651	14
9652	13
9653	13
9654	12
9655	13
9656	13
9657	12
9658	12
9659	11
9660	12
9661	12
9662	11
9663	11
9664	10
9665	10
9666	11
9667	11
9668	10
9669	12
9670	11
9671	10
9672	9
9673	9
9674	10
9675	12
9676	13
9677	13
9678	12
9679	12
9680	11
9681	11
9682	11
9683	10
9684	11
9685	11
9686	10
9687	10
9688	9
9689	9
9690	10
9691	10
9692	9
9693	11
9694	10
9695	9
9696	8
9697	9
9698	9
9699	10
9700	12
9701	13
9702	13
9703	12
9704	12
9705	11
9706	12
9707	12
9708	11
9709	11
9710	10
9711	11
9712	11
9713	10
9714	10
9715	9
9716	9
9717	10
9718	10
9719	9
9720	11
9721	10
9722	9
9723	8
9724	8
9725	9
9726	11
9727	12
9728	12
9729	11
9730	11
9731	10
9732	11
9733	11
9734	10
9735	10
9736	9
9737	9
9738	9
9739	8
9740	8
9741	9
9742	9
9743	8
9744	10
9745	9
9746	8
9747	7
9748	7
9749	8
9750	8
9751	9
9752	11
9753	12
9754	12
9755	11
9756	11
9757	10
9758	11
9759	11
9760	10
9761	10
9762	9
9763	10
9764	10
9765	9
9766	9
9767	8
9768	8
9769	9
9770	9
9771	8
9772	10
9773	9
9774	8
9775	7
9776	9
9777	10
9778	10
9779	11
9780	11
9781	10
9782	12
9783	11
9784	10
9785	9
9786	8
9787	9
9788	9
9789	10
9790	10
9791	9
9792	10
9793	9
9794	8
9795	8
9796	9
9797	9
9798	8
9799	9
9800	8
9801	7
9802	8
9803	8
9804	9
9805	11
9806	10
9807	9
9808	8
9809	8
9810	7
9811	7
9812	8
9813	9
9814	8
9815	7
9816	7
9817	6
9818	8
9819	9
9820	9
9821	10
9822	10
9823	11
9824	13
9825	14
9826	14
9827	13
9828	13
9829	12
9830	13
9831	13
9832	12
9833	12
9834	11
9835	12
9836	12
9837	11
9838	11
9839	10
9840	10
9841	11
9842	11
9843	10
9844	12
9845	11
9846	10
9847	9
9848	10
9849	11
9850	11
9851	12
9852	12
9853	11
9854	12
9855	11
9856	10
9857	10
9858	11
9859	11
9860	10
9861	11
9862	10
9863	9
9864	10
9865	10
9866	11
9867	13
9868	12
9869	11
9870	10
9871	10
9872	9
9873	9
9874	10
9875	11
9876	10
9877	9
9878	9
9879	8
9880	8
9881	9
9882	9
9883	10
9884	12
9885	13
9886	13
9887	12
9888	12
9889	11
9890	12
9891	12
9892	11
9893	11
9894	10
9895	11
9896	11
9897	10
9898	10
9899	9
9900	9
9901	10
9902	10
9903	9
9904	11
9905	10
9906	9
9907	8
9908	10
9909	11
9910	11
9911	12
9912	12
9913	11
9914	13
9915	12
9916	11
9917	10
9918	10
9919	11
9920	11
9921	10
9922	12
9923	11
9924	10
9925	9
9926	10
9927	10
9928	11
9929	11
9930	10
9931	12
9932	11
9933	10
9934	9
9935	9
9936	10
9937	10
9938	9
9939	10
9940	9
9941	8
9942	9
9943	9
9944	10
9945	12
9946	11
9947	10
9948	9
9949	9
9950	8
9951	8
9952	9
9953	11
9954	10
9955	9
9956	8
9957	8
9958	7
9959	8
9960	8
9961	9
9962	9
9963	10
9964	12
9965	13
9966	13
9967	12
9968	12
9969	11
9970	12
9971	12
9972	11
9973	11
9974	10
9975	11
9976	11
9977	10
9978	10
9979	9
9980	9
9981	10
9982	10
9983	9
9984	11
9985	10
9986	9
9987	8
9988	10
9989	11
9990	11
9991	12
9992	12
9993	11
9994	12
9995	11
9996	10
9997	10
9998	10
9999	10
10000	9
10001	10
10002	9
10003	9
10004	10
10005	10
10006	9
10007	11
10008	10
10009	9
10010	8
10011	9
10012	9
10013	10
10014	12
10015	11
10016	10
10017	9
10018	9
10019	8
10020	8
10021	9
10022	11
10023	10
10024	9
10025	8
10026	8
10027	7
10028	7
10029	8
10030	8
10031	9
10032	11
10033	12
10034	12
10035	11
10036	11
10037	10
10038	11
10039	11
10040	10
10041	10
10042	9
10043	10
10044	10
10045	9
10046	9
10047	8
10048	8
10049	9
10050	9
10051	8
10052	10
10053	9
10054	8
10055	7
10056	9
10057	10
10058	10
10059	10
10060	10
10061	9
10062	9
10063	10
10064	10
10065	9
10066	10
10067	9
10068	8
10069	9
10070	9
10071	10
10072	10
10073	9
10074	11
10075	10
10076	9
10077	8
10078	8
10079	9
10080	9
10081	8
10082	9
10083	8
10084	7
10085	8
10086	7
10087	7
10088	8
10089	10
10090	9
10091	8
10092	7
10093	7
10094	6
10095	7
10096	7
10097	8
10098	10
10099	11
10100	11
10101	11
10102	11
10103	10
10104	10
10105	11
10106	11
10107	10
10108	12
10109	11
10110	10
10111	9
10112	10
10113	10
10114	11
10115	13
10116	12
10117	11
10118	10
10119	10
10120	9
10121	9
10122	10
10123	12
10124	11
10125	10
10126	9
10127	9
10128	8
10129	8
10130	8
10131	9
10132	11
10133	10
10134	9
10135	8
10136	8
10137	7
10138	7
10139	8
10140	8
10141	9
10142	11
10143	10
10144	9
10145	8
10146	8
10147	7
10148	9
10149	10
10150	9
10151	9
10152	8
10153	9
10154	9
10155	8
10156	8
10157	7
10158	8
10159	8
10160	7
10161	7
10162	6
10163	6
10164	7
10165	9
10166	10
10167	10
10168	10
10169	10
10170	9
10171	9
10172	10
10173	10
10174	9
10175	11
10176	10
10177	9
10178	8
10179	9
10180	8
10181	8
10182	9
10183	11
10184	10
10185	9
10186	8
10187	8
10188	7
10189	7
10190	7
10191	8
10192	10
10193	9
10194	8
10195	7
10196	7
10197	6
10198	6
10199	7
10200	7
10201	8
10202	10
10203	9
10204	8
10205	7
10206	7
10207	6
10208	8
10209	9
10210	9
10211	8
10212	8
10213	7
10214	8
10215	7
10216	7
10217	6
10218	7
10219	7
10220	6
10221	6
10222	5
10223	5
10224	6
10225	6
10226	7
10227	9
10228	10
10229	10
10230	11
10231	11
10232	12
10233	14
10234	13
10235	12
10236	11
10237	11
10238	10
10239	12
10240	13
10241	13
10242	12
10243	12
10244	11
10245	12
10246	12
10247	11
10248	11
10249	10
10250	11
10251	11
10252	10
10253	10
10254	9
10255	9
10256	10
10257	10
10258	11
10259	13
10260	12
10261	11
10262	10
10263	10
10264	9
10265	11
10266	12
10267	12
10268	11
10269	11
10270	10
10271	11
10272	11
10273	10
10274	10
10275	9
10276	10
10277	10
10278	9
10279	9
10280	8
10281	9
10282	9
10283	10
10284	12
10285	13
10286	13
10287	12
10288	12
10289	11
10290	12
10291	12
10292	11
10293	11
10294	10
10295	11
10296	11
10297	10
10298	10
10299	9
10300	9
10301	10
10302	10
10303	9
10304	11
10305	10
10306	9
10307	8
10308	8
10309	9
10310	11
10311	12
10312	12
10313	11
10314	11
10315	10
10316	10
10317	10
10318	9
10319	10
10320	10
10321	9
10322	9
10323	8
10324	8
10325	9
10326	9
10327	8
10328	10
10329	9
10330	8
10331	7
10332	8
10333	8
10334	9
10335	11
10336	12
10337	12
10338	11
10339	11
10340	10
10341	11
10342	11
10343	10
10344	10
10345	9
10346	10
10347	10
10348	9
10349	9
10350	8
10351	8
10352	9
10353	9
10354	8
10355	10
10356	9
10357	8
10358	7
10359	7
10360	8
10361	10
10362	11
10363	11
10364	10
10365	10
10366	9
10367	10
10368	10
10369	9
10370	9
10371	8
10372	8
10373	8
10374	7
10375	7
10376	8
10377	8
10378	7
10379	9
10380	8
10381	7
10382	6
10383	6
10384	7
10385	7
10386	8
10387	10
10388	11
10389	11
10390	10
10391	10
10392	9
10393	10
10394	10
10395	9
10396	9
10397	8
10398	9
10399	9
10400	8
10401	8
10402	7
10403	7
10404	8
10405	8
10406	7
10407	9
10408	8
10409	7
10410	6
10411	8
10412	9
10413	8
10414	8
10415	9
10416	9
10417	8
10418	10
10419	9
10420	8
10421	7
10422	8
10423	8
10424	9
10425	9
10426	8
10427	9
10428	8
10429	7
10430	7
10431	8
10432	8
10433	7
10434	8
10435	7
10436	6
10437	7
10438	7
10439	8
10440	10
10441	9
10442	8
10443	7
10444	7
10445	6
10446	6
10447	7
10448	8
10449	7
10450	6
10451	6
10452	5
10453	7
10454	8
10455	8
10456	9
10457	9
10458	10
10459	12
10460	13
10461	13
10462	12
10463	12
10464	11
10465	12
10466	12
10467	11
10468	11
10469	10
10470	11
10471	11
10472	10
10473	10
10474	9
10475	9
10476	10
10477	10
10478	9
10479	11
10480	10
10481	9
10482	8
10483	10
10484	11
10485	11
10486	12
10487	12
10488	11
10489	13
10490	12
10491	11
10492	10
10493	10
10494	11
10495	11
10496	10
10497	12
10498	11
10499	10
10500	9
10501	10
10502	10
10503	11
10504	11
10505	10
10506	11
10507	10
10508	9
10509	9
10510	10
10511	10
10512	9
10513	11
10514	10
10515	9
10516	8
10517	9
10518	9
10519	10
10520	12
10521	11
10522	10
10523	9
10524	9
10525	8
10526	8
10527	9
10528	11
10529	10
10530	9
10531	8
10532	8
10533	7
10534	7
10535	8
10536	8
10537	9
10538	11
10539	12
10540	12
10541	11
10542	11
10543	10
10544	11
10545	11
10546	10
10547	10
10548	9
10549	10
10550	10
10551	9
10552	9
10553	8
10554	8
10555	9
10556	9
10557	8
10558	10
10559	9
10560	8
10561	7
10562	8
10563	9
10564	9
10565	10
10566	10
10567	9
10568	10
10569	9
10570	8
10571	8
10572	9
10573	9
10574	8
10575	9
10576	8
10577	7
10578	8
10579	8
10580	9
10581	11
10582	10
10583	9
10584	8
10585	8
10586	7
10587	7
10588	8
10589	9
10590	8
10591	7
10592	7
10593	6
10594	7
10595	7
10596	8
10597	8
10598	9
10599	11
10600	12
10601	12
10602	11
10603	11
10604	10
10605	11
10606	11
10607	10
10608	10
10609	9
10610	10
10611	10
10612	9
10613	9
10614	8
10615	8
10616	9
10617	9
10618	8
10619	10
10620	9
10621	8
10622	7
10623	9
10624	10
10625	10
10626	11
10627	11
10628	10
10629	11
10630	10
10631	9
10632	9
10633	9
10634	9
10635	8
10636	9
10637	9
10638	10
10639	10
10640	9
10641	10
10642	9
10643	8
10644	8
10645	9
10646	9
10647	8
10648	10
10649	9
10650	8
10651	7
10652	8
10653	7
10654	7
10655	8
10656	10
10657	9
10658	8
10659	7
10660	7
10661	6
10662	6
10663	7
10664	7
10665	8
10666	10
10667	11
10668	11
10669	10
10670	10
10671	9
10672	10
10673	10
10674	9
10675	9
10676	8
10677	9
10678	9
10679	8
10680	8
10681	7
10682	7
10683	8
10684	8
10685	7
10686	9
10687	8
10688	7
10689	6
10690	8
10691	9
10692	9
10693	9
10694	9
10695	8
10696	8
10697	9
10698	9
10699	8
10700	9
10701	8
10702	7
10703	8
10704	8
10705	9
10706	9
10707	8
10708	10
10709	9
10710	8
10711	7
10712	6
10713	7
10714	7
10715	8
10716	10
10717	9
10718	8
10719	7
10720	7
10721	6
10722	6
10723	7
10724	9
10725	8
10726	7
10727	6
10728	6
10729	5
10730	6
10731	6
10732	7
10733	9
10734	10
10735	10
10736	11
10737	11
10738	10
10739	12
10740	11
10741	10
10742	9
10743	9
10744	9
10745	9
10746	8
10747	8
10748	8
10749	9
10750	11
10751	10
10752	9
10753	8
10754	8
10755	7
10756	8
10757	8
10758	9
10759	11
10760	10
10761	9
10762	8
10763	8
10764	7
10765	7
10766	8
10767	10
10768	9
10769	8
10770	7
10771	7
10772	6
10773	6
10774	7
10775	7
10776	8
10777	10
10778	9
10779	8
10780	7
10781	7
10782	6
10783	8
10784	9
10785	9
10786	8
10787	7
10788	8
10789	8
10790	7
10791	7
10792	6
10793	7
10794	7
10795	6
10796	6
10797	5
10798	5
10799	6
10800	8
10801	9
10802	9
10803	10
10804	10
10805	9
10806	11
10807	10
10808	9
10809	8
10810	8
10811	8
10812	8
10813	7
10814	7
10815	7
10816	8
10817	10
10818	9
10819	8
10820	7
10821	7
10822	6
10823	7
10824	6
10825	6
10826	7
10827	9
10828	8
10829	7
10830	6
10831	6
10832	5
10833	5
10834	6
10835	6
10836	7
10837	9
10838	8
10839	7
10840	6
10841	6
10842	5
10843	7
10844	8
10845	8
10846	7
10847	7
10848	6
10849	7
10850	7
10851	6
10852	5
10853	6
10854	6
10855	5
10856	5
10857	4
10858	5
10859	5
10860	6
10861	8
10862	9
10863	9
10864	10
10865	10
10866	11
10867	13
10868	14
10869	14
10870	13
10871	13
10872	12
10873	13
10874	13
10875	12
10876	12
10877	11
10878	12
10879	12
10880	11
10881	11
10882	10
10883	10
10884	11
10885	11
10886	10
10887	12
10888	11
10889	10
10890	9
10891	11
10892	12
10893	12
10894	13
10895	12
10896	13
10897	12
10898	11
10899	11
10900	12
10901	11
10902	13
10903	12
10904	11
10905	10
10906	11
10907	11
10908	12
10909	12
10910	11
10911	13
10912	12
10913	11
10914	10
10915	10
10916	11
10917	11
10918	10
10919	12
10920	11
10921	10
10922	9
10923	10
10924	10
10925	11
10926	13
10927	12
10928	11
10929	10
10930	10
10931	9
10932	9
10933	10
10934	12
10935	11
10936	10
10937	9
10938	9
10939	8
10940	8
10941	8
10942	8
10943	9
10944	11
10945	12
10946	12
10947	11
10948	11
10949	10
10950	11
10951	11
10952	10
10953	10
10954	9
10955	9
10956	9
10957	8
10958	8
10959	9
10960	9
10961	8
10962	10
10963	9
10964	8
10965	7
10966	8
10967	8
10968	9
10969	11
10970	11
10971	11
10972	12
10973	12
10974	11
10975	13
10976	12
10977	11
10978	10
10979	10
10980	10
10981	11
10982	13
10983	12
10984	11
10985	10
10986	10
10987	9
10988	10
10989	10
10990	11
10991	13
10992	12
10993	11
10994	10
10995	10
10996	9
10997	9
10998	9
10999	9
11000	8
11001	8
11002	9
11003	9
11004	10
11005	12
11006	11
11007	10
11008	9
11009	9
11010	8
11011	10
11012	11
11013	11
11014	10
11015	9
11016	10
11017	10
11018	9
11019	9
11020	8
11021	9
11022	9
11023	8
11024	8
11025	7
11026	7
11027	8
11028	10
11029	11
11030	11
11031	12
11032	12
11033	11
11034	13
11035	12
11036	11
11037	10
11038	10
11039	11
11040	11
11041	10
11042	12
11043	11
11044	10
11045	9
11046	9
11047	9
11048	10
11049	12
11050	11
11051	10
11052	9
11053	9
11054	8
11055	9
11056	9
11057	10
11058	12
11059	11
11060	10
11061	9
11062	9
11063	8
11064	8
11065	9
11066	11
11067	10
11068	9
11069	8
11070	8
11071	7
11072	7
11073	8
11074	8
11075	9
11076	11
11077	10
11078	9
11079	8
11080	8
11081	7
11082	9
11083	10
11084	10
11085	9
11086	9
11087	8
11088	9
11089	9
11090	8
11091	7
11092	8
11093	8
11094	7
11095	7
11096	6
11097	7
11098	7
11099	8
11100	10
11101	11
11102	11
11103	11
11104	11
11105	10
11106	10
11107	11
11108	11
11109	10
11110	12
11111	11
11112	10
11113	9
11114	10
11115	10
11116	11
11117	13
11118	12
11119	11
11120	10
11121	10
11122	9
11123	9
11124	9
11125	9
11126	8
11127	9
11128	9
11129	10
11130	12
11131	11
11132	10
11133	9
11134	9
11135	8
11136	8
11137	9
11138	11
11139	10
11140	9
11141	8
11142	8
11143	7
11144	7
11145	8
11146	8
11147	9
11148	11
11149	10
11150	9
11151	8
11152	8
11153	7
11154	9
11155	10
11156	9
11157	9
11158	8
11159	9
11160	9
11161	8
11162	8
11163	7
11164	8
11165	8
11166	7
11167	7
11168	6
11169	6
11170	7
11171	9
11172	9
11173	9
11174	10
11175	10
11176	9
11177	11
11178	10
11179	9
11180	8
11181	9
11182	9
11183	9
11184	9
11185	8
11186	8
11187	9
11188	11
11189	10
11190	9
11191	8
11192	8
11193	7
11194	7
11195	7
11196	8
11197	10
11198	9
11199	8
11200	7
11201	7
11202	6
11203	6
11204	7
11205	7
11206	8
11207	10
11208	9
11209	8
11210	7
11211	7
11212	6
11213	8
11214	9
11215	9
11216	8
11217	8
11218	7
11219	8
11220	7
11221	7
11222	6
11223	7
11224	7
11225	6
11226	6
11227	5
11228	5
11229	6
11230	6
11231	7
11232	9
11233	10
11234	10
11235	11
11236	11
11237	10
11238	12
11239	11
11240	10
11241	9
11242	9
11243	10
11244	10
11245	9
11246	11
11247	10
11248	9
11249	8
11250	9
11251	9
11252	10
11253	12
11254	11
11255	10
11256	9
11257	9
11258	8
11259	8
11260	9
11261	11
11262	10
11263	9
11264	8
11265	8
11266	7
11267	8
11268	8
11269	9
11270	11
11271	10
11272	9
11273	8
11274	8
11275	7
11276	7
11277	8
11278	10
11279	9
11280	8
11281	7
11282	7
11283	6
11284	6
11285	7
11286	7
11287	8
11288	10
11289	9
11290	8
11291	7
11292	7
11293	6
11294	8
11295	9
11296	9
11297	8
11298	8
11299	7
11300	8
11301	7
11302	7
11303	6
11304	7
11305	7
11306	6
11307	6
11308	5
11309	7
11310	8
11311	8
11312	9
11313	9
11314	10
11315	12
11316	11
11317	10
11318	9
11319	9
11320	8
11321	10
11322	11
11323	11
11324	10
11325	10
11326	9
11327	10
11328	10
11329	9
11330	9
11331	8
11332	9
11333	9
11334	8
11335	7
11336	6
11337	7
11338	7
11339	8
11340	8
11341	9
11342	11
11343	10
11344	9
11345	8
11346	8
11347	7
11348	8
11349	9
11350	9
11351	8
11352	7
11353	8
11354	7
11355	7
11356	6
11357	6
11358	7
11359	7
11360	8
11361	10
11362	9
11363	8
11364	7
11365	6
11366	7
11367	8
11368	8
11369	7
11370	7
11371	6
11372	7
11373	7
11374	6
11375	6
11376	5
11377	6
11378	6
11379	7
11380	9
11381	10
11382	10
11383	9
11384	9
11385	8
11386	8
11387	8
11388	7
11389	8
11390	8
11391	7
11392	6
11393	6
11394	7
11395	7
11396	6
11397	8
11398	7
11399	6
11400	5
11401	5
11402	6
11403	7
11404	8
11405	8
11406	7
11407	6
11408	6
11409	6
11410	5
11411	5
11412	6
11413	6
11414	5
11415	7
11416	6
11417	5
11418	4
11419	4
11420	5
11421	7
11422	8
11423	8
11424	9
11425	9
11426	10
11427	12
11428	13
11429	13
11430	12
11431	12
11432	11
11433	12
11434	12
11435	11
11436	11
11437	10
11438	11
11439	11
11440	10
11441	10
11442	9
11443	9
11444	10
11445	10
11446	9
11447	11
11448	10
11449	9
11450	8
11451	10
11452	11
11453	10
11454	10
11455	11
11456	11
11457	10
11458	12
11459	11
11460	10
11461	9
11462	10
11463	10
11464	11
11465	11
11466	10
11467	11
11468	10
11469	9
11470	9
11471	10
11472	10
11473	9
11474	11
11475	10
11476	9
11477	8
11478	9
11479	9
11480	10
11481	12
11482	11
11483	10
11484	9
11485	9
11486	8
11487	8
11488	9
11489	11
11490	10
11491	9
11492	8
11493	8
11494	7
11495	7
11496	8
11497	8
11498	9
11499	11
11500	12
11501	12
11502	11
11503	11
11504	10
11505	11
11506	11
11507	10
11508	10
11509	9
11510	10
11511	10
11512	9
11513	9
11514	8
11515	8
11516	9
11517	9
11518	8
11519	10
11520	9
11521	8
11522	7
11523	9
11524	10
11525	10
11526	11
11527	11
11528	10
11529	12
11530	11
11531	10
11532	9
11533	9
11534	9
11535	9
11536	8
11537	9
11538	9
11539	9
11540	9
11541	8
11542	8
11543	9
11544	9
11545	8
11546	9
11547	8
11548	7
11549	7
11550	7
11551	8
11552	10
11553	9
11554	8
11555	7
11556	7
11557	6
11558	6
11559	6
11560	7
11561	9
11562	10
11563	10
11564	11
11565	11
11566	10
11567	12
11568	11
11569	10
11570	9
11571	9
11572	10
11573	10
11574	9
11575	11
11576	10
11577	9
11578	8
11579	8
11580	8
11581	9
11582	11
11583	10
11584	9
11585	8
11586	8
11587	7
11588	8
11589	8
11590	9
11591	11
11592	10
11593	9
11594	8
11595	8
11596	7
11597	7
11598	8
11599	10
11600	9
11601	8
11602	7
11603	7
11604	6
11605	6
11606	7
11607	7
11608	8
11609	10
11610	9
11611	8
11612	7
11613	7
11614	6
11615	8
11616	9
11617	9
11618	8
11619	7
11620	8
11621	8
11622	7
11623	7
11624	6
11625	7
11626	7
11627	6
11628	6
11629	5
11630	6
11631	6
11632	7
11633	9
11634	10
11635	10
11636	10
11637	10
11638	9
11639	9
11640	10
11641	10
11642	9
11643	11
11644	10
11645	9
11646	8
11647	8
11648	8
11649	9
11650	11
11651	10
11652	9
11653	8
11654	8
11655	7
11656	7
11657	7
11658	8
11659	10
11660	9
11661	8
11662	7
11663	7
11664	6
11665	6
11666	7
11667	7
11668	8
11669	10
11670	9
11671	8
11672	7
11673	7
11674	6
11675	8
11676	9
11677	8
11678	8
11679	7
11680	8
11681	8
11682	7
11683	7
11684	6
11685	7
11686	7
11687	6
11688	6
11689	5
11690	5
11691	6
11692	8
11693	9
11694	9
11695	9
11696	9
11697	8
11698	8
11699	9
11700	9
11701	8
11702	10
11703	9
11704	8
11705	7
11706	8
11707	8
11708	8
11709	8
11710	7
11711	7
11712	8
11713	10
11714	9
11715	8
11716	7
11717	7
11718	6
11719	7
11720	7
11721	8
11722	10
11723	9
11724	8
11725	7
11726	7
11727	6
11728	6
11729	6
11730	6
11731	5
11732	5
11733	6
11734	6
11735	7
11736	9
11737	8
11738	7
11739	6
11740	6
11741	5
11742	7
11743	8
11744	8
11745	7
11746	7
11747	6
11748	7
11749	6
11750	6
11751	5
11752	6
11753	6
11754	5
11755	5
11756	4
11757	4
11758	5
11759	5
11760	6
11761	8
11762	9
11763	9
11764	10
11765	10
11766	9
11767	11
11768	10
11769	9
11770	8
11771	8
11772	9
11773	9
11774	8
11775	10
11776	9
11777	8
11778	7
11779	8
11780	8
11781	9
11782	11
11783	10
11784	9
11785	8
11786	8
11787	7
11788	7
11789	8
11790	10
11791	9
11792	8
11793	7
11794	7
11795	6
11796	7
11797	7
11798	8
11799	10
11800	9
11801	8
11802	7
11803	7
11804	6
11805	6
11806	7
11807	9
11808	8
11809	7
11810	6
11811	6
11812	5
11813	5
11814	6
11815	6
11816	7
11817	8
11818	7
11819	6
11820	6
11821	5
11822	7
11823	8
11824	7
11825	7
11826	6
11827	7
11828	7
11829	6
11830	6
11831	5
11832	6
11833	6
11834	5
11835	5
11836	4
11837	6
11838	7
11839	7
11840	8
11841	8
11842	9
11843	11
11844	10
11845	9
11846	8
11847	8
11848	7
11849	8
11850	9
11851	8
11852	8
11853	7
11854	8
11855	8
11856	7
11857	6
11858	6
11859	7
11860	7
11861	8
11862	10
11863	9
11864	8
11865	7
11866	7
11867	6
11868	7
11869	8
11870	8
11871	7
11872	7
11873	6
11874	7
11875	7
11876	6
11877	6
11878	5
11879	6
11880	6
11881	7
11882	7
11883	8
11884	10
11885	9
11886	8
11887	7
11888	7
11889	6
11890	8
11891	9
11892	9
11893	8
11894	8
11895	7
11896	8
11897	8
11898	7
11899	7
11900	6
11901	7
11902	6
11903	6
11904	5
11905	4
11906	5
11907	5
11908	6
11909	7
11910	8
11911	8
11912	7
11913	6
11914	6
11915	6
11916	5
11917	5
11918	6
11919	6
11920	5
11921	7
11922	6
11923	5
11924	4
11925	4
11926	5
11927	7
11928	8
11929	8
11930	7
11931	7
11932	6
11933	6
11934	6
11935	5
11936	6
11937	5
11938	5
11939	4
11940	4
11941	5
11942	5
11943	4
11944	6
11945	5
11946	4
11947	3
11948	4
11949	4
11950	5
11951	7
11952	8
11953	8
11954	8
11955	8
11956	9
11957	11
11958	12
11959	12
11960	11
11961	11
11962	10
11963	10
11964	10
11965	9
11966	10
11967	10
11968	9
11969	9
11970	8
11971	8
11972	9
11973	9
11974	8
11975	10
11976	9
11977	8
11978	7
11979	7
11980	8
11981	8
11982	9
11983	11
11984	12
11985	12
11986	11
11987	11
11988	10
11989	11
11990	11
11991	10
11992	10
11993	9
11994	10
11995	10
11996	9
11997	9
11998	8
11999	8
12000	9
12001	9
12002	8
12003	10
12004	9
12005	8
12006	7
12007	9
12008	10
12009	10
12010	11
12011	10
12012	12
12013	11
12014	10
12015	9
12016	9
12017	10
12018	9
12019	10
12020	9
12021	8
12022	9
12023	9
12024	10
12025	10
12026	9
12027	11
12028	10
12029	9
12030	8
12031	8
12032	9
12033	9
12034	8
12035	10
12036	9
12037	8
12038	7
12039	8
12040	8
12041	9
12042	11
12043	10
12044	9
12045	8
12046	8
12047	7
12048	7
12049	8
12050	10
12051	9
12052	8
12053	7
12054	7
12055	6
12056	7
12057	7
12058	8
12059	10
12060	11
12061	11
12062	12
12063	12
12064	11
12065	13
12066	12
12067	11
12068	10
12069	10
12070	10
12071	10
12072	9
12073	10
12074	10
12075	11
12076	13
12077	12
12078	11
12079	10
12080	10
12081	9
12082	9
12083	10
12084	12
12085	11
12086	10
12087	9
12088	9
12089	8
12090	9
12091	9
12092	10
12093	12
12094	11
12095	10
12096	9
12097	9
12098	8
12099	8
12100	9
12101	11
12102	10
12103	9
12104	8
12105	8
12106	7
12107	7
12108	8
12109	8
12110	9
12111	11
12112	10
12113	9
12114	8
12115	7
12116	9
12117	10
12118	10
12119	9
12120	8
12121	9
12122	9
12123	8
12124	8
12125	7
12126	8
12127	8
12128	7
12129	7
12130	6
12131	6
12132	6
12133	6
12134	7
12135	7
12136	8
12137	10
12138	9
12139	8
12140	7
12141	7
12142	6
12143	8
12144	9
12145	9
12146	8
12147	7
12148	8
12149	8
12150	7
12151	6
12152	7
12153	7
12154	6
12155	6
12156	5
12157	6
12158	6
12159	7
12160	9
12161	9
12162	9
12163	10
12164	10
12165	9
12166	11
12167	10
12168	9
12169	8
12170	8
12171	8
12172	9
12173	11
12174	10
12175	9
12176	8
12177	8
12178	7
12179	7
12180	7
12181	8
12182	10
12183	9
12184	8
12185	7
12186	7
12187	6
12188	6
12189	7
12190	7
12191	8
12192	10
12193	9
12194	8
12195	7
12196	7
12197	6
12198	8
12199	9
12200	8
12201	8
12202	7
12203	8
12204	8
12205	7
12206	7
12207	6
12208	7
12209	7
12210	6
12211	6
12212	5
12213	5
12214	6
12215	8
12216	9
12217	9
12218	10
12219	10
12220	9
12221	11
12222	10
12223	9
12224	8
12225	8
12226	9
12227	9
12228	8
12229	10
12230	9
12231	8
12232	7
12233	8
12234	8
12235	8
12236	8
12237	7
12238	7
12239	8
12240	10
12241	9
12242	8
12243	7
12244	7
12245	6
12246	6
12247	6
12248	7
12249	9
12250	8
12251	7
12252	6
12253	6
12254	5
12255	5
12256	6
12257	6
12258	7
12259	9
12260	8
12261	7
12262	6
12263	6
12264	5
12265	7
12266	8
12267	8
12268	7
12269	7
12270	6
12271	7
12272	6
12273	6
12274	5
12275	6
12276	6
12277	5
12278	5
12279	4
12280	4
12281	5
12282	5
12283	6
12284	8
12285	9
12286	9
12287	10
12288	10
12289	9
12290	11
12291	10
12292	9
12293	8
12294	8
12295	9
12296	9
12297	8
12298	10
12299	9
12300	8
12301	7
12302	8
12303	8
12304	9
12305	11
12306	10
12307	9
12308	8
12309	8
12310	7
12311	7
12312	8
12313	10
12314	9
12315	8
12316	7
12317	7
12318	6
12319	7
12320	7
12321	8
12322	10
12323	9
12324	8
12325	7
12326	7
12327	6
12328	6
12329	7
12330	9
12331	8
12332	7
12333	6
12334	6
12335	5
12336	5
12337	6
12338	6
12339	7
12340	9
12341	8
12342	7
12343	6
12344	6
12345	5
12346	7
12347	8
12348	8
12349	7
12350	7
12351	6
12352	7
12353	7
12354	6
12355	5
12356	6
12357	6
12358	5
12359	5
12360	4
12361	6
12362	7
12363	6
12364	6
12365	7
12366	7
12367	8
12368	10
12369	9
12370	8
12371	7
12372	7
12373	6
12374	8
12375	9
12376	9
12377	8
12378	8
12379	7
12380	8
12381	8
12382	7
12383	7
12384	6
12385	7
12386	7
12387	6
12388	5
12389	6
12390	6
12391	7
12392	7
12393	8
12394	10
12395	9
12396	8
12397	7
12398	6
12399	7
12400	8
12401	8
12402	7
12403	7
12404	6
12405	7
12406	7
12407	6
12408	6
12409	5
12410	5
12411	6
12412	6
12413	7
12414	9
12415	8
12416	7
12417	6
12418	6
12419	5
12420	6
12421	7
12422	6
12423	6
12424	5
12425	6
12426	6
12427	5
12428	4
12429	5
12430	5
12431	6
12432	8
12433	9
12434	9
12435	8
12436	8
12437	7
12438	8
12439	8
12440	7
12441	6
12442	6
12443	6
12444	5
12445	5
12446	6
12447	6
12448	5
12449	7
12450	6
12451	5
12452	4
12453	4
12454	5
12455	6
12456	7
12457	6
12458	6
12459	5
12460	5
12461	5
12462	4
12463	4
12464	5
12465	5
12466	4
12467	6
12468	5
12469	4
12470	3
12471	3
12472	4
12473	6
12474	7
12475	7
12476	8
12477	8
12478	9
12479	11
12480	12
12481	12
12482	11
12483	11
12484	10
12485	11
12486	11
12487	10
12488	10
12489	9
12490	10
12491	10
12492	9
12493	9
12494	8
12495	8
12496	9
12497	9
12498	8
12499	10
12500	9
12501	8
12502	7
12503	9
12504	9
12505	9
12506	10
12507	10
12508	9
12509	11
12510	10
12511	9
12512	8
12513	8
12514	8
12515	9
12516	9
12517	8
12518	9
12519	8
12520	7
12521	7
12522	7
12523	8
12524	10
12525	9
12526	8
12527	7
12528	7
12529	6
12530	6
12531	7
12532	7
12533	8
12534	10
12535	11
12536	11
12537	10
12538	10
12539	9
12540	10
12541	10
12542	9
12543	9
12544	8
12545	9
12546	9
12547	8
12548	8
12549	7
12550	7
12551	8
12552	8
12553	7
12554	9
12555	8
12556	7
12557	6
12558	8
12559	9
12560	9
12561	10
12562	10
12563	9
12564	11
12565	10
12566	9
12567	8
12568	7
12569	8
12570	8
12571	9
12572	9
12573	8
12574	10
12575	9
12576	8
12577	7
12578	7
12579	8
12580	8
12581	7
12582	8
12583	7
12584	6
12585	7
12586	7
12587	8
12588	10
12589	9
12590	8
12591	7
12592	7
12593	6
12594	6
12595	7
12596	9
12597	8
12598	7
12599	6
12600	6
12601	5
12602	6
12603	6
12604	6
12605	6
12606	7
12607	7
12608	8
12609	10
12610	9
12611	8
12612	7
12613	7
12614	6
12615	8
12616	9
12617	9
12618	8
12619	7
12620	8
12621	8
12622	7
12623	6
12624	7
12625	7
12626	6
12627	6
12628	5
12629	5
12630	6
12631	8
12632	9
12633	9
12634	10
12635	10
12636	9
12637	11
12638	10
12639	9
12640	8
12641	8
12642	8
12643	8
12644	7
12645	8
12646	8
12647	9
12648	11
12649	10
12650	9
12651	8
12652	8
12653	7
12654	7
12655	7
12656	7
12657	6
12658	7
12659	7
12660	8
12661	9
12662	8
12663	7
12664	7
12665	6
12666	6
12667	7
12668	9
12669	8
12670	7
12671	6
12672	6
12673	5
12674	5
12675	6
12676	6
12677	7
12678	9
12679	8
12680	7
12681	6
12682	5
12683	7
12684	8
12685	8
12686	7
12687	7
12688	6
12689	7
12690	7
12691	6
12692	5
12693	6
12694	6
12695	5
12696	5
12697	4
12698	4
12699	4
12700	5
12701	7
12702	8
12703	8
12704	9
12705	9
12706	8
12707	10
12708	9
12709	8
12710	7
12711	7
12712	8
12713	8
12714	7
12715	9
12716	8
12717	7
12718	6
12719	7
12720	7
12721	8
12722	10
12723	9
12724	8
12725	7
12726	7
12727	6
12728	6
12729	6
12730	6
12731	5
12732	5
12733	5
12734	6
12735	8
12736	7
12737	6
12738	5
12739	5
12740	4
12741	4
12742	5
12743	5
12744	6
12745	8
12746	7
12747	6
12748	5
12749	5
12750	4
12751	6
12752	7
12753	6
12754	6
12755	5
12756	6
12757	6
12758	5
12759	5
12760	4
12761	5
12762	5
12763	4
12764	4
12765	3
12766	3
12767	4
12768	4
12769	5
12770	7
12771	8
12772	8
12773	9
12774	9
12775	8
12776	10
12777	9
12778	8
12779	7
12780	7
12781	8
12782	8
12783	7
12784	9
12785	8
12786	7
12787	6
12788	7
12789	7
12790	8
12791	10
12792	9
12793	8
12794	7
12795	7
12796	6
12797	6
12798	7
12799	9
12800	8
12801	7
12802	6
12803	6
12804	5
12805	6
12806	6
12807	7
12808	9
12809	8
12810	7
12811	6
12812	6
12813	5
12814	5
12815	6
12816	8
12817	7
12818	6
12819	5
12820	5
12821	4
12822	4
12823	5
12824	5
12825	6
12826	7
12827	6
12828	5
12829	5
12830	4
12831	6
12832	7
12833	7
12834	6
12835	5
12836	6
12837	6
12838	5
12839	5
12840	4
12841	5
12842	5
12843	4
12844	4
12845	3
12846	5
12847	6
12848	6
12849	7
12850	7
12851	8
12852	10
12853	9
12854	8
12855	7
12856	7
12857	6
12858	7
12859	8
12860	8
12861	7
12862	7
12863	6
12864	7
12865	7
12866	6
12867	6
12868	5
12869	5
12870	6
12871	6
12872	7
12873	9
12874	8
12875	7
12876	6
12877	6
12878	5
12879	6
12880	7
12881	7
12882	6
12883	5
12884	6
12885	5
12886	5
12887	4
12888	5
12889	4
12890	4
12891	5
12892	5
12893	6
12894	8
12895	7
12896	6
12897	5
12898	5
12899	4
12900	6
12901	7
12902	7
12903	6
12904	6
12905	5
12906	6
12907	6
12908	5
12909	5
12910	4
12911	5
12912	4
12913	4
12914	3
12915	4
12916	4
12917	5
12918	6
12919	7
12920	6
12921	6
12922	5
12923	5
12924	5
12925	4
12926	4
12927	5
12928	5
12929	4
12930	6
12931	5
12932	4
12933	3
12934	3
12935	4
12936	6
12937	7
12938	7
12939	6
12940	6
12941	5
12942	6
12943	5
12944	5
12945	4
12946	4
12947	4
12948	3
12949	3
12950	4
12951	4
12952	3
12953	5
12954	4
12955	3
12956	2
12957	2
12958	3
12959	3
12960	4
12961	6
12962	7
12963	7
12964	8
12965	8
12966	9
12967	11
12968	12
12969	12
12970	11
12971	11
12972	10
12973	11
12974	11
12975	10
12976	10
12977	9
12978	10
12979	10
12980	9
12981	9
12982	8
12983	8
12984	9
12985	9
12986	8
12987	10
12988	9
12989	8
12990	7
12991	9
12992	10
12993	10
12994	11
12995	11
12996	10
12997	12
12998	11
12999	10
13000	9
13001	9
13002	10
13003	10
13004	9
13005	11
13006	10
13007	9
13008	8
13009	9
13010	9
13011	10
13012	10
13013	9
13014	9
13015	8
13016	8
13017	9
13018	9
13019	8
13020	10
13021	9
13022	8
13023	7
13024	8
13025	8
13026	9
13027	11
13028	10
13029	9
13030	8
13031	8
13032	7
13033	7
13034	8
13035	10
13036	9
13037	8
13038	7
13039	7
13040	6
13041	6
13042	7
13043	7
13044	8
13045	10
13046	11
13047	11
13048	10
13049	10
13050	9
13051	10
13052	10
13053	9
13054	9
13055	8
13056	9
13057	9
13058	8
13059	8
13060	7
13061	7
13062	8
13063	8
13064	7
13065	9
13066	8
13067	7
13068	6
13069	8
13070	9
13071	9
13072	10
13073	10
13074	9
13075	11
13076	10
13077	9
13078	8
13079	8
13080	9
13081	9
13082	8
13083	10
13084	9
13085	8
13086	7
13087	8
13088	7
13089	7
13090	8
13091	8
13092	7
13093	8
13094	7
13095	6
13096	7
13097	7
13098	8
13099	10
13100	9
13101	8
13102	7
13103	7
13104	6
13105	6
13106	7
13107	8
13108	7
13109	6
13110	6
13111	5
13112	6
13113	6
13114	7
13115	9
13116	10
13117	10
13118	11
13119	11
13120	10
13121	12
13122	11
13123	10
13124	9
13125	9
13126	10
13127	10
13128	9
13129	11
13130	10
13131	9
13132	8
13133	8
13134	8
13135	9
13136	10
13137	9
13138	8
13139	8
13140	7
13141	8
13142	8
13143	9
13144	11
13145	10
13146	9
13147	8
13148	8
13149	7
13150	7
13151	8
13152	10
13153	9
13154	8
13155	7
13156	7
13157	6
13158	6
13159	7
13160	7
13161	8
13162	10
13163	9
13164	8
13165	7
13166	7
13167	6
13168	8
13169	9
13170	9
13171	8
13172	7
13173	8
13174	8
13175	7
13176	7
13177	6
13178	7
13179	7
13180	6
13181	6
13182	5
13183	5
13184	6
13185	8
13186	9
13187	9
13188	10
13189	10
13190	9
13191	11
13192	10
13193	9
13194	8
13195	8
13196	8
13197	8
13198	7
13199	7
13200	7
13201	8
13202	10
13203	9
13204	8
13205	7
13206	7
13207	6
13208	7
13209	7
13210	8
13211	10
13212	9
13213	8
13214	7
13215	7
13216	6
13217	6
13218	7
13219	9
13220	8
13221	7
13222	6
13223	6
13224	5
13225	5
13226	6
13227	6
13228	7
13229	9
13230	8
13231	7
13232	6
13233	6
13234	5
13235	7
13236	8
13237	8
13238	7
13239	7
13240	6
13241	7
13242	7
13243	6
13244	5
13245	6
13246	6
13247	5
13248	5
13249	4
13250	5
13251	5
13252	6
13253	8
13254	9
13255	9
13256	9
13257	9
13258	8
13259	8
13260	8
13261	8
13262	7
13263	8
13264	8
13265	9
13266	11
13267	10
13268	9
13269	8
13270	8
13271	7
13272	7
13273	7
13274	7
13275	6
13276	6
13277	6
13278	7
13279	9
13280	8
13281	7
13282	6
13283	6
13284	5
13285	5
13286	6
13287	6
13288	7
13289	9
13290	8
13291	7
13292	6
13293	6
13294	5
13295	7
13296	8
13297	7
13298	7
13299	6
13300	7
13301	7
13302	6
13303	6
13304	5
13305	6
13306	6
13307	5
13308	5
13309	4
13310	4
13311	5
13312	7
13313	8
13314	8
13315	8
13316	8
13317	7
13318	7
13319	8
13320	8
13321	7
13322	9
13323	8
13324	7
13325	6
13326	7
13327	7
13328	7
13329	7
13330	6
13331	6
13332	7
13333	9
13334	8
13335	7
13336	6
13337	6
13338	5
13339	6
13340	6
13341	7
13342	9
13343	8
13344	7
13345	6
13346	6
13347	5
13348	5
13349	6
13350	7
13351	6
13352	5
13353	5
13354	4
13355	4
13356	5
13357	5
13358	5
13359	7
13360	6
13361	5
13362	4
13363	6
13364	7
13365	7
13366	6
13367	6
13368	5
13369	6
13370	5
13371	5
13372	4
13373	5
13374	5
13375	4
13376	4
13377	3
13378	3
13379	4
13380	4
13381	5
13382	7
13383	8
13384	8
13385	9
13386	9
13387	8
13388	10
13389	9
13390	8
13391	7
13392	7
13393	8
13394	8
13395	7
13396	9
13397	8
13398	7
13399	6
13400	7
13401	7
13402	8
13403	10
13404	9
13405	8
13406	7
13407	7
13408	6
13409	6
13410	7
13411	9
13412	8
13413	7
13414	6
13415	6
13416	5
13417	6
13418	6
13419	7
13420	9
13421	8
13422	7
13423	6
13424	6
13425	5
13426	5
13427	6
13428	8
13429	7
13430	6
13431	5
13432	5
13433	4
13434	4
13435	5
13436	5
13437	6
13438	8
13439	7
13440	6
13441	5
13442	5
13443	4
13444	6
13445	6
13446	5
13447	6
13448	6
13449	5
13450	5
13451	4
13452	5
13453	5
13454	4
13455	4
13456	3
13457	5
13458	6
13459	6
13460	7
13461	7
13462	8
13463	10
13464	9
13465	8
13466	7
13467	7
13468	6
13469	7
13470	8
13471	7
13472	7
13473	6
13474	7
13475	7
13476	6
13477	5
13478	5
13479	6
13480	6
13481	7
13482	9
13483	8
13484	7
13485	6
13486	6
13487	5
13488	6
13489	7
13490	7
13491	6
13492	6
13493	5
13494	6
13495	6
13496	5
13497	5
13498	4
13499	5
13500	5
13501	6
13502	6
13503	7
13504	9
13505	8
13506	7
13507	6
13508	6
13509	5
13510	7
13511	8
13512	8
13513	7
13514	7
13515	6
13516	7
13517	7
13518	6
13519	6
13520	5
13521	6
13522	5
13523	5
13524	4
13525	3
13526	4
13527	4
13528	5
13529	6
13530	7
13531	7
13532	6
13533	5
13534	5
13535	5
13536	4
13537	4
13538	5
13539	5
13540	4
13541	6
13542	5
13543	4
13544	3
13545	3
13546	4
13547	6
13548	7
13549	7
13550	6
13551	6
13552	5
13553	5
13554	5
13555	4
13556	5
13557	4
13558	4
13559	3
13560	3
13561	4
13562	4
13563	3
13564	5
13565	4
13566	3
13567	2
13568	4
13569	5
13570	4
13571	4
13572	5
13573	5
13574	6
13575	8
13576	9
13577	9
13578	10
13579	10
13580	9
13581	11
13582	10
13583	9
13584	8
13585	8
13586	9
13587	9
13588	8
13589	10
13590	9
13591	8
13592	7
13593	8
13594	8
13595	9
13596	11
13597	10
13598	9
13599	8
13600	8
13601	7
13602	7
13603	8
13604	10
13605	9
13606	8
13607	7
13608	7
13609	6
13610	7
13611	7
13612	8
13613	10
13614	9
13615	8
13616	7
13617	7
13618	6
13619	6
13620	7
13621	8
13622	7
13623	6
13624	6
13625	5
13626	5
13627	6
13628	6
13629	7
13630	9
13631	8
13632	7
13633	6
13634	6
13635	5
13636	7
13637	8
13638	8
13639	7
13640	7
13641	6
13642	7
13643	6
13644	6
13645	5
13646	6
13647	6
13648	5
13649	5
13650	4
13651	6
13652	7
13653	7
13654	8
13655	8
13656	9
13657	11
13658	10
13659	9
13660	8
13661	8
13662	7
13663	9
13664	10
13665	10
13666	9
13667	9
13668	8
13669	9
13670	9
13671	8
13672	8
13673	7
13674	8
13675	8
13676	7
13677	6
13678	6
13679	7
13680	7
13681	8
13682	10
13683	9
13684	8
13685	7
13686	7
13687	6
13688	6
13689	7
13690	6
13691	6
13692	5
13693	6
13694	6
13695	7
13696	7
13697	8
13698	10
13699	9
13700	8
13701	7
13702	7
13703	6
13704	6
13705	7
13706	7
13707	6
13708	5
13709	5
13710	6
13711	6
13712	7
13713	9
13714	8
13715	7
13716	6
13717	6
13718	5
13719	6
13720	7
13721	7
13722	6
13723	6
13724	5
13725	6
13726	6
13727	5
13728	5
13729	4
13730	5
13731	5
13732	6
13733	8
13734	9
13735	9
13736	8
13737	8
13738	7
13739	7
13740	7
13741	6
13742	7
13743	7
13744	6
13745	5
13746	5
13747	6
13748	6
13749	5
13750	6
13751	5
13752	4
13753	3
13754	4
13755	4
13756	5
13757	5
13758	6
13759	8
13760	9
13761	9
13762	10
13763	10
13764	9
13765	10
13766	9
13767	8
13768	8
13769	9
13770	9
13771	8
13772	9
13773	8
13774	7
13775	8
13776	8
13777	8
13778	8
13779	7
13780	7
13781	8
13782	10
13783	9
13784	8
13785	7
13786	7
13787	6
13788	7
13789	7
13790	8
13791	10
13792	9
13793	8
13794	7
13795	7
13796	6
13797	6
13798	7
13799	9
13800	8
13801	7
13802	6
13803	6
13804	5
13805	5
13806	6
13807	6
13808	6
13809	8
13810	7
13811	6
13812	5
13813	7
13814	8
13815	8
13816	7
13817	6
13818	7
13819	7
13820	6
13821	6
13822	5
13823	6
13824	6
13825	5
13826	5
13827	4
13828	5
13829	6
13830	6
13831	7
13832	7
13833	8
13834	9
13835	8
13836	7
13837	7
13838	6
13839	7
13840	8
13841	8
13842	7
13843	7
13844	6
13845	7
13846	7
13847	6
13848	6
13849	5
13850	5
13851	5
13852	5
13853	6
13854	8
13855	7
13856	6
13857	5
13858	5
13859	4
13860	5
13861	5
13862	6
13863	7
13864	7
13865	7
13866	6
13867	6
13868	6
13869	5
13870	5
13871	6
13872	6
13873	5
13874	7
13875	6
13876	5
13877	4
13878	4
13879	5
13880	7
13881	8
13882	8
13883	7
13884	7
13885	6
13886	7
13887	6
13888	6
13889	5
13890	5
13891	5
13892	4
13893	4
13894	5
13895	5
13896	4
13897	6
13898	5
13899	4
13900	3
13901	3
13902	4
13903	4
13904	5
13905	7
13906	8
13907	8
13908	9
13909	9
13910	8
13911	10
13912	9
13913	8
13914	7
13915	7
13916	8
13917	8
13918	7
13919	9
13920	8
13921	7
13922	6
13923	7
13924	7
13925	7
13926	9
13927	8
13928	7
13929	6
13930	6
13931	7
13932	8
13933	7
13934	6
13935	6
13936	5
13937	6
13938	6
13939	6
13940	6
13941	5
13942	5
13943	6
13944	8
13945	7
13946	6
13947	5
13948	5
13949	4
13950	4
13951	5
13952	5
13953	6
13954	8
13955	7
13956	6
13957	5
13958	5
13959	4
13960	6
13961	7
13962	6
13963	6
13964	5
13965	6
13966	6
13967	5
13968	5
13969	4
13970	5
13971	5
13972	4
13973	4
13974	3
13975	4
13976	5
13977	4
13978	4
13979	5
13980	5
13981	6
13982	8
13983	7
13984	6
13985	5
13986	5
13987	4
13988	5
13989	6
13990	6
13991	5
13992	5
13993	4
13994	5
13995	5
13996	4
13997	4
13998	3
13999	4
14000	4
14001	5
14002	5
14003	6
14004	8
14005	7
14006	6
14007	5
14008	5
14009	4
14010	6
14011	7
14012	7
14013	6
14014	6
14015	5
14016	5
14017	5
14018	4
14019	5
14020	4
14021	4
14022	3
14023	2
14024	3
14025	3
14026	4
14027	6
14028	7
14029	7
14030	7
14031	7
14032	8
14033	10
14034	9
14035	8
14036	7
14037	7
14038	6
14039	6
14040	7
14041	7
14042	8
14043	10
14044	9
14045	8
14046	7
14047	7
14048	6
14049	8
14050	9
14051	9
14052	8
14053	8
14054	7
14055	8
14056	8
14057	7
14058	6
14059	7
14060	7
14061	6
14062	6
14063	5
14064	6
14065	6
14066	7
14067	9
14068	10
14069	10
14070	9
14071	9
14072	8
14073	9
14074	9
14075	8
14076	8
14077	7
14078	8
14079	8
14080	7
14081	7
14082	6
14083	6
14084	6
14085	8
14086	7
14087	6
14088	5
14089	4
14090	4
14091	4
14092	5
14093	7
14094	8
14095	8
14096	7
14097	7
14098	6
14099	7
14100	7
14101	6
14102	6
14103	5
14104	5
14105	5
14106	4
14107	4
14108	5
14109	5
14110	4
14111	6
14112	5
14113	4
14114	3
14115	3
14116	4
14117	4
14118	5
14119	7
14120	8
14121	8
14122	7
14123	7
14124	6
14125	7
14126	7
14127	6
14128	6
14129	5
14130	6
14131	6
14132	5
14133	5
14134	4
14135	4
14136	5
14137	5
14138	4
14139	6
14140	5
14141	4
14142	3
14143	5
14144	6
14145	5
14146	5
14147	6
14148	6
14149	5
14150	6
14151	5
14152	4
14153	5
14154	5
14155	6
14156	6
14157	5
14158	6
14159	5
14160	4
14161	4
14162	5
14163	5
14164	4
14165	5
14166	4
14167	3
14168	4
14169	4
14170	5
14171	7
14172	6
14173	5
14174	4
14175	4
14176	3
14177	3
14178	4
14179	5
14180	4
14181	3
14182	3
14183	2
14184	2
14185	3
14186	4
14187	5
14188	4
14189	4
14190	5
14191	5
14192	6
14193	8
14194	7
14195	6
14196	5
14197	5
14198	4
14199	6
14200	7
14201	7
14202	6
14203	5
14204	6
14205	6
14206	5
14207	5
14208	4
14209	5
14210	5
14211	4
14212	4
14213	3
14214	3
14215	3
14216	4
14217	6
14218	7
14219	7
14220	6
14221	6
14222	5
14223	6
14224	6
14225	5
14226	5
14227	4
14228	4
14229	4
14230	3
14231	3
14232	4
14233	4
14234	3
14235	5
14236	4
14237	3
14238	2
14239	2
14240	3
14241	3
14242	4
14243	6
14244	7
14245	7
14246	6
14247	6
14248	5
14249	6
14250	6
14251	5
14252	5
14253	4
14254	5
14255	5
14256	4
14257	4
14258	3
14259	3
14260	4
14261	4
14262	3
14263	5
14264	4
14265	3
14266	2
14267	4
14268	5
14269	5
14270	6
14271	6
14272	5
14273	6
14274	5
14275	4
14276	4
14277	5
14278	5
14279	4
14280	5
14281	4
14282	3
14283	4
14284	3
14285	3
14286	4
14287	4
14288	3
14289	5
14290	4
14291	3
14292	2
14293	3
14294	3
14295	4
14296	5
14297	4
14298	3
14299	3
14300	2
14301	2
14302	3
14303	5
14304	4
14305	3
14306	2
14307	2
14308	1
14309	1
14310	2
14311	2
14312	3
14313	5
14314	6
14315	6
14316	7
14317	7
14318	8
14319	10
14320	11
14321	11
14322	10
14323	10
14324	9
14325	10
14326	10
14327	9
14328	9
14329	8
14330	9
14331	9
14332	8
14333	8
14334	7
14335	7
14336	8
14337	8
14338	7
14339	9
14340	8
14341	7
14342	6
14343	8
14344	9
14345	9
14346	10
14347	10
14348	9
14349	11
14350	10
14351	9
14352	8
14353	8
14354	9
14355	9
14356	8
14357	10
14358	9
14359	8
14360	7
14361	8
14362	8
14363	9
14364	9
14365	8
14366	9
14367	8
14368	7
14369	6
14370	7
14371	7
14372	8
14373	10
14374	9
14375	8
14376	7
14377	7
14378	6
14379	6
14380	7
14381	8
14382	7
14383	6
14384	6
14385	5
14386	5
14387	6
14388	6
14389	7
14390	9
14391	10
14392	10
14393	9
14394	9
14395	8
14396	9
14397	9
14398	8
14399	8
14400	7
14401	8
14402	8
14403	7
14404	7
14405	6
14406	6
14407	7
14408	7
14409	6
14410	8
14411	7
14412	6
14413	5
14414	7
14415	8
14416	8
14417	9
14418	9
14419	8
14420	10
14421	9
14422	8
14423	7
14424	7
14425	8
14426	8
14427	7
14428	9
14429	8
14430	7
14431	6
14432	7
14433	7
14434	8
14435	8
14436	7
14437	9
14438	8
14439	7
14440	6
14441	6
14442	7
14443	7
14444	6
14445	6
14446	5
14447	6
14448	6
14449	7
14450	9
14451	8
14452	7
14453	6
14454	6
14455	5
14456	5
14457	6
14458	8
14459	7
14460	6
14461	5
14462	5
14463	4
14464	5
14465	5
14466	6
14467	8
14468	9
14469	9
14470	9
14471	9
14472	8
14473	8
14474	8
14475	8
14476	7
14477	7
14478	7
14479	8
14480	10
14481	9
14482	8
14483	7
14484	7
14485	6
14486	7
14487	7
14488	8
14489	10
14490	9
14491	8
14492	7
14493	7
14494	6
14495	6
14496	7
14497	9
14498	8
14499	7
14500	6
14501	6
14502	5
14503	5
14504	6
14505	6
14506	7
14507	9
14508	8
14509	7
14510	6
14511	6
14512	5
14513	7
14514	8
14515	8
14516	7
14517	6
14518	7
14519	7
14520	6
14521	6
14522	5
14523	6
14524	6
14525	5
14526	5
14527	4
14528	4
14529	5
14530	7
14531	8
14532	8
14533	9
14534	9
14535	8
14536	10
14537	9
14538	8
14539	7
14540	7
14541	7
14542	7
14543	6
14544	7
14545	7
14546	8
14547	10
14548	9
14549	8
14550	7
14551	7
14552	6
14553	6
14554	7
14555	8
14556	7
14557	6
14558	6
14559	5
14560	6
14561	6
14562	7
14563	9
14564	8
14565	7
14566	6
14567	6
14568	5
14569	5
14570	6
14571	8
14572	7
14573	6
14574	5
14575	5
14576	4
14577	4
14578	5
14579	5
14580	5
14581	7
14582	6
14583	5
14584	4
14585	6
14586	7
14587	7
14588	6
14589	6
14590	5
14591	6
14592	6
14593	5
14594	4
14595	5
14596	5
14597	4
14598	4
14599	3
14600	4
14601	4
14602	5
14603	7
14604	8
14605	8
14606	9
14607	9
14608	8
14609	10
14610	9
14611	8
14612	7
14613	7
14614	7
14615	7
14616	6
14617	7
14618	7
14619	8
14620	10
14621	9
14622	8
14623	7
14624	7
14625	6
14626	6
14627	6
14628	6
14629	5
14630	5
14631	5
14632	6
14633	7
14634	6
14635	5
14636	5
14637	4
14638	4
14639	5
14640	5
14641	6
14642	8
14643	7
14644	6
14645	5
14646	5
14647	4
14648	6
14649	7
14650	6
14651	6
14652	5
14653	5
14654	5
14655	4
14656	5
14657	5
14658	4
14659	4
14660	3
14661	3
14662	4
14663	6
14664	7
14665	7
14666	7
14667	7
14668	6
14669	6
14670	7
14671	7
14672	6
14673	8
14674	7
14675	6
14676	5
14677	6
14678	6
14679	6
14680	6
14681	5
14682	5
14683	6
14684	8
14685	7
14686	6
14687	5
14688	5
14689	4
14690	4
14691	4
14692	5
14693	7
14694	6
14695	5
14696	4
14697	4
14698	3
14699	3
14700	4
14701	4
14702	5
14703	7
14704	6
14705	5
14706	4
14707	4
14708	3
14709	5
14710	6
14711	6
14712	5
14713	5
14714	4
14715	5
14716	4
14717	4
14718	3
14719	4
14720	4
14721	3
14722	3
14723	2
14724	2
14725	3
14726	3
14727	4
14728	6
14729	7
14730	7
14731	8
14732	8
14733	7
14734	9
14735	8
14736	7
14737	6
14738	6
14739	7
14740	7
14741	6
14742	8
14743	7
14744	6
14745	5
14746	6
14747	6
14748	7
14749	9
14750	8
14751	7
14752	6
14753	6
14754	5
14755	5
14756	4
14757	5
14758	5
14759	6
14760	8
14761	7
14762	6
14763	5
14764	5
14765	4
14766	4
14767	5
14768	7
14769	6
14770	5
14771	4
14772	4
14773	3
14774	3
14775	4
14776	4
14777	5
14778	7
14779	6
14780	5
14781	4
14782	4
14783	3
14784	5
14785	5
14786	4
14787	5
14788	5
14789	4
14790	4
14791	3
14792	4
14793	4
14794	3
14795	3
14796	2
14797	4
14798	5
14799	5
14800	6
14801	6
14802	7
14803	9
14804	8
14805	7
14806	6
14807	6
14808	5
14809	6
14810	7
14811	7
14812	6
14813	6
14814	5
14815	6
14816	6
14817	5
14818	5
14819	4
14820	4
14821	5
14822	5
14823	6
14824	8
14825	7
14826	6
14827	5
14828	5
14829	4
14830	5
14831	6
14832	6
14833	5
14834	4
14835	5
14836	4
14837	4
14838	3
14839	4
14840	3
14841	3
14842	4
14843	4
14844	4
14845	4
14846	3
14847	5
14848	6
14849	6
14850	5
14851	5
14852	4
14853	5
14854	5
14855	4
14856	4
14857	3
14858	3
14859	2
14860	3
14861	3
14862	4
14863	5
14864	6
14865	5
14866	5
14867	4
14868	4
14869	4
14870	3
14871	3
14872	4
14873	4
14874	3
14875	5
14876	4
14877	3
14878	2
14879	2
14880	3
14881	5
14882	6
14883	6
14884	5
14885	5
14886	4
14887	5
14888	4
14889	4
14890	3
14891	3
14892	3
14893	2
14894	2
14895	3
14896	3
14897	2
14898	4
14899	3
14900	2
14901	1
14902	3
14903	4
14904	4
14905	5
14906	5
14907	6
14908	8
14909	9
14910	9
14911	10
14912	10
14913	9
14914	11
14915	10
14916	9
14917	8
14918	8
14919	9
14920	9
14921	8
14922	10
14923	9
14924	8
14925	7
14926	8
14927	8
14928	9
14929	11
14930	10
14931	9
14932	8
14933	8
14934	7
14935	7
14936	8
14937	9
14938	8
14939	7
14940	7
14941	6
14942	7
14943	7
14944	7
14945	7
14946	6
14947	6
14948	7
14949	9
14950	8
14951	7
14952	6
14953	6
14954	5
14955	5
14956	6
14957	6
14958	7
14959	9
14960	8
14961	7
14962	6
14963	6
14964	5
14965	7
14966	8
14967	8
14968	7
14969	7
14970	6
14971	7
14972	7
14973	6
14974	5
14975	6
14976	6
14977	5
14978	5
14979	4
14980	6
14981	7
14982	7
14983	8
14984	8
14985	9
14986	11
14987	10
14988	9
14989	8
14990	8
14991	7
14992	7
14993	8
14994	8
14995	7
14996	6
14997	6
14998	7
14999	7
15000	8
15001	10
15002	9
15003	8
15004	7
15005	7
15006	6
15007	8
15008	9
15009	9
15010	8
15011	8
15012	7
15013	8
15014	8
15015	7
15016	7
15017	6
15018	7
15019	6
15020	5
15021	6
15022	6
15023	7
15024	7
15025	8
15026	10
15027	9
15028	8
15029	7
15030	7
15031	6
15032	7
15033	8
15034	8
15035	7
15036	7
15037	6
15038	7
15039	7
15040	6
15041	6
15042	5
15043	5
15044	6
15045	6
15046	7
15047	9
15048	8
15049	7
15050	6
15051	6
15052	5
15053	5
15054	6
15055	5
15056	5
15057	4
15058	5
15059	5
15060	6
15061	8
15062	9
15063	9
15064	8
15065	8
15066	7
15067	7
15068	7
15069	6
15070	6
15071	6
15072	5
15073	5
15074	6
15075	6
15076	5
15077	6
15078	5
15079	4
15080	3
15081	2
15082	3
15083	3
15084	4
15085	4
15086	5
15087	7
15088	8
15089	8
15090	9
15091	9
15092	8
15093	10
15094	9
15095	8
15096	7
15097	7
15098	8
15099	8
15100	7
15101	9
15102	8
15103	7
15104	6
15105	7
15106	7
15107	7
15108	7
15109	6
15110	6
15111	7
15112	9
15113	8
15114	7
15115	6
15116	6
15117	5
15118	6
15119	6
15120	6
15121	8
15122	7
15123	6
15124	5
15125	5
15126	6
15127	7
15128	6
15129	5
15130	5
15131	4
15132	4
15133	5
15134	5
15135	6
15136	8
15137	7
15138	6
15139	5
15140	5
15141	4
15142	6
15143	7
15144	7
15145	6
15146	5
15147	6
15148	6
15149	5
15150	5
15151	4
15152	5
15153	5
15154	4
15155	4
15156	3
15157	4
15158	5
15159	5
15160	6
15161	6
15162	7
15163	9
15164	8
15165	7
15166	6
15167	6
15168	5
15169	6
15170	7
15171	7
15172	6
15173	6
15174	5
15175	6
15176	6
15177	5
15178	5
15179	4
15180	3
15181	4
15182	3
15183	3
15184	4
15185	4
15186	5
15187	7
15188	6
15189	5
15190	4
15191	4
15192	3
15193	5
15194	6
15195	6
15196	5
15197	5
15198	4
15199	4
15200	4
15201	3
15202	4
15203	3
15204	3
15205	2
15206	2
15207	3
15208	3
15209	4
15210	6
15211	7
15212	7
15213	8
15214	8
15215	7
15216	8
15217	7
15218	6
15219	6
15220	7
15221	7
15222	6
15223	7
15224	6
15225	5
15226	6
15227	6
15228	7
15229	9
15230	8
15231	7
15232	6
15233	6
15234	5
15235	5
15236	6
15237	8
15238	7
15239	6
15240	5
15241	5
15242	4
15243	5
15244	5
15245	5
15246	5
15247	4
15248	4
15249	5
15250	7
15251	6
15252	5
15253	4
15254	4
15255	3
15256	3
15257	4
15258	4
15259	4
15260	6
15261	5
15262	4
15263	3
15264	5
15265	6
15266	5
15267	5
15268	4
15269	5
15270	5
15271	4
15272	4
15273	3
15274	4
15275	4
15276	3
15277	3
15278	2
15279	3
15280	4
15281	4
15282	4
15283	4
15284	5
15285	7
15286	6
15287	5
15288	4
15289	4
15290	3
15291	3
15292	4
15293	4
15294	5
15295	6
15296	5
15297	4
15298	4
15299	3
15300	4
15301	5
15302	5
15303	4
15304	4
15305	3
15306	4
15307	4
15308	3
15309	3
15310	2
15311	3
15312	3
15313	4
15314	5
15315	5
15316	5
15317	4
15318	4
15319	4
15320	3
15321	3
15322	4
15323	4
15324	3
15325	5
15326	4
15327	3
15328	2
15329	2
15330	3
15331	5
15332	6
15333	6
15334	5
15335	5
15336	4
15337	4
15338	4
15339	3
15340	4
15341	3
15342	3
15343	2
15344	2
15345	3
15346	3
15347	2
15348	4
15349	3
15350	2
15351	1
15352	2
15353	2
15354	3
15355	5
15356	6
15357	6
15358	7
15359	7
15360	8
15361	10
15362	9
15363	8
15364	7
15365	7
15366	6
15367	8
15368	9
15369	9
15370	8
15371	8
15372	7
15373	8
15374	7
15375	7
15376	6
15377	7
15378	7
15379	6
15380	6
15381	5
15382	5
15383	5
15384	5
15385	6
15386	8
15387	7
15388	6
15389	5
15390	5
15391	4
15392	4
15393	4
15394	5
15395	7
15396	8
15397	8
15398	7
15399	7
15400	6
15401	6
15402	6
15403	5
15404	6
15405	6
15406	5
15407	5
15408	4
15409	4
15410	5
15411	5
15412	4
15413	6
15414	5
15415	4
15416	3
15417	4
15418	4
15419	5
15420	7
15421	8
15422	8
15423	7
15424	7
15425	6
15426	7
15427	6
15428	6
15429	5
15430	6
15431	6
15432	5
15433	5
15434	4
15435	4
15436	4
15437	6
15438	5
15439	4
15440	3
15441	2
15442	2
15443	3
15444	3
15445	4
15446	6
15447	7
15448	7
15449	6
15450	6
15451	5
15452	6
15453	6
15454	5
15455	5
15456	4
15457	5
15458	5
15459	4
15460	4
15461	3
15462	3
15463	4
15464	4
15465	3
15466	5
15467	4
15468	3
15469	2
15470	4
15471	5
15472	5
15473	6
15474	6
15475	5
15476	6
15477	5
15478	4
15479	3
15480	4
15481	4
15482	5
15483	5
15484	4
15485	5
15486	4
15487	3
15488	3
15489	4
15490	4
15491	3
15492	4
15493	3
15494	2
15495	3
15496	3
15497	4
15498	6
15499	5
15500	4
15501	3
15502	3
15503	2
15504	2
15505	3
15506	4
15507	3
15508	2
15509	2
15510	1
15511	1
15512	2
15513	3
15514	4
15515	4
15516	5
15517	5
15518	6
15519	8
15520	7
15521	6
15522	5
15523	5
15524	4
15525	6
15526	7
15527	6
15528	6
15529	5
15530	6
15531	6
15532	5
15533	5
15534	4
15535	5
15536	5
15537	4
15538	4
15539	3
15540	2
15541	2
15542	2
15543	3
15544	5
15545	6
15546	6
15547	5
15548	5
15549	4
15550	4
15551	4
15552	3
15553	4
15554	4
15555	3
15556	3
15557	2
15558	2
15559	3
15560	3
15561	2
15562	4
15563	3
15564	2
15565	1
15566	1
15567	2
15568	2
15569	3
15570	5
15571	6
15572	6
15573	5
15574	5
15575	4
15576	5
15577	5
15578	4
15579	4
15580	3
15581	4
15582	4
15583	3
15584	3
15585	2
15586	2
15587	3
15588	3
15589	2
15590	4
15591	3
15592	2
15593	1
15594	3
15595	4
15596	4
15597	5
15598	5
15599	4
15600	5
15601	4
15602	3
15603	3
15604	4
15605	4
15606	3
15607	4
15608	3
15609	2
15610	3
15611	3
15612	4
15613	4
15614	3
15615	5
15616	4
15617	3
15618	2
15619	1
15620	2
15621	2
15622	3
15623	4
15624	3
15625	2
15626	2
15627	1
15628	1
15629	2
15630	4
15631	3
15632	2
15633	1
15634	1
15635	1
15636	3
15637	5
15638	6
15639	6
15640	7
15641	7
15642	8
15643	10
15644	11
15645	11
15646	12
15647	12
15648	13
15649	15
15650	16
15651	15
15652	14
15653	15
15654	14
15655	13
15656	14
15657	13
15658	12
15659	12
15660	13
15661	12
15662	11
15663	13
15664	14
15665	14
15666	15
15667	14
15668	13
15669	13
15670	14
15671	13
15672	12
15673	13
15674	13
15675	14
15676	13
15677	12
15678	12
15679	13
15680	12
15681	11
15682	12
15683	12
15684	13
15685	12
15686	11
15687	11
15688	12
15689	11
15690	10
15691	10
15692	11
15693	11
15694	12
15695	14
15696	15
15697	14
15698	13
15699	14
15700	13
15701	12
15702	13
15703	12
15704	11
15705	11
15706	12
15707	11
15708	10
15709	12
15710	13
15711	13
15712	14
15713	13
15714	12
15715	12
15716	13
15717	12
15718	11
15719	12
15720	12
15721	13
15722	12
15723	11
15724	11
15725	12
15726	11
15727	10
15728	11
15729	11
15730	12
15731	11
15732	10
15733	10
15734	11
15735	10
15736	9
15737	10
15738	10
15739	11
15740	13
15741	14
15742	14
15743	15
15744	14
15745	13
15746	13
15747	13
15748	12
15749	13
15750	13
15751	13
15752	12
15753	12
15754	13
15755	12
15756	11
15757	12
15758	12
15759	13
15760	12
15761	11
15762	11
15763	12
15764	11
15765	10
15766	10
15767	11
15768	11
15769	12
15770	11
15771	10
15772	12
15773	13
15774	12
15775	11
15776	12
15777	11
15778	10
15779	11
15780	10
15781	9
15782	9
15783	10
15784	12
15785	13
15786	13
15787	14
15788	13
15789	12
15790	12
15791	13
15792	12
15793	11
15794	11
15795	11
15796	12
15797	11
15798	10
15799	11
15800	11
15801	12
15802	11
15803	10
15804	10
15805	11
15806	10
15807	9
15808	9
15809	10
15810	10
15811	11
15812	10
15813	9
15814	11
15815	12
15816	11
15817	10
15818	11
15819	10
15820	9
15821	10
15822	9
15823	8
15824	9
15825	9
15826	10
15827	12
15828	13
15829	13
15830	13
15831	12
15832	12
15833	13
15834	12
15835	11
15836	12
15837	12
15838	13
15839	12
15840	11
15841	11
15842	11
15843	10
15844	11
15845	11
15846	12
15847	11
15848	10
15849	10
15850	11
15851	10
15852	9
15853	9
15854	10
15855	10
15856	11
15857	10
15858	9
15859	11
15860	12
15861	11
15862	10
15863	11
15864	10
15865	9
15866	10
15867	9
15868	8
15869	8
15870	9
15871	11
15872	12
15873	12
15874	13
15875	12
15876	11
15877	11
15878	12
15879	11
15880	10
15881	11
15882	11
15883	11
15884	10
15885	10
15886	11
15887	10
15888	9
15889	9
15890	9
15891	10
15892	9
15893	8
15894	8
15895	9
15896	9
15897	10
15898	9
15899	8
15900	10
15901	11
15902	10
15903	9
15904	10
15905	9
15906	8
15907	9
15908	8
15909	7
15910	7
15911	8
15912	8
15913	9
15914	11
15915	12
15916	12
15917	13
15918	12
15919	11
15920	11
15921	12
15922	11
15923	10
15924	11
15925	11
15926	12
15927	11
15928	10
15929	10
15930	11
15931	10
15932	9
15933	10
15934	10
15935	11
15936	10
15937	9
15938	9
15939	10
15940	9
15941	8
15942	8
15943	9
15944	9
15945	10
15946	9
15947	8
15948	10
15949	11
15950	10
15951	9
15952	10
15953	9
15954	8
15955	9
15956	8
15957	7
15958	9
15959	10
15960	10
15961	11
15962	11
15963	12
15964	11
15965	10
15966	12
15967	13
15968	12
15969	11
15970	12
15971	11
15972	10
15973	11
15974	10
15975	9
15976	8
15977	9
15978	9
15979	10
15980	10
15981	11
15982	10
15983	9
15984	10
15985	11
15986	10
15987	9
15988	10
15989	9
15990	8
15991	8
15992	9
15993	9
15994	10
15995	9
15996	8
15997	9
15998	10
15999	9
16000	8
16001	9
16002	8
16003	7
16004	8
16005	8
16006	9
16007	11
16008	12
16009	11
16010	10
16011	10
16012	9
16013	10
16014	9
16015	8
16016	8
16017	9
16018	8
16019	7
16020	7
16021	8
16022	9
16023	10
16024	9
16025	8
16026	8
16027	7
16028	7
16029	8
16030	7
16031	6
16032	8
16033	9
16034	9
16035	10
16036	10
16037	11
16038	13
16039	14
16040	14
16041	15
16042	14
16043	13
16044	13
16045	14
16046	13
16047	12
16048	13
16049	13
16050	14
16051	13
16052	12
16053	12
16054	12
16055	11
16056	12
16057	12
16058	13
16059	12
16060	11
16061	11
16062	12
16063	11
16064	10
16065	10
16066	11
16067	11
16068	12
16069	11
16070	10
16071	12
16072	13
16073	12
16074	11
16075	12
16076	11
16077	10
16078	11
16079	10
16080	9
16081	10
16082	11
16083	11
16084	12
16085	12
16086	13
16087	12
16088	11
16089	12
16090	13
16091	12
16092	11
16093	12
16094	11
16095	10
16096	10
16097	11
16098	11
16099	12
16100	11
16101	10
16102	11
16103	12
16104	11
16105	10
16106	11
16107	10
16108	9
16109	10
16110	10
16111	11
16112	13
16113	14
16114	13
16115	12
16116	13
16117	12
16118	11
16119	11
16120	10
16121	10
16122	11
16123	10
16124	9
16125	9
16126	10
16127	11
16128	12
16129	11
16130	10
16131	10
16132	9
16133	9
16134	10
16135	9
16136	8
16137	8
16138	9
16139	9
16140	10
16141	12
16142	13
16143	13
16144	14
16145	13
16146	12
16147	12
16148	13
16149	12
16150	11
16151	12
16152	12
16153	13
16154	12
16155	11
16156	11
16157	12
16158	11
16159	10
16160	11
16161	11
16162	12
16163	11
16164	10
16165	10
16166	11
16167	10
16168	9
16169	9
16170	10
16171	10
16172	11
16173	10
16174	9
16175	11
16176	12
16177	11
16178	10
16179	11
16180	10
16181	9
16182	10
16183	9
16184	8
16185	10
16186	11
16187	11
16188	12
16189	12
16190	13
16191	12
16192	11
16193	13
16194	14
16195	13
16196	12
16197	13
16198	12
16199	11
16200	12
16201	11
16202	10
16203	10
16204	11
16205	11
16206	12
16207	11
16208	10
16209	12
16210	13
16211	12
16212	11
16213	12
16214	11
16215	10
16216	11
16217	10
16218	9
16219	10
16220	10
16221	11
16222	11
16223	12
16224	11
16225	10
16226	12
16227	13
16228	12
16229	11
16230	12
16231	11
16232	10
16233	11
16234	10
16235	9
16236	9
16237	10
16238	10
16239	11
16240	10
16241	9
16242	10
16243	11
16244	10
16245	9
16246	10
16247	9
16248	8
16249	9
16250	9
16251	10
16252	12
16253	13
16254	12
16255	11
16256	11
16257	10
16258	11
16259	10
16260	9
16261	9
16262	10
16263	9
16264	8
16265	8
16266	9
16267	11
16268	12
16269	11
16270	10
16271	10
16272	9
16273	9
16274	8
16275	8
16276	9
16277	8
16278	7
16279	8
16280	8
16281	9
16282	9
16283	10
16284	12
16285	13
16286	13
16287	14
16288	13
16289	12
16290	12
16291	13
16292	12
16293	11
16294	12
16295	12
16296	13
16297	12
16298	11
16299	11
16300	12
16301	11
16302	10
16303	11
16304	11
16305	12
16306	11
16307	10
16308	10
16309	11
16310	10
16311	9
16312	9
16313	10
16314	10
16315	11
16316	10
16317	9
16318	11
16319	12
16320	11
16321	10
16322	11
16323	10
16324	9
16325	10
16326	9
16327	8
16328	10
16329	11
16330	11
16331	12
16332	12
16333	13
16334	12
16335	11
16336	12
16337	13
16338	12
16339	11
16340	12
16341	11
16342	10
16343	10
16344	10
16345	10
16346	11
16347	10
16348	9
16349	10
16350	9
16351	9
16352	10
16353	10
16354	11
16355	10
16356	9
16357	11
16358	12
16359	11
16360	10
16361	11
16362	10
16363	9
16364	10
16365	9
16366	8
16367	9
16368	9
16369	10
16370	12
16371	13
16372	12
16373	11
16374	11
16375	10
16376	10
16377	9
16378	9
16379	10
16380	9
16381	8
16382	8
16383	9
16384	11
16385	12
16386	11
16387	10
16388	11
16389	10
16390	9
16391	9
16392	8
16393	8
16394	9
16395	8
16396	7
16397	7
16398	8
16399	8
16400	9
16401	11
16402	12
16403	12
16404	13
16405	12
16406	11
16407	11
16408	12
16409	11
16410	10
16411	11
16412	11
16413	12
16414	11
16415	10
16416	10
16417	11
16418	10
16419	9
16420	10
16421	10
16422	11
16423	10
16424	9
16425	9
16426	10
16427	9
16428	8
16429	8
16430	9
16431	9
16432	10
16433	9
16434	8
16435	10
16436	11
16437	10
16438	9
16439	10
16440	9
16441	8
16442	9
16443	8
16444	7
16445	9
16446	10
16447	10
16448	10
16449	10
16450	11
16451	10
16452	9
16453	9
16454	10
16455	10
16456	11
16457	10
16458	9
16459	10
16460	11
16461	10
16462	9
16463	10
16464	9
16465	8
16466	9
16467	9
16468	10
16469	10
16470	11
16471	10
16472	9
16473	11
16474	12
16475	11
16476	10
16477	11
16478	10
16479	9
16480	10
16481	9
16482	8
16483	8
16484	9
16485	9
16486	10
16487	9
16488	8
16489	9
16490	9
16491	8
16492	9
16493	8
16494	7
16495	8
16496	7
16497	7
16498	8
16499	10
16500	11
16501	10
16502	9
16503	9
16504	8
16505	9
16506	8
16507	7
16508	7
16509	8
16510	7
16511	6
16512	7
16513	7
16514	8
16515	10
16516	11
16517	11
16518	11
16519	11
16520	12
16521	11
16522	10
16523	10
16524	11
16525	11
16526	12
16527	11
16528	10
16529	12
16530	13
16531	12
16532	11
16533	12
16534	11
16535	10
16536	11
16537	10
16538	9
16539	10
16540	10
16541	11
16542	13
16543	14
16544	13
16545	12
16546	13
16547	12
16548	11
16549	12
16550	11
16551	10
16552	10
16553	11
16554	10
16555	9
16556	9
16557	10
16558	12
16559	13
16560	12
16561	11
16562	11
16563	10
16564	10
16565	9
16566	9
16567	10
16568	9
16569	8
16570	8
16571	8
16572	9
16573	11
16574	12
16575	11
16576	10
16577	11
16578	10
16579	9
16580	9
16581	8
16582	8
16583	9
16584	8
16585	7
16586	7
16587	8
16588	8
16589	9
16590	11
16591	12
16592	11
16593	10
16594	11
16595	10
16596	9
16597	10
16598	9
16599	8
16600	8
16601	9
16602	8
16603	7
16604	9
16605	10
16606	9
16607	9
16608	10
16609	9
16610	8
16611	9
16612	9
16613	10
16614	9
16615	8
16616	8
16617	9
16618	8
16619	7
16620	8
16621	8
16622	9
16623	8
16624	7
16625	7
16626	8
16627	7
16628	6
16629	6
16630	7
16631	9
16632	10
16633	10
16634	10
16635	10
16636	11
16637	10
16638	9
16639	9
16640	10
16641	10
16642	11
16643	10
16644	9
16645	11
16646	12
16647	11
16648	10
16649	11
16650	10
16651	9
16652	10
16653	9
16654	8
16655	9
16656	8
16657	8
16658	9
16659	11
16660	12
16661	11
16662	10
16663	11
16664	10
16665	9
16666	10
16667	9
16668	8
16669	8
16670	9
16671	8
16672	7
16673	7
16674	7
16675	8
16676	10
16677	11
16678	10
16679	9
16680	10
16681	9
16682	8
16683	8
16684	7
16685	7
16686	8
16687	7
16688	6
16689	6
16690	7
16691	7
16692	8
16693	10
16694	11
16695	10
16696	9
16697	10
16698	9
16699	8
16700	9
16701	8
16702	7
16703	7
16704	8
16705	7
16706	6
16707	8
16708	9
16709	9
16710	10
16711	9
16712	8
16713	8
16714	9
16715	8
16716	7
16717	8
16718	7
16719	7
16720	8
16721	7
16722	6
16723	7
16724	7
16725	8
16726	7
16727	6
16728	6
16729	7
16730	6
16731	5
16732	5
16733	6
16734	6
16735	7
16736	9
16737	10
16738	10
16739	11
16740	11
16741	12
16742	14
16743	15
16744	14
16745	13
16746	14
16747	13
16748	12
16749	13
16750	12
16751	11
16752	11
16753	12
16754	11
16755	10
16756	12
16757	13
16758	13
16759	14
16760	13
16761	12
16762	12
16763	13
16764	12
16765	11
16766	12
16767	12
16768	13
16769	12
16770	11
16771	11
16772	12
16773	11
16774	10
16775	11
16776	11
16777	12
16778	11
16779	10
16780	10
16781	11
16782	10
16783	9
16784	9
16785	10
16786	10
16787	11
16788	13
16789	14
16790	13
16791	12
16792	13
16793	12
16794	11
16795	12
16796	11
16797	10
16798	10
16799	11
16800	10
16801	9
16802	11
16803	12
16804	12
16805	13
16806	12
16807	11
16808	11
16809	12
16810	11
16811	10
16812	11
16813	11
16814	12
16815	11
16816	10
16817	10
16818	11
16819	10
16820	9
16821	10
16822	10
16823	11
16824	10
16825	9
16826	9
16827	10
16828	9
16829	8
16830	9
16831	9
16832	10
16833	12
16834	13
16835	13
16836	14
16837	13
16838	12
16839	12
16840	12
16841	11
16842	12
16843	12
16844	13
16845	12
16846	11
16847	11
16848	12
16849	11
16850	10
16851	11
16852	11
16853	12
16854	11
16855	10
16856	10
16857	11
16858	10
16859	9
16860	9
16861	10
16862	10
16863	11
16864	10
16865	9
16866	11
16867	12
16868	11
16869	10
16870	11
16871	10
16872	9
16873	10
16874	9
16875	8
16876	8
16877	9
16878	11
16879	12
16880	12
16881	13
16882	12
16883	11
16884	11
16885	12
16886	11
16887	10
16888	10
16889	10
16890	11
16891	10
16892	9
16893	10
16894	10
16895	11
16896	10
16897	9
16898	9
16899	10
16900	9
16901	8
16902	8
16903	9
16904	9
16905	10
16906	9
16907	8
16908	10
16909	11
16910	10
16911	9
16912	10
16913	9
16914	8
16915	9
16916	8
16917	7
16918	8
16919	8
16920	9
16921	11
16922	12
16923	12
16924	12
16925	11
16926	11
16927	12
16928	11
16929	10
16930	11
16931	11
16932	12
16933	11
16934	10
16935	10
16936	10
16937	9
16938	10
16939	10
16940	10
16941	9
16942	9
16943	10
16944	9
16945	8
16946	8
16947	9
16948	9
16949	10
16950	9
16951	8
16952	10
16953	11
16954	10
16955	9
16956	10
16957	9
16958	8
16959	9
16960	8
16961	7
16962	7
16963	8
16964	10
16965	11
16966	11
16967	12
16968	11
16969	10
16970	10
16971	10
16972	9
16973	10
16974	10
16975	10
16976	9
16977	9
16978	10
16979	9
16980	8
16981	8
16982	8
16983	9
16984	8
16985	7
16986	7
16987	8
16988	8
16989	9
16990	8
16991	7
16992	9
16993	9
16994	8
16995	9
16996	8
16997	7
16998	8
16999	7
17000	6
17001	6
17002	7
17003	7
17004	8
17005	10
17006	11
17007	11
17008	12
17009	11
17010	10
17011	10
17012	11
17013	10
17014	9
17015	10
17016	10
17017	9
17018	9
17019	10
17020	9
17021	8
17022	9
17023	9
17024	10
17025	9
17026	8
17027	8
17028	9
17029	8
17030	7
17031	7
17032	8
17033	8
17034	9
17035	8
17036	7
17037	9
17038	10
17039	9
17040	8
17041	9
17042	8
17043	7
17044	8
17045	7
17046	6
17047	8
17048	9
17049	8
17050	8
17051	9
17052	9
17053	9
17054	8
17055	10
17056	11
17057	10
17058	9
17059	10
17060	9
17061	8
17062	8
17063	7
17064	8
17065	8
17066	9
17067	9
17068	10
17069	9
17070	8
17071	9
17072	10
17073	9
17074	8
17075	9
17076	8
17077	7
17078	7
17079	8
17080	8
17081	9
17082	8
17083	7
17084	8
17085	9
17086	8
17087	7
17088	8
17089	7
17090	6
17091	7
17092	7
17093	8
17094	10
17095	11
17096	10
17097	9
17098	10
17099	9
17100	8
17101	8
17102	7
17103	7
17104	8
17105	7
17106	6
17107	6
17108	7
17109	8
17110	9
17111	8
17112	7
17113	7
17114	6
17115	6
17116	7
17117	6
17118	5
17119	7
17120	8
17121	8
17122	9
17123	9
17124	10
17125	12
17126	13
17127	13
17128	14
17129	13
17130	12
17131	12
17132	13
17133	12
17134	11
17135	12
17136	12
17137	13
17138	12
17139	11
17140	11
17141	12
17142	11
17143	10
17144	11
17145	11
17146	12
17147	11
17148	10
17149	10
17150	11
17151	10
17152	9
17153	9
17154	10
17155	10
17156	11
17157	10
17158	9
17159	11
17160	12
17161	11
17162	10
17163	11
17164	10
17165	9
17166	10
17167	9
17168	8
17169	10
17170	11
17171	11
17172	12
17173	12
17174	13
17175	12
17176	11
17177	13
17178	14
17179	13
17180	12
17181	13
17182	12
17183	11
17184	12
17185	11
17186	10
17187	10
17188	11
17189	11
17190	12
17191	11
17192	10
17193	12
17194	13
17195	12
17196	11
17197	12
17198	11
17199	10
17200	11
17201	10
17202	9
17203	10
17204	10
17205	11
17206	11
17207	12
17208	11
17209	10
17210	11
17211	12
17212	11
17213	10
17214	11
17215	10
17216	9
17217	9
17218	10
17219	10
17220	11
17221	10
17222	9
17223	11
17224	12
17225	11
17226	10
17227	11
17228	10
17229	9
17230	10
17231	9
17232	8
17233	9
17234	9
17235	10
17236	12
17237	13
17238	12
17239	11
17240	11
17241	10
17242	10
17243	9
17244	9
17245	10
17246	9
17247	8
17248	8
17249	9
17250	11
17251	12
17252	11
17253	10
17254	10
17255	9
17256	9
17257	8
17258	8
17259	9
17260	8
17261	7
17262	7
17263	8
17264	8
17265	9
17266	11
17267	12
17268	12
17269	13
17270	12
17271	11
17272	11
17273	12
17274	11
17275	10
17276	11
17277	11
17278	12
17279	11
17280	10
17281	10
17282	11
17283	10
17284	9
17285	10
17286	10
17287	11
17288	10
17289	9
17290	9
17291	9
17292	8
17293	8
17294	9
17295	9
17296	9
17297	8
17298	10
17299	11
17300	10
17301	9
17302	10
17303	9
17304	8
17305	9
17306	8
17307	7
17308	8
17309	9
17310	9
17311	10
17312	10
17313	11
17314	10
17315	9
17316	10
17317	11
17318	10
17319	9
17320	10
17321	9
17322	8
17323	8
17324	9
17325	9
17326	10
17327	9
17328	8
17329	9
17330	10
17331	9
17332	8
17333	9
17334	8
17335	7
17336	8
17337	8
17338	9
17339	11
17340	12
17341	11
17342	10
17343	10
17344	9
17345	10
17346	9
17347	8
17348	8
17349	9
17350	8
17351	7
17352	7
17353	8
17354	9
17355	9
17356	8
17357	9
17358	8
17359	7
17360	7
17361	8
17362	7
17363	6
17364	7
17365	7
17366	8
17367	8
17368	9
17369	11
17370	12
17371	12
17372	13
17373	12
17374	11
17375	11
17376	12
17377	11
17378	10
17379	11
17380	11
17381	12
17382	11
17383	10
17384	10
17385	11
17386	10
17387	9
17388	10
17389	10
17390	11
17391	10
17392	9
17393	9
17394	9
17395	8
17396	8
17397	9
17398	9
17399	10
17400	9
17401	8
17402	10
17403	11
17404	10
17405	9
17406	10
17407	9
17408	8
17409	9
17410	8
17411	7
17412	9
17413	10
17414	10
17415	11
17416	11
17417	12
17418	11
17419	10
17420	11
17421	12
17422	11
17423	10
17424	11
17425	10
17426	9
17427	9
17428	9
17429	9
17430	10
17431	9
17432	8
17433	9
17434	9
17435	10
17436	10
17437	11
17438	10
17439	9
17440	10
17441	10
17442	9
17443	10
17444	9
17445	8
17446	8
17447	9
17448	9
17449	10
17450	9
17451	8
17452	10
17453	11
17454	10
17455	9
17456	10
17457	9
17458	8
17459	9
17460	8
17461	7
17462	8
17463	7
17464	7
17465	8
17466	10
17467	11
17468	10
17469	9
17470	9
17471	8
17472	8
17473	7
17474	7
17475	8
17476	7
17477	6
17478	6
17479	7
17480	7
17481	8
17482	10
17483	11
17484	11
17485	12
17486	11
17487	10
17488	10
17489	11
17490	10
17491	9
17492	10
17493	10
17494	11
17495	10
17496	9
17497	9
17498	10
17499	9
17500	8
17501	9
17502	9
17503	10
17504	9
17505	8
17506	8
17507	9
17508	8
17509	7
17510	7
17511	8
17512	8
17513	9
17514	8
17515	7
17516	9
17517	10
17518	9
17519	8
17520	9
17521	8
17522	7
17523	8
17524	7
17525	6
17526	8
17527	9
17528	9
17529	9
17530	9
17531	10
17532	9
17533	8
17534	8
17535	9
17536	9
17537	10
17538	9
17539	8
17540	9
17541	10
17542	9
17543	8
17544	9
17545	8
17546	7
17547	8
17548	8
17549	9
17550	9
17551	10
17552	9
17553	8
17554	10
17555	11
17556	10
17557	9
17558	10
17559	9
17560	8
17561	9
17562	8
17563	7
17564	6
17565	7
17566	7
17567	8
17568	10
17569	11
17570	10
17571	9
17572	9
17573	8
17574	8
17575	7
17576	7
17577	8
17578	7
17579	6
17580	6
17581	7
17582	9
17583	10
17584	9
17585	8
17586	8
17587	7
17588	8
17589	7
17590	6
17591	6
17592	7
17593	6
17594	5
17595	6
17596	6
17597	7
17598	9
17599	10
17600	10
17601	11
17602	11
17603	12
17604	11
17605	10
17606	12
17607	13
17608	12
17609	11
17610	12
17611	11
17612	10
17613	11
17614	10
17615	9
17616	9
17617	9
17618	9
17619	10
17620	9
17621	8
17622	8
17623	8
17624	9
17625	11
17626	12
17627	11
17628	10
17629	10
17630	9
17631	10
17632	9
17633	8
17634	8
17635	9
17636	8
17637	7
17638	8
17639	8
17640	9
17641	11
17642	12
17643	11
17644	10
17645	11
17646	10
17647	9
17648	10
17649	9
17650	8
17651	8
17652	9
17653	8
17654	7
17655	7
17656	8
17657	10
17658	11
17659	10
17660	9
17661	9
17662	8
17663	8
17664	7
17665	7
17666	8
17667	7
17668	6
17669	6
17670	7
17671	7
17672	8
17673	10
17674	11
17675	10
17676	9
17677	10
17678	9
17679	8
17680	9
17681	8
17682	7
17683	7
17684	8
17685	7
17686	6
17687	8
17688	9
17689	9
17690	10
17691	9
17692	8
17693	7
17694	8
17695	8
17696	9
17697	8
17698	7
17699	7
17700	8
17701	7
17702	6
17703	7
17704	7
17705	8
17706	7
17707	6
17708	6
17709	7
17710	6
17711	5
17712	5
17713	6
17714	8
17715	9
17716	9
17717	10
17718	10
17719	11
17720	10
17721	9
17722	11
17723	12
17724	11
17725	10
17726	11
17727	10
17728	9
17729	10
17730	9
17731	8
17732	8
17733	8
17734	8
17735	9
17736	8
17737	7
17738	7
17739	7
17740	8
17741	10
17742	11
17743	10
17744	9
17745	9
17746	8
17747	9
17748	8
17749	7
17750	7
17751	8
17752	7
17753	6
17754	7
17755	6
17756	6
17757	7
17758	9
17759	10
17760	9
17761	8
17762	9
17763	8
17764	7
17765	8
17766	7
17767	6
17768	6
17769	7
17770	6
17771	5
17772	5
17773	6
17774	6
17775	7
17776	9
17777	10
17778	9
17779	8
17780	9
17781	8
17782	7
17783	8
17784	7
17785	6
17786	6
17787	7
17788	6
17789	5
17790	7
17791	8
17792	8
17793	9
17794	8
17795	7
17796	7
17797	8
17798	7
17799	6
17800	7
17801	7
17802	8
17803	7
17804	6
17805	5
17806	6
17807	6
17808	7
17809	6
17810	5
17811	5
17812	6
17813	5
17814	4
17815	5
17816	5
17817	6
17818	8
17819	9
17820	9
17821	10
17822	10
17823	11
17824	13
17825	14
17826	14
17827	15
17828	14
17829	13
17830	13
17831	14
17832	13
17833	12
17834	13
17835	13
17836	14
17837	13
17838	12
17839	12
17840	12
17841	11
17842	12
17843	12
17844	13
17845	12
17846	11
17847	11
17848	12
17849	11
17850	10
17851	10
17852	11
17853	11
17854	12
17855	11
17856	10
17857	12
17858	13
17859	12
17860	11
17861	12
17862	11
17863	10
17864	11
17865	10
17866	9
17867	11
17868	12
17869	12
17870	13
17871	12
17872	13
17873	14
17874	13
17875	12
17876	13
17877	12
17878	11
17879	11
17880	12
17881	11
17882	13
17883	14
17884	13
17885	12
17886	13
17887	12
17888	11
17889	12
17890	11
17891	10
17892	11
17893	11
17894	12
17895	12
17896	13
17897	12
17898	11
17899	13
17900	14
17901	13
17902	12
17903	12
17904	11
17905	12
17906	11
17907	10
17908	10
17909	11
17910	11
17911	12
17912	11
17913	10
17914	12
17915	13
17916	12
17917	11
17918	12
17919	11
17920	10
17921	11
17922	10
17923	9
17924	10
17925	10
17926	11
17927	13
17928	14
17929	13
17930	12
17931	13
17932	12
17933	11
17934	11
17935	10
17936	10
17937	11
17938	10
17939	9
17940	9
17941	10
17942	12
17943	13
17944	12
17945	11
17946	12
17947	11
17948	10
17949	10
17950	9
17951	9
17952	10
17953	9
17954	8
17955	8
17956	8
17957	8
17958	9
17959	11
17960	12
17961	12
17962	13
17963	12
17964	11
17965	11
17966	12
17967	11
17968	10
17969	11
17970	11
17971	12
17972	11
17973	10
17974	10
17975	11
17976	10
17977	9
17978	9
17979	9
17980	10
17981	9
17982	8
17983	8
17984	9
17985	9
17986	10
17987	9
17988	8
17989	10
17990	11
17991	10
17992	9
17993	10
17994	9
17995	8
17996	9
17997	8
17998	7
17999	8
18000	8
18001	9
18002	11
18003	11
18004	11
18005	12
18006	12
18007	13
18008	12
18009	11
18010	13
18011	14
18012	13
18013	12
18014	13
18015	12
18016	11
18017	12
18018	11
18019	10
18020	10
18021	10
18022	11
18023	13
18024	14
18025	13
18026	12
18027	12
18028	11
18029	12
18030	11
18031	10
18032	10
18033	11
18034	10
18035	9
18036	10
18037	10
18038	11
18039	13
18040	14
18041	13
18042	12
18043	13
18044	12
18045	11
18046	12
18047	11
18048	10
18049	10
18050	11
18051	10
18052	9
18053	9
18054	9
18055	9
18056	10
18057	9
18058	8
18059	8
18060	9
18061	9
18062	10
18063	12
18064	13
18065	12
18066	11
18067	12
18068	11
18069	10
18070	11
18071	10
18072	9
18073	9
18074	10
18075	9
18076	8
18077	10
18078	11
18079	11
18080	12
18081	11
18082	10
18083	9
18084	10
18085	10
18086	11
18087	10
18088	9
18089	9
18090	10
18091	9
18092	8
18093	9
18094	9
18095	10
18096	9
18097	8
18098	8
18099	9
18100	8
18101	7
18102	7
18103	8
18104	10
18105	11
18106	11
18107	12
18108	12
18109	12
18110	11
18111	13
18112	14
18113	13
18114	12
18115	13
18116	12
18117	11
18118	12
18119	11
18120	10
18121	10
18122	11
18123	11
18124	12
18125	11
18126	10
18127	12
18128	13
18129	12
18130	11
18131	12
18132	11
18133	10
18134	10
18135	9
18136	9
18137	9
18138	10
18139	12
18140	13
18141	12
18142	11
18143	11
18144	10
18145	11
18146	10
18147	9
18148	9
18149	10
18150	9
18151	8
18152	9
18153	9
18154	10
18155	12
18156	13
18157	12
18158	11
18159	11
18160	10
18161	10
18162	9
18163	9
18164	10
18165	9
18166	8
18167	8
18168	9
18169	11
18170	12
18171	11
18172	10
18173	11
18174	10
18175	9
18176	10
18177	9
18178	8
18179	8
18180	9
18181	8
18182	7
18183	7
18184	8
18185	8
18186	9
18187	11
18188	12
18189	11
18190	10
18191	11
18192	10
18193	9
18194	10
18195	9
18196	8
18197	8
18198	9
18199	8
18200	7
18201	9
18202	10
18203	10
18204	11
18205	10
18206	9
18207	9
18208	10
18209	9
18210	8
18211	9
18212	9
18213	10
18214	9
18215	8
18216	7
18217	8
18218	8
18219	9
18220	8
18221	7
18222	7
18223	8
18224	7
18225	6
18226	7
18227	7
18228	8
18229	10
18230	11
18231	11
18232	11
18233	11
18234	12
18235	11
18236	10
18237	10
18238	11
18239	11
18240	12
18241	11
18242	10
18243	12
18244	13
18245	12
18246	11
18247	12
18248	11
18249	10
18250	11
18251	10
18252	9
18253	10
18254	10
18255	11
18256	13
18257	14
18258	13
18259	12
18260	13
18261	12
18262	11
18263	12
18264	11
18265	10
18266	10
18267	11
18268	10
18269	9
18270	9
18271	9
18272	9
18273	10
18274	9
18275	8
18276	9
18277	9
18278	10
18279	12
18280	12
18281	11
18282	11
18283	10
18284	10
18285	9
18286	9
18287	10
18288	9
18289	8
18290	8
18291	9
18292	11
18293	12
18294	11
18295	10
18296	11
18297	10
18298	9
18299	9
18300	8
18301	8
18302	9
18303	8
18304	7
18305	7
18306	8
18307	8
18308	9
18309	11
18310	12
18311	11
18312	10
18313	11
18314	10
18315	9
18316	10
18317	9
18318	8
18319	8
18320	9
18321	8
18322	7
18323	9
18324	10
18325	9
18326	9
18327	10
18328	9
18329	8
18330	9
18331	9
18332	10
18333	9
18334	8
18335	8
18336	9
18337	8
18338	7
18339	8
18340	8
18341	9
18342	8
18343	7
18344	7
18345	8
18346	7
18347	6
18348	6
18349	7
18350	9
18351	9
18352	9
18353	10
18354	10
18355	11
18356	10
18357	9
18358	11
18359	12
18360	11
18361	10
18362	11
18363	10
18364	9
18365	10
18366	9
18367	8
18368	9
18369	9
18370	9
18371	9
18372	10
18373	9
18374	8
18375	8
18376	9
18377	11
18378	12
18379	11
18380	10
18381	11
18382	10
18383	9
18384	10
18385	9
18386	8
18387	8
18388	9
18389	8
18390	7
18391	7
18392	7
18393	8
18394	10
18395	11
18396	10
18397	9
18398	10
18399	9
18400	8
18401	8
18402	7
18403	7
18404	8
18405	7
18406	6
18407	6
18408	7
18409	7
18410	8
18411	10
18412	11
18413	10
18414	9
18415	10
18416	9
18417	8
18418	9
18419	8
18420	7
18421	7
18422	8
18423	7
18424	6
18425	8
18426	9
18427	9
18428	10
18429	9
18430	8
18431	8
18432	9
18433	8
18434	7
18435	8
18436	7
18437	7
18438	8
18439	7
18440	6
18441	7
18442	7
18443	8
18444	7
18445	6
18446	6
18447	7
18448	6
18449	5
18450	5
18451	6
18452	6
18453	7
18454	9
18455	10
18456	10
18457	11
18458	11
18459	12
18460	11
18461	10
18462	12
18463	13
18464	12
18465	11
18466	12
18467	11
18468	10
18469	11
18470	10
18471	9
18472	9
18473	10
18474	10
18475	11
18476	10
18477	9
18478	11
18479	12
18480	11
18481	10
18482	11
18483	10
18484	9
18485	10
18486	9
18487	8
18488	9
18489	9
18490	10
18491	12
18492	13
18493	12
18494	11
18495	11
18496	10
18497	11
18498	10
18499	9
18500	9
18501	10
18502	9
18503	8
18504	8
18505	9
18506	11
18507	12
18508	11
18509	10
18510	11
18511	10
18512	9
18513	10
18514	9
18515	8
18516	8
18517	9
18518	8
18519	7
18520	8
18521	8
18522	9
18523	11
18524	12
18525	11
18526	10
18527	11
18528	10
18529	9
18530	9
18531	8
18532	8
18533	9
18534	8
18535	7
18536	7
18537	8
18538	10
18539	11
18540	10
18541	9
18542	10
18543	9
18544	8
18545	8
18546	7
18547	7
18548	8
18549	7
18550	6
18551	6
18552	7
18553	7
18554	8
18555	10
18556	11
18557	10
18558	9
18559	10
18560	9
18561	8
18562	9
18563	8
18564	7
18565	7
18566	8
18567	7
18568	6
18569	8
18570	9
18571	9
18572	10
18573	9
18574	8
18575	8
18576	9
18577	8
18578	7
18579	8
18580	7
18581	7
18582	8
18583	7
18584	6
18585	7
18586	7
18587	8
18588	7
18589	6
18590	6
18591	7
18592	6
18593	5
18594	7
18595	8
18596	8
18597	9
18598	9
18599	10
18600	12
18601	13
18602	12
18603	11
18604	12
18605	11
18606	10
18607	11
18608	10
18609	9
18610	9
18611	10
18612	9
18613	8
18614	10
18615	11
18616	11
18617	12
18618	11
18619	10
18620	10
18621	11
18622	10
18623	9
18624	10
18625	10
18626	11
18627	10
18628	9
18629	9
18630	10
18631	9
18632	8
18633	9
18634	9
18635	10
18636	9
18637	8
18638	7
18639	6
18640	7
18641	7
18642	8
18643	8
18644	9
18645	11
18646	12
18647	11
18648	10
18649	11
18650	10
18651	9
18652	10
18653	9
18654	8
18655	8
18656	9
18657	8
18658	7
18659	8
18660	9
18661	9
18662	10
18663	9
18664	8
18665	7
18666	8
18667	7
18668	7
18669	8
18670	7
18671	6
18672	6
18673	7
18674	7
18675	8
18676	10
18677	11
18678	10
18679	9
18680	10
18681	9
18682	8
18683	9
18684	8
18685	7
18686	6
18687	7
18688	8
18689	8
18690	8
18691	7
18692	7
18693	8
18694	7
18695	6
18696	7
18697	7
18698	8
18699	7
18700	6
18701	6
18702	7
18703	6
18704	5
18705	6
18706	6
18707	7
18708	9
18709	10
18710	10
18711	11
18712	10
18713	9
18714	9
18715	9
18716	8
18717	8
18718	8
18719	9
18720	8
18721	7
18722	8
18723	8
18724	9
18725	8
18726	7
18727	6
18728	6
18729	7
18730	7
18731	8
18732	7
18733	6
18734	8
18735	9
18736	8
18737	7
18738	8
18739	7
18740	6
18741	7
18742	6
18743	5
18744	5
18745	6
18746	7
18747	8
18748	8
18749	9
18750	8
18751	7
18752	6
18753	6
18754	6
18755	7
18756	6
18757	5
18758	5
18759	6
18760	6
18761	7
18762	6
18763	5
18764	7
18765	8
18766	7
18767	6
18768	7
18769	6
18770	5
18771	6
18772	5
18773	4
18774	4
18775	5
18776	7
18777	8
18778	8
18779	9
18780	9
18781	10
18782	12
18783	13
18784	13
18785	14
18786	13
18787	12
18788	12
18789	13
18790	12
18791	11
18792	12
18793	12
18794	13
18795	12
18796	11
18797	11
18798	12
18799	11
18800	10
18801	11
18802	11
18803	12
18804	11
18805	10
18806	10
18807	11
18808	10
18809	9
18810	9
18811	10
18812	10
18813	11
18814	10
18815	9
18816	11
18817	12
18818	11
18819	10
18820	11
18821	10
18822	9
18823	10
18824	9
18825	8
18826	10
18827	11
18828	10
18829	10
18830	11
18831	11
18832	12
18833	11
18834	10
18835	12
18836	13
18837	12
18838	11
18839	12
18840	11
18841	10
18842	11
18843	10
18844	9
18845	10
18846	10
18847	11
18848	11
18849	12
18850	11
18851	10
18852	11
18853	12
18854	11
18855	10
18856	11
18857	10
18858	9
18859	9
18860	10
18861	10
18862	11
18863	10
18864	9
18865	11
18866	12
18867	11
18868	10
18869	11
18870	10
18871	9
18872	9
18873	8
18874	9
18875	9
18876	10
18877	12
18878	13
18879	12
18880	11
18881	12
18882	11
18883	10
18884	10
18885	9
18886	9
18887	10
18888	9
18889	8
18890	8
18891	9
18892	11
18893	12
18894	11
18895	10
18896	10
18897	9
18898	9
18899	8
18900	8
18901	9
18902	8
18903	7
18904	7
18905	8
18906	8
18907	9
18908	11
18909	12
18910	12
18911	13
18912	12
18913	11
18914	11
18915	12
18916	11
18917	10
18918	11
18919	11
18920	12
18921	11
18922	10
18923	10
18924	11
18925	10
18926	9
18927	10
18928	10
18929	11
18930	10
18931	9
18932	9
18933	10
18934	9
18935	8
18936	8
18937	9
18938	9
18939	10
18940	9
18941	8
18942	10
18943	11
18944	10
18945	9
18946	10
18947	9
18948	8
18949	9
18950	8
18951	7
18952	9
18953	10
18954	10
18955	11
18956	11
18957	12
18958	11
18959	10
18960	12
18961	13
18962	12
18963	11
18964	12
18965	11
18966	10
18967	11
18968	10
18969	9
18970	9
18971	9
18972	9
18973	10
18974	9
18975	8
18976	9
18977	9
18978	9
18979	9
18980	10
18981	9
18982	8
18983	8
18984	9
18985	9
18986	10
18987	9
18988	8
18989	9
18990	10
18991	9
18992	8
18993	9
18994	8
18995	7
18996	7
18997	7
18998	8
18999	10
19000	11
19001	10
19002	9
19003	9
19004	8
19005	9
19006	8
19007	7
19008	7
19009	8
19010	7
19011	6
19012	6
19013	6
19014	7
19015	9
19016	10
19017	10
19018	11
19019	11
19020	12
19021	11
19022	10
19023	12
19024	12
19025	11
19026	12
19027	11
19028	10
19029	11
19030	10
19031	9
19032	9
19033	10
19034	10
19035	11
19036	10
19037	9
19038	11
19039	11
19040	10
19041	11
19042	10
19043	9
19044	9
19045	8
19046	8
19047	8
19048	9
19049	11
19050	12
19051	11
19052	10
19053	10
19054	9
19055	10
19056	9
19057	8
19058	8
19059	9
19060	8
19061	7
19062	8
19063	8
19064	9
19065	11
19066	12
19067	11
19068	10
19069	11
19070	10
19071	9
19072	9
19073	8
19074	8
19075	9
19076	8
19077	7
19078	7
19079	8
19080	10
19081	10
19082	9
19083	9
19084	8
19085	8
19086	7
19087	7
19088	8
19089	7
19090	6
19091	6
19092	7
19093	7
19094	8
19095	10
19096	11
19097	10
19098	9
19099	10
19100	9
19101	8
19102	9
19103	8
19104	7
19105	7
19106	8
19107	7
19108	6
19109	8
19110	9
19111	9
19112	10
19113	9
19114	8
19115	7
19116	8
19117	8
19118	8
19119	7
19120	7
19121	8
19122	7
19123	6
19124	7
19125	7
19126	8
19127	7
19128	6
19129	6
19130	7
19131	6
19132	5
19133	6
19134	6
19135	7
19136	9
19137	10
19138	10
19139	10
19140	10
19141	11
19142	10
19143	9
19144	9
19145	10
19146	10
19147	11
19148	10
19149	9
19150	11
19151	11
19152	10
19153	11
19154	10
19155	9
19156	10
19157	9
19158	8
19159	8
19160	8
19161	9
19162	11
19163	12
19164	11
19165	10
19166	11
19167	10
19168	9
19169	10
19170	9
19171	8
19172	8
19173	9
19174	8
19175	7
19176	7
19177	7
19178	8
19179	10
19180	11
19181	10
19182	9
19183	10
19184	9
19185	8
19186	8
19187	7
19188	7
19189	8
19190	7
19191	6
19192	6
19193	7
19194	7
19195	8
19196	10
19197	11
19198	10
19199	9
19200	10
19201	9
19202	8
19203	9
19204	8
19205	7
19206	7
19207	8
19208	7
19209	6
19210	8
19211	9
19212	8
19213	8
19214	9
19215	8
19216	7
19217	8
19218	8
19219	9
19220	8
19221	7
19222	7
19223	8
19224	7
19225	6
19226	7
19227	7
19228	8
19229	7
19230	6
19231	6
19232	7
19233	6
19234	5
19235	5
19236	6
19237	8
19238	9
19239	9
19240	9
19241	9
19242	10
19243	9
19244	8
19245	8
19246	9
19247	9
19248	10
19249	9
19250	8
19251	10
19252	11
19253	10
19254	9
19255	10
19256	9
19257	8
19258	9
19259	8
19260	7
19261	8
19262	8
19263	8
19264	8
19265	9
19266	8
19267	7
19268	7
19269	8
19270	10
19271	11
19272	10
19273	9
19274	10
19275	9
19276	8
19277	9
19278	8
19279	7
19280	7
19281	8
19282	7
19283	6
19284	7
19285	7
19286	8
19287	10
19288	11
19289	10
19290	9
19291	10
19292	9
19293	8
19294	8
19295	7
19296	7
19297	8
19298	7
19299	6
19300	6
19301	6
19302	6
19303	7
19304	6
19305	5
19306	5
19307	6
19308	6
19309	7
19310	9
19311	10
19312	9
19313	8
19314	9
19315	8
19316	7
19317	8
19318	7
19319	6
19320	6
19321	6
19322	5
19323	7
19324	8
19325	8
19326	9
19327	8
19328	7
19329	7
19330	8
19331	7
19332	6
19333	7
19334	6
19335	6
19336	7
19337	6
19338	5
19339	6
19340	6
19341	7
19342	6
19343	5
19344	5
19345	5
19346	4
19347	4
19348	5
19349	5
19350	6
19351	8
19352	9
19353	9
19354	10
19355	10
19356	11
19357	10
19358	9
19359	11
19360	12
19361	11
19362	10
19363	11
19364	10
19365	9
19366	10
19367	9
19368	8
19369	8
19370	9
19371	9
19372	10
19373	9
19374	8
19375	10
19376	11
19377	10
19378	9
19379	10
19380	9
19381	8
19382	9
19383	8
19384	7
19385	8
19386	8
19387	9
19388	11
19389	12
19390	11
19391	10
19392	11
19393	10
19394	9
19395	10
19396	9
19397	8
19398	8
19399	9
19400	8
19401	7
19402	7
19403	8
19404	10
19405	11
19406	10
19407	9
19408	9
19409	8
19410	9
19411	8
19412	7
19413	7
19414	8
19415	7
19416	6
19417	7
19418	7
19419	8
19420	10
19421	11
19422	10
19423	9
19424	10
19425	9
19426	8
19427	8
19428	7
19429	7
19430	8
19431	7
19432	6
19433	6
19434	7
19435	9
19436	9
19437	8
19438	9
19439	8
19440	7
19441	7
19442	6
19443	6
19444	6
19445	5
19446	5
19447	6
19448	6
19449	7
19450	8
19451	9
19452	8
19453	7
19454	8
19455	7
19456	6
19457	6
19458	7
19459	6
19460	5
19461	7
19462	8
19463	7
19464	7
19465	6
19466	7
19467	7
19468	8
19469	7
19470	6
19471	6
19472	7
19473	6
19474	5
19475	6
19476	6
19477	7
19478	6
19479	5
19480	5
19481	6
19482	5
19483	4
19484	6
19485	7
19486	7
19487	8
19488	8
19489	9
19490	11
19491	12
19492	11
19493	10
19494	11
19495	10
19496	9
19497	10
19498	9
19499	8
19500	8
19501	9
19502	8
19503	7
19504	8
19505	9
19506	8
19507	8
19508	9
19509	8
19510	7
19511	8
19512	8
19513	9
19514	8
19515	7
19516	6
19517	6
19518	7
19519	7
19520	8
19521	10
19522	11
19523	10
19524	9
19525	10
19526	9
19527	8
19528	9
19529	8
19530	7
19531	7
19532	8
19533	7
19534	6
19535	7
19536	8
19537	8
19538	9
19539	8
19540	7
19541	7
19542	8
19543	7
19544	6
19545	7
19546	7
19547	8
19548	7
19549	6
19550	6
19551	7
19552	6
19553	5
19554	6
19555	6
19556	7
19557	7
19558	8
19559	10
19560	11
19561	10
19562	9
19563	10
19564	9
19565	8
19566	8
19567	7
19568	7
19569	8
19570	7
19571	6
19572	8
19573	9
19574	9
19575	10
19576	9
19577	8
19578	8
19579	8
19580	7
19581	8
19582	8
19583	9
19584	8
19585	7
19586	7
19587	8
19588	7
19589	6
19590	7
19591	6
19592	6
19593	6
19594	5
19595	4
19596	5
19597	5
19598	6
19599	7
19600	8
19601	8
19602	9
19603	8
19604	7
19605	6
19606	6
19607	6
19608	7
19609	6
19610	5
19611	5
19612	6
19613	6
19614	7
19615	6
19616	5
19617	7
19618	8
19619	7
19620	6
19621	7
19622	6
19623	5
19624	6
19625	5
19626	4
19627	4
19628	5
19629	7
19630	8
19631	8
19632	9
19633	8
19634	7
19635	7
19636	7
19637	6
19638	6
19639	6
19640	7
19641	6
19642	5
19643	6
19644	5
19645	5
19646	5
19647	4
19648	4
19649	5
19650	5
19651	6
19652	5
19653	4
19654	6
19655	7
19656	6
19657	5
19658	6
19659	5
19660	4
19661	5
19662	4
19663	3
19664	4
19665	4
19666	5
19667	7
19668	8
19669	8
19670	8
19671	8
19672	9
19673	11
19674	12
19675	12
19676	13
19677	12
19678	11
19679	11
19680	12
19681	11
19682	10
19683	10
19684	10
19685	11
19686	10
19687	9
19688	10
19689	10
19690	11
19691	10
19692	9
19693	9
19694	10
19695	9
19696	8
19697	8
19698	9
19699	9
19700	10
19701	9
19702	8
19703	10
19704	11
19705	10
19706	9
19707	10
19708	9
19709	8
19710	9
19711	8
19712	7
19713	7
19714	8
19715	8
19716	9
19717	11
19718	12
19719	12
19720	13
19721	12
19722	11
19723	11
19724	12
19725	11
19726	10
19727	11
19728	11
19729	12
19730	11
19731	10
19732	10
19733	11
19734	10
19735	9
19736	10
19737	10
19738	11
19739	10
19740	9
19741	9
19742	9
19743	8
19744	8
19745	9
19746	9
19747	10
19748	9
19749	8
19750	10
19751	11
19752	10
19753	9
19754	10
19755	9
19756	8
19757	9
19758	8
19759	7
19760	9
19761	10
19762	10
19763	11
19764	10
19765	12
19766	13
19767	12
19768	11
19769	12
19770	11
19771	10
19772	11
19773	10
19774	9
19775	9
19776	10
19777	9
19778	10
19779	11
19780	10
19781	9
19782	10
19783	9
19784	8
19785	9
19786	9
19787	10
19788	10
19789	11
19790	10
19791	9
19792	11
19793	12
19794	11
19795	10
19796	11
19797	10
19798	9
19799	10
19800	9
19801	8
19802	8
19803	9
19804	9
19805	10
19806	9
19807	8
19808	10
19809	11
19810	10
19811	9
19812	9
19813	8
19814	9
19815	8
19816	7
19817	8
19818	8
19819	9
19820	11
19821	12
19822	11
19823	10
19824	10
19825	9
19826	10
19827	9
19828	8
19829	8
19830	9
19831	8
19832	7
19833	7
19834	8
19835	10
19836	11
19837	10
19838	9
19839	9
19840	8
19841	9
19842	8
19843	7
19844	7
19845	8
19846	7
19847	6
19848	7
19849	7
19850	8
19851	10
19852	11
19853	11
19854	12
19855	12
19856	13
19857	12
19858	11
19859	13
19860	14
19861	13
19862	12
19863	13
19864	12
19865	11
19866	12
19867	11
19868	10
19869	10
19870	10
19871	10
19872	11
19873	10
19874	9
19875	10
19876	10
19877	11
19878	13
19879	13
19880	12
19881	12
19882	11
19883	12
19884	11
19885	10
19886	10
19887	11
19888	10
19889	9
19890	9
19891	10
19892	12
19893	13
19894	12
19895	11
19896	11
19897	10
19898	11
19899	10
19900	9
19901	9
19902	10
19903	9
19904	8
19905	9
19906	9
19907	10
19908	12
19909	13
19910	12
19911	11
19912	12
19913	11
19914	10
19915	11
19916	10
19917	9
19918	9
19919	9
19920	8
19921	8
19922	9
19923	11
19924	11
19925	10
19926	11
19927	10
19928	9
19929	9
19930	8
19931	8
19932	9
19933	8
19934	7
19935	7
19936	8
19937	8
19938	9
19939	11
19940	12
19941	11
19942	10
19943	11
19944	10
19945	9
19946	10
19947	9
19948	8
19949	7
19950	9
19951	10
19952	10
19953	11
19954	10
19955	9
19956	8
19957	9
19958	9
19959	10
19960	9
19961	8
19962	8
19963	9
19964	8
19965	7
19966	8
19967	8
19968	9
19969	8
19970	7
19971	7
19972	8
19973	7
19974	6
19975	6
19976	6
19977	6
19978	7
19979	7
19980	8
19981	10
19982	11
19983	10
19984	9
19985	10
19986	9
19987	8
19988	9
19989	8
19990	7
19991	7
19992	8
19993	7
19994	6
19995	8
19996	9
19997	9
19998	9
19999	8
20000	7
20001	8
20002	8
20003	9
20004	8
20005	7
20006	6
20007	7
20008	7
20009	8
20010	7
20011	6
20012	6
20013	7
20014	6
20015	5
20016	6
20017	6
20018	7
20019	9
20020	9
20021	9
20022	10
20023	10
20024	11
20025	10
20026	9
20027	11
20028	12
20029	11
20030	10
20031	11
20032	10
20033	9
20034	10
20035	9
20036	8
20037	8
20038	8
20039	9
20040	11
20041	12
20042	11
20043	10
20044	11
20045	10
20046	9
20047	10
20048	9
20049	8
20050	8
20051	9
20052	8
20053	7
20054	7
20055	7
20056	8
20057	10
20058	11
20059	10
20060	9
20061	10
20062	9
20063	8
20064	8
20065	7
20066	7
20067	8
20068	7
20069	6
20070	6
20071	7
20072	7
20073	8
20074	10
20075	11
20076	10
20077	9
20078	10
20079	9
20080	8
20081	9
20082	8
20083	7
20084	7
20085	8
20086	7
20087	6
20088	8
20089	9
20090	8
20091	8
20092	9
20093	8
20094	7
20095	8
20096	8
20097	9
20098	8
20099	7
20100	7
20101	8
20102	7
20103	6
20104	7
20105	7
20106	8
20107	7
20108	6
20109	6
20110	7
20111	6
20112	5
20113	5
20114	6
20115	8
20116	9
20117	9
20118	10
20119	10
20120	11
20121	10
20122	9
20123	11
20124	11
20125	10
20126	10
20127	9
20128	9
20129	8
20130	8
20131	9
20132	9
20133	9
20134	8
20135	10
20136	11
20137	10
20138	9
20139	10
20140	9
20141	8
20142	9
20143	8
20144	7
20145	8
20146	8
20147	8
20148	8
20149	9
20150	8
20151	7
20152	7
20153	8
20154	10
20155	11
20156	10
20157	9
20158	10
20159	9
20160	8
20161	9
20162	8
20163	7
20164	7
20165	8
20166	7
20167	6
20168	6
20169	6
20170	7
20171	9
20172	10
20173	9
20174	8
20175	9
20176	8
20177	7
20178	7
20179	6
20180	6
20181	7
20182	6
20183	5
20184	5
20185	6
20186	6
20187	7
20188	9
20189	10
20190	9
20191	8
20192	9
20193	8
20194	7
20195	8
20196	7
20197	6
20198	6
20199	7
20200	6
20201	5
20202	7
20203	8
20204	8
20205	9
20206	8
20207	7
20208	7
20209	8
20210	7
20211	6
20212	7
20213	6
20214	6
20215	7
20216	6
20217	5
20218	6
20219	6
20220	7
20221	6
20222	5
20223	5
20224	6
20225	5
20226	4
20227	4
20228	5
20229	5
20230	6
20231	8
20232	9
20233	9
20234	10
20235	10
20236	11
20237	10
20238	9
20239	11
20240	12
20241	11
20242	10
20243	11
20244	10
20245	9
20246	10
20247	9
20248	8
20249	8
20250	9
20251	9
20252	10
20253	9
20254	8
20255	10
20256	11
20257	10
20258	9
20259	10
20260	9
20261	8
20262	9
20263	8
20264	7
20265	8
20266	8
20267	9
20268	11
20269	12
20270	11
20271	10
20272	10
20273	9
20274	10
20275	9
20276	8
20277	8
20278	9
20279	8
20280	7
20281	7
20282	8
20283	10
20284	11
20285	10
20286	9
20287	9
20288	8
20289	9
20290	8
20291	7
20292	7
20293	8
20294	7
20295	6
20296	7
20297	7
20298	8
20299	10
20300	11
20301	10
20302	9
20303	10
20304	9
20305	8
20306	8
20307	7
20308	7
20309	8
20310	7
20311	6
20312	6
20313	7
20314	9
20315	10
20316	9
20317	8
20318	9
20319	8
20320	7
20321	8
20322	7
20323	6
20324	6
20325	7
20326	6
20327	5
20328	5
20329	6
20330	6
20331	7
20332	9
20333	10
20334	9
20335	8
20336	9
20337	8
20338	7
20339	8
20340	7
20341	6
20342	6
20343	7
20344	6
20345	5
20346	7
20347	8
20348	8
20349	9
20350	8
20351	7
20352	7
20353	8
20354	7
20355	6
20356	7
20357	7
20358	8
20359	7
20360	6
20361	5
20362	6
20363	6
20364	7
20365	6
20366	5
20367	5
20368	6
20369	5
20370	4
20371	6
20372	7
20373	6
20374	6
20375	7
20376	7
20377	8
20378	10
20379	11
20380	10
20381	9
20382	10
20383	9
20384	8
20385	9
20386	8
20387	7
20388	7
20389	8
20390	7
20391	6
20392	8
20393	9
20394	9
20395	9
20396	8
20397	8
20398	9
20399	8
20400	7
20401	8
20402	8
20403	9
20404	8
20405	7
20406	7
20407	8
20408	7
20409	6
20410	7
20411	7
20412	8
20413	7
20414	6
20415	5
20416	6
20417	6
20418	7
20419	7
20420	8
20421	10
20422	11
20423	10
20424	9
20425	10
20426	9
20427	8
20428	9
20429	8
20430	7
20431	6
20432	7
20433	8
20434	8
20435	9
20436	8
20437	7
20438	7
20439	7
20440	6
20441	7
20442	7
20443	8
20444	7
20445	6
20446	6
20447	7
20448	6
20449	5
20450	5
20451	6
20452	6
20453	7
20454	9
20455	10
20456	9
20457	8
20458	9
20459	8
20460	7
20461	8
20462	7
20463	6
20464	6
20465	7
20466	6
20467	5
20468	6
20469	7
20470	6
20471	6
20472	7
20473	6
20474	5
20475	6
20476	6
20477	7
20478	6
20479	5
20480	4
20481	5
20482	5
20483	6
20484	8
20485	9
20486	9
20487	9
20488	8
20489	8
20490	9
20491	8
20492	7
20493	8
20494	8
20495	9
20496	8
20497	7
20498	6
20499	6
20500	6
20501	7
20502	6
20503	5
20504	5
20505	6
20506	6
20507	7
20508	6
20509	5
20510	7
20511	8
20512	7
20513	6
20514	7
20515	6
20516	5
20517	6
20518	5
20519	4
20520	4
20521	5
20522	6
20523	7
20524	6
20525	6
20526	7
20527	6
20528	5
20529	5
20530	5
20531	6
20532	5
20533	4
20534	4
20535	5
20536	5
20537	6
20538	5
20539	4
20540	6
20541	7
20542	6
20543	5
20544	6
20545	5
20546	4
20547	5
20548	4
20549	3
20550	3
20551	4
20552	6
20553	7
20554	7
20555	8
20556	8
20557	9
20558	11
20559	12
20560	12
20561	13
20562	12
20563	11
20564	11
20565	12
20566	11
20567	10
20568	11
20569	11
20570	12
20571	11
20572	10
20573	10
20574	10
20575	9
20576	10
20577	10
20578	11
20579	10
20580	9
20581	9
20582	10
20583	9
20584	8
20585	8
20586	9
20587	9
20588	10
20589	9
20590	8
20591	10
20592	11
20593	10
20594	9
20595	10
20596	9
20597	8
20598	9
20599	8
20600	7
20601	9
20602	9
20603	9
20604	10
20605	10
20606	11
20607	10
20608	9
20609	11
20610	12
20611	11
20612	10
20613	11
20614	10
20615	9
20616	10
20617	9
20618	8
20619	8
20620	8
20621	9
20622	9
20623	10
20624	9
20625	8
20626	9
20627	10
20628	9
20629	8
20630	9
20631	8
20632	7
20633	7
20634	7
20635	8
20636	10
20637	11
20638	10
20639	9
20640	10
20641	9
20642	8
20643	8
20644	7
20645	7
20646	8
20647	7
20648	6
20649	6
20650	7
20651	7
20652	8
20653	10
20654	11
20655	11
20656	12
20657	11
20658	10
20659	10
20660	11
20661	10
20662	9
20663	10
20664	10
20665	11
20666	10
20667	9
20668	9
20669	10
20670	9
20671	8
20672	9
20673	9
20674	10
20675	9
20676	8
20677	8
20678	9
20679	8
20680	7
20681	7
20682	8
20683	8
20684	9
20685	8
20686	7
20687	9
20688	10
20689	9
20690	8
20691	9
20692	8
20693	7
20694	8
20695	7
20696	6
20697	8
20698	9
20699	9
20700	10
20701	10
20702	11
20703	10
20704	9
20705	11
20706	12
20707	11
20708	10
20709	11
20710	10
20711	9
20712	10
20713	9
20714	8
20715	7
20716	8
20717	8
20718	9
20719	9
20720	10
20721	9
20722	8
20723	10
20724	11
20725	10
20726	9
20727	10
20728	9
20729	8
20730	8
20731	7
20732	7
20733	8
20734	8
20735	9
20736	8
20737	7
20738	8
20739	9
20740	8
20741	7
20742	8
20743	7
20744	6
20745	7
20746	7
20747	8
20748	10
20749	11
20750	10
20751	9
20752	9
20753	8
20754	9
20755	8
20756	7
20757	7
20758	8
20759	7
20760	6
20761	6
20762	7
20763	9
20764	10
20765	9
20766	8
20767	8
20768	7
20769	7
20770	6
20771	6
20772	7
20773	6
20774	5
20775	6
20776	6
20777	6
20778	6
20779	7
20780	7
20781	8
20782	10
20783	11
20784	10
20785	9
20786	10
20787	9
20788	8
20789	9
20790	8
20791	7
20792	7
20793	8
20794	7
20795	6
20796	8
20797	9
20798	9
20799	10
20800	9
20801	8
20802	7
20803	8
20804	8
20805	8
20806	7
20807	6
20808	7
20809	7
20810	8
20811	7
20812	6
20813	6
20814	7
20815	6
20816	5
20817	5
20818	6
20819	8
20820	9
20821	9
20822	10
20823	10
20824	11
20825	10
20826	9
20827	11
20828	12
20829	11
20830	10
20831	11
20832	10
20833	9
20834	10
20835	9
20836	8
20837	8
20838	8
20839	8
20840	9
20841	8
20842	7
20843	8
20844	8
20845	9
20846	11
20847	12
20848	11
20849	10
20850	10
20851	9
20852	10
20853	9
20854	8
20855	8
20856	9
20857	8
20858	7
20859	7
20860	7
20861	7
20862	8
20863	7
20864	6
20865	7
20866	7
20867	8
20868	9
20869	10
20870	9
20871	8
20872	8
20873	7
20874	7
20875	8
20876	7
20877	6
20878	6
20879	7
20880	9
20881	10
20882	9
20883	8
20884	9
20885	8
20886	7
20887	8
20888	7
20889	6
20890	6
20891	6
20892	5
20893	5
20894	6
20895	6
20896	7
20897	9
20898	10
20899	9
20900	8
20901	9
20902	8
20903	7
20904	8
20905	7
20906	6
20907	5
20908	7
20909	8
20910	8
20911	9
20912	8
20913	7
20914	7
20915	8
20916	7
20917	6
20918	7
20919	7
20920	8
20921	7
20922	6
20923	5
20924	6
20925	6
20926	7
20927	6
20928	5
20929	5
20930	5
20931	4
20932	4
20933	4
20934	5
20935	7
20936	8
20937	8
20938	9
20939	9
20940	10
20941	9
20942	8
20943	10
20944	10
20945	9
20946	9
20947	8
20948	8
20949	7
20950	7
20951	8
20952	8
20953	9
20954	8
20955	7
20956	9
20957	9
20958	8
20959	9
20960	8
20961	7
20962	8
20963	7
20964	6
20965	7
20966	7
20967	8
20968	10
20969	11
20970	10
20971	9
20972	9
20973	8
20974	9
20975	8
20976	7
20977	7
20978	8
20979	7
20980	6
20981	6
20982	6
20983	6
20984	7
20985	6
20986	5
20987	5
20988	5
20989	6
20990	8
20991	9
20992	8
20993	7
20994	8
20995	7
20996	6
20997	6
20998	5
20999	5
21000	6
21001	5
21002	4
21003	4
21004	5
21005	5
21006	6
21007	8
21008	9
21009	8
21010	7
21011	8
21012	7
21013	6
21014	7
21015	6
21016	5
21017	5
21018	6
21019	5
21020	4
21021	6
21022	7
21023	6
21024	6
21025	7
21026	6
21027	5
21028	6
21029	6
21030	7
21031	6
21032	5
21033	5
21034	5
21035	4
21036	5
21037	5
21038	6
21039	5
21040	4
21041	4
21042	5
21043	4
21044	3
21045	3
21046	4
21047	4
21048	5
21049	7
21050	8
21051	8
21052	9
21053	9
21054	10
21055	9
21056	8
21057	10
21058	11
21059	10
21060	9
21061	10
21062	9
21063	8
21064	9
21065	8
21066	7
21067	7
21068	8
21069	8
21070	9
21071	8
21072	7
21073	9
21074	10
21075	9
21076	8
21077	9
21078	8
21079	7
21080	8
21081	7
21082	6
21083	7
21084	7
21085	8
21086	10
21087	11
21088	10
21089	9
21090	9
21091	8
21092	9
21093	8
21094	7
21095	7
21096	8
21097	7
21098	6
21099	6
21100	7
21101	9
21102	9
21103	8
21104	8
21105	7
21106	8
21107	7
21108	6
21109	6
21110	6
21111	5
21112	6
21113	6
21114	7
21115	9
21116	10
21117	9
21118	8
21119	9
21120	8
21121	7
21122	8
21123	7
21124	6
21125	6
21126	7
21127	6
21128	5
21129	5
21130	6
21131	8
21132	9
21133	8
21134	7
21135	8
21136	7
21137	6
21138	6
21139	5
21140	5
21141	6
21142	5
21143	4
21144	4
21145	5
21146	5
21147	6
21148	7
21149	8
21150	7
21151	6
21152	7
21153	6
21154	5
21155	5
21156	6
21157	5
21158	4
21159	6
21160	7
21161	7
21162	6
21163	5
21164	6
21165	6
21166	7
21167	6
21168	5
21169	5
21170	6
21171	5
21172	4
21173	5
21174	5
21175	6
21176	5
21177	4
21178	4
21179	5
21180	4
21181	3
21182	5
21183	6
21184	6
21185	7
21186	7
21187	8
21188	10
21189	11
21190	10
21191	9
21192	10
21193	9
21194	8
21195	9
21196	8
21197	7
21198	7
21199	8
21200	7
21201	6
21202	7
21203	8
21204	8
21205	9
21206	8
21207	7
21208	7
21209	8
21210	7
21211	6
21212	7
21213	7
21214	8
21215	7
21216	6
21217	6
21218	7
21219	6
21220	5
21221	5
21222	6
21223	6
21224	7
21225	9
21226	10
21227	9
21228	8
21229	9
21230	8
21231	7
21232	8
21233	7
21234	6
21235	6
21236	7
21237	6
21238	5
21239	6
21240	7
21241	7
21242	8
21243	7
21244	6
21245	5
21246	6
21247	5
21248	5
21249	6
21250	5
21251	4
21252	5
21253	4
21254	4
21255	5
21256	5
21257	6
21258	8
21259	9
21260	8
21261	7
21262	7
21263	6
21264	7
21265	6
21266	5
21267	5
21268	6
21269	5
21270	4
21271	6
21272	7
21273	7
21274	7
21275	6
21276	6
21277	7
21278	6
21279	5
21280	6
21281	6
21282	6
21283	5
21284	5
21285	6
21286	5
21287	4
21288	5
21289	4
21290	4
21291	4
21292	3
21293	4
21294	4
21295	5
21296	6
21297	7
21298	6
21299	6
21300	7
21301	6
21302	5
21303	5
21304	5
21305	6
21306	5
21307	4
21308	4
21309	5
21310	5
21311	6
21312	5
21313	4
21314	6
21315	7
21316	6
21317	5
21318	6
21319	5
21320	4
21321	5
21322	4
21323	3
21324	3
21325	4
21326	6
21327	7
21328	7
21329	7
21330	6
21331	6
21332	7
21333	6
21334	5
21335	6
21336	5
21337	5
21338	5
21339	4
21340	4
21341	4
21342	5
21343	4
21344	3
21345	3
21346	4
21347	4
21348	5
21349	4
21350	3
21351	5
21352	6
21353	5
21354	4
21355	5
21356	4
21357	3
21358	4
21359	3
21360	2
21361	2
21362	3
21363	3
21364	4
21365	6
21366	7
21367	7
21368	8
21369	8
21370	9
21371	11
21372	12
21373	12
21374	12
21375	11
21376	11
21377	12
21378	11
21379	10
21380	11
21381	11
21382	11
21383	10
21384	10
21385	10
21386	9
21387	10
21388	10
21389	11
21390	10
21391	9
21392	9
21393	10
21394	9
21395	8
21396	8
21397	9
21398	9
21399	10
21400	9
21401	8
21402	10
21403	11
21404	10
21405	9
21406	10
21407	9
21408	8
21409	9
21410	8
21411	7
21412	9
21413	10
21414	10
21415	11
21416	11
21417	11
21418	10
21419	12
21420	12
21421	11
21422	12
21423	11
21424	10
21425	11
21426	10
21427	9
21428	9
21429	10
21430	10
21431	11
21432	10
21433	9
21434	11
21435	12
21436	11
21437	10
21438	11
21439	10
21440	9
21441	10
21442	9
21443	8
21444	9
21445	9
21446	10
21447	10
21448	11
21449	10
21450	9
21451	9
21452	10
21453	9
21454	8
21455	8
21456	9
21457	9
21458	9
21459	8
21460	10
21461	11
21462	10
21463	9
21464	10
21465	9
21466	8
21467	9
21468	8
21469	7
21470	8
21471	8
21472	9
21473	11
21474	12
21475	11
21476	10
21477	11
21478	10
21479	9
21480	9
21481	8
21482	8
21483	9
21484	8
21485	7
21486	7
21487	8
21488	10
21489	11
21490	10
21491	9
21492	10
21493	9
21494	8
21495	8
21496	7
21497	7
21498	8
21499	7
21500	6
21501	6
21502	7
21503	7
21504	8
21505	10
21506	11
21507	11
21508	12
21509	11
21510	10
21511	10
21512	11
21513	10
21514	9
21515	10
21516	10
21517	11
21518	10
21519	9
21520	9
21521	10
21522	9
21523	8
21524	9
21525	9
21526	10
21527	9
21528	8
21529	8
21530	9
21531	8
21532	7
21533	7
21534	8
21535	8
21536	9
21537	8
21538	7
21539	9
21540	10
21541	9
21542	8
21543	9
21544	8
21545	7
21546	8
21547	7
21548	6
21549	8
21550	9
21551	9
21552	10
21553	10
21554	11
21555	10
21556	9
21557	11
21558	12
21559	11
21560	10
21561	11
21562	10
21563	9
21564	10
21565	9
21566	8
21567	8
21568	9
21569	9
21570	10
21571	9
21572	8
21573	10
21574	10
21575	9
21576	8
21577	9
21578	8
21579	7
21580	8
21581	7
21582	7
21583	8
21584	8
21585	9
21586	8
21587	7
21588	8
21589	9
21590	8
21591	7
21592	8
21593	7
21594	6
21595	7
21596	7
21597	8
21598	10
21599	11
21600	10
21601	9
21602	9
21603	8
21604	9
21605	8
21606	7
21607	7
21608	8
21609	7
21610	6
21611	6
21612	7
21613	8
21614	9
21615	8
21616	7
21617	7
21618	6
21619	6
21620	7
21621	6
21622	5
21623	6
21624	6
21625	7
21626	9
21627	10
21628	10
21629	11
21630	11
21631	12
21632	11
21633	10
21634	12
21635	13
21636	12
21637	11
21638	12
21639	11
21640	10
21641	11
21642	10
21643	9
21644	9
21645	10
21646	10
21647	11
21648	10
21649	9
21650	11
21651	12
21652	11
21653	10
21654	11
21655	10
21656	9
21657	9
21658	8
21659	8
21660	8
21661	9
21662	10
21663	10
21664	9
21665	10
21666	9
21667	8
21668	8
21669	9
21670	8
21671	7
21672	8
21673	8
21674	9
21675	11
21676	12
21677	11
21678	10
21679	11
21680	10
21681	9
21682	10
21683	9
21684	8
21685	8
21686	9
21687	8
21688	7
21689	7
21690	8
21691	10
21692	11
21693	10
21694	9
21695	9
21696	8
21697	8
21698	7
21699	7
21700	8
21701	7
21702	6
21703	6
21704	7
21705	7
21706	8
21707	10
21708	11
21709	10
21710	9
21711	10
21712	9
21713	8
21714	9
21715	8
21716	7
21717	7
21718	8
21719	7
21720	6
21721	8
21722	9
21723	9
21724	10
21725	9
21726	8
21727	7
21728	8
21729	8
21730	9
21731	8
21732	7
21733	7
21734	8
21735	7
21736	6
21737	7
21738	7
21739	8
21740	7
21741	6
21742	6
21743	7
21744	6
21745	5
21746	5
21747	6
21748	8
21749	9
21750	9
21751	10
21752	10
21753	10
21754	9
21755	11
21756	12
21757	11
21758	10
21759	11
21760	10
21761	9
21762	10
21763	9
21764	8
21765	8
21766	8
21767	8
21768	9
21769	8
21770	7
21771	7
21772	7
21773	8
21774	10
21775	11
21776	10
21777	9
21778	9
21779	8
21780	9
21781	8
21782	7
21783	7
21784	7
21785	6
21786	7
21787	7
21788	8
21789	10
21790	10
21791	9
21792	9
21793	8
21794	8
21795	7
21796	7
21797	8
21798	7
21799	6
21800	6
21801	7
21802	9
21803	10
21804	9
21805	8
21806	9
21807	8
21808	7
21809	8
21810	7
21811	6
21812	6
21813	7
21814	6
21815	5
21816	5
21817	6
21818	6
21819	7
21820	9
21821	10
21822	9
21823	8
21824	9
21825	8
21826	7
21827	8
21828	7
21829	6
21830	6
21831	7
21832	6
21833	5
21834	7
21835	8
21836	8
21837	9
21838	8
21839	7
21840	7
21841	8
21842	7
21843	6
21844	7
21845	7
21846	8
21847	7
21848	6
21849	5
21850	6
21851	6
21852	7
21853	6
21854	5
21855	5
21856	6
21857	5
21858	4
21859	5
21860	5
21861	6
21862	8
21863	9
21864	9
21865	9
21866	9
21867	9
21868	8
21869	8
21870	8
21871	8
21872	8
21873	7
21874	8
21875	8
21876	9
21877	11
21878	12
21879	11
21880	10
21881	11
21882	10
21883	9
21884	10
21885	9
21886	8
21887	8
21888	9
21889	8
21890	7
21891	7
21892	7
21893	7
21894	8
21895	7
21896	6
21897	6
21898	6
21899	7
21900	9
21901	10
21902	9
21903	8
21904	9
21905	8
21906	7
21907	7
21908	6
21909	6
21910	7
21911	6
21912	5
21913	5
21914	6
21915	6
21916	7
21917	9
21918	10
21919	9
21920	8
21921	9
21922	8
21923	7
21924	8
21925	7
21926	6
21927	6
21928	7
21929	6
21930	5
21931	7
21932	8
21933	7
21934	7
21935	8
21936	7
21937	6
21938	7
21939	7
21940	7
21941	6
21942	6
21943	6
21944	5
21945	6
21946	6
21947	7
21948	6
21949	5
21950	5
21951	6
21952	5
21953	4
21954	4
21955	5
21956	7
21957	8
21958	8
21959	8
21960	8
21961	9
21962	8
21963	7
21964	7
21965	8
21966	8
21967	9
21968	8
21969	7
21970	9
21971	10
21972	9
21973	8
21974	9
21975	8
21976	7
21977	8
21978	7
21979	6
21980	7
21981	7
21982	7
21983	7
21984	8
21985	7
21986	6
21987	6
21988	7
21989	9
21990	10
21991	9
21992	8
21993	9
21994	8
21995	7
21996	8
21997	7
21998	6
21999	6
22000	7
22001	6
22002	5
22003	6
22004	6
22005	7
22006	9
22007	10
22008	9
22009	8
22010	9
22011	8
22012	7
22013	7
22014	6
22015	6
22016	7
22017	6
22018	5
22019	5
22020	6
22021	7
22022	7
22023	6
22024	6
22025	5
22026	5
22027	6
22028	5
22029	4
22030	4
22031	5
22032	5
22033	5
22034	7
22035	8
22036	7
22037	6
22038	7
22039	6
22040	5
22041	6
22042	5
22043	4
22044	6
22045	7
22046	7
22047	8
22048	7
22049	6
22050	6
22051	7
22052	6
22053	5
22054	6
22055	5
22056	5
22057	6
22058	5
22059	4
22060	5
22061	5
22062	6
22063	5
22064	4
22065	4
22066	5
22067	4
22068	3
22069	3
22070	4
22071	4
22072	5
22073	7
22074	8
22075	8
22076	9
22077	9
22078	10
22079	9
22080	8
22081	10
22082	11
22083	10
22084	9
22085	10
22086	9
22087	8
22088	9
22089	8
22090	7
22091	7
22092	8
22093	8
22094	9
22095	8
22096	7
22097	9
22098	10
22099	9
22100	8
22101	9
22102	8
22103	7
22104	8
22105	7
22106	6
22107	7
22108	7
22109	8
22110	10
22111	11
22112	10
22113	9
22114	9
22115	8
22116	9
22117	8
22118	7
22119	7
22120	8
22121	7
22122	6
22123	6
22124	7
22125	9
22126	10
22127	9
22128	8
22129	8
22130	7
22131	8
22132	7
22133	6
22134	6
22135	7
22136	6
22137	5
22138	6
22139	6
22140	7
22141	9
22142	10
22143	9
22144	8
22145	9
22146	8
22147	7
22148	7
22149	6
22150	6
22151	7
22152	6
22153	5
22154	5
22155	6
22156	8
22157	8
22158	7
22159	8
22160	7
22161	6
22162	6
22163	5
22164	5
22165	5
22166	4
22167	4
22168	5
22169	5
22170	6
22171	8
22172	8
22173	7
22174	7
22175	6
22176	7
22177	6
22178	5
22179	5
22180	6
22181	5
22182	4
22183	6
22184	6
22185	5
22186	6
22187	6
22188	7
22189	6
22190	5
22191	5
22192	6
22193	5
22194	4
22195	5
22196	5
22197	5
22198	4
22199	4
22200	5
22201	4
22202	3
22203	5
22204	6
22205	6
22206	7
22207	7
22208	8
22209	10
22210	11
22211	10
22212	9
22213	10
22214	9
22215	8
22216	9
22217	8
22218	7
22219	7
22220	8
22221	7
22222	6
22223	7
22224	8
22225	7
22226	7
22227	8
22228	7
22229	6
22230	7
22231	7
22232	8
22233	7
22234	6
22235	5
22236	5
22237	6
22238	6
22239	7
22240	9
22241	10
22242	9
22243	8
22244	9
22245	8
22246	7
22247	8
22248	7
22249	6
22250	6
22251	7
22252	6
22253	5
22254	6
22255	7
22256	7
22257	8
22258	7
22259	6
22260	6
22261	7
22262	6
22263	5
22264	6
22265	6
22266	7
22267	6
22268	5
22269	5
22270	6
22271	5
22272	4
22273	5
22274	5
22275	6
22276	6
22277	7
22278	9
22279	10
22280	9
22281	8
22282	9
22283	8
22284	7
22285	8
22286	7
22287	6
22288	6
22289	7
22290	6
22291	5
22292	7
22293	8
22294	8
22295	9
22296	8
22297	7
22298	7
22299	7
22300	6
22301	7
22302	7
22303	8
22304	7
22305	6
22306	6
22307	7
22308	6
22309	5
22310	6
22311	5
22312	5
22313	6
22314	5
22315	4
22316	3
22317	4
22318	4
22319	5
22320	6
22321	7
22322	7
22323	8
22324	7
22325	6
22326	5
22327	5
22328	5
22329	6
22330	5
22331	4
22332	4
22333	5
22334	5
22335	6
22336	5
22337	4
22338	6
22339	7
22340	6
22341	5
22342	6
22343	5
22344	4
22345	5
22346	4
22347	3
22348	3
22349	4
22350	6
22351	7
22352	7
22353	8
22354	7
22355	6
22356	6
22357	6
22358	5
22359	5
22360	5
22361	6
22362	5
22363	4
22364	5
22365	4
22366	4
22367	5
22368	4
22369	3
22370	3
22371	4
22372	4
22373	5
22374	4
22375	3
22376	5
22377	6
22378	5
22379	4
22380	5
22381	4
22382	3
22383	4
22384	3
22385	2
22386	4
22387	5
22388	4
22389	4
22390	5
22391	5
22392	6
22393	8
22394	9
22395	9
22396	10
22397	10
22398	11
22399	10
22400	9
22401	11
22402	12
22403	11
22404	10
22405	11
22406	10
22407	9
22408	10
22409	9
22410	8
22411	8
22412	9
22413	9
22414	10
22415	9
22416	8
22417	10
22418	11
22419	10
22420	9
22421	10
22422	9
22423	8
22424	9
22425	8
22426	7
22427	8
22428	8
22429	9
22430	11
22431	12
22432	11
22433	10
22434	10
22435	9
22436	10
22437	9
22438	8
22439	8
22440	9
22441	8
22442	7
22443	7
22444	8
22445	10
22446	11
22447	10
22448	9
22449	10
22450	9
22451	8
22452	9
22453	8
22454	7
22455	7
22456	7
22457	6
22458	7
22459	7
22460	8
22461	10
22462	11
22463	10
22464	9
22465	10
22466	9
22467	8
22468	8
22469	7
22470	7
22471	8
22472	7
22473	6
22474	6
22475	7
22476	8
22477	9
22478	8
22479	7
22480	8
22481	7
22482	6
22483	6
22484	7
22485	6
22486	5
22487	5
22488	6
22489	6
22490	7
22491	9
22492	10
22493	9
22494	8
22495	8
22496	7
22497	8
22498	7
22499	6
22500	6
22501	7
22502	6
22503	5
22504	7
22505	8
22506	8
22507	9
22508	8
22509	7
22510	7
22511	8
22512	7
22513	6
22514	7
22515	6
22516	6
22517	7
22518	6
22519	5
22520	6
22521	6
22522	7
22523	6
22524	5
22525	5
22526	6
22527	5
22528	4
22529	6
22530	7
22531	7
22532	8
22533	8
22534	9
22535	11
22536	12
22537	11
22538	10
22539	11
22540	10
22541	9
22542	10
22543	9
22544	8
22545	8
22546	9
22547	8
22548	7
22549	9
22550	10
22551	10
22552	10
22553	9
22554	9
22555	10
22556	9
22557	8
22558	9
22559	9
22560	10
22561	9
22562	8
22563	8
22564	9
22565	8
22566	7
22567	8
22568	8
22569	9
22570	8
22571	7
22572	6
22573	6
22574	7
22575	7
22576	8
22577	10
22578	11
22579	10
22580	9
22581	10
22582	9
22583	8
22584	9
22585	8
22586	7
22587	7
22588	8
22589	7
22590	6
22591	6
22592	7
22593	6
22594	6
22595	7
22596	6
22597	5
22598	6
22599	6
22600	7
22601	7
22602	8
22603	10
22604	11
22605	10
22606	9
22607	10
22608	9
22609	8
22610	9
22611	8
22612	7
22613	7
22614	8
22615	7
22616	6
22617	6
22618	7
22619	7
22620	8
22621	7
22622	6
22623	5
22624	5
22625	6
22626	6
22627	7
22628	9
22629	10
22630	9
22631	8
22632	9
22633	8
22634	7
22635	8
22636	7
22637	6
22638	6
22639	7
22640	6
22641	5
22642	6
22643	7
22644	7
22645	7
22646	6
22647	6
22648	7
22649	6
22650	5
22651	6
22652	6
22653	7
22654	6
22655	5
22656	5
22657	6
22658	5
22659	4
22660	5
22661	5
22662	6
22663	8
22664	9
22665	9
22666	10
22667	9
22668	8
22669	8
22670	8
22671	7
22672	7
22673	7
22674	8
22675	7
22676	6
22677	7
22678	7
22679	7
22680	6
22681	5
22682	5
22683	6
22684	6
22685	7
22686	6
22687	5
22688	6
22689	7
22690	6
22691	5
22692	5
22693	4
22694	3
22695	4
22696	4
22697	5
22698	5
22699	6
22700	8
22701	9
22702	9
22703	10
22704	10
22705	10
22706	9
22707	10
22708	11
22709	10
22710	9
22711	10
22712	9
22713	8
22714	8
22715	9
22716	9
22717	10
22718	9
22719	8
22720	9
22721	10
22722	9
22723	8
22724	9
22725	8
22726	7
22727	8
22728	8
22729	8
22730	8
22731	9
22732	8
22733	7
22734	7
22735	8
22736	10
22737	11
22738	10
22739	9
22740	9
22741	8
22742	9
22743	8
22744	7
22745	7
22746	8
22747	7
22748	6
22749	7
22750	7
22751	8
22752	10
22753	11
22754	10
22755	9
22756	10
22757	9
22758	8
22759	9
22760	8
22761	7
22762	7
22763	8
22764	7
22765	6
22766	6
22767	7
22768	9
22769	9
22770	8
22771	9
22772	8
22773	7
22774	7
22775	6
22776	6
22777	7
22778	6
22779	5
22780	5
22781	6
22782	6
22783	6
22784	8
22785	9
22786	8
22787	7
22788	7
22789	6
22790	7
22791	6
22792	5
22793	7
22794	8
22795	8
22796	9
22797	8
22798	7
22799	6
22800	7
22801	7
22802	8
22803	7
22804	6
22805	6
22806	7
22807	6
22808	5
22809	6
22810	6
22811	7
22812	6
22813	5
22814	5
22815	6
22816	5
22817	4
22818	5
22819	6
22820	6
22821	7
22822	7
22823	8
22824	9
22825	10
22826	9
22827	8
22828	9
22829	8
22830	7
22831	7
22832	7
22833	6
22834	7
22835	8
22836	8
22837	9
22838	8
22839	7
22840	7
22841	7
22842	6
22843	7
22844	7
22845	8
22846	7
22847	6
22848	6
22849	7
22850	6
22851	5
22852	5
22853	5
22854	5
22855	6
22856	8
22857	9
22858	8
22859	7
22860	7
22861	6
22862	7
22863	6
22864	5
22865	5
22866	6
22867	5
22868	4
22869	5
22870	5
22871	6
22872	7
22873	7
22874	7
22875	8
22876	7
22877	6
22878	6
22879	6
22880	7
22881	6
22882	5
22883	5
22884	6
22885	6
22886	7
22887	6
22888	5
22889	7
22890	8
22891	7
22892	6
22893	7
22894	6
22895	5
22896	6
22897	5
22898	4
22899	4
22900	5
22901	7
22902	8
22903	8
22904	8
22905	7
22906	7
22907	8
22908	7
22909	6
22910	7
22911	6
22912	6
22913	7
22914	6
22915	5
22916	5
22917	5
22918	6
22919	5
22920	4
22921	4
22922	5
22923	5
22924	6
22925	5
22926	4
22927	6
22928	7
22929	6
22930	5
22931	6
22932	5
22933	4
22934	5
22935	4
22936	3
22937	3
22938	4
22939	4
22940	5
22941	7
22942	8
22943	8
22944	9
22945	9
22946	10
22947	9
22948	8
22949	10
22950	10
22951	9
22952	10
22953	9
22954	8
22955	9
22956	8
22957	7
22958	7
22959	8
22960	8
22961	9
22962	8
22963	7
22964	9
22965	10
22966	9
22967	8
22968	9
22969	8
22970	7
22971	8
22972	7
22973	6
22974	7
22975	7
22976	7
22977	9
22978	10
22979	9
22980	8
22981	9
22982	8
22983	7
22984	8
22985	7
22986	6
22987	6
22988	7
22989	8
22990	8
22991	7
22992	8
22993	7
22994	6
22995	6
22996	6
22997	5
22998	6
22999	6
23000	6
23001	6
23002	7
23003	6
23004	5
23005	5
23006	6
23007	8
23008	9
23009	8
23010	7
23011	8
23012	7
23013	6
23014	6
23015	5
23016	5
23017	6
23018	5
23019	4
23020	4
23021	5
23022	5
23023	6
23024	8
23025	9
23026	8
23027	7
23028	8
23029	7
23030	6
23031	7
23032	6
23033	5
23034	5
23035	6
23036	5
23037	4
23038	6
23039	7
23040	6
23041	6
23042	7
23043	6
23044	5
23045	6
23046	6
23047	7
23048	6
23049	5
23050	5
23051	6
23052	5
23053	4
23054	5
23055	5
23056	6
23057	5
23058	4
23059	4
23060	5
23061	4
23062	3
23063	4
23064	5
23065	4
23066	4
23067	5
23068	5
23069	6
23070	8
23071	9
23072	8
23073	7
23074	8
23075	7
23076	6
23077	7
23078	6
23079	5
23080	5
23081	6
23082	5
23083	4
23084	5
23085	6
23086	6
23087	7
23088	6
23089	5
23090	5
23091	6
23092	5
23093	4
23094	5
23095	5
23096	6
23097	5
23098	4
23099	4
23100	4
23101	3
23102	4
23103	4
23104	5
23105	5
23106	6
23107	8
23108	9
23109	8
23110	7
23111	8
23112	7
23113	6
23114	7
23115	6
23116	5
23117	5
23118	6
23119	5
23120	4
23121	6
23122	7
23123	7
23124	8
23125	7
23126	6
23127	6
23128	6
23129	5
23130	5
23131	5
23132	6
23133	5
23134	4
23135	5
23136	4
23137	4
23138	5
23139	4
23140	3
23141	2
23142	3
23143	3
23144	4
23145	6
23146	7
23147	7
23148	7
23149	7
23150	8
23151	10
23152	11
23153	10
23154	9
23155	9
23156	8
23157	9
23158	8
23159	7
23160	7
23161	8
23162	7
23163	6
23164	6
23165	7
23166	7
23167	8
23168	10
23169	11
23170	10
23171	9
23172	10
23173	9
23174	8
23175	9
23176	8
23177	7
23178	7
23179	8
23180	7
23181	6
23182	8
23183	9
23184	9
23185	10
23186	9
23187	8
23188	8
23189	9
23190	8
23191	7
23192	8
23193	8
23194	9
23195	8
23196	7
23197	6
23198	7
23199	7
23200	8
23201	7
23202	6
23203	6
23204	7
23205	6
23206	5
23207	6
23208	6
23209	7
23210	9
23211	10
23212	10
23213	11
23214	10
23215	9
23216	9
23217	9
23218	8
23219	9
23220	9
23221	9
23222	8
23223	8
23224	9
23225	8
23226	7
23227	8
23228	8
23229	9
23230	8
23231	7
23232	7
23233	8
23234	7
23235	6
23236	6
23237	6
23238	8
23239	9
23240	8
23241	7
23242	8
23243	7
23244	6
23245	7
23246	6
23247	5
23248	4
23249	4
23250	4
23251	5
23252	7
23253	8
23254	8
23255	9
23256	8
23257	7
23258	7
23259	8
23260	7
23261	6
23262	7
23263	7
23264	7
23265	6
23266	6
23267	7
23268	6
23269	5
23270	5
23271	5
23272	6
23273	5
23274	4
23275	4
23276	5
23277	5
23278	6
23279	5
23280	4
23281	6
23282	7
23283	6
23284	5
23285	6
23286	5
23287	4
23288	5
23289	4
23290	3
23291	3
23292	4
23293	4
23294	5
23295	7
23296	8
23297	8
23298	9
23299	8
23300	7
23301	7
23302	8
23303	7
23304	6
23305	7
23306	7
23307	8
23308	7
23309	6
23310	6
23311	7
23312	6
23313	5
23314	6
23315	6
23316	7
23317	6
23318	5
23319	5
23320	6
23321	5
23322	4
23323	4
23324	5
23325	5
23326	5
23327	4
23328	6
23329	7
23330	6
23331	5
23332	6
23333	5
23334	4
23335	5
23336	4
23337	3
23338	5
23339	6
23340	5
23341	5
23342	6
23343	6
23344	7
23345	6
23346	5
23347	6
23348	7
23349	6
23350	5
23351	6
23352	5
23353	4
23354	5
23355	5
23356	6
23357	6
23358	7
23359	6
23360	5
23361	6
23362	7
23363	6
23364	5
23365	6
23366	5
23367	4
23368	4
23369	5
23370	5
23371	6
23372	5
23373	4
23374	5
23375	6
23376	5
23377	4
23378	5
23379	4
23380	3
23381	4
23382	4
23383	5
23384	7
23385	8
23386	7
23387	6
23388	6
23389	5
23390	5
23391	4
23392	4
23393	5
23394	4
23395	3
23396	3
23397	4
23398	5
23399	6
23400	5
23401	4
23402	4
23403	3
23404	3
23405	4
23406	3
23407	2
23408	2
23409	3
23410	4
23411	5
23412	4
23413	4
23414	5
23415	5
23416	6
23417	8
23418	9
23419	8
23420	7
23421	8
23422	7
23423	6
23424	7
23425	6
23426	5
23427	5
23428	6
23429	5
23430	4
23431	6
23432	7
23433	7
23434	8
23435	7
23436	6
23437	5
23438	6
23439	6
23440	7
23441	6
23442	5
23443	5
23444	6
23445	5
23446	4
23447	5
23448	5
23449	6
23450	5
23451	4
23452	4
23453	4
23454	3
23455	3
23456	3
23457	4
23458	6
23459	7
23460	7
23461	8
23462	7
23463	6
23464	6
23465	7
23466	6
23467	5
23468	6
23469	6
23470	7
23471	6
23472	5
23473	5
23474	5
23475	4
23476	4
23477	4
23478	5
23479	4
23480	3
23481	3
23482	4
23483	4
23484	5
23485	4
23486	3
23487	5
23488	6
23489	5
23490	4
23491	5
23492	4
23493	3
23494	4
23495	3
23496	2
23497	2
23498	3
23499	3
23500	4
23501	6
23502	7
23503	7
23504	8
23505	7
23506	6
23507	6
23508	7
23509	6
23510	5
23511	6
23512	6
23513	7
23514	6
23515	5
23516	5
23517	6
23518	5
23519	4
23520	5
23521	5
23522	6
23523	5
23524	4
23525	4
23526	5
23527	4
23528	3
23529	3
23530	4
23531	4
23532	4
23533	3
23534	5
23535	6
23536	5
23537	4
23538	5
23539	4
23540	3
23541	4
23542	3
23543	2
23544	4
23545	5
23546	5
23547	6
23548	6
23549	6
23550	5
23551	6
23552	7
23553	6
23554	5
23555	6
23556	5
23557	4
23558	4
23559	5
23560	5
23561	6
23562	5
23563	4
23564	5
23565	6
23566	5
23567	4
23568	5
23569	4
23570	3
23571	4
23572	3
23573	3
23574	4
23575	4
23576	5
23577	4
23578	3
23579	5
23580	6
23581	5
23582	4
23583	5
23584	4
23585	3
23586	4
23587	3
23588	2
23589	3
23590	3
23591	4
23592	5
23593	6
23594	5
23595	4
23596	4
23597	3
23598	3
23599	4
23600	3
23601	2
23602	2
23603	3
23604	5
23605	6
23606	5
23607	4
23608	5
23609	4
23610	3
23611	3
23612	2
23613	2
23614	3
23615	2
23616	1
23617	1
23618	2
23619	2
23620	3
23621	5
23622	6
23623	6
23624	7
23625	7
23626	8
23627	10
23628	11
23629	11
23630	12
23631	11
23632	10
23633	10
23634	11
23635	10
23636	9
23637	10
23638	10
23639	11
23640	10
23641	9
23642	9
23643	10
23644	9
23645	8
23646	9
23647	9
23648	10
23649	9
23650	8
23651	8
23652	9
23653	8
23654	7
23655	7
23656	8
23657	8
23658	9
23659	8
23660	7
23661	9
23662	10
23663	9
23664	8
23665	9
23666	8
23667	7
23668	8
23669	7
23670	6
23671	8
23672	9
23673	9
23674	10
23675	10
23676	11
23677	10
23678	9
23679	11
23680	11
23681	10
23682	9
23683	10
23684	9
23685	8
23686	8
23687	9
23688	9
23689	10
23690	9
23691	8
23692	10
23693	11
23694	10
23695	9
23696	10
23697	9
23698	8
23699	9
23700	8
23701	7
23702	8
23703	8
23704	9
23705	9
23706	10
23707	9
23708	8
23709	9
23710	10
23711	9
23712	8
23713	9
23714	8
23715	7
23716	6
23717	7
23718	7
23719	8
23720	10
23721	11
23722	10
23723	9
23724	10
23725	9
23726	8
23727	8
23728	7
23729	7
23730	8
23731	7
23732	6
23733	6
23734	7
23735	8
23736	9
23737	8
23738	7
23739	7
23740	6
23741	6
23742	7
23743	6
23744	5
23745	5
23746	6
23747	6
23748	7
23749	9
23750	10
23751	10
23752	11
23753	10
23754	9
23755	9
23756	9
23757	8
23758	9
23759	9
23760	10
23761	9
23762	8
23763	8
23764	9
23765	8
23766	7
23767	8
23768	8
23769	8
23770	7
23771	7
23772	7
23773	6
23774	6
23775	7
23776	7
23777	8
23778	7
23779	6
23780	8
23781	9
23782	8
23783	7
23784	8
23785	7
23786	6
23787	7
23788	6
23789	5
23790	7
23791	8
23792	8
23793	9
23794	9
23795	10
23796	9
23797	8
23798	10
23799	11
23800	10
23801	9
23802	10
23803	9
23804	8
23805	9
23806	8
23807	7
23808	7
23809	8
23810	8
23811	8
23812	7
23813	9
23814	9
23815	8
23816	8
23817	7
23818	8
23819	7
23820	6
23821	7
23822	7
23823	8
23824	8
23825	8
23826	7
23827	9
23828	10
23829	9
23830	8
23831	9
23832	8
23833	7
23834	8
23835	7
23836	6
23837	6
23838	7
23839	7
23840	8
23841	7
23842	6
23843	6
23844	7
23845	6
23846	5
23847	6
23848	6
23849	7
23850	9
23851	10
23852	9
23853	8
23854	8
23855	7
23856	8
23857	7
23858	6
23859	6
23860	7
23861	6
23862	5
23863	5
23864	6
23865	8
23866	9
23867	8
23868	7
23869	7
23870	6
23871	7
23872	6
23873	5
23874	5
23875	6
23876	5
23877	4
23878	5
23879	5
23880	6
23881	8
23882	9
23883	9
23884	9
23885	9
23886	9
23887	8
23888	8
23889	8
23890	8
23891	8
23892	7
23893	7
23894	7
23895	8
23896	10
23897	11
23898	10
23899	9
23900	9
23901	8
23902	9
23903	8
23904	7
23905	7
23906	8
23907	7
23908	6
23909	7
23910	7
23911	8
23912	10
23913	11
23914	10
23915	9
23916	10
23917	9
23918	8
23919	9
23920	8
23921	7
23922	7
23923	8
23924	7
23925	6
23926	6
23927	7
23928	9
23929	9
23930	8
23931	8
23932	7
23933	7
23934	6
23935	6
23936	7
23937	6
23938	5
23939	5
23940	6
23941	6
23942	7
23943	9
23944	10
23945	9
23946	8
23947	9
23948	8
23949	7
23950	8
23951	7
23952	6
23953	6
23954	7
23955	6
23956	5
23957	7
23958	8
23959	8
23960	9
23961	8
23962	7
23963	6
23964	7
23965	7
23966	7
23967	6
23968	6
23969	6
23970	5
23971	6
23972	6
23973	7
23974	6
23975	5
23976	5
23977	6
23978	5
23979	4
23980	4
23981	5
23982	7
23983	8
23984	8
23985	9
23986	9
23987	10
23988	9
23989	8
23990	10
23991	11
23992	10
23993	9
23994	10
23995	9
23996	8
23997	9
23998	8
23999	7
24000	7
24001	7
24002	7
24003	8
24004	7
24005	6
24006	7
24007	7
24008	8
24009	10
24010	11
24011	10
24012	9
24013	9
24014	8
24015	9
24016	8
24017	7
24018	7
24019	8
24020	7
24021	6
24022	6
24023	7
24024	8
24025	8
24026	7
24027	8
24028	7
24029	6
24030	6
24031	5
24032	6
24033	6
24034	7
24035	9
24036	9
24037	8
24038	9
24039	8
24040	7
24041	7
24042	6
24043	6
24044	7
24045	6
24046	5
24047	5
24048	6
24049	8
24050	9
24051	8
24052	7
24053	8
24054	7
24055	6
24056	7
24057	6
24058	5
24059	5
24060	6
24061	5
24062	4
24063	4
24064	5
24065	5
24066	5
24067	7
24068	8
24069	7
24070	6
24071	7
24072	6
24073	5
24074	6
24075	5
24076	4
24077	6
24078	7
24079	7
24080	8
24081	7
24082	6
24083	6
24084	7
24085	6
24086	5
24087	6
24088	6
24089	7
24090	6
24091	5
24092	4
24093	5
24094	5
24095	6
24096	5
24097	4
24098	4
24099	5
24100	4
24101	3
24102	4
24103	4
24104	5
24105	7
24106	8
24107	8
24108	9
24109	9
24110	10
24111	9
24112	8
24113	10
24114	10
24115	9
24116	9
24117	8
24118	8
24119	7
24120	7
24121	7
24122	7
24123	8
24124	7
24125	6
24126	7
24127	7
24128	8
24129	10
24130	11
24131	10
24132	9
24133	10
24134	9
24135	8
24136	9
24137	8
24138	7
24139	7
24140	8
24141	7
24142	6
24143	6
24144	6
24145	6
24146	7
24147	6
24148	5
24149	5
24150	5
24151	6
24152	7
24153	8
24154	7
24155	6
24156	6
24157	5
24158	5
24159	6
24160	5
24161	4
24162	4
24163	5
24164	5
24165	6
24166	8
24167	9
24168	8
24169	7
24170	8
24171	7
24172	6
24173	7
24174	6
24175	5
24176	5
24177	6
24178	5
24179	4
24180	6
24181	7
24182	6
24183	6
24184	7
24185	6
24186	5
24187	5
24188	5
24189	6
24190	5
24191	4
24192	5
24193	5
24194	6
24195	5
24196	4
24197	4
24198	4
24199	3
24200	3
24201	4
24202	6
24203	7
24204	7
24205	7
24206	7
24207	8
24208	7
24209	6
24210	6
24211	7
24212	7
24213	7
24214	6
24215	8
24216	9
24217	8
24218	7
24219	8
24220	7
24221	6
24222	7
24223	6
24224	5
24225	6
24226	6
24227	6
24228	6
24229	7
24230	6
24231	5
24232	5
24233	6
24234	8
24235	9
24236	8
24237	7
24238	8
24239	7
24240	6
24241	7
24242	6
24243	5
24244	5
24245	6
24246	5
24247	4
24248	4
24249	4
24250	5
24251	7
24252	8
24253	7
24254	6
24255	7
24256	6
24257	5
24258	5
24259	4
24260	4
24261	4
24262	3
24263	3
24264	4
24265	4
24266	5
24267	7
24268	8
24269	7
24270	6
24271	7
24272	6
24273	5
24274	6
24275	5
24276	4
24277	4
24278	5
24279	4
24280	3
24281	5
24282	6
24283	6
24284	7
24285	6
24286	5
24287	5
24288	6
24289	5
24290	4
24291	5
24292	4
24293	4
24294	5
24295	4
24296	3
24297	4
24298	4
24299	5
24300	4
24301	3
24302	3
24303	4
24304	3
24305	2
24306	2
24307	3
24308	3
24309	4
24310	6
24311	7
24312	7
24313	8
24314	8
24315	9
24316	8
24317	7
24318	9
24319	10
24320	9
24321	8
24322	8
24323	7
24324	8
24325	7
24326	6
24327	6
24328	7
24329	7
24330	8
24331	7
24332	6
24333	8
24334	8
24335	7
24336	8
24337	7
24338	6
24339	7
24340	6
24341	5
24342	6
24343	6
24344	7
24345	9
24346	10
24347	9
24348	8
24349	8
24350	7
24351	8
24352	7
24353	6
24354	6
24355	7
24356	6
24357	5
24358	5
24359	4
24360	5
24361	5
24362	6
24363	8
24364	9
24365	8
24366	7
24367	8
24368	7
24369	6
24370	6
24371	5
24372	5
24373	6
24374	5
24375	4
24376	4
24377	5
24378	7
24379	8
24380	7
24381	6
24382	7
24383	6
24384	5
24385	5
24386	4
24387	4
24388	5
24389	4
24390	3
24391	3
24392	4
24393	4
24394	5
24395	7
24396	7
24397	6
24398	7
24399	6
24400	5
24401	5
24402	4
24403	4
24404	5
24405	4
24406	3
24407	5
24408	5
24409	4
24410	5
24411	5
24412	6
24413	5
24414	4
24415	4
24416	5
24417	4
24418	3
24419	4
24420	4
24421	4
24422	3
24423	3
24424	3
24425	2
24426	4
24427	5
24428	5
24429	6
24430	6
24431	7
24432	9
24433	10
24434	9
24435	8
24436	9
24437	8
24438	7
24439	8
24440	7
24441	6
24442	6
24443	7
24444	6
24445	5
24446	6
24447	7
24448	7
24449	8
24450	7
24451	6
24452	6
24453	7
24454	6
24455	5
24456	6
24457	6
24458	7
24459	6
24460	5
24461	5
24462	6
24463	5
24464	4
24465	4
24466	5
24467	5
24468	6
24469	8
24470	9
24471	8
24472	7
24473	8
24474	7
24475	6
24476	7
24477	6
24478	5
24479	5
24480	6
24481	5
24482	4
24483	5
24484	6
24485	6
24486	7
24487	6
24488	5
24489	4
24490	5
24491	4
24492	4
24493	5
24494	4
24495	3
24496	4
24497	3
24498	3
24499	4
24500	4
24501	4
24502	4
24503	5
24504	4
24505	3
24506	5
24507	6
24508	6
24509	6
24510	5
24511	5
24512	6
24513	5
24514	4
24515	5
24516	5
24517	5
24518	4
24519	4
24520	5
24521	4
24522	3
24523	3
24524	2
24525	3
24526	3
24527	4
24528	5
24529	6
24530	5
24531	5
24532	6
24533	5
24534	4
24535	4
24536	4
24537	5
24538	4
24539	3
24540	3
24541	4
24542	4
24543	5
24544	4
24545	3
24546	5
24547	6
24548	5
24549	4
24550	5
24551	4
24552	3
24553	4
24554	3
24555	2
24556	2
24557	3
24558	5
24559	6
24560	6
24561	6
24562	5
24563	5
24564	6
24565	5
24566	4
24567	5
24568	4
24569	4
24570	5
24571	4
24572	3
24573	3
24574	3
24575	4
24576	3
24577	2
24578	2
24579	3
24580	3
24581	4
24582	3
24583	2
24584	4
24585	5
24586	4
24587	3
24588	4
24589	3
24590	2
24591	3
24592	2
24593	1
24594	3
24595	4
24596	4
24597	5
24598	5
24599	6
24600	8
24601	9
24602	9
24603	10
24604	10
24605	11
24606	10
24607	9
24608	11
24609	12
24610	11
24611	10
24612	11
24613	10
24614	9
24615	10
24616	9
24617	8
24618	8
24619	9
24620	9
24621	10
24622	9
24623	8
24624	10
24625	10
24626	9
24627	10
24628	9
24629	8
24630	9
24631	8
24632	7
24633	8
24634	8
24635	9
24636	11
24637	12
24638	11
24639	10
24640	10
24641	9
24642	10
24643	9
24644	8
24645	8
24646	9
24647	8
24648	7
24649	7
24650	8
24651	9
24652	10
24653	9
24654	8
24655	9
24656	8
24657	7
24658	7
24659	8
24660	7
24661	6
24662	7
24663	7
24664	7
24665	7
24666	7
24667	6
24668	6
24669	7
24670	9
24671	10
24672	9
24673	8
24674	9
24675	8
24676	7
24677	8
24678	7
24679	6
24680	6
24681	6
24682	5
24683	5
24684	6
24685	6
24686	7
24687	9
24688	10
24689	9
24690	8
24691	9
24692	8
24693	7
24694	7
24695	6
24696	6
24697	7
24698	6
24699	5
24700	7
24701	8
24702	8
24703	9
24704	8
24705	7
24706	7
24707	8
24708	7
24709	6
24710	7
24711	7
24712	8
24713	7
24714	6
24715	5
24716	6
24717	6
24718	7
24719	6
24720	5
24721	5
24722	6
24723	5
24724	4
24725	6
24726	7
24727	7
24728	8
24729	8
24730	9
24731	11
24732	12
24733	11
24734	10
24735	11
24736	10
24737	9
24738	10
24739	9
24740	8
24741	8
24742	9
24743	8
24744	7
24745	7
24746	8
24747	8
24748	9
24749	8
24750	7
24751	6
24752	6
24753	7
24754	7
24755	8
24756	10
24757	11
24758	10
24759	9
24760	10
24761	9
24762	8
24763	9
24764	8
24765	7
24766	7
24767	8
24768	7
24769	6
24770	8
24771	9
24772	9
24773	10
24774	9
24775	8
24776	8
24777	8
24778	7
24779	8
24780	8
24781	9
24782	8
24783	7
24784	7
24785	8
24786	7
24787	6
24788	7
24789	6
24790	5
24791	6
24792	6
24793	7
24794	7
24795	8
24796	10
24797	11
24798	10
24799	9
24800	10
24801	9
24802	8
24803	9
24804	8
24805	7
24806	7
24807	8
24808	7
24809	6
24810	7
24811	8
24812	8
24813	9
24814	8
24815	7
24816	7
24817	7
24818	6
24819	7
24820	7
24821	8
24822	7
24823	6
24824	6
24825	7
24826	6
24827	5
24828	5
24829	6
24830	6
24831	7
24832	9
24833	10
24834	9
24835	8
24836	9
24837	8
24838	7
24839	8
24840	7
24841	6
24842	6
24843	7
24844	6
24845	5
24846	5
24847	6
24848	5
24849	5
24850	6
24851	5
24852	4
24853	5
24854	5
24855	6
24856	8
24857	9
24858	9
24859	9
24860	8
24861	8
24862	9
24863	8
24864	7
24865	7
24866	7
24867	7
24868	6
24869	6
24870	6
24871	7
24872	6
24873	5
24874	5
24875	6
24876	6
24877	7
24878	6
24879	5
24880	6
24881	7
24882	6
24883	5
24884	5
24885	4
24886	3
24887	2
24888	3
24889	3
24890	4
24891	4
24892	5
24893	7
24894	8
24895	8
24896	9
24897	9
24898	10
24899	9
24900	8
24901	10
24902	11
24903	10
24904	9
24905	10
24906	9
24907	8
24908	9
24909	8
24910	7
24911	7
24912	8
24913	8
24914	9
24915	8
24916	7
24917	9
24918	9
24919	8
24920	9
24921	8
24922	7
24923	8
24924	7
24925	6
24926	7
24927	7
24928	7
24929	7
24930	8
24931	7
24932	6
24933	6
24934	7
24935	9
24936	10
24937	9
24938	8
24939	8
24940	7
24941	8
24942	7
24943	6
24944	6
24945	7
24946	6
24947	5
24948	6
24949	6
24950	6
24951	8
24952	9
24953	8
24954	7
24955	8
24956	7
24957	6
24958	7
24959	6
24960	5
24961	5
24962	6
24963	7
24964	8
24965	7
24966	6
24967	6
24968	5
24969	5
24970	5
24971	4
24972	4
24973	5
24974	5
24975	6
24976	8
24977	9
24978	8
24979	7
24980	8
24981	7
24982	6
24983	7
24984	6
24985	5
24986	5
24987	6
24988	5
24989	4
24990	6
24991	7
24992	7
24993	8
24994	7
24995	6
24996	5
24997	6
24998	6
24999	7
25000	6
25001	5
25002	5
25003	6
25004	5
25005	4
25006	5
25007	5
25008	6
25009	5
25010	4
25011	4
25012	5
25013	4
25014	3
25015	4
25016	5
25017	5
25018	6
25019	6
25020	7
25021	9
25022	10
25023	9
25024	8
25025	9
25026	8
25027	7
25028	8
25029	7
25030	6
25031	6
25032	7
25033	6
25034	5
25035	6
25036	7
25037	7
25038	8
25039	7
25040	6
25041	6
25042	7
25043	6
25044	5
25045	6
25046	6
25047	7
25048	6
25049	5
25050	5
25051	5
25052	4
25053	3
25054	4
25055	3
25056	3
25057	4
25058	4
25059	5
25060	7
25061	8
25062	7
25063	6
25064	7
25065	6
25066	5
25067	6
25068	5
25069	4
25070	4
25071	5
25072	4
25073	3
25074	5
25075	6
25076	6
25077	6
25078	5
25079	5
25080	6
25081	5
25082	4
25083	4
25084	4
25085	5
25086	4
25087	3
25088	4
25089	3
25090	3
25091	4
25092	3
25093	2
25094	2
25095	3
25096	3
25097	4
25098	6
25099	7
25100	7
25101	8
25102	8
25103	9
25104	8
25105	7
25106	8
25107	9
25108	8
25109	7
25110	8
25111	7
25112	6
25113	6
25114	7
25115	7
25116	7
25117	6
25118	7
25119	8
25120	7
25121	6
25122	7
25123	6
25124	5
25125	6
25126	6
25127	7
25128	9
25129	10
25130	9
25131	8
25132	9
25133	8
25134	7
25135	8
25136	7
25137	6
25138	6
25139	7
25140	6
25141	5
25142	5
25143	6
25144	8
25145	8
25146	7
25147	7
25148	6
25149	7
25150	6
25151	5
25152	5
25153	6
25154	5
25155	4
25156	5
25157	5
25158	5
25159	5
25160	6
25161	5
25162	4
25163	4
25164	5
25165	7
25166	8
25167	7
25168	6
25169	7
25170	6
25171	5
25172	5
25173	4
25174	4
25175	5
25176	4
25177	3
25178	3
25179	4
25180	4
25181	4
25182	6
25183	7
25184	6
25185	5
25186	6
25187	5
25188	4
25189	4
25190	3
25191	5
25192	6
25193	5
25194	5
25195	6
25196	5
25197	4
25198	5
25199	5
25200	6
25201	5
25202	4
25203	4
25204	5
25205	4
25206	3
25207	4
25208	4
25209	5
25210	4
25211	3
25212	3
25213	4
25214	3
25215	2
25216	3
25217	4
25218	4
25219	4
25220	4
25221	5
25222	7
25223	8
25224	7
25225	6
25226	7
25227	6
25228	5
25229	5
25230	4
25231	4
25232	5
25233	4
25234	3
25235	3
25236	4
25237	4
25238	5
25239	6
25240	7
25241	6
25242	5
25243	6
25244	5
25245	4
25246	4
25247	4
25248	3
25249	4
25250	5
25251	5
25252	5
25253	4
25254	4
25255	5
25256	4
25257	3
25258	4
25259	4
25260	5
25261	4
25262	3
25263	3
25264	4
25265	3
25266	2
25267	3
25268	3
25269	4
25270	5
25271	5
25272	5
25273	6
25274	5
25275	4
25276	4
25277	4
25278	5
25279	4
25280	3
25281	3
25282	4
25283	4
25284	5
25285	4
25286	3
25287	5
25288	6
25289	5
25290	4
25291	5
25292	4
25293	3
25294	4
25295	3
25296	2
25297	2
25298	3
25299	5
25300	6
25301	6
25302	7
25303	6
25304	5
25305	5
25306	5
25307	4
25308	4
25309	4
25310	5
25311	4
25312	3
25313	4
25314	3
25315	3
25316	4
25317	3
25318	2
25319	2
25320	3
25321	3
25322	4
25323	3
25324	2
25325	4
25326	5
25327	4
25328	3
25329	4
25330	3
25331	2
25332	3
25333	2
25334	1
25335	2
25336	2
25337	3
25338	5
25339	6
25340	6
25341	7
25342	7
25343	8
25344	10
25345	11
25346	10
25347	9
25348	10
25349	9
25350	8
25351	9
25352	8
25353	7
25354	7
25355	8
25356	7
25357	6
25358	8
25359	9
25360	9
25361	10
25362	9
25363	8
25364	8
25365	9
25366	8
25367	7
25368	8
25369	7
25370	7
25371	8
25372	7
25373	6
25374	7
25375	7
25376	8
25377	7
25378	6
25379	6
25380	7
25381	6
25382	5
25383	5
25384	5
25385	5
25386	6
25387	8
25388	9
25389	8
25390	7
25391	8
25392	7
25393	6
25394	6
25395	5
25396	5
25397	6
25398	5
25399	4
25400	4
25401	4
25402	5
25403	7
25404	8
25405	8
25406	9
25407	8
25408	7
25409	7
25410	8
25411	7
25412	6
25413	6
25414	6
25415	7
25416	6
25417	5
25418	6
25419	6
25420	7
25421	6
25422	5
25423	5
25424	6
25425	5
25426	4
25427	4
25428	5
25429	5
25430	6
25431	5
25432	4
25433	6
25434	7
25435	6
25436	5
25437	6
25438	5
25439	4
25440	5
25441	4
25442	3
25443	4
25444	4
25445	5
25446	7
25447	8
25448	8
25449	8
25450	7
25451	7
25452	8
25453	7
25454	6
25455	7
25456	6
25457	6
25458	6
25459	5
25460	6
25461	6
25462	6
25463	5
25464	5
25465	6
25466	5
25467	4
25468	4
25469	4
25470	6
25471	7
25472	6
25473	5
25474	6
25475	5
25476	4
25477	5
25478	4
25479	3
25480	2
25481	2
25482	3
25483	3
25484	4
25485	6
25486	7
25487	7
25488	8
25489	7
25490	6
25491	6
25492	7
25493	6
25494	5
25495	6
25496	6
25497	7
25498	6
25499	5
25500	5
25501	6
25502	5
25503	4
25504	5
25505	5
25506	6
25507	5
25508	4
25509	4
25510	5
25511	4
25512	3
25513	3
25514	4
25515	4
25516	4
25517	3
25518	5
25519	6
25520	5
25521	4
25522	5
25523	4
25524	3
25525	4
25526	3
25527	2
25528	4
25529	5
25530	5
25531	6
25532	6
25533	7
25534	6
25535	5
25536	6
25537	7
25538	6
25539	5
25540	6
25541	5
25542	4
25543	3
25544	4
25545	4
25546	5
25547	5
25548	6
25549	5
25550	4
25551	5
25552	6
25553	5
25554	4
25555	5
25556	4
25557	3
25558	3
25559	4
25560	4
25561	5
25562	4
25563	3
25564	4
25565	5
25566	4
25567	3
25568	4
25569	3
25570	2
25571	3
25572	3
25573	4
25574	6
25575	7
25576	6
25577	5
25578	5
25579	4
25580	4
25581	3
25582	3
25583	3
25584	2
25585	2
25586	3
25587	4
25588	5
25589	4
25590	3
25591	3
25592	2
25593	2
25594	3
25595	2
25596	1
25597	1
25598	2
25599	3
25600	4
25601	4
25602	5
25603	5
25604	6
25605	8
25606	9
25607	8
25608	7
25609	8
25610	7
25611	6
25612	7
25613	6
25614	5
25615	5
25616	6
25617	5
25618	4
25619	6
25620	7
25621	6
25622	6
25623	7
25624	6
25625	5
25626	6
25627	6
25628	7
25629	6
25630	5
25631	5
25632	6
25633	5
25634	4
25635	5
25636	5
25637	6
25638	5
25639	4
25640	4
25641	4
25642	3
25643	2
25644	2
25645	2
25646	3
25647	5
25648	6
25649	6
25650	7
25651	6
25652	5
25653	5
25654	6
25655	5
25656	4
25657	4
25658	4
25659	5
25660	4
25661	3
25662	4
25663	4
25664	5
25665	4
25666	3
25667	3
25668	3
25669	2
25670	2
25671	3
25672	3
25673	4
25674	3
25675	2
25676	4
25677	5
25678	4
25679	3
25680	4
25681	3
25682	2
25683	3
25684	2
25685	1
25686	1
25687	2
25688	2
25689	3
25690	5
25691	6
25692	6
25693	7
25694	6
25695	5
25696	5
25697	6
25698	5
25699	4
25700	5
25701	5
25702	6
25703	5
25704	4
25705	4
25706	5
25707	4
25708	3
25709	4
25710	4
25711	5
25712	4
25713	3
25714	3
25715	4
25716	3
25717	2
25718	2
25719	3
25720	3
25721	3
25722	2
25723	4
25724	5
25725	4
25726	3
25727	4
25728	3
25729	2
25730	3
25731	2
25732	1
25733	3
25734	4
25735	4
25736	5
25737	5
25738	6
25739	5
25740	4
25741	5
25742	6
25743	5
25744	4
25745	5
25746	4
25747	3
25748	3
25749	4
25750	4
25751	4
25752	3
25753	4
25754	5
25755	4
25756	3
25757	4
25758	3
25759	2
25760	3
25761	3
25762	4
25763	4
25764	5
25765	4
25766	3
25767	5
25768	6
25769	5
25770	4
25771	5
25772	4
25773	3
25774	4
25775	3
25776	2
25777	1
25778	2
25779	2
25780	3
25781	4
25782	5
25783	4
25784	3
25785	3
25786	2
25787	2
25788	3
25789	2
25790	1
25791	1
25792	2
25793	4
25794	5
25795	4
25796	3
25797	3
25798	2
25799	3
25800	2
25801	1
25802	1
25803	2
25804	1
25805	1
25806	3
25807	5
25808	6
25809	6
25810	7
25811	7
25812	8
25813	10
25814	11
25815	11
25816	12
25817	12
25818	13
25819	15
25820	16
25821	16
25822	15
25823	15
25824	14
25825	15
25826	15
25827	14
25828	14
25829	13
25830	14
25831	14
25832	13
25833	13
25834	12
25835	12
25836	13
25837	13
25838	12
25839	14
25840	13
25841	12
25842	11
25843	13
25844	14
25845	14
25846	15
25847	15
25848	14
25849	15
25850	14
25851	13
25852	13
25853	14
25854	14
25855	13
25856	15
25857	14
25858	13
25859	12
25860	13
25861	13
25862	14
25863	14
25864	13
25865	15
25866	14
25867	13
25868	12
25869	12
25870	13
25871	13
25872	12
25873	14
25874	13
25875	12
25876	11
25877	12
25878	12
25879	13
25880	15
25881	14
25882	13
25883	12
25884	12
25885	11
25886	11
25887	12
25888	14
25889	13
25890	12
25891	11
25892	11
25893	10
25894	10
25895	11
25896	11
25897	12
25898	14
25899	15
25900	15
25901	14
25902	14
25903	13
25904	14
25905	14
25906	13
25907	13
25908	12
25909	13
25910	13
25911	12
25912	12
25913	11
25914	11
25915	12
25916	12
25917	11
25918	13
25919	12
25920	11
25921	10
25922	12
25923	13
25924	13
25925	14
25926	14
25927	13
25928	15
25929	14
25930	13
25931	12
25932	12
25933	13
25934	13
25935	12
25936	13
25937	12
25938	11
25939	12
25940	12
25941	13
25942	13
25943	12
25944	14
25945	13
25946	12
25947	11
25948	11
25949	12
25950	12
25951	11
25952	13
25953	12
25954	11
25955	10
25956	11
25957	11
25958	12
25959	14
25960	13
25961	12
25962	11
25963	11
25964	10
25965	10
25966	11
25967	13
25968	12
25969	11
25970	10
25971	10
25972	9
25973	10
25974	10
25975	11
25976	13
25977	14
25978	14
25979	15
25980	15
25981	14
25982	16
25983	15
25984	14
25985	13
25986	13
25987	13
25988	13
25989	12
25990	13
25991	13
25992	13
25993	13
25994	12
25995	12
25996	13
25997	15
25998	14
25999	13
26000	12
26001	12
26002	11
26003	12
26004	12
26005	13
26006	15
26007	14
26008	13
26009	12
26010	12
26011	11
26012	11
26013	12
26014	14
26015	13
26016	12
26017	11
26018	11
26019	10
26020	10
26021	11
26022	11
26023	12
26024	14
26025	13
26026	12
26027	11
26028	11
26029	10
26030	12
26031	13
26032	13
26033	12
26034	11
26035	12
26036	12
26037	11
26038	11
26039	10
26040	11
26041	11
26042	10
26043	10
26044	9
26045	9
26046	10
26047	12
26048	13
26049	13
26050	14
26051	14
26052	13
26053	15
26054	14
26055	13
26056	12
26057	12
26058	13
26059	13
26060	12
26061	14
26062	13
26063	12
26064	11
26065	11
26066	11
26067	12
26068	14
26069	13
26070	12
26071	11
26072	11
26073	10
26074	11
26075	11
26076	12
26077	14
26078	13
26079	12
26080	11
26081	11
26082	10
26083	10
26084	11
26085	13
26086	12
26087	11
26088	10
26089	10
26090	9
26091	9
26092	10
26093	10
26094	11
26095	13
26096	12
26097	11
26098	10
26099	10
26100	9
26101	11
26102	12
26103	12
26104	11
26105	11
26106	10
26107	11
26108	11
26109	10
26110	9
26111	10
26112	10
26113	9
26114	9
26115	8
26116	9
26117	9
26118	10
26119	12
26120	13
26121	13
26122	13
26123	13
26124	12
26125	12
26126	13
26127	13
26128	12
26129	14
26130	13
26131	12
26132	11
26133	12
26134	12
26135	13
26136	15
26137	14
26138	13
26139	12
26140	12
26141	11
26142	11
26143	11
26144	11
26145	10
26146	11
26147	11
26148	12
26149	14
26150	13
26151	12
26152	11
26153	11
26154	10
26155	10
26156	11
26157	13
26158	12
26159	11
26160	10
26161	10
26162	9
26163	9
26164	10
26165	10
26166	11
26167	13
26168	12
26169	11
26170	10
26171	10
26172	9
26173	11
26174	12
26175	11
26176	11
26177	10
26178	11
26179	11
26180	10
26181	10
26182	9
26183	10
26184	10
26185	9
26186	9
26187	8
26188	8
26189	9
26190	11
26191	12
26192	12
26193	13
26194	13
26195	12
26196	14
26197	13
26198	12
26199	11
26200	11
26201	12
26202	12
26203	11
26204	13
26205	12
26206	11
26207	10
26208	11
26209	11
26210	11
26211	11
26212	10
26213	10
26214	11
26215	13
26216	12
26217	11
26218	10
26219	10
26220	9
26221	9
26222	9
26223	10
26224	12
26225	11
26226	10
26227	9
26228	9
26229	8
26230	8
26231	9
26232	9
26233	10
26234	12
26235	11
26236	10
26237	9
26238	9
26239	8
26240	10
26241	11
26242	11
26243	10
26244	10
26245	9
26246	10
26247	9
26248	9
26249	8
26250	9
26251	9
26252	8
26253	8
26254	7
26255	7
26256	8
26257	8
26258	9
26259	11
26260	12
26261	12
26262	13
26263	13
26264	12
26265	14
26266	13
26267	12
26268	11
26269	11
26270	12
26271	12
26272	11
26273	13
26274	12
26275	11
26276	10
26277	11
26278	11
26279	12
26280	14
26281	13
26282	12
26283	11
26284	11
26285	10
26286	10
26287	11
26288	13
26289	12
26290	11
26291	10
26292	10
26293	9
26294	10
26295	10
26296	11
26297	13
26298	12
26299	11
26300	10
26301	10
26302	9
26303	9
26304	10
26305	12
26306	11
26307	10
26308	9
26309	9
26310	8
26311	8
26312	9
26313	9
26314	10
26315	12
26316	11
26317	10
26318	9
26319	9
26320	8
26321	10
26322	11
26323	11
26324	10
26325	10
26326	9
26327	10
26328	9
26329	9
26330	8
26331	9
26332	9
26333	8
26334	8
26335	7
26336	9
26337	10
26338	10
26339	11
26340	11
26341	12
26342	14
26343	13
26344	12
26345	11
26346	11
26347	10
26348	12
26349	13
26350	13
26351	12
26352	12
26353	11
26354	12
26355	12
26356	11
26357	11
26358	10
26359	11
26360	11
26361	10
26362	9
26363	8
26364	9
26365	9
26366	10
26367	10
26368	11
26369	13
26370	12
26371	11
26372	10
26373	10
26374	9
26375	10
26376	11
26377	11
26378	10
26379	9
26380	10
26381	9
26382	9
26383	8
26384	8
26385	9
26386	9
26387	10
26388	12
26389	11
26390	10
26391	9
26392	9
26393	8
26394	9
26395	10
26396	10
26397	9
26398	9
26399	8
26400	9
26401	9
26402	8
26403	8
26404	7
26405	8
26406	8
26407	9
26408	11
26409	12
26410	12
26411	11
26412	11
26413	10
26414	10
26415	10
26416	9
26417	10
26418	10
26419	9
26420	8
26421	8
26422	9
26423	9
26424	8
26425	10
26426	9
26427	8
26428	7
26429	7
26430	8
26431	9
26432	10
26433	10
26434	9
26435	8
26436	8
26437	8
26438	7
26439	7
26440	8
26441	8
26442	7
26443	9
26444	8
26445	7
26446	6
26447	8
26448	9
26449	9
26450	10
26451	10
26452	11
26453	13
26454	14
26455	14
26456	15
26457	15
26458	14
26459	16
26460	15
26461	14
26462	13
26463	13
26464	14
26465	14
26466	13
26467	14
26468	13
26469	12
26470	13
26471	13
26472	14
26473	16
26474	15
26475	14
26476	13
26477	13
26478	12
26479	12
26480	12
26481	12
26482	11
26483	12
26484	12
26485	13
26486	15
26487	14
26488	13
26489	12
26490	12
26491	11
26492	11
26493	12
26494	14
26495	13
26496	12
26497	11
26498	11
26499	10
26500	10
26501	11
26502	11
26503	12
26504	14
26505	13
26506	12
26507	11
26508	11
26509	10
26510	12
26511	13
26512	13
26513	12
26514	12
26515	11
26516	12
26517	12
26518	11
26519	10
26520	11
26521	11
26522	10
26523	10
26524	9
26525	10
26526	11
26527	11
26528	12
26529	12
26530	13
26531	15
26532	14
26533	13
26534	12
26535	12
26536	11
26537	12
26538	13
26539	13
26540	12
26541	12
26542	11
26543	12
26544	12
26545	11
26546	11
26547	10
26548	10
26549	11
26550	11
26551	12
26552	14
26553	13
26554	12
26555	11
26556	11
26557	10
26558	11
26559	12
26560	12
26561	11
26562	10
26563	11
26564	10
26565	10
26566	9
26567	10
26568	10
26569	11
26570	13
26571	14
26572	14
26573	13
26574	13
26575	12
26576	13
26577	13
26578	12
26579	11
26580	11
26581	11
26582	10
26583	10
26584	11
26585	11
26586	10
26587	12
26588	11
26589	10
26590	9
26591	9
26592	10
26593	11
26594	12
26595	11
26596	11
26597	10
26598	10
26599	10
26600	9
26601	9
26602	10
26603	10
26604	9
26605	11
26606	10
26607	9
26608	8
26609	8
26610	9
26611	9
26612	10
26613	12
26614	13
26615	13
26616	14
26617	14
26618	13
26619	15
26620	14
26621	13
26622	12
26623	12
26624	13
26625	13
26626	12
26627	14
26628	13
26629	12
26630	11
26631	12
26632	12
26633	13
26634	15
26635	14
26636	13
26637	12
26638	12
26639	11
26640	11
26641	12
26642	14
26643	13
26644	12
26645	11
26646	11
26647	10
26648	11
26649	11
26650	12
26651	14
26652	13
26653	12
26654	11
26655	11
26656	10
26657	10
26658	11
26659	13
26660	12
26661	11
26662	10
26663	10
26664	9
26665	9
26666	10
26667	10
26668	11
26669	13
26670	12
26671	11
26672	10
26673	10
26674	9
26675	11
26676	12
26677	12
26678	11
26679	11
26680	10
26681	11
26682	10
26683	10
26684	9
26685	10
26686	10
26687	9
26688	9
26689	8
26690	10
26691	11
26692	11
26693	12
26694	12
26695	13
26696	15
26697	14
26698	13
26699	12
26700	12
26701	11
26702	13
26703	14
26704	14
26705	13
26706	13
26707	12
26708	13
26709	13
26710	12
26711	12
26712	11
26713	12
26714	12
26715	11
26716	10
26717	10
26718	11
26719	11
26720	12
26721	14
26722	13
26723	12
26724	11
26725	11
26726	10
26727	12
26728	13
26729	13
26730	12
26731	11
26732	12
26733	12
26734	11
26735	11
26736	10
26737	11
26738	11
26739	10
26740	10
26741	9
26742	10
26743	10
26744	11
26745	11
26746	12
26747	14
26748	13
26749	12
26750	11
26751	11
26752	10
26753	12
26754	13
26755	13
26756	12
26757	12
26758	11
26759	12
26760	12
26761	11
26762	11
26763	10
26764	11
26765	11
26766	10
26767	10
26768	9
26769	9
26770	10
26771	10
26772	11
26773	13
26774	12
26775	11
26776	10
26777	10
26778	9
26779	10
26780	11
26781	11
26782	10
26783	10
26784	9
26785	10
26786	10
26787	9
26788	9
26789	8
26790	9
26791	9
26792	10
26793	12
26794	13
26795	13
26796	12
26797	12
26798	11
26799	11
26800	11
26801	10
26802	11
26803	11
26804	10
26805	9
26806	9
26807	10
26808	10
26809	9
26810	11
26811	10
26812	9
26813	8
26814	8
26815	9
26816	11
26817	12
26818	12
26819	11
26820	11
26821	10
26822	10
26823	10
26824	9
26825	9
26826	9
26827	8
26828	8
26829	9
26830	9
26831	8
26832	10
26833	9
26834	8
26835	7
26836	8
26837	8
26838	9
26839	9
26840	10
26841	12
26842	13
26843	13
26844	14
26845	14
26846	13
26847	15
26848	14
26849	13
26850	12
26851	12
26852	13
26853	13
26854	12
26855	14
26856	13
26857	12
26858	11
26859	12
26860	12
26861	13
26862	15
26863	14
26864	13
26865	12
26866	12
26867	11
26868	11
26869	12
26870	14
26871	13
26872	12
26873	11
26874	11
26875	10
26876	11
26877	11
26878	12
26879	14
26880	13
26881	12
26882	11
26883	11
26884	10
26885	10
26886	11
26887	13
26888	12
26889	11
26890	10
26891	10
26892	9
26893	9
26894	10
26895	10
26896	11
26897	13
26898	12
26899	11
26900	10
26901	10
26902	9
26903	11
26904	12
26905	12
26906	11
26907	10
26908	11
26909	11
26910	10
26911	10
26912	9
26913	10
26914	10
26915	9
26916	9
26917	8
26918	10
26919	11
26920	11
26921	12
26922	12
26923	13
26924	15
26925	14
26926	13
26927	12
26928	12
26929	11
26930	12
26931	13
26932	13
26933	12
26934	12
26935	11
26936	12
26937	12
26938	11
26939	11
26940	10
26941	10
26942	10
26943	10
26944	11
26945	13
26946	12
26947	11
26948	10
26949	10
26950	9
26951	10
26952	9
26953	9
26954	10
26955	10
26956	11
26957	13
26958	12
26959	11
26960	10
26961	10
26962	9
26963	11
26964	12
26965	12
26966	11
26967	11
26968	10
26969	11
26970	11
26971	10
26972	10
26973	9
26974	10
26975	9
26976	9
26977	8
26978	9
26979	9
26980	10
26981	12
26982	13
26983	13
26984	12
26985	12
26986	11
26987	11
26988	11
26989	10
26990	10
26991	10
26992	9
26993	9
26994	10
26995	10
26996	9
26997	11
26998	10
26999	9
27000	8
27001	8
27002	9
27003	11
27004	12
27005	12
27006	11
27007	11
27008	10
27009	11
27010	10
27011	10
27012	9
27013	9
27014	9
27015	8
27016	8
27017	9
27018	9
27019	8
27020	10
27021	9
27022	8
27023	7
27024	7
27025	8
27026	8
27027	9
27028	11
27029	12
27030	12
27031	13
27032	13
27033	12
27034	14
27035	13
27036	12
27037	11
27038	11
27039	12
27040	12
27041	11
27042	13
27043	12
27044	11
27045	10
27046	11
27047	11
27048	12
27049	14
27050	13
27051	12
27052	11
27053	11
27054	10
27055	10
27056	11
27057	13
27058	12
27059	11
27060	10
27061	10
27062	9
27063	10
27064	10
27065	11
27066	13
27067	12
27068	11
27069	10
27070	10
27071	9
27072	9
27073	10
27074	12
27075	11
27076	10
27077	9
27078	9
27079	8
27080	8
27081	9
27082	9
27083	10
27084	12
27085	11
27086	10
27087	9
27088	9
27089	8
27090	10
27091	11
27092	10
27093	10
27094	9
27095	10
27096	10
27097	9
27098	9
27099	8
27100	9
27101	9
27102	8
27103	8
27104	7
27105	9
27106	10
27107	10
27108	10
27109	10
27110	11
27111	13
27112	12
27113	11
27114	10
27115	10
27116	9
27117	9
27118	10
27119	10
27120	11
27121	13
27122	12
27123	11
27124	10
27125	10
27126	9
27127	10
27128	11
27129	11
27130	10
27131	10
27132	9
27133	10
27134	10
27135	9
27136	9
27137	8
27138	9
27139	9
27140	10
27141	10
27142	11
27143	13
27144	12
27145	11
27146	10
27147	10
27148	9
27149	11
27150	12
27151	12
27152	11
27153	11
27154	10
27155	11
27156	11
27157	10
27158	10
27159	9
27160	10
27161	9
27162	9
27163	8
27164	8
27165	9
27166	9
27167	10
27168	12
27169	11
27170	10
27171	9
27172	9
27173	8
27174	9
27175	9
27176	9
27177	8
27178	9
27179	9
27180	8
27181	7
27182	8
27183	7
27184	7
27185	8
27186	10
27187	11
27188	11
27189	10
27190	10
27191	9
27192	9
27193	9
27194	8
27195	9
27196	8
27197	8
27198	7
27199	7
27200	8
27201	8
27202	7
27203	9
27204	8
27205	7
27206	6
27207	7
27208	7
27209	8
27210	10
27211	11
27212	11
27213	11
27214	11
27215	12
27216	14
27217	13
27218	12
27219	11
27220	11
27221	10
27222	10
27223	11
27224	11
27225	12
27226	14
27227	13
27228	12
27229	11
27230	11
27231	10
27232	12
27233	13
27234	13
27235	12
27236	12
27237	11
27238	12
27239	12
27240	11
27241	10
27242	11
27243	11
27244	10
27245	10
27246	9
27247	10
27248	10
27249	11
27250	13
27251	14
27252	14
27253	13
27254	13
27255	12
27256	13
27257	13
27258	12
27259	12
27260	11
27261	12
27262	12
27263	11
27264	11
27265	10
27266	10
27267	11
27268	11
27269	10
27270	12
27271	11
27272	10
27273	9
27274	9
27275	10
27276	12
27277	13
27278	13
27279	12
27280	11
27281	11
27282	11
27283	10
27284	10
27285	10
27286	9
27287	9
27288	10
27289	10
27290	9
27291	11
27292	10
27293	9
27294	8
27295	8
27296	8
27297	9
27298	11
27299	12
27300	12
27301	11
27302	11
27303	10
27304	11
27305	11
27306	10
27307	10
27308	9
27309	9
27310	9
27311	8
27312	8
27313	9
27314	9
27315	8
27316	10
27317	9
27318	8
27319	7
27320	7
27321	8
27322	8
27323	9
27324	11
27325	12
27326	12
27327	11
27328	11
27329	10
27330	11
27331	11
27332	10
27333	10
27334	9
27335	10
27336	10
27337	9
27338	9
27339	8
27340	8
27341	9
27342	9
27343	8
27344	10
27345	9
27346	8
27347	7
27348	9
27349	10
27350	9
27351	9
27352	10
27353	10
27354	9
27355	11
27356	10
27357	9
27358	8
27359	9
27360	9
27361	10
27362	10
27363	9
27364	10
27365	9
27366	8
27367	8
27368	9
27369	9
27370	8
27371	9
27372	8
27373	7
27374	8
27375	8
27376	9
27377	11
27378	10
27379	9
27380	8
27381	8
27382	7
27383	7
27384	8
27385	9
27386	8
27387	7
27388	7
27389	6
27390	6
27391	7
27392	9
27393	10
27394	10
27395	10
27396	10
27397	11
27398	13
27399	12
27400	11
27401	10
27402	10
27403	9
27404	9
27405	10
27406	10
27407	11
27408	13
27409	12
27410	11
27411	10
27412	10
27413	9
27414	11
27415	12
27416	12
27417	11
27418	10
27419	11
27420	11
27421	10
27422	10
27423	9
27424	10
27425	10
27426	9
27427	9
27428	8
27429	9
27430	8
27431	8
27432	9
27433	11
27434	12
27435	12
27436	11
27437	11
27438	10
27439	11
27440	11
27441	10
27442	10
27443	9
27444	10
27445	10
27446	9
27447	9
27448	8
27449	8
27450	9
27451	9
27452	8
27453	10
27454	9
27455	8
27456	7
27457	7
27458	7
27459	8
27460	10
27461	11
27462	11
27463	10
27464	10
27465	9
27466	10
27467	10
27468	9
27469	9
27470	8
27471	8
27472	8
27473	7
27474	7
27475	8
27476	8
27477	7
27478	9
27479	8
27480	7
27481	6
27482	6
27483	7
27484	7
27485	8
27486	10
27487	11
27488	11
27489	10
27490	10
27491	9
27492	10
27493	10
27494	9
27495	9
27496	8
27497	9
27498	9
27499	8
27500	8
27501	7
27502	7
27503	8
27504	8
27505	7
27506	9
27507	8
27508	7
27509	6
27510	8
27511	9
27512	9
27513	10
27514	10
27515	9
27516	10
27517	9
27518	8
27519	8
27520	9
27521	9
27522	8
27523	9
27524	8
27525	7
27526	8
27527	7
27528	7
27529	8
27530	8
27531	7
27532	9
27533	8
27534	7
27535	6
27536	7
27537	7
27538	8
27539	9
27540	8
27541	7
27542	7
27543	6
27544	6
27545	7
27546	9
27547	8
27548	7
27549	6
27550	6
27551	5
27552	5
27553	6
27554	6
27555	7
27556	9
27557	10
27558	10
27559	11
27560	11
27561	12
27562	14
27563	15
27564	15
27565	14
27566	14
27567	13
27568	14
27569	14
27570	13
27571	13
27572	12
27573	13
27574	13
27575	12
27576	12
27577	11
27578	11
27579	12
27580	12
27581	11
27582	13
27583	12
27584	11
27585	10
27586	12
27587	13
27588	13
27589	14
27590	14
27591	13
27592	14
27593	13
27594	12
27595	12
27596	13
27597	13
27598	12
27599	14
27600	13
27601	12
27602	11
27603	12
27604	12
27605	13
27606	13
27607	12
27608	14
27609	13
27610	12
27611	11
27612	11
27613	12
27614	12
27615	11
27616	13
27617	12
27618	11
27619	10
27620	11
27621	11
27622	12
27623	14
27624	13
27625	12
27626	11
27627	11
27628	10
27629	10
27630	11
27631	13
27632	12
27633	11
27634	10
27635	10
27636	9
27637	9
27638	10
27639	10
27640	11
27641	13
27642	14
27643	14
27644	13
27645	13
27646	12
27647	13
27648	13
27649	12
27650	12
27651	11
27652	12
27653	12
27654	11
27655	11
27656	10
27657	10
27658	11
27659	11
27660	10
27661	12
27662	11
27663	10
27664	9
27665	11
27666	12
27667	12
27668	13
27669	13
27670	12
27671	14
27672	13
27673	12
27674	11
27675	11
27676	12
27677	12
27678	11
27679	12
27680	11
27681	10
27682	11
27683	11
27684	12
27685	12
27686	11
27687	13
27688	12
27689	11
27690	10
27691	10
27692	11
27693	11
27694	10
27695	12
27696	11
27697	10
27698	9
27699	10
27700	10
27701	11
27702	13
27703	12
27704	11
27705	10
27706	10
27707	9
27708	9
27709	10
27710	12
27711	11
27712	10
27713	9
27714	9
27715	8
27716	9
27717	9
27718	10
27719	12
27720	13
27721	13
27722	14
27723	14
27724	13
27725	15
27726	14
27727	13
27728	12
27729	12
27730	12
27731	12
27732	11
27733	12
27734	12
27735	13
27736	15
27737	14
27738	13
27739	12
27740	12
27741	11
27742	11
27743	12
27744	14
27745	13
27746	12
27747	11
27748	11
27749	10
27750	11
27751	11
27752	12
27753	14
27754	13
27755	12
27756	11
27757	11
27758	10
27759	10
27760	11
27761	13
27762	12
27763	11
27764	10
27765	10
27766	9
27767	9
27768	10
27769	10
27770	11
27771	13
27772	12
27773	11
27774	10
27775	10
27776	9
27777	11
27778	12
27779	12
27780	11
27781	10
27782	11
27783	11
27784	10
27785	10
27786	9
27787	10
27788	10
27789	9
27790	9
27791	8
27792	8
27793	9
27794	11
27795	12
27796	12
27797	13
27798	13
27799	12
27800	14
27801	13
27802	12
27803	11
27804	11
27805	12
27806	12
27807	11
27808	13
27809	12
27810	11
27811	10
27812	10
27813	10
27814	11
27815	13
27816	12
27817	11
27818	10
27819	10
27820	9
27821	10
27822	10
27823	11
27824	13
27825	12
27826	11
27827	10
27828	10
27829	9
27830	9
27831	10
27832	12
27833	11
27834	10
27835	9
27836	9
27837	8
27838	8
27839	9
27840	9
27841	10
27842	12
27843	11
27844	10
27845	9
27846	9
27847	8
27848	10
27849	11
27850	11
27851	10
27852	10
27853	9
27854	10
27855	10
27856	9
27857	8
27858	9
27859	9
27860	8
27861	8
27862	7
27863	8
27864	8
27865	9
27866	11
27867	12
27868	12
27869	12
27870	12
27871	11
27872	11
27873	12
27874	12
27875	11
27876	13
27877	12
27878	11
27879	10
27880	11
27881	11
27882	12
27883	14
27884	13
27885	12
27886	11
27887	11
27888	10
27889	10
27890	10
27891	10
27892	9
27893	10
27894	10
27895	10
27896	10
27897	9
27898	9
27899	10
27900	12
27901	11
27902	10
27903	9
27904	9
27905	8
27906	8
27907	9
27908	9
27909	10
27910	12
27911	11
27912	10
27913	9
27914	9
27915	8
27916	10
27917	11
27918	10
27919	10
27920	9
27921	10
27922	10
27923	9
27924	9
27925	8
27926	9
27927	9
27928	8
27929	8
27930	7
27931	7
27932	8
27933	10
27934	11
27935	11
27936	12
27937	12
27938	11
27939	13
27940	12
27941	11
27942	10
27943	10
27944	10
27945	10
27946	9
27947	10
27948	10
27949	10
27950	10
27951	9
27952	9
27953	10
27954	12
27955	11
27956	10
27957	9
27958	9
27959	8
27960	8
27961	8
27962	9
27963	11
27964	10
27965	9
27966	8
27967	8
27968	7
27969	7
27970	8
27971	8
27972	9
27973	11
27974	10
27975	9
27976	8
27977	8
27978	7
27979	9
27980	9
27981	9
27982	8
27983	9
27984	8
27985	8
27986	7
27987	8
27988	8
27989	7
27990	7
27991	6
27992	6
27993	7
27994	7
27995	8
27996	10
27997	11
27998	11
27999	12
28000	12
28001	11
28002	13
28003	12
28004	11
28005	10
28006	10
28007	11
28008	11
28009	10
28010	12
28011	11
28012	10
28013	9
28014	10
28015	10
28016	9
28017	9
28018	10
28019	12
28020	11
28021	10
28022	9
28023	9
28024	8
28025	9
28026	9
28027	10
28028	12
28029	11
28030	10
28031	9
28032	9
28033	8
28034	8
28035	9
28036	11
28037	10
28038	9
28039	8
28040	8
28041	7
28042	7
28043	8
28044	8
28045	9
28046	11
28047	10
28048	9
28049	8
28050	8
28051	7
28052	9
28053	10
28054	10
28055	9
28056	9
28057	8
28058	9
28059	9
28060	8
28061	7
28062	8
28063	8
28064	7
28065	7
28066	6
28067	8
28068	9
28069	8
28070	8
28071	9
28072	9
28073	9
28074	9
28075	8
28076	10
28077	11
28078	11
28079	10
28080	10
28081	9
28082	10
28083	10
28084	9
28085	9
28086	8
28087	8
28088	7
28089	8
28090	8
28091	9
28092	9
28093	10
28094	12
28095	11
28096	10
28097	9
28098	9
28099	8
28100	9
28101	10
28102	10
28103	9
28104	9
28105	8
28106	9
28107	9
28108	8
28109	8
28110	7
28111	7
28112	8
28113	8
28114	9
28115	11
28116	10
28117	9
28118	8
28119	8
28120	7
28121	8
28122	9
28123	8
28124	8
28125	7
28126	8
28127	8
28128	7
28129	6
28130	7
28131	7
28132	8
28133	10
28134	11
28135	11
28136	10
28137	10
28138	9
28139	10
28140	10
28141	9
28142	8
28143	8
28144	8
28145	7
28146	7
28147	8
28148	8
28149	7
28150	9
28151	8
28152	7
28153	6
28154	6
28155	7
28156	8
28157	9
28158	8
28159	8
28160	7
28161	7
28162	7
28163	6
28164	6
28165	7
28166	7
28167	6
28168	8
28169	7
28170	6
28171	5
28172	7
28173	8
28174	8
28175	9
28176	9
28177	10
28178	12
28179	13
28180	13
28181	14
28182	14
28183	13
28184	15
28185	14
28186	13
28187	12
28188	12
28189	13
28190	13
28191	12
28192	14
28193	13
28194	12
28195	11
28196	12
28197	12
28198	13
28199	15
28200	14
28201	13
28202	12
28203	12
28204	11
28205	11
28206	12
28207	14
28208	13
28209	12
28210	11
28211	11
28212	10
28213	11
28214	11
28215	12
28216	14
28217	13
28218	12
28219	11
28220	11
28221	10
28222	10
28223	11
28224	13
28225	12
28226	11
28227	10
28228	10
28229	9
28230	9
28231	10
28232	10
28233	11
28234	13
28235	12
28236	11
28237	10
28238	10
28239	9
28240	11
28241	12
28242	12
28243	11
28244	11
28245	10
28246	11
28247	11
28248	10
28249	9
28250	10
28251	10
28252	9
28253	9
28254	8
28255	10
28256	11
28257	11
28258	12
28259	12
28260	13
28261	15
28262	14
28263	13
28264	12
28265	12
28266	11
28267	13
28268	14
28269	13
28270	13
28271	12
28272	13
28273	13
28274	12
28275	12
28276	11
28277	12
28278	12
28279	11
28280	11
28281	10
28282	10
28283	11
28284	11
28285	12
28286	14
28287	13
28288	12
28289	11
28290	11
28291	10
28292	12
28293	13
28294	13
28295	12
28296	12
28297	11
28298	12
28299	12
28300	11
28301	11
28302	10
28303	11
28304	11
28305	10
28306	9
28307	10
28308	10
28309	11
28310	11
28311	12
28312	14
28313	13
28314	12
28315	11
28316	11
28317	10
28318	11
28319	12
28320	12
28321	11
28322	11
28323	10
28324	11
28325	11
28326	10
28327	10
28328	9
28329	9
28330	10
28331	10
28332	11
28333	13
28334	12
28335	11
28336	10
28337	10
28338	9
28339	11
28340	12
28341	12
28342	11
28343	11
28344	10
28345	11
28346	11
28347	10
28348	10
28349	9
28350	10
28351	10
28352	9
28353	9
28354	8
28355	9
28356	9
28357	10
28358	12
28359	13
28360	13
28361	12
28362	12
28363	11
28364	11
28365	10
28366	10
28367	10
28368	9
28369	9
28370	10
28371	10
28372	9
28373	11
28374	10
28375	9
28376	8
28377	8
28378	9
28379	11
28380	12
28381	12
28382	11
28383	11
28384	10
28385	10
28386	10
28387	9
28388	9
28389	9
28390	8
28391	8
28392	9
28393	9
28394	8
28395	10
28396	9
28397	8
28398	7
28399	7
28400	8
28401	8
28402	9
28403	11
28404	12
28405	12
28406	13
28407	13
28408	12
28409	13
28410	12
28411	11
28412	11
28413	12
28414	12
28415	11
28416	13
28417	12
28418	11
28419	10
28420	11
28421	11
28422	12
28423	14
28424	13
28425	12
28426	11
28427	11
28428	10
28429	10
28430	11
28431	13
28432	12
28433	11
28434	10
28435	10
28436	9
28437	10
28438	10
28439	11
28440	13
28441	12
28442	11
28443	10
28444	10
28445	9
28446	9
28447	9
28448	9
28449	8
28450	8
28451	9
28452	9
28453	9
28454	11
28455	10
28456	9
28457	8
28458	10
28459	11
28460	11
28461	10
28462	10
28463	9
28464	10
28465	9
28466	9
28467	8
28468	9
28469	9
28470	8
28471	8
28472	7
28473	8
28474	9
28475	9
28476	10
28477	10
28478	11
28479	13
28480	12
28481	11
28482	10
28483	10
28484	9
28485	10
28486	11
28487	10
28488	10
28489	9
28490	10
28491	9
28492	9
28493	8
28494	8
28495	9
28496	9
28497	10
28498	12
28499	11
28500	10
28501	9
28502	9
28503	8
28504	9
28505	10
28506	10
28507	9
28508	9
28509	8
28510	9
28511	9
28512	8
28513	8
28514	7
28515	8
28516	8
28517	9
28518	11
28519	12
28520	12
28521	11
28522	11
28523	10
28524	10
28525	10
28526	9
28527	10
28528	10
28529	9
28530	8
28531	8
28532	9
28533	9
28534	8
28535	10
28536	9
28537	8
28538	7
28539	7
28540	8
28541	9
28542	9
28543	9
28544	8
28545	9
28546	8
28547	8
28548	7
28549	7
28550	8
28551	8
28552	7
28553	9
28554	8
28555	7
28556	6
28557	7
28558	7
28559	8
28560	8
28561	9
28562	11
28563	12
28564	12
28565	13
28566	13
28567	12
28568	14
28569	13
28570	12
28571	11
28572	11
28573	12
28574	12
28575	11
28576	13
28577	12
28578	11
28579	10
28580	11
28581	11
28582	12
28583	14
28584	13
28585	12
28586	11
28587	11
28588	10
28589	10
28590	11
28591	13
28592	12
28593	11
28594	10
28595	10
28596	9
28597	10
28598	10
28599	11
28600	13
28601	12
28602	11
28603	10
28604	10
28605	9
28606	9
28607	9
28608	9
28609	8
28610	8
28611	9
28612	9
28613	10
28614	12
28615	11
28616	10
28617	9
28618	9
28619	8
28620	10
28621	11
28622	11
28623	10
28624	9
28625	10
28626	10
28627	9
28628	9
28629	8
28630	9
28631	9
28632	8
28633	8
28634	7
28635	9
28636	10
28637	10
28638	11
28639	11
28640	12
28641	14
28642	13
28643	12
28644	11
28645	11
28646	10
28647	11
28648	12
28649	12
28650	11
28651	11
28652	10
28653	11
28654	11
28655	10
28656	10
28657	9
28658	9
28659	9
28660	9
28661	10
28662	12
28663	11
28664	10
28665	9
28666	9
28667	8
28668	9
28669	9
28670	10
28671	10
28672	11
28673	13
28674	12
28675	11
28676	10
28677	10
28678	9
28679	10
28680	10
28681	10
28682	9
28683	10
28684	9
28685	9
28686	8
28687	8
28688	9
28689	9
28690	10
28691	12
28692	11
28693	10
28694	9
28695	9
28696	8
28697	10
28698	11
28699	11
28700	10
28701	10
28702	9
28703	10
28704	10
28705	9
28706	9
28707	8
28708	9
28709	8
28710	7
28711	8
28712	7
28713	7
28714	8
28715	10
28716	11
28717	11
28718	10
28719	10
28720	9
28721	9
28722	9
28723	8
28724	8
28725	8
28726	7
28727	7
28728	8
28729	8
28730	7
28731	9
28732	8
28733	7
28734	6
28735	6
28736	7
28737	7
28738	8
28739	10
28740	11
28741	11
28742	12
28743	12
28744	11
28745	13
28746	12
28747	11
28748	10
28749	10
28750	11
28751	11
28752	10
28753	12
28754	11
28755	10
28756	9
28757	10
28758	10
28759	11
28760	13
28761	12
28762	11
28763	10
28764	10
28765	9
28766	9
28767	10
28768	12
28769	11
28770	10
28771	9
28772	9
28773	8
28774	9
28775	9
28776	10
28777	12
28778	11
28779	10
28780	9
28781	9
28782	8
28783	8
28784	9
28785	11
28786	10
28787	9
28788	8
28789	8
28790	7
28791	7
28792	8
28793	8
28794	9
28795	11
28796	10
28797	9
28798	8
28799	8
28800	7
28801	9
28802	10
28803	9
28804	9
28805	8
28806	9
28807	9
28808	8
28809	8
28810	7
28811	8
28812	8
28813	7
28814	7
28815	6
28816	8
28817	9
28818	9
28819	9
28820	9
28821	10
28822	12
28823	11
28824	10
28825	9
28826	9
28827	8
28828	8
28829	9
28830	9
28831	10
28832	12
28833	11
28834	10
28835	9
28836	9
28837	8
28838	9
28839	10
28840	10
28841	9
28842	9
28843	8
28844	9
28845	9
28846	8
28847	8
28848	7
28849	8
28850	8
28851	9
28852	9
28853	10
28854	12
28855	11
28856	10
28857	9
28858	9
28859	8
28860	10
28861	11
28862	11
28863	10
28864	10
28865	9
28866	10
28867	10
28868	9
28869	9
28870	8
28871	9
28872	8
28873	8
28874	7
28875	6
28876	7
28877	7
28878	8
28879	10
28880	11
28881	11
28882	10
28883	10
28884	9
28885	9
28886	9
28887	8
28888	8
28889	8
28890	7
28891	7
28892	8
28893	8
28894	7
28895	9
28896	8
28897	7
28898	6
28899	6
28900	7
28901	9
28902	10
28903	10
28904	9
28905	9
28906	8
28907	8
28908	8
28909	7
28910	8
28911	7
28912	7
28913	6
28914	6
28915	7
28916	7
28917	6
28918	8
28919	7
28920	6
28921	5
28922	6
28923	6
28924	7
28925	9
28926	10
28927	10
28928	11
28929	11
28930	12
28931	14
28932	13
28933	12
28934	11
28935	11
28936	10
28937	12
28938	13
28939	13
28940	12
28941	12
28942	11
28943	12
28944	11
28945	11
28946	10
28947	11
28948	11
28949	10
28950	10
28951	9
28952	9
28953	9
28954	9
28955	10
28956	12
28957	11
28958	10
28959	9
28960	9
28961	8
28962	8
28963	8
28964	9
28965	11
28966	12
28967	12
28968	11
28969	11
28970	10
28971	10
28972	10
28973	9
28974	10
28975	10
28976	9
28977	9
28978	8
28979	8
28980	9
28981	9
28982	8
28983	10
28984	9
28985	8
28986	7
28987	8
28988	8
28989	9
28990	11
28991	12
28992	12
28993	11
28994	11
28995	10
28996	11
28997	11
28998	10
28999	10
29000	9
29001	10
29002	10
29003	9
29004	9
29005	8
29006	8
29007	9
29008	9
29009	8
29010	10
29011	9
29012	8
29013	7
29014	7
29015	8
29016	10
29017	11
29018	10
29019	10
29020	9
29021	9
29022	9
29023	8
29024	8
29025	8
29026	7
29027	7
29028	8
29029	8
29030	7
29031	9
29032	8
29033	7
29034	6
29035	6
29036	7
29037	7
29038	8
29039	10
29040	11
29041	11
29042	10
29043	10
29044	9
29045	10
29046	10
29047	9
29048	9
29049	8
29050	9
29051	9
29052	8
29053	8
29054	7
29055	7
29056	8
29057	8
29058	7
29059	9
29060	8
29061	7
29062	6
29063	8
29064	9
29065	9
29066	10
29067	10
29068	9
29069	11
29070	10
29071	9
29072	8
29073	7
29074	8
29075	8
29076	9
29077	9
29078	8
29079	9
29080	8
29081	7
29082	7
29083	8
29084	8
29085	7
29086	8
29087	7
29088	6
29089	7
29090	7
29091	8
29092	10
29093	9
29094	8
29095	7
29096	7
29097	6
29098	6
29099	7
29100	8
29101	7
29102	6
29103	6
29104	5
29105	5
29106	6
29107	8
29108	9
29109	9
29110	10
29111	10
29112	11
29113	13
29114	12
29115	11
29116	10
29117	10
29118	9
29119	11
29120	12
29121	11
29122	11
29123	10
29124	11
29125	11
29126	10
29127	10
29128	9
29129	10
29130	10
29131	9
29132	9
29133	8
29134	8
29135	8
29136	8
29137	9
29138	11
29139	10
29140	9
29141	8
29142	8
29143	7
29144	7
29145	7
29146	8
29147	10
29148	11
29149	11
29150	10
29151	10
29152	9
29153	9
29154	9
29155	8
29156	9
29157	9
29158	8
29159	8
29160	7
29161	7
29162	8
29163	8
29164	7
29165	9
29166	8
29167	7
29168	6
29169	7
29170	6
29171	6
29172	7
29173	9
29174	10
29175	10
29176	9
29177	9
29178	8
29179	9
29180	9
29181	8
29182	7
29183	8
29184	8
29185	7
29186	7
29187	6
29188	6
29189	7
29190	7
29191	6
29192	8
29193	7
29194	6
29195	5
29196	5
29197	6
29198	6
29199	7
29200	9
29201	10
29202	10
29203	9
29204	9
29205	8
29206	9
29207	9
29208	8
29209	8
29210	7
29211	8
29212	8
29213	7
29214	7
29215	6
29216	6
29217	7
29218	7
29219	6
29220	8
29221	7
29222	6
29223	5
29224	7
29225	8
29226	8
29227	9
29228	9
29229	8
29230	9
29231	8
29232	7
29233	7
29234	8
29235	8
29236	7
29237	8
29238	7
29239	6
29240	7
29241	7
29242	8
29243	8
29244	7
29245	9
29246	8
29247	7
29248	6
29249	5
29250	6
29251	6
29252	7
29253	8
29254	7
29255	6
29256	6
29257	5
29258	5
29259	6
29260	8
29261	7
29262	6
29263	5
29264	5
29265	4
29266	5
29267	5
29268	6
29269	8
29270	9
29271	9
29272	10
29273	10
29274	11
29275	13
29276	14
29277	14
29278	15
29279	15
29280	14
29281	15
29282	14
29283	13
29284	13
29285	14
29286	14
29287	13
29288	15
29289	14
29290	13
29291	12
29292	13
29293	13
29294	14
29295	15
29296	14
29297	13
29298	13
29299	12
29300	12
29301	12
29302	12
29303	11
29304	12
29305	12
29306	13
29307	15
29308	14
29309	13
29310	12
29311	12
29312	11
29313	11
29314	12
29315	14
29316	13
29317	12
29318	11
29319	11
29320	10
29321	10
29322	11
29323	11
29324	12
29325	14
29326	13
29327	12
29328	11
29329	11
29330	10
29331	12
29332	13
29333	13
29334	12
29335	11
29336	12
29337	12
29338	11
29339	11
29340	10
29341	11
29342	11
29343	10
29344	10
29345	9
29346	11
29347	12
29348	12
29349	13
29350	12
29351	13
29352	14
29353	14
29354	13
29355	13
29356	12
29357	13
29358	13
29359	12
29360	12
29361	11
29362	11
29363	12
29364	11
29365	13
29366	14
29367	14
29368	13
29369	13
29370	12
29371	13
29372	13
29373	12
29374	12
29375	11
29376	12
29377	12
29378	11
29379	11
29380	10
29381	11
29382	11
29383	12
29384	12
29385	13
29386	15
29387	14
29388	13
29389	12
29390	12
29391	11
29392	13
29393	14
29394	14
29395	13
29396	13
29397	12
29398	12
29399	12
29400	11
29401	12
29402	12
29403	11
29404	11
29405	10
29406	10
29407	11
29408	11
29409	12
29410	14
29411	13
29412	12
29413	11
29414	11
29415	10
29416	12
29417	13
29418	13
29419	12
29420	12
29421	11
29422	12
29423	12
29424	11
29425	11
29426	10
29427	11
29428	10
29429	10
29430	9
29431	10
29432	10
29433	11
29434	13
29435	14
29436	14
29437	13
29438	13
29439	12
29440	13
29441	13
29442	12
29443	12
29444	11
29445	11
29446	11
29447	10
29448	10
29449	11
29450	11
29451	10
29452	12
29453	11
29454	10
29455	9
29456	9
29457	10
29458	12
29459	13
29460	13
29461	12
29462	12
29463	11
29464	12
29465	11
29466	11
29467	10
29468	10
29469	10
29470	9
29471	9
29472	10
29473	10
29474	9
29475	11
29476	10
29477	9
29478	8
29479	8
29480	8
29481	8
29482	9
29483	11
29484	12
29485	12
29486	13
29487	13
29488	12
29489	13
29490	12
29491	11
29492	11
29493	12
29494	12
29495	11
29496	13
29497	12
29498	11
29499	10
29500	11
29501	11
29502	12
29503	14
29504	13
29505	12
29506	11
29507	11
29508	10
29509	10
29510	11
29511	12
29512	11
29513	10
29514	10
29515	9
29516	9
29517	9
29518	10
29519	12
29520	11
29521	10
29522	9
29523	9
29524	8
29525	8
29526	9
29527	9
29528	10
29529	12
29530	11
29531	10
29532	9
29533	8
29534	10
29535	11
29536	10
29537	10
29538	9
29539	10
29540	10
29541	9
29542	9
29543	8
29544	9
29545	9
29546	8
29547	8
29548	7
29549	8
29550	8
29551	9
29552	11
29553	11
29554	11
29555	12
29556	12
29557	13
29558	15
29559	14
29560	13
29561	12
29562	11
29563	13
29564	14
29565	14
29566	13
29567	13
29568	12
29569	13
29570	13
29571	12
29572	12
29573	11
29574	12
29575	12
29576	11
29577	11
29578	10
29579	10
29580	10
29581	11
29582	13
29583	14
29584	14
29585	13
29586	13
29587	12
29588	12
29589	12
29590	11
29591	12
29592	12
29593	11
29594	11
29595	10
29596	10
29597	11
29598	11
29599	10
29600	12
29601	11
29602	10
29603	9
29604	10
29605	10
29606	11
29607	13
29608	14
29609	14
29610	13
29611	13
29612	12
29613	13
29614	13
29615	12
29616	12
29617	11
29618	12
29619	12
29620	11
29621	11
29622	10
29623	10
29624	11
29625	11
29626	10
29627	12
29628	11
29629	10
29630	9
29631	9
29632	9
29633	9
29634	10
29635	10
29636	9
29637	11
29638	10
29639	9
29640	8
29641	8
29642	9
29643	9
29644	10
29645	12
29646	13
29647	13
29648	12
29649	12
29650	11
29651	12
29652	12
29653	11
29654	11
29655	10
29656	11
29657	11
29658	10
29659	10
29660	9
29661	9
29662	10
29663	10
29664	9
29665	11
29666	10
29667	9
29668	8
29669	10
29670	11
29671	11
29672	12
29673	12
29674	11
29675	13
29676	12
29677	11
29678	10
29679	9
29680	10
29681	10
29682	11
29683	11
29684	10
29685	11
29686	10
29687	9
29688	9
29689	10
29690	10
29691	9
29692	10
29693	9
29694	8
29695	9
29696	9
29697	10
29698	12
29699	11
29700	10
29701	9
29702	9
29703	8
29704	8
29705	9
29706	10
29707	9
29708	8
29709	8
29710	7
29711	7
29712	8
29713	10
29714	11
29715	11
29716	12
29717	12
29718	12
29719	12
29720	11
29721	13
29722	14
29723	13
29724	13
29725	12
29726	13
29727	13
29728	12
29729	12
29730	11
29731	12
29732	12
29733	11
29734	11
29735	10
29736	10
29737	11
29738	11
29739	12
29740	14
29741	13
29742	12
29743	11
29744	11
29745	10
29746	12
29747	13
29748	13
29749	12
29750	12
29751	11
29752	12
29753	12
29754	11
29755	11
29756	10
29757	10
29758	10
29759	9
29760	9
29761	9
29762	10
29763	12
29764	13
29765	13
29766	12
29767	12
29768	11
29769	11
29770	11
29771	10
29772	11
29773	11
29774	10
29775	10
29776	9
29777	9
29778	10
29779	10
29780	9
29781	11
29782	10
29783	9
29784	8
29785	9
29786	9
29787	10
29788	12
29789	13
29790	13
29791	12
29792	12
29793	11
29794	11
29795	11
29796	10
29797	10
29798	10
29799	9
29800	9
29801	10
29802	10
29803	9
29804	11
29805	10
29806	9
29807	8
29808	8
29809	9
29810	11
29811	12
29812	12
29813	11
29814	11
29815	10
29816	11
29817	11
29818	10
29819	10
29820	9
29821	10
29822	10
29823	9
29824	9
29825	8
29826	8
29827	9
29828	9
29829	8
29830	10
29831	9
29832	8
29833	7
29834	7
29835	8
29836	8
29837	9
29838	11
29839	12
29840	12
29841	11
29842	11
29843	10
29844	11
29845	11
29846	10
29847	10
29848	9
29849	10
29850	10
29851	9
29852	9
29853	8
29854	8
29855	9
29856	9
29857	8
29858	10
29859	9
29860	8
29861	7
29862	9
29863	10
29864	10
29865	11
29866	11
29867	10
29868	11
29869	10
29870	9
29871	9
29872	10
29873	10
29874	9
29875	10
29876	9
29877	8
29878	9
29879	9
29880	10
29881	10
29882	9
29883	11
29884	10
29885	9
29886	8
29887	7
29888	8
29889	8
29890	9
29891	10
29892	9
29893	8
29894	8
29895	7
29896	7
29897	8
29898	10
29899	9
29900	8
29901	7
29902	7
29903	6
29904	7
29905	7
29906	8
29907	10
29908	11
29909	11
29910	11
29911	11
29912	12
29913	14
29914	13
29915	12
29916	11
29917	11
29918	10
29919	10
29920	11
29921	11
29922	12
29923	14
29924	13
29925	12
29926	11
29927	11
29928	10
29929	12
29930	13
29931	13
29932	12
29933	12
29934	11
29935	12
29936	12
29937	11
29938	11
29939	10
29940	11
29941	11
29942	10
29943	10
29944	9
29945	10
29946	10
29947	11
29948	13
29949	14
29950	14
29951	13
29952	13
29953	12
29954	13
29955	13
29956	12
29957	12
29958	11
29959	12
29960	12
29961	11
29962	11
29963	10
29964	10
29965	11
29966	11
29967	10
29968	12
29969	11
29970	10
29971	9
29972	9
29973	9
29974	9
29975	10
29976	10
29977	9
29978	11
29979	10
29980	9
29981	8
29982	9
29983	9
29984	10
29985	12
29986	12
29987	12
29988	11
29989	11
29990	11
29991	10
29992	10
29993	10
29994	9
29995	9
29996	10
29997	10
29998	9
29999	11
30000	10
30001	9
30002	8
30003	8
30004	9
30005	11
30006	12
30007	12
30008	11
30009	11
30010	10
30011	11
30012	11
30013	10
30014	10
30015	9
30016	9
30017	9
30018	8
30019	8
30020	9
30021	9
30022	8
30023	10
30024	9
30025	8
30026	7
30027	7
30028	8
30029	8
30030	9
30031	11
30032	12
30033	12
30034	11
30035	11
30036	10
30037	11
30038	11
30039	10
30040	10
30041	9
30042	10
30043	10
30044	9
30045	9
30046	8
30047	8
30048	9
30049	9
30050	8
30051	10
30052	9
30053	8
30054	7
30055	9
30056	10
30057	9
30058	9
30059	10
30060	10
30061	9
30062	11
30063	10
30064	9
30065	8
30066	9
30067	9
30068	10
30069	10
30070	9
30071	10
30072	9
30073	8
30074	8
30075	9
30076	9
30077	8
30078	9
30079	8
30080	7
30081	8
30082	8
30083	9
30084	11
30085	10
30086	9
30087	8
30088	8
30089	7
30090	7
30091	8
30092	9
30093	8
30094	7
30095	7
30096	6
30097	6
30098	7
30099	9
30100	9
30101	9
30102	10
30103	10
30104	11
30105	13
30106	12
30107	11
30108	10
30109	10
30110	9
30111	11
30112	12
30113	12
30114	11
30115	10
30116	11
30117	11
30118	10
30119	10
30120	9
30121	10
30122	10
30123	9
30124	9
30125	8
30126	9
30127	9
30128	9
30129	9
30130	10
30131	10
30132	9
30133	11
30134	10
30135	9
30136	8
30137	8
30138	9
30139	11
30140	12
30141	12
30142	11
30143	11
30144	10
30145	11
30146	11
30147	10
30148	10
30149	9
30150	10
30151	10
30152	9
30153	9
30154	8
30155	8
30156	9
30157	9
30158	8
30159	10
30160	9
30161	8
30162	7
30163	7
30164	7
30165	8
30166	10
30167	11
30168	11
30169	10
30170	10
30171	9
30172	10
30173	10
30174	9
30175	9
30176	8
30177	8
30178	8
30179	7
30180	7
30181	8
30182	8
30183	7
30184	9
30185	8
30186	7
30187	6
30188	6
30189	7
30190	7
30191	8
30192	10
30193	11
30194	11
30195	10
30196	10
30197	9
30198	10
30199	10
30200	9
30201	9
30202	8
30203	9
30204	9
30205	8
30206	8
30207	7
30208	7
30209	8
30210	8
30211	7
30212	9
30213	8
30214	7
30215	6
30216	8
30217	9
30218	9
30219	10
30220	10
30221	9
30222	10
30223	9
30224	8
30225	8
30226	9
30227	9
30228	8
30229	9
30230	8
30231	7
30232	8
30233	7
30234	7
30235	8
30236	8
30237	7
30238	9
30239	8
30240	7
30241	6
30242	7
30243	7
30244	8
30245	9
30246	8
30247	7
30248	7
30249	6
30250	6
30251	7
30252	9
30253	8
30254	7
30255	6
30256	6
30257	5
30258	5
30259	6
30260	6
30261	7
30262	9
30263	10
30264	10
30265	11
30266	11
30267	12
30268	14
30269	13
30270	12
30271	11
30272	11
30273	10
30274	12
30275	13
30276	13
30277	12
30278	12
30279	11
30280	12
30281	12
30282	11
30283	10
30284	11
30285	11
30286	10
30287	10
30288	9
30289	9
30290	10
30291	10
30292	11
30293	13
30294	12
30295	11
30296	10
30297	10
30298	9
30299	11
30300	12
30301	12
30302	11
30303	11
30304	10
30305	11
30306	11
30307	10
30308	10
30309	9
30310	10
30311	10
30312	9
30313	9
30314	8
30315	9
30316	9
30317	10
30318	12
30319	13
30320	13
30321	12
30322	12
30323	11
30324	11
30325	11
30326	10
30327	11
30328	11
30329	10
30330	10
30331	9
30332	9
30333	10
30334	10
30335	9
30336	11
30337	10
30338	9
30339	8
30340	8
30341	9
30342	11
30343	12
30344	12
30345	11
30346	11
30347	10
30348	11
30349	11
30350	10
30351	10
30352	9
30353	10
30354	10
30355	9
30356	9
30357	8
30358	8
30359	9
30360	9
30361	8
30362	10
30363	9
30364	8
30365	7
30366	8
30367	8
30368	9
30369	11
30370	12
30371	12
30372	11
30373	11
30374	10
30375	11
30376	11
30377	10
30378	10
30379	9
30380	9
30381	9
30382	8
30383	8
30384	9
30385	9
30386	8
30387	10
30388	9
30389	8
30390	7
30391	7
30392	8
30393	10
30394	11
30395	11
30396	10
30397	10
30398	9
30399	10
30400	10
30401	9
30402	9
30403	8
30404	8
30405	7
30406	7
30407	8
30408	8
30409	7
30410	9
30411	8
30412	7
30413	6
30414	6
30415	7
30416	7
30417	8
30418	10
30419	11
30420	11
30421	10
30422	10
30423	9
30424	10
30425	10
30426	9
30427	9
30428	8
30429	9
30430	9
30431	8
30432	8
30433	7
30434	7
30435	8
30436	8
30437	7
30438	9
30439	8
30440	7
30441	6
30442	8
30443	9
30444	9
30445	10
30446	10
30447	9
30448	10
30449	9
30450	8
30451	8
30452	9
30453	9
30454	8
30455	9
30456	8
30457	7
30458	8
30459	7
30460	7
30461	8
30462	7
30463	8
30464	7
30465	6
30466	7
30467	7
30468	8
30469	9
30470	8
30471	7
30472	7
30473	6
30474	6
30475	7
30476	9
30477	8
30478	7
30479	6
30480	6
30481	5
30482	7
30483	8
30484	8
30485	9
30486	9
30487	10
30488	12
30489	13
30490	13
30491	12
30492	12
30493	11
30494	12
30495	12
30496	11
30497	11
30498	10
30499	11
30500	11
30501	10
30502	10
30503	9
30504	9
30505	10
30506	10
30507	9
30508	11
30509	10
30510	9
30511	8
30512	10
30513	11
30514	11
30515	12
30516	12
30517	11
30518	11
30519	10
30520	10
30521	11
30522	11
30523	10
30524	12
30525	11
30526	10
30527	9
30528	10
30529	10
30530	11
30531	11
30532	10
30533	11
30534	10
30535	9
30536	9
30537	10
30538	10
30539	9
30540	9
30541	8
30542	9
30543	9
30544	10
30545	12
30546	11
30547	10
30548	9
30549	9
30550	8
30551	7
30552	6
30553	7
30554	7
30555	8
30556	8
30557	9
30558	11
30559	12
30560	12
30561	11
30562	11
30563	10
30564	11
30565	11
30566	10
30567	10
30568	9
30569	10
30570	9
30571	8
30572	8
30573	9
30574	9
30575	8
30576	10
30577	9
30578	8
30579	7
30580	8
30581	9
30582	9
30583	10
30584	10
30585	9
30586	10
30587	9
30588	8
30589	7
30590	8
30591	7
30592	7
30593	8
30594	8
30595	7
30596	8
30597	7
30598	6
30599	6
30600	7
30601	7
30602	8
30603	10
30604	11
30605	11
30606	10
30607	10
30608	9
30609	10
30610	10
30611	9
30612	9
30613	8
30614	9
30615	9
30616	8
30617	8
30618	7
30619	6
30620	7
30621	8
30622	8
30623	8
30624	8
30625	7
30626	7
30627	8
30628	8
30629	7
30630	8
30631	7
30632	6
30633	7
30634	7
30635	8
30636	9
30637	8
30638	7
30639	7
30640	6
30641	6
30642	7
30643	9
30644	8
30645	7
30646	6
30647	6
30648	5
30649	6
30650	6
30651	7
30652	9
30653	10
30654	10
30655	11
30656	11
30657	10
30658	12
30659	11
30660	10
30661	9
30662	9
30663	9
30664	9
30665	8
30666	8
30667	8
30668	9
30669	11
30670	10
30671	9
30672	8
30673	8
30674	7
30675	8
30676	8
30677	9
30678	11
30679	10
30680	9
30681	8
30682	8
30683	7
30684	6
30685	6
30686	7
30687	7
30688	8
30689	10
30690	9
30691	8
30692	7
30693	7
30694	6
30695	8
30696	9
30697	9
30698	8
30699	7
30700	8
30701	8
30702	7
30703	7
30704	6
30705	7
30706	7
30707	6
30708	6
30709	5
30710	5
30711	6
30712	7
30713	8
30714	8
30715	9
30716	9
30717	8
30718	10
30719	9
30720	8
30721	7
30722	6
30723	6
30724	6
30725	7
30726	9
30727	8
30728	7
30729	6
30730	6
30731	5
30732	5
30733	6
30734	6
30735	7
30736	9
30737	8
30738	7
30739	6
30740	6
30741	5
30742	7
30743	8
30744	8
30745	7
30746	7
30747	6
30748	7
30749	7
30750	6
30751	5
30752	6
30753	6
30754	5
30755	5
30756	4
30757	4
30758	5
30759	7
30760	8
30761	8
30762	9
30763	9
30764	10
30765	12
30766	13
30767	13
30768	14
30769	14
30770	13
30771	14
30772	13
30773	12
30774	12
30775	13
30776	13
30777	12
30778	14
30779	13
30780	12
30781	11
30782	12
30783	12
30784	13
30785	15
30786	14
30787	13
30788	12
30789	12
30790	11
30791	11
30792	12
30793	13
30794	12
30795	11
30796	11
30797	10
30798	11
30799	11
30800	12
30801	14
30802	13
30803	12
30804	11
30805	11
30806	10
30807	10
30808	11
30809	13
30810	12
30811	11
30812	10
30813	10
30814	9
30815	9
30816	10
30817	10
30818	11
30819	13
30820	12
30821	11
30822	10
30823	9
30824	11
30825	12
30826	12
30827	11
30828	11
30829	10
30830	11
30831	11
30832	10
30833	9
30834	10
30835	10
30836	9
30837	9
30838	8
30839	10
30840	11
30841	10
30842	10
30843	11
30844	11
30845	12
30846	14
30847	13
30848	12
30849	11
30850	11
30851	10
30852	12
30853	13
30854	13
30855	12
30856	12
30857	11
30858	12
30859	12
30860	11
30861	11
30862	10
30863	11
30864	11
30865	10
30866	9
30867	10
30868	10
30869	11
30870	11
30871	12
30872	14
30873	13
30874	12
30875	11
30876	11
30877	10
30878	11
30879	12
30880	11
30881	11
30882	10
30883	11
30884	11
30885	10
30886	10
30887	9
30888	9
30889	10
30890	10
30891	11
30892	13
30893	12
30894	11
30895	10
30896	10
30897	9
30898	11
30899	12
30900	11
30901	11
30902	10
30903	11
30904	11
30905	10
30906	10
30907	9
30908	9
30909	9
30910	8
30911	9
30912	9
30913	10
30914	12
30915	13
30916	13
30917	12
30918	12
30919	11
30920	12
30921	12
30922	11
30923	10
30924	10
30925	10
30926	9
30927	9
30928	10
30929	10
30930	9
30931	11
30932	10
30933	9
30934	8
30935	8
30936	9
30937	11
30938	12
30939	11
30940	11
30941	10
30942	10
30943	10
30944	9
30945	9
30946	9
30947	8
30948	8
30949	9
30950	9
30951	8
30952	10
30953	9
30954	8
30955	7
30956	7
30957	8
30958	8
30959	9
30960	11
30961	12
30962	12
30963	13
30964	13
30965	12
30966	14
30967	13
30968	12
30969	11
30970	11
30971	12
30972	12
30973	11
30974	13
30975	12
30976	11
30977	10
30978	11
30979	11
30980	12
30981	14
30982	13
30983	12
30984	11
30985	11
30986	10
30987	10
30988	11
30989	13
30990	12
30991	11
30992	10
30993	9
30994	10
30995	10
30996	11
30997	13
30998	12
30999	11
31000	10
31001	10
31002	9
31003	9
31004	10
31005	11
31006	10
31007	9
31008	9
31009	8
31010	8
31011	9
31012	9
31013	10
31014	12
31015	11
31016	10
31017	9
31018	9
31019	8
31020	10
31021	11
31022	11
31023	10
31024	10
31025	9
31026	10
31027	9
31028	9
31029	8
31030	9
31031	9
31032	8
31033	8
31034	7
31035	9
31036	10
31037	10
31038	11
31039	11
31040	12
31041	14
31042	13
31043	12
31044	11
31045	11
31046	10
31047	12
31048	13
31049	12
31050	12
31051	11
31052	12
31053	12
31054	11
31055	11
31056	10
31057	11
31058	11
31059	10
31060	9
31061	9
31062	9
31063	9
31064	10
31065	12
31066	11
31067	10
31068	9
31069	9
31070	8
31071	9
31072	9
31073	9
31074	9
31075	10
31076	12
31077	11
31078	10
31079	9
31080	9
31081	8
31082	8
31083	9
31084	9
31085	10
31086	12
31087	11
31088	10
31089	9
31090	9
31091	8
31092	9
31093	10
31094	10
31095	9
31096	9
31097	8
31098	9
31099	9
31100	8
31101	8
31102	7
31103	7
31104	7
31105	8
31106	10
31107	11
31108	11
31109	10
31110	10
31111	9
31112	9
31113	9
31114	8
31115	9
31116	9
31117	8
31118	7
31119	7
31120	8
31121	8
31122	7
31123	9
31124	8
31125	7
31126	6
31127	6
31128	6
31129	7
31130	9
31131	10
31132	10
31133	11
31134	11
31135	12
31136	14
31137	13
31138	12
31139	11
31140	11
31141	10
31142	12
31143	12
31144	12
31145	11
31146	12
31147	11
31148	11
31149	10
31150	11
31151	11
31152	10
31153	10
31154	9
31155	9
31156	10
31157	10
31158	11
31159	13
31160	12
31161	11
31162	10
31163	10
31164	9
31165	11
31166	11
31167	11
31168	10
31169	11
31170	11
31171	10
31172	9
31173	9
31174	9
31175	8
31176	8
31177	8
31178	9
31179	11
31180	12
31181	11
31182	11
31183	10
31184	10
31185	10
31186	9
31187	10
31188	10
31189	9
31190	9
31191	8
31192	8
31193	9
31194	9
31195	8
31196	10
31197	9
31198	8
31199	7
31200	8
31201	8
31202	9
31203	11
31204	12
31205	12
31206	11
31207	11
31208	10
31209	11
31210	11
31211	10
31212	10
31213	9
31214	9
31215	9
31216	8
31217	8
31218	9
31219	9
31220	8
31221	10
31222	9
31223	8
31224	7
31225	7
31226	8
31227	10
31228	10
31229	10
31230	9
31231	9
31232	9
31233	8
31234	8
31235	8
31236	7
31237	7
31238	8
31239	8
31240	7
31241	9
31242	8
31243	7
31244	6
31245	6
31246	7
31247	7
31248	8
31249	10
31250	11
31251	11
31252	10
31253	10
31254	9
31255	10
31256	10
31257	9
31258	9
31259	8
31260	9
31261	9
31262	8
31263	8
31264	7
31265	7
31266	8
31267	8
31268	7
31269	8
31270	7
31271	6
31272	8
31273	9
31274	9
31275	10
31276	10
31277	9
31278	11
31279	10
31280	9
31281	8
31282	7
31283	8
31284	8
31285	8
31286	8
31287	7
31288	7
31289	8
31290	8
31291	7
31292	8
31293	7
31294	6
31295	7
31296	7
31297	8
31298	10
31299	9
31300	8
31301	7
31302	7
31303	6
31304	6
31305	7
31306	8
31307	7
31308	6
31309	6
31310	5
31311	6
31312	6
31313	7
31314	9
31315	10
31316	10
31317	10
31318	10
31319	11
31320	13
31321	12
31322	11
31323	10
31324	10
31325	9
31326	9
31327	10
31328	10
31329	11
31330	13
31331	12
31332	11
31333	10
31334	10
31335	9
31336	11
31337	11
31338	11
31339	10
31340	11
31341	11
31342	10
31343	9
31344	10
31345	10
31346	9
31347	9
31348	8
31349	8
31350	8
31351	9
31352	11
31353	12
31354	12
31355	11
31356	11
31357	10
31358	11
31359	10
31360	10
31361	9
31362	10
31363	10
31364	9
31365	9
31366	8
31367	8
31368	9
31369	9
31370	8
31371	10
31372	9
31373	8
31374	7
31375	7
31376	7
31377	8
31378	10
31379	11
31380	11
31381	10
31382	10
31383	9
31384	10
31385	10
31386	9
31387	9
31388	8
31389	8
31390	8
31391	7
31392	7
31393	8
31394	8
31395	7
31396	9
31397	8
31398	7
31399	6
31400	6
31401	7
31402	7
31403	8
31404	10
31405	11
31406	11
31407	10
31408	10
31409	9
31410	10
31411	10
31412	9
31413	9
31414	8
31415	9
31416	9
31417	8
31418	8
31419	7
31420	7
31421	8
31422	8
31423	7
31424	9
31425	8
31426	7
31427	6
31428	8
31429	9
31430	8
31431	8
31432	9
31433	9
31434	8
31435	10
31436	9
31437	8
31438	7
31439	8
31440	8
31441	9
31442	8
31443	9
31444	8
31445	7
31446	7
31447	8
31448	8
31449	7
31450	8
31451	7
31452	6
31453	7
31454	7
31455	8
31456	10
31457	9
31458	8
31459	7
31460	7
31461	6
31462	6
31463	7
31464	8
31465	7
31466	6
31467	6
31468	5
31469	5
31470	6
31471	8
31472	9
31473	9
31474	9
31475	9
31476	10
31477	12
31478	11
31479	10
31480	9
31481	9
31482	8
31483	8
31484	9
31485	9
31486	10
31487	12
31488	11
31489	10
31490	9
31491	9
31492	8
31493	10
31494	11
31495	11
31496	10
31497	10
31498	9
31499	10
31500	10
31501	9
31502	9
31503	8
31504	9
31505	9
31506	8
31507	8
31508	7
31509	8
31510	8
31511	8
31512	8
31513	9
31514	9
31515	8
31516	9
31517	8
31518	7
31519	7
31520	8
31521	10
31522	11
31523	11
31524	10
31525	10
31526	9
31527	10
31528	10
31529	9
31530	8
31531	9
31532	9
31533	8
31534	8
31535	7
31536	7
31537	8
31538	7
31539	9
31540	8
31541	7
31542	6
31543	7
31544	7
31545	8
31546	10
31547	11
31548	11
31549	10
31550	10
31551	9
31552	10
31553	10
31554	9
31555	9
31556	8
31557	8
31558	8
31559	7
31560	7
31561	8
31562	8
31563	7
31564	9
31565	8
31566	7
31567	6
31568	6
31569	6
31570	6
31571	7
31572	7
31573	6
31574	8
31575	7
31576	6
31577	5
31578	5
31579	6
31580	6
31581	7
31582	9
31583	10
31584	10
31585	9
31586	9
31587	8
31588	9
31589	9
31590	8
31591	8
31592	7
31593	8
31594	8
31595	7
31596	7
31597	6
31598	6
31599	6
31600	8
31601	7
31602	6
31603	5
31604	7
31605	8
31606	8
31607	9
31608	9
31609	8
31610	9
31611	8
31612	7
31613	7
31614	8
31615	8
31616	7
31617	8
31618	7
31619	6
31620	7
31621	6
31622	6
31623	7
31624	7
31625	6
31626	8
31627	7
31628	6
31629	5
31630	6
31631	6
31632	7
31633	8
31634	7
31635	6
31636	6
31637	5
31638	5
31639	5
31640	4
31641	4
31642	5
31643	5
31644	6
31645	8
31646	9
31647	9
31648	10
31649	10
31650	11
31651	13
31652	12
31653	11
31654	10
31655	10
31656	9
31657	11
31658	12
31659	12
31660	11
31661	10
31662	11
31663	11
31664	10
31665	10
31666	9
31667	10
31668	10
31669	9
31670	9
31671	8
31672	8
31673	9
31674	9
31675	10
31676	12
31677	11
31678	10
31679	9
31680	9
31681	8
31682	10
31683	11
31684	11
31685	10
31686	10
31687	9
31688	10
31689	10
31690	9
31691	9
31692	8
31693	9
31694	9
31695	8
31696	8
31697	7
31698	8
31699	8
31700	9
31701	11
31702	12
31703	12
31704	11
31705	11
31706	10
31707	11
31708	11
31709	10
31710	10
31711	9
31712	10
31713	10
31714	9
31715	9
31716	8
31717	8
31718	9
31719	9
31720	8
31721	10
31722	9
31723	8
31724	7
31725	7
31726	8
31727	10
31728	11
31729	10
31730	10
31731	9
31732	9
31733	9
31734	8
31735	9
31736	9
31737	8
31738	8
31739	7
31740	7
31741	8
31742	8
31743	7
31744	9
31745	8
31746	7
31747	6
31748	7
31749	7
31750	8
31751	10
31752	11
31753	11
31754	10
31755	10
31756	9
31757	10
31758	10
31759	9
31760	9
31761	8
31762	8
31763	8
31764	7
31765	7
31766	8
31767	8
31768	7
31769	9
31770	8
31771	7
31772	6
31773	6
31774	7
31775	9
31776	9
31777	9
31778	8
31779	9
31780	9
31781	8
31782	8
31783	7
31784	7
31785	7
31786	6
31787	6
31788	6
31789	6
31790	5
31791	5
31792	6
31793	6
31794	7
31795	8
31796	9
31797	8
31798	8
31799	7
31800	8
31801	8
31802	7
31803	7
31804	6
31805	6
31806	7
31807	7
31808	6
31809	7
31810	6
31811	5
31812	7
31813	8
31814	7
31815	7
31816	6
31817	7
31818	7
31819	8
31820	8
31821	7
31822	8
31823	7
31824	6
31825	6
31826	7
31827	7
31828	6
31829	7
31830	6
31831	5
31832	6
31833	6
31834	7
31835	9
31836	8
31837	7
31838	6
31839	6
31840	5
31841	5
31842	6
31843	7
31844	6
31845	5
31846	5
31847	4
31848	6
31849	7
31850	7
31851	8
31852	8
31853	9
31854	11
31855	12
31856	12
31857	11
31858	11
31859	10
31860	11
31861	11
31862	10
31863	10
31864	9
31865	10
31866	10
31867	9
31868	9
31869	8
31870	8
31871	9
31872	9
31873	8
31874	10
31875	9
31876	8
31877	7
31878	8
31879	9
31880	8
31881	8
31882	9
31883	9
31884	8
31885	10
31886	9
31887	8
31888	7
31889	8
31890	8
31891	9
31892	9
31893	8
31894	9
31895	8
31896	7
31897	6
31898	6
31899	7
31900	7
31901	8
31902	10
31903	11
31904	11
31905	10
31906	10
31907	9
31908	10
31909	10
31910	9
31911	9
31912	8
31913	9
31914	9
31915	8
31916	8
31917	7
31918	7
31919	8
31920	8
31921	7
31922	9
31923	8
31924	7
31925	6
31926	7
31927	8
31928	8
31929	9
31930	9
31931	8
31932	9
31933	8
31934	7
31935	7
31936	8
31937	8
31938	7
31939	8
31940	7
31941	6
31942	7
31943	7
31944	8
31945	10
31946	9
31947	8
31948	7
31949	7
31950	6
31951	6
31952	7
31953	8
31954	7
31955	6
31956	6
31957	5
31958	6
31959	6
31960	7
31961	7
31962	8
31963	10
31964	11
31965	11
31966	10
31967	10
31968	9
31969	10
31970	10
31971	9
31972	9
31973	8
31974	8
31975	8
31976	7
31977	7
31978	8
31979	8
31980	7
31981	9
31982	8
31983	7
31984	6
31985	8
31986	9
31987	9
31988	10
31989	10
31990	9
31991	10
31992	9
31993	8
31994	8
31995	8
31996	8
31997	7
31998	8
31999	8
32000	9
32001	9
32002	8
32003	8
32004	7
32005	7
32006	8
32007	8
32008	7
32009	9
32010	8
32011	7
32012	6
32013	7
32014	6
32015	6
32016	6
32017	6
32018	5
32019	4
32020	5
32021	5
32022	6
32023	7
32024	8
32025	8
32026	9
32027	9
32028	8
32029	10
32030	9
32031	8
32032	7
32033	6
32034	6
32035	6
32036	7
32037	9
32038	8
32039	7
32040	6
32041	6
32042	5
32043	5
32044	6
32045	6
32046	7
32047	9
32048	8
32049	7
32050	6
32051	6
32052	5
32053	7
32054	8
32055	8
32056	7
32057	6
32058	7
32059	7
32060	6
32061	6
32062	5
32063	6
32064	6
32065	5
32066	5
32067	4
32068	4
32069	5
32070	7
32071	8
32072	8
32073	9
32074	9
32075	8
32076	10
32077	9
32078	8
32079	7
32080	7
32081	7
32082	7
32083	6
32084	6
32085	6
32086	7
32087	9
32088	8
32089	7
32090	6
32091	6
32092	5
32093	6
32094	5
32095	5
32096	5
32097	5
32098	4
32099	4
32100	5
32101	5
32102	6
32103	8
32104	7
32105	6
32106	5
32107	5
32108	4
32109	6
32110	7
32111	7
32112	6
32113	6
32114	5
32115	6
32116	5
32117	4
32118	5
32119	5
32120	4
32121	4
32122	3
32123	4
32124	4
32125	5
32126	7
32127	8
32128	8
32129	8
32130	8
32131	9
32132	11
32133	12
32134	12
32135	13
32136	13
32137	12
32138	14
32139	13
32140	12
32141	11
32142	11
32143	12
32144	12
32145	11
32146	12
32147	11
32148	10
32149	10
32150	10
32151	11
32152	13
32153	12
32154	11
32155	10
32156	10
32157	9
32158	10
32159	10
32160	11
32161	13
32162	12
32163	11
32164	10
32165	10
32166	9
32167	9
32168	10
32169	11
32170	10
32171	9
32172	9
32173	8
32174	8
32175	9
32176	9
32177	10
32178	12
32179	11
32180	10
32181	9
32182	8
32183	10
32184	11
32185	11
32186	10
32187	9
32188	10
32189	10
32190	9
32191	9
32192	8
32193	9
32194	9
32195	8
32196	8
32197	7
32198	7
32199	8
32200	8
32201	9
32202	11
32203	12
32204	12
32205	13
32206	13
32207	12
32208	14
32209	13
32210	12
32211	11
32212	11
32213	12
32214	12
32215	11
32216	12
32217	11
32218	10
32219	11
32220	11
32221	12
32222	14
32223	13
32224	12
32225	11
32226	11
32227	10
32228	10
32229	11
32230	13
32231	12
32232	11
32233	10
32234	10
32235	9
32236	10
32237	10
32238	11
32239	12
32240	11
32241	10
32242	10
32243	9
32244	9
32245	9
32246	9
32247	8
32248	8
32249	9
32250	9
32251	10
32252	12
32253	11
32254	10
32255	9
32256	9
32257	8
32258	10
32259	11
32260	10
32261	10
32262	9
32263	10
32264	10
32265	9
32266	9
32267	8
32268	9
32269	9
32270	8
32271	8
32272	7
32273	9
32274	10
32275	10
32276	11
32277	10
32278	12
32279	13
32280	13
32281	12
32282	12
32283	11
32284	12
32285	12
32286	11
32287	11
32288	10
32289	11
32290	11
32291	10
32292	10
32293	9
32294	9
32295	10
32296	9
32297	10
32298	11
32299	11
32300	10
32301	10
32302	9
32303	10
32304	10
32305	9
32306	9
32307	8
32308	9
32309	9
32310	10
32311	10
32312	11
32313	13
32314	12
32315	11
32316	10
32317	10
32318	9
32319	11
32320	12
32321	12
32322	11
32323	11
32324	10
32325	11
32326	11
32327	10
32328	10
32329	9
32330	10
32331	9
32332	9
32333	8
32334	8
32335	9
32336	9
32337	10
32338	12
32339	11
32340	10
32341	9
32342	9
32343	8
32344	10
32345	11
32346	11
32347	10
32348	10
32349	9
32350	9
32351	9
32352	8
32353	9
32354	9
32355	8
32356	8
32357	7
32358	8
32359	8
32360	9
32361	11
32362	12
32363	12
32364	11
32365	11
32366	10
32367	10
32368	10
32369	9
32370	10
32371	10
32372	9
32373	8
32374	8
32375	9
32376	9
32377	8
32378	10
32379	9
32380	8
32381	7
32382	7
32383	8
32384	10
32385	11
32386	11
32387	10
32388	10
32389	9
32390	9
32391	9
32392	8
32393	9
32394	8
32395	8
32396	7
32397	7
32398	8
32399	8
32400	7
32401	9
32402	8
32403	7
32404	6
32405	7
32406	7
32407	8
32408	10
32409	11
32410	11
32411	12
32412	12
32413	13
32414	15
32415	14
32416	13
32417	12
32418	12
32419	11
32420	13
32421	14
32422	14
32423	13
32424	13
32425	12
32426	13
32427	13
32428	12
32429	12
32430	11
32431	12
32432	12
32433	11
32434	11
32435	10
32436	10
32437	10
32438	10
32439	11
32440	13
32441	12
32442	11
32443	10
32444	10
32445	9
32446	10
32447	10
32448	11
32449	13
32450	13
32451	13
32452	12
32453	12
32454	12
32455	11
32456	12
32457	12
32458	11
32459	11
32460	10
32461	10
32462	11
32463	11
32464	10
32465	12
32466	11
32467	10
32468	9
32469	9
32470	10
32471	12
32472	13
32473	13
32474	12
32475	12
32476	11
32477	11
32478	11
32479	10
32480	11
32481	11
32482	10
32483	10
32484	9
32485	9
32486	10
32487	10
32488	9
32489	11
32490	10
32491	9
32492	8
32493	9
32494	9
32495	10
32496	12
32497	13
32498	13
32499	12
32500	12
32501	11
32502	12
32503	12
32504	11
32505	11
32506	10
32507	11
32508	11
32509	10
32510	10
32511	9
32512	9
32513	9
32514	9
32515	8
32516	8
32517	9
32518	11
32519	11
32520	11
32521	10
32522	11
32523	11
32524	10
32525	10
32526	9
32527	9
32528	9
32529	8
32530	8
32531	9
32532	9
32533	8
32534	10
32535	9
32536	8
32537	7
32538	7
32539	8
32540	8
32541	9
32542	11
32543	12
32544	12
32545	11
32546	11
32547	10
32548	11
32549	11
32550	10
32551	10
32552	9
32553	10
32554	10
32555	9
32556	9
32557	8
32558	7
32559	9
32560	10
32561	10
32562	11
32563	11
32564	10
32565	12
32566	11
32567	10
32568	9
32569	8
32570	9
32571	9
32572	10
32573	10
32574	9
32575	10
32576	9
32577	8
32578	8
32579	9
32580	9
32581	8
32582	9
32583	8
32584	7
32585	8
32586	8
32587	9
32588	11
32589	10
32590	9
32591	8
32592	8
32593	7
32594	7
32595	8
32596	9
32597	8
32598	7
32599	7
32600	6
32601	6
32602	6
32603	6
32604	7
32605	7
32606	8
32607	10
32608	11
32609	11
32610	10
32611	10
32612	9
32613	10
32614	10
32615	9
32616	9
32617	8
32618	9
32619	8
32620	8
32621	7
32622	7
32623	8
32624	8
32625	7
32626	9
32627	8
32628	7
32629	6
32630	8
32631	9
32632	9
32633	9
32634	8
32635	7
32636	8
32637	8
32638	9
32639	9
32640	8
32641	10
32642	9
32643	8
32644	7
32645	6
32646	7
32647	7
32648	8
32649	9
32650	8
32651	7
32652	7
32653	6
32654	6
32655	7
32656	9
32657	8
32658	7
32659	6
32660	6
32661	5
32662	6
32663	6
32664	7
32665	9
32666	9
32667	9
32668	10
32669	10
32670	11
32671	13
32672	12
32673	11
32674	10
32675	9
32676	11
32677	12
32678	12
32679	11
32680	11
32681	10
32682	11
32683	11
32684	10
32685	10
32686	9
32687	10
32688	10
32689	9
32690	9
32691	8
32692	8
32693	8
32694	9
32695	11
32696	12
32697	12
32698	11
32699	11
32700	10
32701	11
32702	11
32703	10
32704	10
32705	9
32706	10
32707	9
32708	8
32709	8
32710	9
32711	9
32712	8
32713	10
32714	9
32715	8
32716	7
32717	7
32718	7
32719	8
32720	10
32721	11
32722	11
32723	10
32724	10
32725	9
32726	10
32727	10
32728	9
32729	9
32730	8
32731	8
32732	8
32733	7
32734	7
32735	8
32736	8
32737	7
32738	9
32739	8
32740	7
32741	6
32742	6
32743	7
32744	7
32745	8
32746	10
32747	11
32748	11
32749	10
32750	10
32751	9
32752	10
32753	10
32754	9
32755	9
32756	8
32757	9
32758	9
32759	8
32760	8
32761	7
32762	7
32763	8
32764	8
32765	7
32766	9
32767	8
32768	7
32769	6
32770	8
32771	9
32772	8
32773	8
32774	9
32775	9
32776	8
32777	10
32778	9
32779	8
32780	7
32781	8
32782	8
32783	9
32784	9
32785	8
32786	9
32787	8
32788	7
32789	7
32790	8
32791	8
32792	7
32793	8
32794	7
32795	6
32796	7
32797	7
32798	8
32799	10
32800	9
32801	8
32802	7
32803	6
32804	6
32805	7
32806	8
32807	7
32808	6
32809	6
32810	5
32811	5
32812	6
32813	8
32814	9
32815	9
32816	10
32817	10
32818	11
32819	13
32820	12
32821	11
32822	10
32823	10
32824	9
32825	11
32826	11
32827	11
32828	10
32829	10
32830	10
32831	9
32832	9
32833	9
32834	8
32835	8
32836	9
32837	9
32838	9
32839	9
32840	8
32841	10
32842	11
32843	11
32844	10
32845	9
32846	10
32847	10
32848	9
32849	9
32850	8
32851	9
32852	9
32853	8
32854	8
32855	7
32856	8
32857	8
32858	8
32859	8
32860	9
32861	9
32862	8
32863	10
32864	9
32865	8
32866	7
32867	7
32868	8
32869	10
32870	11
32871	11
32872	10
32873	10
32874	9
32875	10
32876	10
32877	9
32878	9
32879	8
32880	9
32881	9
32882	8
32883	8
32884	7
32885	7
32886	8
32887	8
32888	7
32889	9
32890	8
32891	7
32892	6
32893	6
32894	6
32895	7
32896	9
32897	10
32898	10
32899	9
32900	9
32901	8
32902	9
32903	9
32904	8
32905	8
32906	7
32907	7
32908	7
32909	6
32910	6
32911	7
32912	7
32913	6
32914	8
32915	7
32916	6
32917	5
32918	5
32919	6
32920	6
32921	7
32922	9
32923	10
32924	10
32925	9
32926	9
32927	8
32928	9
32929	9
32930	8
32931	8
32932	7
32933	8
32934	8
32935	7
32936	7
32937	6
32938	6
32939	7
32940	7
32941	6
32942	8
32943	7
32944	6
32945	5
32946	7
32947	8
32948	8
32949	9
32950	9
32951	8
32952	9
32953	8
32954	7
32955	7
32956	8
32957	8
32958	7
32959	8
32960	7
32961	6
32962	7
32963	6
32964	6
32965	7
32966	7
32967	6
32968	8
32969	7
32970	6
32971	5
32972	6
32973	6
32974	7
32975	8
32976	7
32977	6
32978	6
32979	5
32980	5
32981	6
32982	8
32983	7
32984	6
32985	5
32986	5
32987	4
32988	4
32989	5
32990	5
32991	6
32992	8
32993	9
32994	9
32995	10
32996	10
32997	11
32998	13
32999	12
33000	11
33001	10
33002	10
33003	9
33004	11
33005	12
33006	12
33007	11
33008	11
33009	10
33010	11
33011	11
33012	10
33013	10
33014	9
33015	10
33016	10
33017	9
33018	9
33019	8
33020	8
33021	9
33022	9
33023	10
33024	12
33025	11
33026	10
33027	9
33028	9
33029	8
33030	10
33031	11
33032	11
33033	10
33034	10
33035	9
33036	10
33037	9
33038	9
33039	8
33040	9
33041	9
33042	8
33043	8
33044	7
33045	8
33046	8
33047	9
33048	11
33049	12
33050	12
33051	11
33052	11
33053	10
33054	10
33055	10
33056	9
33057	10
33058	10
33059	9
33060	9
33061	8
33062	8
33063	9
33064	9
33065	8
33066	10
33067	9
33068	8
33069	7
33070	7
33071	8
33072	10
33073	11
33074	11
33075	10
33076	10
33077	9
33078	9
33079	8
33080	9
33081	9
33082	8
33083	8
33084	7
33085	7
33086	8
33087	8
33088	7
33089	9
33090	8
33091	7
33092	6
33093	7
33094	7
33095	8
33096	10
33097	11
33098	11
33099	10
33100	10
33101	9
33102	10
33103	10
33104	9
33105	9
33106	8
33107	8
33108	8
33109	7
33110	7
33111	8
33112	8
33113	7
33114	9
33115	8
33116	7
33117	6
33118	6
33119	7
33120	9
33121	10
33122	10
33123	9
33124	9
33125	8
33126	9
33127	9
33128	8
33129	8
33130	7
33131	8
33132	8
33133	7
33134	7
33135	6
33136	6
33137	7
33138	7
33139	6
33140	8
33141	7
33142	6
33143	5
33144	5
33145	6
33146	6
33147	7
33148	9
33149	10
33150	10
33151	9
33152	9
33153	8
33154	9
33155	9
33156	8
33157	8
33158	7
33159	8
33160	8
33161	7
33162	6
33163	6
33164	7
33165	7
33166	6
33167	7
33168	6
33169	5
33170	7
33171	8
33172	8
33173	9
33174	9
33175	8
33176	9
33177	8
33178	7
33179	7
33180	8
33181	8
33182	7
33183	8
33184	7
33185	6
33186	7
33187	7
33188	8
33189	7
33190	8
33191	7
33192	6
33193	5
33194	6
33195	6
33196	7
33197	8
33198	7
33199	6
33200	6
33201	5
33202	5
33203	6
33204	8
33205	7
33206	6
33207	5
33208	5
33209	4
33210	6
33211	7
33212	6
33213	6
33214	7
33215	7
33216	8
33217	10
33218	11
33219	11
33220	10
33221	10
33222	9
33223	10
33224	10
33225	9
33226	9
33227	8
33228	9
33229	9
33230	8
33231	8
33232	7
33233	7
33234	8
33235	8
33236	7
33237	9
33238	8
33239	7
33240	6
33241	8
33242	9
33243	9
33244	9
33245	9
33246	8
33247	8
33248	9
33249	9
33250	8
33251	8
33252	7
33253	8
33254	8
33255	9
33256	9
33257	8
33258	8
33259	7
33260	7
33261	8
33262	8
33263	7
33264	8
33265	7
33266	6
33267	7
33268	7
33269	8
33270	10
33271	9
33272	8
33273	7
33274	7
33275	6
33276	5
33277	6
33278	6
33279	7
33280	7
33281	8
33282	10
33283	11
33284	11
33285	10
33286	10
33287	9
33288	10
33289	10
33290	9
33291	9
33292	8
33293	9
33294	9
33295	8
33296	8
33297	7
33298	6
33299	7
33300	8
33301	8
33302	9
33303	9
33304	8
33305	9
33306	8
33307	7
33308	7
33309	7
33310	7
33311	6
33312	7
33313	7
33314	8
33315	9
33316	8
33317	7
33318	7
33319	6
33320	6
33321	7
33322	9
33323	8
33324	7
33325	6
33326	6
33327	5
33328	5
33329	6
33330	6
33331	7
33332	9
33333	10
33334	10
33335	9
33336	9
33337	8
33338	9
33339	8
33340	7
33341	8
33342	8
33343	7
33344	7
33345	6
33346	6
33347	7
33348	7
33349	6
33350	8
33351	7
33352	6
33353	5
33354	6
33355	7
33356	6
33357	6
33358	7
33359	7
33360	6
33361	7
33362	6
33363	5
33364	6
33365	6
33366	7
33367	7
33368	6
33369	7
33370	6
33371	5
33372	4
33373	5
33374	5
33375	6
33376	8
33377	9
33378	9
33379	9
33380	9
33381	8
33382	8
33383	9
33384	9
33385	8
33386	10
33387	9
33388	8
33389	7
33390	8
33391	8
33392	9
33393	10
33394	9
33395	8
33396	8
33397	7
33398	6
33399	6
33400	6
33401	7
33402	9
33403	8
33404	7
33405	6
33406	6
33407	5
33408	5
33409	6
33410	6
33411	7
33412	9
33413	8
33414	7
33415	6
33416	6
33417	5
33418	7
33419	8
33420	7
33421	7
33422	6
33423	7
33424	7
33425	6
33426	6
33427	5
33428	6
33429	5
33430	5
33431	4
33432	4
33433	5
33434	6
33435	7
33436	6
33437	6
33438	7
33439	7
33440	6
33441	8
33442	7
33443	6
33444	5
33445	5
33446	5
33447	6
33448	8
33449	7
33450	6
33451	5
33452	5
33453	4
33454	4
33455	5
33456	5
33457	6
33458	8
33459	7
33460	6
33461	5
33462	5
33463	4
33464	6
33465	7
33466	7
33467	6
33468	6
33469	5
33470	6
33471	5
33472	5
33473	4
33474	5
33475	5
33476	4
33477	4
33478	3
33479	3
33480	4
33481	6
33482	7
33483	7
33484	8
33485	8
33486	9
33487	11
33488	12
33489	12
33490	13
33491	13
33492	12
33493	14
33494	13
33495	12
33496	11
33497	11
33498	12
33499	12
33500	11
33501	13
33502	12
33503	11
33504	10
33505	11
33506	11
33507	12
33508	14
33509	13
33510	12
33511	11
33512	11
33513	10
33514	10
33515	10
33516	10
33517	9
33518	10
33519	10
33520	11
33521	13
33522	12
33523	11
33524	10
33525	10
33526	9
33527	9
33528	10
33529	12
33530	11
33531	10
33532	9
33533	8
33534	8
33535	9
33536	9
33537	10
33538	12
33539	11
33540	10
33541	9
33542	9
33543	8
33544	10
33545	11
33546	11
33547	10
33548	10
33549	9
33550	10
33551	10
33552	9
33553	8
33554	9
33555	9
33556	8
33557	8
33558	7
33559	9
33560	9
33561	9
33562	10
33563	10
33564	11
33565	13
33566	12
33567	11
33568	10
33569	10
33570	9
33571	11
33572	12
33573	12
33574	11
33575	10
33576	11
33577	11
33578	10
33579	10
33580	9
33581	10
33582	10
33583	9
33584	8
33585	8
33586	8
33587	9
33588	9
33589	10
33590	12
33591	11
33592	10
33593	9
33594	9
33595	8
33596	9
33597	10
33598	10
33599	9
33600	9
33601	8
33602	9
33603	9
33604	8
33605	8
33606	7
33607	7
33608	7
33609	8
33610	10
33611	11
33612	11
33613	10
33614	10
33615	9
33616	10
33617	10
33618	9
33619	8
33620	8
33621	8
33622	7
33623	7
33624	8
33625	8
33626	7
33627	9
33628	8
33629	7
33630	6
33631	6
33632	7
33633	7
33634	8
33635	10
33636	11
33637	11
33638	12
33639	12
33640	11
33641	13
33642	12
33643	11
33644	10
33645	10
33646	11
33647	11
33648	10
33649	11
33650	10
33651	9
33652	10
33653	10
33654	11
33655	13
33656	12
33657	11
33658	10
33659	10
33660	9
33661	9
33662	10
33663	12
33664	11
33665	10
33666	9
33667	9
33668	8
33669	9
33670	9
33671	10
33672	12
33673	11
33674	10
33675	9
33676	9
33677	8
33678	8
33679	9
33680	10
33681	9
33682	8
33683	8
33684	7
33685	7
33686	8
33687	8
33688	9
33689	11
33690	10
33691	9
33692	8
33693	7
33694	9
33695	10
33696	10
33697	9
33698	9
33699	8
33700	9
33701	8
33702	8
33703	7
33704	8
33705	8
33706	7
33707	7
33708	6
33709	8
33710	9
33711	9
33712	10
33713	10
33714	11
33715	13
33716	12
33717	11
33718	10
33719	10
33720	9
33721	11
33722	12
33723	12
33724	11
33725	11
33726	10
33727	11
33728	11
33729	10
33730	10
33731	9
33732	10
33733	10
33734	9
33735	8
33736	7
33737	8
33738	8
33739	9
33740	9
33741	10
33742	12
33743	11
33744	10
33745	9
33746	9
33747	8
33748	10
33749	11
33750	11
33751	10
33752	9
33753	10
33754	10
33755	9
33756	9
33757	8
33758	8
33759	8
33760	7
33761	7
33762	8
33763	8
33764	9
33765	11
33766	10
33767	9
33768	8
33769	8
33770	7
33771	8
33772	9
33773	9
33774	8
33775	7
33776	8
33777	8
33778	7
33779	7
33780	6
33781	7
33782	7
33783	8
33784	10
33785	11
33786	11
33787	10
33788	10
33789	9
33790	9
33791	9
33792	8
33793	9
33794	9
33795	8
33796	7
33797	7
33798	8
33799	8
33800	7
33801	9
33802	8
33803	7
33804	6
33805	6
33806	7
33807	9
33808	10
33809	10
33810	9
33811	8
33812	8
33813	8
33814	7
33815	7
33816	7
33817	6
33818	6
33819	7
33820	7
33821	6
33822	8
33823	7
33824	6
33825	5
33826	6
33827	6
33828	6
33829	6
33830	7
33831	7
33832	8
33833	10
33834	11
33835	11
33836	10
33837	10
33838	9
33839	10
33840	10
33841	9
33842	9
33843	8
33844	9
33845	9
33846	8
33847	7
33848	7
33849	8
33850	8
33851	7
33852	9
33853	8
33854	7
33855	6
33856	8
33857	9
33858	9
33859	10
33860	10
33861	9
33862	11
33863	10
33864	9
33865	8
33866	7
33867	8
33868	8
33869	8
33870	7
33871	6
33872	7
33873	7
33874	8
33875	10
33876	9
33877	8
33878	7
33879	7
33880	6
33881	6
33882	7
33883	8
33884	7
33885	6
33886	6
33887	5
33888	5
33889	6
33890	8
33891	9
33892	9
33893	10
33894	10
33895	11
33896	13
33897	12
33898	11
33899	10
33900	10
33901	9
33902	11
33903	12
33904	12
33905	11
33906	11
33907	10
33908	11
33909	11
33910	10
33911	10
33912	9
33913	10
33914	10
33915	9
33916	9
33917	8
33918	8
33919	8
33920	8
33921	9
33922	11
33923	10
33924	9
33925	8
33926	8
33927	7
33928	8
33929	8
33930	9
33931	11
33932	12
33933	12
33934	11
33935	11
33936	10
33937	10
33938	10
33939	9
33940	10
33941	10
33942	9
33943	9
33944	8
33945	8
33946	9
33947	9
33948	8
33949	10
33950	9
33951	8
33952	7
33953	7
33954	7
33955	7
33956	8
33957	8
33958	7
33959	9
33960	8
33961	7
33962	6
33963	7
33964	7
33965	8
33966	9
33967	10
33968	10
33969	9
33970	8
33971	8
33972	8
33973	7
33974	7
33975	8
33976	8
33977	7
33978	8
33979	7
33980	6
33981	6
33982	7
33983	9
33984	10
33985	10
33986	9
33987	9
33988	8
33989	9
33990	9
33991	8
33992	8
33993	7
33994	8
33995	8
33996	7
33997	6
33998	6
33999	6
34000	5
34001	5
34002	6
34003	6
34004	7
34005	9
34006	10
34007	10
34008	9
34009	9
34010	8
34011	9
34012	9
34013	8
34014	8
34015	7
34016	8
34017	8
34018	7
34019	7
34020	6
34021	5
34022	7
34023	8
34024	8
34025	9
34026	9
34027	8
34028	9
34029	8
34030	7
34031	7
34032	8
34033	8
34034	7
34035	8
34036	7
34037	6
34038	7
34039	7
34040	8
34041	8
34042	7
34043	9
34044	8
34045	7
34046	6
34047	5
34048	6
34049	6
34050	7
34051	8
34052	7
34053	6
34054	6
34055	5
34056	5
34057	5
34058	4
34059	4
34060	4
34061	5
34062	7
34063	8
34064	8
34065	9
34066	9
34067	10
34068	12
34069	11
34070	10
34071	9
34072	9
34073	8
34074	10
34075	10
34076	10
34077	9
34078	9
34079	9
34080	8
34081	8
34082	8
34083	7
34084	7
34085	8
34086	8
34087	9
34088	11
34089	10
34090	9
34091	8
34092	8
34093	7
34094	9
34095	9
34096	9
34097	8
34098	9
34099	9
34100	8
34101	7
34102	8
34103	8
34104	7
34105	7
34106	6
34107	7
34108	7
34109	8
34110	10
34111	11
34112	11
34113	10
34114	10
34115	9
34116	9
34117	9
34118	8
34119	9
34120	9
34121	8
34122	8
34123	7
34124	7
34125	8
34126	8
34127	7
34128	9
34129	8
34130	7
34131	6
34132	6
34133	6
34134	6
34135	7
34136	7
34137	6
34138	8
34139	7
34140	6
34141	5
34142	5
34143	5
34144	6
34145	8
34146	9
34147	9
34148	8
34149	7
34150	8
34151	8
34152	7
34153	7
34154	6
34155	6
34156	6
34157	5
34158	5
34159	6
34160	6
34161	5
34162	7
34163	6
34164	5
34165	4
34166	4
34167	5
34168	5
34169	6
34170	8
34171	9
34172	9
34173	8
34174	8
34175	7
34176	8
34177	8
34178	7
34179	7
34180	6
34181	7
34182	7
34183	6
34184	6
34185	5
34186	5
34187	6
34188	6
34189	5
34190	6
34191	5
34192	4
34193	6
34194	7
34195	6
34196	6
34197	7
34198	7
34199	6
34200	8
34201	7
34202	6
34203	5
34204	6
34205	6
34206	7
34207	7
34208	6
34209	7
34210	6
34211	5
34212	5
34213	5
34214	5
34215	4
34216	5
34217	5
34218	6
34219	8
34220	7
34221	6
34222	5
34223	5
34224	4
34225	4
34226	5
34227	6
34228	5
34229	4
34230	4
34231	3
34232	3
34233	4
34234	4
34235	5
34236	7
34237	8
34238	8
34239	9
34240	9
34241	10
34242	12
34243	11
34244	10
34245	9
34246	9
34247	8
34248	10
34249	11
34250	11
34251	10
34252	10
34253	9
34254	10
34255	10
34256	9
34257	9
34258	8
34259	9
34260	9
34261	8
34262	8
34263	7
34264	7
34265	8
34266	8
34267	9
34268	11
34269	10
34270	9
34271	8
34272	8
34273	7
34274	9
34275	10
34276	9
34277	9
34278	8
34279	9
34280	9
34281	8
34282	8
34283	7
34284	8
34285	8
34286	7
34287	7
34288	6
34289	7
34290	7
34291	8
34292	10
34293	11
34294	11
34295	10
34296	10
34297	9
34298	9
34299	9
34300	8
34301	9
34302	9
34303	8
34304	8
34305	7
34306	7
34307	8
34308	8
34309	7
34310	9
34311	8
34312	7
34313	6
34314	6
34315	7
34316	9
34317	9
34318	9
34319	8
34320	8
34321	8
34322	7
34323	8
34324	8
34325	7
34326	7
34327	6
34328	6
34329	6
34330	6
34331	5
34332	6
34333	6
34334	7
34335	9
34336	10
34337	10
34338	9
34339	9
34340	8
34341	9
34342	9
34343	8
34344	8
34345	7
34346	8
34347	8
34348	7
34349	7
34350	6
34351	6
34352	7
34353	7
34354	6
34355	8
34356	7
34357	6
34358	5
34359	5
34360	6
34361	8
34362	9
34363	9
34364	8
34365	7
34366	8
34367	8
34368	7
34369	7
34370	6
34371	6
34372	6
34373	5
34374	5
34375	6
34376	6
34377	5
34378	7
34379	6
34380	5
34381	4
34382	4
34383	5
34384	5
34385	6
34386	7
34387	8
34388	8
34389	7
34390	6
34391	7
34392	7
34393	6
34394	6
34395	5
34396	5
34397	6
34398	6
34399	5
34400	5
34401	4
34402	6
34403	7
34404	7
34405	6
34406	5
34407	6
34408	6
34409	7
34410	7
34411	6
34412	7
34413	6
34414	5
34415	5
34416	6
34417	6
34418	5
34419	6
34420	5
34421	4
34422	5
34423	5
34424	6
34425	8
34426	7
34427	6
34428	5
34429	5
34430	4
34431	4
34432	5
34433	6
34434	5
34435	4
34436	4
34437	3
34438	5
34439	6
34440	6
34441	7
34442	7
34443	8
34444	10
34445	11
34446	11
34447	10
34448	10
34449	9
34450	10
34451	10
34452	9
34453	9
34454	8
34455	9
34456	9
34457	8
34458	8
34459	7
34460	7
34461	8
34462	7
34463	9
34464	8
34465	7
34466	6
34467	7
34468	8
34469	8
34470	9
34471	9
34472	8
34473	9
34474	8
34475	7
34476	7
34477	8
34478	8
34479	7
34480	8
34481	7
34482	6
34483	7
34484	7
34485	8
34486	10
34487	9
34488	8
34489	7
34490	7
34491	6
34492	6
34493	7
34494	8
34495	7
34496	6
34497	6
34498	5
34499	5
34500	6
34501	6
34502	7
34503	9
34504	10
34505	10
34506	9
34507	9
34508	8
34509	9
34510	9
34511	8
34512	8
34513	7
34514	8
34515	8
34516	7
34517	7
34518	6
34519	6
34520	7
34521	7
34522	6
34523	8
34524	7
34525	6
34526	5
34527	6
34528	7
34529	7
34530	8
34531	8
34532	7
34533	9
34534	8
34535	7
34536	6
34537	5
34538	6
34539	5
34540	5
34541	6
34542	6
34543	5
34544	6
34545	5
34546	4
34547	5
34548	4
34549	4
34550	5
34551	5
34552	6
34553	8
34554	9
34555	9
34556	8
34557	8
34558	7
34559	7
34560	7
34561	6
34562	7
34563	7
34564	6
34565	6
34566	5
34567	5
34568	6
34569	6
34570	5
34571	7
34572	6
34573	5
34574	4
34575	6
34576	7
34577	7
34578	7
34579	7
34580	6
34581	6
34582	7
34583	7
34584	6
34585	7
34586	6
34587	5
34588	6
34589	6
34590	6
34591	6
34592	5
34593	5
34594	6
34595	6
34596	5
34597	5
34598	4
34599	5
34600	4
34601	4
34602	4
34603	4
34604	3
34605	4
34606	4
34607	5
34608	6
34609	7
34610	6
34611	6
34612	7
34613	7
34614	6
34615	8
34616	7
34617	6
34618	5
34619	5
34620	5
34621	6
34622	8
34623	7
34624	6
34625	5
34626	5
34627	4
34628	4
34629	5
34630	5
34631	6
34632	8
34633	7
34634	6
34635	5
34636	5
34637	4
34638	6
34639	7
34640	6
34641	6
34642	5
34643	6
34644	6
34645	5
34646	5
34647	4
34648	5
34649	5
34650	4
34651	4
34652	3
34653	3
34654	4
34655	6
34656	7
34657	7
34658	7
34659	7
34660	6
34661	6
34662	7
34663	7
34664	6
34665	8
34666	7
34667	6
34668	5
34669	6
34670	5
34671	5
34672	5
34673	5
34674	4
34675	4
34676	4
34677	5
34678	7
34679	6
34680	5
34681	4
34682	4
34683	3
34684	3
34685	4
34686	4
34687	5
34688	7
34689	6
34690	5
34691	4
34692	4
34693	3
34694	5
34695	6
34696	6
34697	5
34698	5
34699	4
34700	5
34701	4
34702	3
34703	4
34704	4
34705	3
34706	2
34707	2
34708	3
34709	3
34710	4
34711	6
34712	7
34713	7
34714	8
34715	8
34716	9
34717	11
34718	12
34719	12
34720	12
34721	12
34722	11
34723	11
34724	12
34725	12
34726	11
34727	13
34728	12
34729	11
34730	10
34731	11
34732	11
34733	11
34734	11
34735	10
34736	10
34737	10
34738	10
34739	9
34740	10
34741	10
34742	11
34743	13
34744	12
34745	11
34746	10
34747	10
34748	9
34749	9
34750	10
34751	12
34752	11
34753	10
34754	9
34755	9
34756	8
34757	8
34758	9
34759	9
34760	10
34761	12
34762	11
34763	10
34764	9
34765	9
34766	8
34767	10
34768	11
34769	11
34770	10
34771	10
34772	9
34773	10
34774	10
34775	9
34776	8
34777	9
34778	9
34779	8
34780	8
34781	7
34782	9
34783	10
34784	10
34785	11
34786	11
34787	11
34788	11
34789	10
34790	12
34791	12
34792	12
34793	11
34794	12
34795	12
34796	11
34797	11
34798	10
34799	11
34800	11
34801	10
34802	10
34803	9
34804	9
34805	10
34806	10
34807	11
34808	13
34809	12
34810	11
34811	10
34812	10
34813	9
34814	11
34815	12
34816	12
34817	11
34818	11
34819	10
34820	11
34821	11
34822	10
34823	10
34824	9
34825	10
34826	9
34827	8
34828	9
34829	9
34830	10
34831	10
34832	11
34833	11
34834	10
34835	10
34836	9
34837	9
34838	10
34839	10
34840	9
34841	9
34842	8
34843	8
34844	9
34845	9
34846	9
34847	9
34848	8
34849	10
34850	11
34851	11
34852	10
34853	10
34854	9
34855	10
34856	10
34857	9
34858	9
34859	8
34860	9
34861	8
34862	8
34863	7
34864	8
34865	8
34866	9
34867	11
34868	12
34869	12
34870	11
34871	11
34872	10
34873	11
34874	11
34875	10
34876	9
34877	9
34878	9
34879	8
34880	8
34881	9
34882	9
34883	8
34884	10
34885	9
34886	8
34887	7
34888	7
34889	8
34890	10
34891	11
34892	11
34893	10
34894	10
34895	9
34896	10
34897	10
34898	9
34899	9
34900	8
34901	8
34902	8
34903	7
34904	7
34905	8
34906	8
34907	7
34908	9
34909	8
34910	7
34911	6
34912	6
34913	7
34914	7
34915	8
34916	10
34917	11
34918	11
34919	12
34920	12
34921	11
34922	13
34923	12
34924	11
34925	10
34926	10
34927	11
34928	11
34929	10
34930	12
34931	11
34932	10
34933	9
34934	10
34935	10
34936	11
34937	13
34938	12
34939	11
34940	10
34941	10
34942	9
34943	9
34944	10
34945	12
34946	11
34947	10
34948	9
34949	9
34950	8
34951	9
34952	9
34953	10
34954	12
34955	11
34956	10
34957	9
34958	9
34959	8
34960	8
34961	9
34962	10
34963	9
34964	8
34965	8
34966	7
34967	7
34968	8
34969	8
34970	9
34971	11
34972	10
34973	9
34974	8
34975	8
34976	7
34977	9
34978	10
34979	10
34980	9
34981	9
34982	8
34983	9
34984	8
34985	8
34986	7
34987	8
34988	8
34989	7
34990	7
34991	6
34992	8
34993	9
34994	9
34995	10
34996	10
34997	11
34998	13
34999	12
35000	11
35001	10
35002	10
35003	9
35004	11
35005	12
35006	12
35007	11
35008	11
35009	10
35010	11
35011	11
35012	10
35013	10
35014	9
35015	10
35016	10
35017	9
35018	8
35019	8
35020	9
35021	9
35022	10
35023	11
35024	10
35025	9
35026	9
35027	8
35028	10
35029	10
35030	10
35031	9
35032	8
35033	9
35034	9
35035	8
35036	8
35037	7
35038	8
35039	7
35040	7
35041	8
35042	8
35043	9
35044	10
35045	9
35046	8
35047	8
35048	7
35049	8
35050	9
35051	9
35052	8
35053	8
35054	7
35055	8
35056	8
35057	7
35058	7
35059	6
35060	7
35061	7
35062	8
35063	10
35064	11
35065	11
35066	10
35067	10
35068	9
35069	9
35070	9
35071	8
35072	9
35073	9
35074	8
35075	7
35076	7
35077	8
35078	8
35079	7
35080	9
35081	8
35082	7
35083	6
35084	6
35085	7
35086	8
35087	9
35088	9
35089	8
35090	8
35091	7
35092	7
35093	7
35094	6
35095	6
35096	7
35097	7
35098	6
35099	8
35100	7
35101	6
35102	5
35103	6
35104	6
35105	7
35106	9
35107	10
35108	10
35109	11
35110	11
35111	12
35112	12
35113	11
35114	11
35115	10
35116	12
35117	13
35118	13
35119	12
35120	12
35121	11
35122	12
35123	11
35124	11
35125	10
35126	11
35127	11
35128	10
35129	10
35130	9
35131	9
35132	10
35133	10
35134	11
35135	12
35136	11
35137	10
35138	10
35139	9
35140	11
35141	12
35142	11
35143	11
35144	10
35145	11
35146	11
35147	10
35148	10
35149	9
35150	9
35151	9
35152	8
35153	8
35154	8
35155	9
35156	10
35157	10
35158	10
35159	9
35160	10
35161	10
35162	9
35163	9
35164	8
35165	8
35166	9
35167	9
35168	8
35169	10
35170	9
35171	8
35172	7
35173	8
35174	8
35175	9
35176	11
35177	12
35178	12
35179	11
35180	11
35181	10
35182	11
35183	11
35184	10
35185	10
35186	9
35187	10
35188	10
35189	9
35190	9
35191	8
35192	8
35193	9
35194	9
35195	8
35196	10
35197	9
35198	8
35199	7
35200	7
35201	8
35202	10
35203	11
35204	11
35205	10
35206	10
35207	9
35208	9
35209	9
35210	8
35211	8
35212	8
35213	7
35214	7
35215	8
35216	8
35217	7
35218	8
35219	7
35220	6
35221	6
35222	7
35223	7
35224	8
35225	10
35226	11
35227	11
35228	10
35229	10
35230	9
35231	10
35232	10
35233	9
35234	9
35235	8
35236	9
35237	9
35238	8
35239	8
35240	7
35241	7
35242	8
35243	8
35244	7
35245	9
35246	8
35247	7
35248	6
35249	8
35250	9
35251	9
35252	10
35253	10
35254	9
35255	11
35256	10
35257	9
35258	8
35259	7
35260	8
35261	8
35262	9
35263	9
35264	8
35265	9
35266	8
35267	7
35268	7
35269	8
35270	8
35271	7
35272	8
35273	7
35274	6
35275	7
35276	7
35277	8
35278	10
35279	9
35280	8
35281	7
35282	7
35283	6
35284	6
35285	7
35286	8
35287	7
35288	6
35289	6
35290	5
35291	5
35292	6
35293	8
35294	9
35295	9
35296	10
35297	10
35298	10
35299	9
35300	11
35301	12
35302	11
35303	11
35304	10
35305	11
35306	11
35307	10
35308	10
35309	9
35310	10
35311	10
35312	9
35313	9
35314	8
35315	8
35316	8
35317	8
35318	9
35319	10
35320	9
35321	8
35322	8
35323	7
35324	7
35325	7
35326	8
35327	10
35328	11
35329	10
35330	10
35331	9
35332	9
35333	9
35334	8
35335	9
35336	9
35337	8
35338	8
35339	7
35340	7
35341	7
35342	9
35343	8
35344	7
35345	6
35346	7
35347	7
35348	8
35349	10
35350	10
35351	10
35352	9
35353	9
35354	9
35355	8
35356	8
35357	8
35358	7
35359	7
35360	8
35361	8
35362	7
35363	9
35364	8
35365	7
35366	6
35367	6
35368	7
35369	9
35370	10
35371	10
35372	9
35373	9
35374	8
35375	9
35376	9
35377	8
35378	8
35379	7
35380	8
35381	8
35382	7
35383	7
35384	6
35385	6
35386	7
35387	7
35388	6
35389	8
35390	7
35391	6
35392	5
35393	5
35394	6
35395	6
35396	7
35397	9
35398	10
35399	10
35400	9
35401	9
35402	8
35403	9
35404	9
35405	8
35406	8
35407	7
35408	8
35409	8
35410	7
35411	7
35412	6
35413	6
35414	7
35415	7
35416	6
35417	8
35418	7
35419	6
35420	5
35421	7
35422	8
35423	8
35424	9
35425	9
35426	8
35427	9
35428	8
35429	7
35430	7
35431	8
35432	8
35433	7
35434	8
35435	7
35436	6
35437	7
35438	7
35439	8
35440	8
35441	7
35442	9
35443	8
35444	7
35445	6
35446	5
35447	6
35448	6
35449	7
35450	8
35451	7
35452	6
35453	6
35454	5
35455	5
35456	6
35457	7
35458	6
35459	5
35460	5
35461	4
35462	5
35463	5
35464	6
35465	8
35466	9
35467	9
35468	9
35469	9
35470	9
35471	11
35472	10
35473	9
35474	8
35475	8
35476	8
35477	8
35478	8
35479	8
35480	7
35481	8
35482	8
35483	9
35484	11
35485	12
35486	12
35487	11
35488	11
35489	10
35490	11
35491	11
35492	10
35493	10
35494	9
35495	10
35496	10
35497	9
35498	9
35499	8
35500	8
35501	9
35502	9
35503	8
35504	9
35505	8
35506	7
35507	7
35508	7
35509	7
35510	8
35511	8
35512	7
35513	9
35514	8
35515	7
35516	6
35517	6
35518	6
35519	7
35520	9
35521	10
35522	10
35523	9
35524	9
35525	8
35526	9
35527	9
35528	8
35529	8
35530	7
35531	7
35532	7
35533	6
35534	6
35535	7
35536	7
35537	6
35538	8
35539	7
35540	6
35541	5
35542	5
35543	6
35544	6
35545	7
35546	9
35547	10
35548	10
35549	9
35550	9
35551	8
35552	9
35553	9
35554	8
35555	8
35556	7
35557	8
35558	8
35559	7
35560	7
35561	6
35562	6
35563	7
35564	7
35565	6
35566	8
35567	7
35568	6
35569	5
35570	7
35571	8
35572	7
35573	7
35574	8
35575	8
35576	7
35577	8
35578	7
35579	6
35580	7
35581	7
35582	7
35583	8
35584	7
35585	6
35586	6
35587	6
35588	6
35589	5
35590	6
35591	6
35592	7
35593	9
35594	8
35595	7
35596	6
35597	6
35598	5
35599	5
35600	6
35601	7
35602	6
35603	5
35604	5
35605	4
35606	4
35607	5
35608	7
35609	8
35610	8
35611	8
35612	8
35613	9
35614	11
35615	10
35616	9
35617	8
35618	8
35619	7
35620	7
35621	8
35622	8
35623	9
35624	11
35625	10
35626	9
35627	8
35628	8
35629	7
35630	9
35631	10
35632	10
35633	9
35634	9
35635	8
35636	9
35637	9
35638	8
35639	8
35640	7
35641	8
35642	8
35643	7
35644	7
35645	6
35646	7
35647	7
35648	7
35649	7
35650	8
35651	8
35652	7
35653	9
35654	8
35655	7
35656	6
35657	6
35658	7
35659	9
35660	10
35661	10
35662	9
35663	9
35664	8
35665	9
35666	9
35667	8
35668	8
35669	7
35670	8
35671	8
35672	7
35673	7
35674	6
35675	6
35676	7
35677	7
35678	6
35679	8
35680	7
35681	6
35682	5
35683	6
35684	6
35685	7
35686	9
35687	10
35688	10
35689	9
35690	9
35691	8
35692	9
35693	9
35694	8
35695	8
35696	7
35697	7
35698	7
35699	6
35700	6
35701	7
35702	7
35703	6
35704	8
35705	7
35706	6
35707	5
35708	5
35709	6
35710	7
35711	7
35712	7
35713	6
35714	6
35715	6
35716	5
35717	5
35718	6
35719	6
35720	5
35721	7
35722	6
35723	5
35724	4
35725	4
35726	5
35727	5
35728	5
35729	7
35730	8
35731	8
35732	7
35733	6
35734	7
35735	7
35736	6
35737	6
35738	5
35739	6
35740	6
35741	5
35742	5
35743	4
35744	6
35745	7
35746	7
35747	8
35748	8
35749	7
35750	8
35751	7
35752	6
35753	6
35754	7
35755	7
35756	6
35757	7
35758	6
35759	5
35760	6
35761	5
35762	5
35763	6
35764	6
35765	5
35766	6
35767	5
35768	4
35769	5
35770	5
35771	6
35772	7
35773	6
35774	5
35775	5
35776	4
35777	4
35778	5
35779	6
35780	5
35781	4
35782	4
35783	3
35784	3
35785	4
35786	4
35787	5
35788	7
35789	8
35790	8
35791	9
35792	9
35793	10
35794	12
35795	11
35796	10
35797	9
35798	9
35799	8
35800	10
35801	11
35802	11
35803	10
35804	9
35805	10
35806	10
35807	9
35808	9
35809	8
35810	9
35811	9
35812	8
35813	8
35814	7
35815	7
35816	8
35817	8
35818	9
35819	11
35820	10
35821	9
35822	8
35823	8
35824	7
35825	9
35826	10
35827	10
35828	9
35829	9
35830	8
35831	9
35832	9
35833	8
35834	8
35835	7
35836	8
35837	8
35838	7
35839	7
35840	6
35841	7
35842	7
35843	8
35844	10
35845	11
35846	11
35847	10
35848	10
35849	9
35850	9
35851	9
35852	8
35853	9
35854	9
35855	8
35856	8
35857	7
35858	7
35859	8
35860	8
35861	7
35862	9
35863	8
35864	7
35865	6
35866	6
35867	7
35868	9
35869	10
35870	10
35871	9
35872	9
35873	8
35874	8
35875	8
35876	7
35877	8
35878	8
35879	7
35880	7
35881	6
35882	6
35883	7
35884	7
35885	6
35886	8
35887	7
35888	6
35889	5
35890	6
35891	6
35892	7
35893	9
35894	10
35895	10
35896	9
35897	9
35898	8
35899	9
35900	9
35901	8
35902	8
35903	7
35904	7
35905	7
35906	6
35907	6
35908	7
35909	7
35910	6
35911	8
35912	7
35913	6
35914	5
35915	5
35916	6
35917	8
35918	8
35919	8
35920	7
35921	8
35922	8
35923	7
35924	7
35925	6
35926	6
35927	6
35928	5
35929	5
35930	5
35931	5
35932	4
35933	4
35934	5
35935	5
35936	6
35937	8
35938	8
35939	8
35940	7
35941	7
35942	7
35943	6
35944	7
35945	7
35946	6
35947	6
35948	5
35949	5
35950	6
35951	6
35952	5
35953	4
35954	6
35955	6
35956	5
35957	6
35958	6
35959	7
35960	7
35961	6
35962	7
35963	6
35964	5
35965	5
35966	6
35967	6
35968	5
35969	6
35970	5
35971	4
35972	5
35973	5
35974	5
35975	5
35976	4
35977	4
35978	5
35979	6
35980	5
35981	4
35982	4
35983	3
35984	5
35985	6
35986	6
35987	7
35988	7
35989	8
35990	10
35991	11
35992	11
35993	10
35994	10
35995	9
35996	10
35997	10
35998	9
35999	9
36000	8
36001	9
36002	9
36003	8
36004	8
36005	7
36006	7
36007	8
36008	8
36009	7
36010	9
36011	8
36012	7
36013	6
36014	7
36015	8
36016	7
36017	7
36018	8
36019	8
36020	7
36021	9
36022	8
36023	7
36024	6
36025	7
36026	7
36027	8
36028	8
36029	7
36030	8
36031	7
36032	6
36033	5
36034	5
36035	6
36036	6
36037	7
36038	9
36039	10
36040	10
36041	9
36042	9
36043	8
36044	9
36045	9
36046	8
36047	8
36048	7
36049	8
36050	8
36051	7
36052	7
36053	6
36054	6
36055	7
36056	7
36057	6
36058	7
36059	6
36060	5
36061	6
36062	7
36063	7
36064	8
36065	8
36066	7
36067	8
36068	7
36069	6
36070	6
36071	7
36072	7
36073	6
36074	7
36075	6
36076	5
36077	6
36078	6
36079	7
36080	9
36081	8
36082	7
36083	6
36084	6
36085	5
36086	5
36087	6
36088	7
36089	6
36090	5
36091	5
36092	4
36093	5
36094	5
36095	6
36096	6
36097	7
36098	9
36099	10
36100	10
36101	9
36102	8
36103	9
36104	9
36105	8
36106	8
36107	7
36108	8
36109	8
36110	7
36111	7
36112	6
36113	6
36114	7
36115	7
36116	6
36117	7
36118	6
36119	5
36120	7
36121	8
36122	8
36123	9
36124	9
36125	8
36126	9
36127	8
36128	7
36129	7
36130	7
36131	7
36132	6
36133	7
36134	7
36135	8
36136	8
36137	7
36138	7
36139	6
36140	6
36141	7
36142	7
36143	6
36144	7
36145	6
36146	5
36147	6
36148	5
36149	5
36150	6
36151	8
36152	7
36153	6
36154	5
36155	5
36156	4
36157	3
36158	4
36159	4
36160	5
36161	6
36162	7
36163	7
36164	8
36165	8
36166	7
36167	9
36168	8
36169	7
36170	6
36171	5
36172	5
36173	5
36174	6
36175	8
36176	7
36177	6
36178	5
36179	5
36180	4
36181	4
36182	5
36183	5
36184	6
36185	7
36186	6
36187	5
36188	5
36189	4
36190	6
36191	7
36192	7
36193	6
36194	5
36195	6
36196	6
36197	5
36198	5
36199	4
36200	5
36201	5
36202	4
36203	4
36204	3
36205	3
36206	4
36207	6
36208	7
36209	7
36210	8
36211	8
36212	7
36213	9
36214	8
36215	7
36216	6
36217	6
36218	6
36219	6
36220	5
36221	5
36222	5
36223	6
36224	8
36225	7
36226	6
36227	5
36228	5
36229	4
36230	5
36231	4
36232	4
36233	5
36234	7
36235	6
36236	5
36237	4
36238	4
36239	3
36240	3
36241	4
36242	4
36243	5
36244	7
36245	6
36246	5
36247	4
36248	4
36249	3
36250	5
36251	6
36252	6
36253	5
36254	5
36255	4
36256	5
36257	5
36258	4
36259	3
36260	4
36261	4
36262	3
36263	3
36264	2
36265	4
36266	5
36267	4
36268	4
36269	5
36270	5
36271	6
36272	8
36273	9
36274	9
36275	10
36276	10
36277	11
36278	13
36279	12
36280	11
36281	10
36282	10
36283	9
36284	11
36285	12
36286	12
36287	11
36288	11
36289	10
36290	11
36291	11
36292	10
36293	9
36294	10
36295	10
36296	9
36297	9
36298	8
36299	8
36300	9
36301	9
36302	10
36303	12
36304	11
36305	10
36306	9
36307	9
36308	8
36309	10
36310	11
36311	11
36312	10
36313	10
36314	9
36315	10
36316	10
36317	9
36318	9
36319	8
36320	9
36321	9
36322	8
36323	8
36324	7
36325	8
36326	8
36327	9
36328	11
36329	12
36330	12
36331	11
36332	10
36333	10
36334	10
36335	9
36336	10
36337	10
36338	9
36339	9
36340	8
36341	8
36342	9
36343	9
36344	8
36345	10
36346	9
36347	8
36348	7
36349	7
36350	8
36351	10
36352	11
36353	11
36354	10
36355	10
36356	9
36357	10
36358	10
36359	9
36360	8
36361	9
36362	9
36363	8
36364	8
36365	7
36366	7
36367	7
36368	9
36369	8
36370	7
36371	6
36372	7
36373	7
36374	8
36375	10
36376	11
36377	11
36378	10
36379	10
36380	9
36381	10
36382	10
36383	9
36384	9
36385	8
36386	8
36387	8
36388	7
36389	7
36390	8
36391	8
36392	7
36393	9
36394	8
36395	7
36396	6
36397	6
36398	7
36399	8
36400	9
36401	9
36402	8
36403	8
36404	7
36405	8
36406	8
36407	7
36408	7
36409	6
36410	6
36411	7
36412	7
36413	6
36414	8
36415	7
36416	6
36417	5
36418	5
36419	6
36420	6
36421	7
36422	9
36423	10
36424	10
36425	9
36426	9
36427	8
36428	8
36429	8
36430	7
36431	8
36432	8
36433	7
36434	7
36435	6
36436	6
36437	7
36438	7
36439	6
36440	8
36441	7
36442	6
36443	5
36444	7
36445	8
36446	8
36447	9
36448	9
36449	8
36450	9
36451	8
36452	7
36453	7
36454	8
36455	8
36456	7
36457	8
36458	7
36459	6
36460	7
36461	6
36462	6
36463	7
36464	7
36465	6
36466	8
36467	7
36468	6
36469	5
36470	6
36471	6
36472	7
36473	8
36474	7
36475	6
36476	6
36477	5
36478	5
36479	6
36480	8
36481	7
36482	6
36483	5
36484	5
36485	4
36486	6
36487	7
36488	7
36489	8
36490	8
36491	9
36492	11
36493	12
36494	12
36495	11
36496	11
36497	10
36498	11
36499	11
36500	10
36501	10
36502	9
36503	10
36504	10
36505	9
36506	9
36507	8
36508	8
36509	9
36510	9
36511	8
36512	10
36513	9
36514	8
36515	7
36516	9
36517	10
36518	10
36519	10
36520	10
36521	9
36522	9
36523	10
36524	10
36525	9
36526	11
36527	10
36528	9
36529	8
36530	9
36531	9
36532	10
36533	10
36534	9
36535	10
36536	9
36537	8
36538	8
36539	9
36540	9
36541	8
36542	8
36543	7
36544	8
36545	8
36546	9
36547	11
36548	10
36549	9
36550	8
36551	8
36552	7
36553	6
36554	6
36555	7
36556	7
36557	8
36558	10
36559	11
36560	11
36561	10
36562	10
36563	9
36564	10
36565	10
36566	9
36567	9
36568	8
36569	9
36570	9
36571	8
36572	8
36573	7
36574	7
36575	8
36576	8
36577	7
36578	9
36579	8
36580	7
36581	6
36582	6
36583	7
36584	6
36585	6
36586	7
36587	7
36588	6
36589	7
36590	6
36591	5
36592	6
36593	6
36594	7
36595	7
36596	8
36597	10
36598	11
36599	11
36600	10
36601	10
36602	9
36603	10
36604	10
36605	9
36606	9
36607	8
36608	9
36609	9
36610	8
36611	8
36612	7
36613	7
36614	8
36615	8
36616	7
36617	9
36618	8
36619	7
36620	6
36621	6
36622	7
36623	7
36624	8
36625	8
36626	7
36627	8
36628	7
36629	6
36630	5
36631	5
36632	6
36633	6
36634	7
36635	9
36636	10
36637	10
36638	9
36639	9
36640	8
36641	9
36642	9
36643	8
36644	8
36645	7
36646	8
36647	8
36648	7
36649	7
36650	6
36651	6
36652	7
36653	6
36654	8
36655	7
36656	6
36657	5
36658	6
36659	7
36660	7
36661	7
36662	7
36663	6
36664	6
36665	7
36666	7
36667	6
36668	7
36669	6
36670	5
36671	6
36672	6
36673	7
36674	8
36675	7
36676	6
36677	6
36678	5
36679	5
36680	6
36681	8
36682	7
36683	6
36684	5
36685	5
36686	4
36687	5
36688	5
36689	6
36690	8
36691	9
36692	9
36693	10
36694	10
36695	9
36696	10
36697	9
36698	8
36699	8
36700	8
36701	8
36702	7
36703	7
36704	7
36705	8
36706	9
36707	8
36708	7
36709	7
36710	6
36711	7
36712	7
36713	7
36714	7
36715	6
36716	5
36717	5
36718	6
36719	6
36720	7
36721	9
36722	8
36723	7
36724	6
36725	6
36726	5
36727	6
36728	7
36729	7
36730	6
36731	6
36732	5
36733	5
36734	5
36735	4
36736	3
36737	4
36738	4
36739	5
36740	5
36741	6
36742	8
36743	9
36744	9
36745	10
36746	10
36747	10
36748	10
36749	9
36750	10
36751	11
36752	11
36753	10
36754	10
36755	9
36756	10
36757	10
36758	9
36759	9
36760	8
36761	8
36762	9
36763	9
36764	10
36765	12
36766	11
36767	10
36768	9
36769	9
36770	8
36771	9
36772	10
36773	10
36774	9
36775	9
36776	8
36777	9
36778	8
36779	8
36780	7
36781	8
36782	8
36783	8
36784	8
36785	9
36786	9
36787	8
36788	10
36789	9
36790	8
36791	7
36792	7
36793	8
36794	10
36795	11
36796	11
36797	10
36798	9
36799	9
36800	8
36801	9
36802	9
36803	8
36804	8
36805	7
36806	7
36807	8
36808	8
36809	7
36810	8
36811	7
36812	6
36813	7
36814	7
36815	8
36816	10
36817	11
36818	11
36819	10
36820	10
36821	9
36822	10
36823	10
36824	9
36825	9
36826	8
36827	9
36828	8
36829	8
36830	7
36831	7
36832	8
36833	8
36834	7
36835	9
36836	8
36837	7
36838	6
36839	6
36840	7
36841	9
36842	9
36843	9
36844	8
36845	9
36846	9
36847	8
36848	8
36849	7
36850	7
36851	7
36852	6
36853	6
36854	7
36855	7
36856	6
36857	7
36858	6
36859	5
36860	5
36861	6
36862	6
36863	6
36864	8
36865	9
36866	9
36867	8
36868	8
36869	7
36870	7
36871	7
36872	6
36873	7
36874	7
36875	6
36876	6
36877	5
36878	7
36879	8
36880	8
36881	9
36882	9
36883	8
36884	10
36885	9
36886	8
36887	7
36888	6
36889	7
36890	7
36891	8
36892	8
36893	7
36894	8
36895	7
36896	6
36897	6
36898	7
36899	7
36900	6
36901	7
36902	6
36903	5
36904	6
36905	6
36906	7
36907	9
36908	8
36909	7
36910	6
36911	6
36912	5
36913	5
36914	6
36915	7
36916	6
36917	5
36918	5
36919	4
36920	5
36921	6
36922	6
36923	7
36924	7
36925	8
36926	9
36927	10
36928	9
36929	9
36930	8
36931	9
36932	9
36933	8
36934	8
36935	7
36936	7
36937	7
36938	7
36939	6
36940	7
36941	8
36942	8
36943	9
36944	9
36945	8
36946	9
36947	8
36948	7
36949	7
36950	7
36951	7
36952	6
36953	7
36954	7
36955	8
36956	10
36957	9
36958	8
36959	7
36960	7
36961	6
36962	6
36963	7
36964	7
36965	6
36966	6
36967	5
36968	5
36969	5
36970	5
36971	6
36972	8
36973	9
36974	9
36975	8
36976	8
36977	7
36978	7
36979	7
36980	6
36981	7
36982	7
36983	6
36984	5
36985	5
36986	6
36987	6
36988	5
36989	7
36990	6
36991	5
36992	4
36993	5
36994	5
36995	6
36996	7
36997	7
36998	7
36999	8
37000	10
37001	9
37002	8
37003	7
37004	7
37005	6
37006	6
37007	6
37008	7
37009	9
37010	8
37011	7
37012	6
37013	6
37014	5
37015	5
37016	6
37017	6
37018	7
37019	9
37020	8
37021	7
37022	6
37023	6
37024	5
37025	7
37026	8
37027	7
37028	7
37029	6
37030	7
37031	7
37032	6
37033	6
37034	5
37035	6
37036	6
37037	5
37038	5
37039	4
37040	4
37041	5
37042	7
37043	8
37044	8
37045	8
37046	8
37047	7
37048	7
37049	8
37050	8
37051	7
37052	9
37053	8
37054	7
37055	6
37056	7
37057	6
37058	6
37059	7
37060	8
37061	7
37062	6
37063	6
37064	5
37065	5
37066	5
37067	6
37068	8
37069	7
37070	6
37071	5
37072	5
37073	4
37074	4
37075	5
37076	5
37077	6
37078	8
37079	7
37080	6
37081	5
37082	5
37083	4
37084	6
37085	7
37086	7
37087	6
37088	6
37089	5
37090	6
37091	5
37092	5
37093	4
37094	5
37095	5
37096	4
37097	4
37098	3
37099	3
37100	4
37101	4
37102	5
37103	7
37104	8
37105	8
37106	9
37107	9
37108	10
37109	12
37110	11
37111	10
37112	9
37113	9
37114	8
37115	10
37116	10
37117	10
37118	9
37119	10
37120	9
37121	9
37122	8
37123	9
37124	9
37125	8
37126	8
37127	7
37128	7
37129	8
37130	8
37131	9
37132	11
37133	10
37134	9
37135	8
37136	8
37137	7
37138	9
37139	10
37140	10
37141	9
37142	9
37143	8
37144	9
37145	9
37146	8
37147	8
37148	7
37149	8
37150	8
37151	7
37152	7
37153	6
37154	7
37155	7
37156	7
37157	9
37158	10
37159	10
37160	9
37161	9
37162	8
37163	9
37164	8
37165	8
37166	7
37167	8
37168	8
37169	7
37170	7
37171	6
37172	6
37173	7
37174	8
37175	8
37176	8
37177	7
37178	8
37179	7
37180	7
37181	6
37182	6
37183	6
37184	6
37185	5
37186	6
37187	6
37188	6
37189	6
37190	7
37191	7
37192	6
37193	8
37194	7
37195	6
37196	5
37197	5
37198	6
37199	8
37200	9
37201	9
37202	8
37203	8
37204	7
37205	8
37206	8
37207	7
37208	7
37209	6
37210	6
37211	6
37212	5
37213	5
37214	6
37215	6
37216	5
37217	7
37218	6
37219	5
37220	4
37221	4
37222	5
37223	5
37224	6
37225	8
37226	9
37227	9
37228	8
37229	8
37230	7
37231	8
37232	8
37233	7
37234	7
37235	6
37236	7
37237	7
37238	6
37239	6
37240	5
37241	5
37242	6
37243	6
37244	5
37245	7
37246	6
37247	5
37248	4
37249	6
37250	7
37251	6
37252	6
37253	7
37254	7
37255	6
37256	7
37257	6
37258	5
37259	6
37260	6
37261	7
37262	7
37263	6
37264	7
37265	6
37266	5
37267	5
37268	6
37269	6
37270	5
37271	6
37272	5
37273	4
37274	5
37275	5
37276	6
37277	8
37278	7
37279	6
37280	5
37281	5
37282	4
37283	4
37284	5
37285	6
37286	5
37287	4
37288	4
37289	3
37290	4
37291	5
37292	4
37293	4
37294	5
37295	5
37296	6
37297	8
37298	9
37299	9
37300	8
37301	8
37302	7
37303	8
37304	8
37305	7
37306	7
37307	6
37308	7
37309	7
37310	6
37311	6
37312	5
37313	5
37314	6
37315	5
37316	7
37317	6
37318	5
37319	4
37320	5
37321	6
37322	6
37323	7
37324	7
37325	6
37326	6
37327	5
37328	5
37329	6
37330	6
37331	5
37332	6
37333	5
37334	4
37335	5
37336	5
37337	6
37338	8
37339	7
37340	6
37341	5
37342	5
37343	4
37344	4
37345	4
37346	4
37347	3
37348	4
37349	4
37350	5
37351	5
37352	6
37353	8
37354	9
37355	9
37356	8
37357	8
37358	7
37359	8
37360	8
37361	7
37362	7
37363	6
37364	7
37365	7
37366	6
37367	6
37368	5
37369	5
37370	6
37371	6
37372	5
37373	7
37374	6
37375	5
37376	4
37377	6
37378	7
37379	7
37380	8
37381	8
37382	7
37383	8
37384	7
37385	6
37386	6
37387	6
37388	6
37389	5
37390	5
37391	5
37392	6
37393	6
37394	5
37395	7
37396	6
37397	5
37398	4
37399	5
37400	4
37401	4
37402	5
37403	7
37404	6
37405	5
37406	4
37407	3
37408	2
37409	3
37410	3
37411	4
37412	6
37413	7
37414	7
37415	7
37416	7
37417	8
37418	10
37419	11
37420	11
37421	10
37422	10
37423	9
37424	9
37425	9
37426	8
37427	9
37428	9
37429	8
37430	8
37431	7
37432	7
37433	8
37434	8
37435	7
37436	9
37437	8
37438	7
37439	6
37440	6
37441	7
37442	7
37443	8
37444	10
37445	11
37446	11
37447	10
37448	10
37449	9
37450	10
37451	10
37452	9
37453	9
37454	8
37455	9
37456	9
37457	8
37458	8
37459	7
37460	7
37461	8
37462	8
37463	7
37464	9
37465	8
37466	7
37467	6
37468	8
37469	9
37470	9
37471	10
37472	9
37473	11
37474	10
37475	9
37476	8
37477	8
37478	9
37479	8
37480	8
37481	7
37482	8
37483	8
37484	9
37485	9
37486	8
37487	10
37488	9
37489	8
37490	7
37491	6
37492	7
37493	7
37494	8
37495	10
37496	9
37497	8
37498	7
37499	7
37500	6
37501	6
37502	7
37503	9
37504	8
37505	7
37506	6
37507	6
37508	5
37509	6
37510	6
37511	7
37512	9
37513	10
37514	10
37515	11
37516	10
37517	11
37518	10
37519	9
37520	9
37521	9
37522	9
37523	8
37524	9
37525	9
37526	9
37527	8
37528	8
37529	9
37530	10
37531	9
37532	8
37533	8
37534	7
37535	8
37536	8
37537	9
37538	11
37539	10
37540	9
37541	8
37542	7
37543	7
37544	8
37545	9
37546	8
37547	7
37548	7
37549	6
37550	6
37551	6
37552	8
37553	9
37554	9
37555	8
37556	7
37557	8
37558	8
37559	7
37560	7
37561	6
37562	7
37563	6
37564	6
37565	5
37566	4
37567	4
37568	4
37569	5
37570	7
37571	8
37572	8
37573	9
37574	9
37575	8
37576	10
37577	9
37578	8
37579	7
37580	7
37581	8
37582	8
37583	7
37584	8
37585	7
37586	6
37587	7
37588	7
37589	7
37590	7
37591	6
37592	6
37593	7
37594	9
37595	8
37596	7
37597	6
37598	6
37599	5
37600	5
37601	5
37602	6
37603	8
37604	7
37605	6
37606	5
37607	5
37608	4
37609	4
37610	5
37611	5
37612	6
37613	8
37614	7
37615	6
37616	5
37617	5
37618	4
37619	6
37620	7
37621	7
37622	6
37623	6
37624	5
37625	6
37626	5
37627	5
37628	4
37629	5
37630	5
37631	4
37632	4
37633	3
37634	3
37635	4
37636	4
37637	5
37638	7
37639	8
37640	8
37641	9
37642	9
37643	8
37644	10
37645	9
37646	8
37647	7
37648	7
37649	8
37650	8
37651	7
37652	9
37653	8
37654	7
37655	6
37656	7
37657	7
37658	8
37659	10
37660	9
37661	8
37662	7
37663	7
37664	6
37665	6
37666	7
37667	9
37668	8
37669	7
37670	6
37671	6
37672	5
37673	6
37674	6
37675	7
37676	9
37677	8
37678	7
37679	6
37680	6
37681	5
37682	5
37683	6
37684	8
37685	7
37686	6
37687	5
37688	5
37689	4
37690	4
37691	5
37692	5
37693	5
37694	5
37695	4
37696	6
37697	7
37698	7
37699	6
37700	6
37701	5
37702	6
37703	6
37704	5
37705	4
37706	5
37707	5
37708	4
37709	4
37710	3
37711	5
37712	6
37713	5
37714	5
37715	6
37716	6
37717	7
37718	8
37719	7
37720	6
37721	6
37722	5
37723	6
37724	7
37725	7
37726	6
37727	6
37728	5
37729	6
37730	5
37731	4
37732	5
37733	5
37734	6
37735	6
37736	7
37737	9
37738	8
37739	7
37740	6
37741	5
37742	6
37743	7
37744	7
37745	6
37746	6
37747	5
37748	6
37749	6
37750	5
37751	5
37752	4
37753	4
37754	5
37755	5
37756	6
37757	8
37758	7
37759	6
37760	5
37761	5
37762	4
37763	5
37764	6
37765	5
37766	5
37767	4
37768	5
37769	5
37770	4
37771	3
37772	4
37773	4
37774	5
37775	7
37776	8
37777	8
37778	7
37779	7
37780	6
37781	6
37782	5
37783	5
37784	5
37785	4
37786	4
37787	5
37788	5
37789	4
37790	5
37791	4
37792	3
37793	3
37794	4
37795	5
37796	6
37797	5
37798	5
37799	4
37800	4
37801	4
37802	3
37803	3
37804	4
37805	4
37806	3
37807	5
37808	4
37809	3
37810	2
37811	2
37812	3
37813	4
37814	5
37815	4
37816	4
37817	5
37818	5
37819	6
37820	8
37821	9
37822	9
37823	8
37824	8
37825	7
37826	8
37827	8
37828	7
37829	7
37830	6
37831	7
37832	7
37833	6
37834	6
37835	5
37836	5
37837	6
37838	6
37839	5
37840	7
37841	6
37842	5
37843	4
37844	6
37845	7
37846	7
37847	8
37848	8
37849	7
37850	9
37851	8
37852	7
37853	6
37854	5
37855	6
37856	6
37857	7
37858	6
37859	7
37860	6
37861	5
37862	5
37863	6
37864	5
37865	6
37866	5
37867	4
37868	5
37869	5
37870	6
37871	8
37872	7
37873	6
37874	5
37875	5
37876	4
37877	4
37878	4
37879	4
37880	3
37881	3
37882	3
37883	4
37884	6
37885	7
37886	7
37887	8
37888	8
37889	7
37890	8
37891	7
37892	6
37893	6
37894	7
37895	7
37896	6
37897	8
37898	7
37899	6
37900	5
37901	6
37902	6
37903	7
37904	9
37905	8
37906	7
37907	6
37908	5
37909	5
37910	5
37911	5
37912	4
37913	4
37914	4
37915	5
37916	7
37917	6
37918	5
37919	4
37920	4
37921	3
37922	3
37923	4
37924	4
37925	5
37926	7
37927	6
37928	5
37929	4
37930	4
37931	3
37932	5
37933	6
37934	5
37935	5
37936	4
37937	5
37938	5
37939	4
37940	4
37941	3
37942	4
37943	4
37944	3
37945	3
37946	2
37947	2
37948	3
37949	3
37950	4
37951	6
37952	7
37953	7
37954	8
37955	8
37956	7
37957	9
37958	8
37959	7
37960	6
37961	6
37962	7
37963	7
37964	6
37965	8
37966	7
37967	6
37968	5
37969	6
37970	6
37971	7
37972	8
37973	7
37974	6
37975	6
37976	5
37977	5
37978	6
37979	7
37980	6
37981	5
37982	4
37983	5
37984	5
37985	6
37986	8
37987	7
37988	6
37989	5
37990	5
37991	4
37992	4
37993	5
37994	7
37995	6
37996	5
37997	4
37998	4
37999	3
38000	3
38001	4
38002	4
38003	4
38004	5
38005	4
38006	3
38007	5
38008	6
38009	6
38010	5
38011	4
38012	5
38013	5
38014	4
38015	4
38016	3
38017	4
38018	4
38019	3
38020	3
38021	2
38022	4
38023	5
38024	5
38025	6
38026	6
38027	6
38028	6
38029	5
38030	6
38031	7
38032	7
38033	6
38034	6
38035	5
38036	6
38037	6
38038	5
38039	5
38040	4
38041	4
38042	5
38043	5
38044	6
38045	8
38046	7
38047	6
38048	5
38049	5
38050	4
38051	5
38052	6
38053	6
38054	5
38055	4
38056	5
38057	4
38058	4
38059	3
38060	4
38061	3
38062	3
38063	4
38064	4
38065	5
38066	7
38067	6
38068	5
38069	4
38070	4
38071	3
38072	5
38073	6
38074	6
38075	5
38076	5
38077	4
38078	5
38079	4
38080	4
38081	3
38082	4
38083	3
38084	3
38085	2
38086	3
38087	3
38088	4
38089	5
38090	6
38091	5
38092	5
38093	4
38094	4
38095	4
38096	3
38097	3
38098	4
38099	4
38100	3
38101	5
38102	4
38103	3
38104	2
38105	2
38106	3
38107	5
38108	6
38109	6
38110	5
38111	5
38112	4
38113	5
38114	4
38115	4
38116	3
38117	3
38118	3
38119	2
38120	2
38121	3
38122	3
38123	2
38124	4
38125	3
38126	2
38127	1
38128	1
38129	2
38130	2
38131	3
38132	5
38133	6
38134	6
38135	7
38136	7
38137	8
38138	10
38139	11
38140	11
38141	12
38142	12
38143	11
38144	13
38145	12
38146	11
38147	10
38148	10
38149	11
38150	11
38151	10
38152	12
38153	11
38154	10
38155	9
38156	10
38157	10
38158	11
38159	13
38160	12
38161	11
38162	10
38163	10
38164	9
38165	9
38166	10
38167	11
38168	10
38169	9
38170	9
38171	8
38172	9
38173	9
38174	10
38175	12
38176	11
38177	10
38178	9
38179	9
38180	8
38181	8
38182	9
38183	11
38184	10
38185	9
38186	8
38187	8
38188	7
38189	7
38190	8
38191	8
38192	9
38193	11
38194	10
38195	9
38196	8
38197	7
38198	9
38199	10
38200	10
38201	9
38202	9
38203	8
38204	9
38205	9
38206	8
38207	7
38208	8
38209	7
38210	7
38211	6
38212	8
38213	9
38214	9
38215	10
38216	10
38217	11
38218	12
38219	11
38220	10
38221	10
38222	9
38223	11
38224	11
38225	11
38226	10
38227	9
38228	10
38229	10
38230	9
38231	9
38232	8
38233	8
38234	9
38235	9
38236	10
38237	12
38238	11
38239	10
38240	9
38241	9
38242	8
38243	10
38244	11
38245	11
38246	10
38247	10
38248	9
38249	10
38250	10
38251	9
38252	9
38253	8
38254	9
38255	9
38256	8
38257	7
38258	8
38259	8
38260	9
38261	9
38262	10
38263	11
38264	10
38265	9
38266	9
38267	8
38268	9
38269	10
38270	9
38271	9
38272	8
38273	9
38274	9
38275	8
38276	8
38277	7
38278	6
38279	7
38280	7
38281	8
38282	10
38283	11
38284	11
38285	10
38286	10
38287	9
38288	10
38289	10
38290	9
38291	8
38292	8
38293	8
38294	7
38295	7
38296	8
38297	8
38298	7
38299	9
38300	8
38301	7
38302	6
38303	6
38304	7
38305	8
38306	9
38307	9
38308	8
38309	8
38310	7
38311	7
38312	7
38313	6
38314	6
38315	7
38316	7
38317	6
38318	8
38319	7
38320	6
38321	5
38322	5
38323	6
38324	6
38325	7
38326	9
38327	10
38328	10
38329	11
38330	11
38331	10
38332	12
38333	11
38334	10
38335	9
38336	9
38337	9
38338	9
38339	8
38340	9
38341	9
38342	10
38343	12
38344	11
38345	10
38346	9
38347	9
38348	8
38349	8
38350	9
38351	11
38352	10
38353	9
38354	8
38355	8
38356	7
38357	8
38358	8
38359	8
38360	8
38361	7
38362	7
38363	7
38364	7
38365	6
38366	6
38367	7
38368	7
38369	8
38370	10
38371	9
38372	8
38373	7
38374	7
38375	6
38376	8
38377	9
38378	9
38379	8
38380	8
38381	7
38382	8
38383	7
38384	7
38385	6
38386	7
38387	7
38388	6
38389	6
38390	5
38391	7
38392	8
38393	8
38394	9
38395	9
38396	10
38397	12
38398	11
38399	10
38400	9
38401	9
38402	8
38403	10
38404	11
38405	11
38406	10
38407	10
38408	9
38409	10
38410	10
38411	9
38412	9
38413	8
38414	9
38415	8
38416	7
38417	7
38418	8
38419	8
38420	8
38421	8
38422	7
38423	9
38424	9
38425	8
38426	8
38427	8
38428	7
38429	8
38430	8
38431	7
38432	7
38433	6
38434	7
38435	7
38436	8
38437	8
38438	8
38439	8
38440	7
38441	9
38442	10
38443	10
38444	9
38445	9
38446	8
38447	9
38448	9
38449	8
38450	8
38451	7
38452	8
38453	7
38454	7
38455	6
38456	6
38457	7
38458	7
38459	8
38460	8
38461	7
38462	7
38463	6
38464	6
38465	7
38466	7
38467	6
38468	6
38469	5
38470	6
38471	6
38472	7
38473	9
38474	10
38475	10
38476	9
38477	9
38478	8
38479	8
38480	8
38481	7
38482	8
38483	8
38484	7
38485	6
38486	6
38487	7
38488	7
38489	6
38490	8
38491	7
38492	6
38493	5
38494	5
38495	6
38496	8
38497	9
38498	9
38499	8
38500	8
38501	7
38502	7
38503	7
38504	6
38505	7
38506	7
38507	6
38508	6
38509	5
38510	5
38511	6
38512	6
38513	5
38514	7
38515	6
38516	5
38517	4
38518	5
38519	5
38520	6
38521	8
38522	9
38523	9
38524	9
38525	9
38526	9
38527	9
38528	8
38529	8
38530	8
38531	8
38532	8
38533	9
38534	8
38535	7
38536	7
38537	7
38538	8
38539	10
38540	11
38541	11
38542	10
38543	10
38544	9
38545	9
38546	9
38547	8
38548	9
38549	9
38550	8
38551	8
38552	7
38553	7
38554	8
38555	8
38556	7
38557	9
38558	8
38559	7
38560	6
38561	7
38562	7
38563	8
38564	10
38565	11
38566	11
38567	10
38568	10
38569	9
38570	10
38571	10
38572	9
38573	9
38574	8
38575	9
38576	9
38577	8
38578	8
38579	7
38580	7
38581	8
38582	8
38583	7
38584	8
38585	7
38586	6
38587	6
38588	7
38589	9
38590	9
38591	9
38592	8
38593	8
38594	8
38595	7
38596	7
38597	7
38598	6
38599	6
38600	7
38601	7
38602	6
38603	8
38604	7
38605	6
38606	5
38607	5
38608	6
38609	6
38610	7
38611	9
38612	10
38613	10
38614	9
38615	9
38616	8
38617	9
38618	9
38619	8
38620	8
38621	7
38622	8
38623	8
38624	7
38625	7
38626	6
38627	6
38628	7
38629	7
38630	6
38631	8
38632	7
38633	6
38634	5
38635	7
38636	8
38637	8
38638	9
38639	9
38640	8
38641	9
38642	8
38643	7
38644	6
38645	7
38646	7
38647	7
38648	7
38649	6
38650	6
38651	6
38652	7
38653	6
38654	5
38655	6
38656	6
38657	7
38658	9
38659	8
38660	7
38661	6
38662	6
38663	5
38664	5
38665	6
38666	7
38667	6
38668	5
38669	5
38670	4
38671	4
38672	5
38673	7
38674	8
38675	8
38676	9
38677	9
38678	10
38679	12
38680	11
38681	10
38682	9
38683	9
38684	8
38685	10
38686	11
38687	11
38688	10
38689	10
38690	9
38691	10
38692	10
38693	9
38694	9
38695	8
38696	9
38697	9
38698	8
38699	8
38700	7
38701	7
38702	7
38703	7
38704	8
38705	10
38706	9
38707	8
38708	7
38709	7
38710	6
38711	7
38712	7
38713	8
38714	10
38715	11
38716	11
38717	10
38718	10
38719	9
38720	9
38721	9
38722	8
38723	9
38724	9
38725	8
38726	8
38727	7
38728	7
38729	8
38730	8
38731	7
38732	9
38733	8
38734	7
38735	6
38736	6
38737	7
38738	8
38739	8
38740	8
38741	7
38742	8
38743	8
38744	7
38745	7
38746	6
38747	6
38748	5
38749	6
38750	6
38751	7
38752	9
38753	9
38754	9
38755	8
38756	9
38757	9
38758	8
38759	8
38760	7
38761	7
38762	7
38763	6
38764	6
38765	7
38766	7
38767	6
38768	8
38769	7
38770	6
38771	5
38772	5
38773	6
38774	8
38775	9
38776	9
38777	8
38778	8
38779	7
38780	8
38781	8
38782	7
38783	7
38784	6
38785	7
38786	7
38787	6
38788	6
38789	5
38790	5
38791	6
38792	6
38793	5
38794	7
38795	6
38796	5
38797	4
38798	4
38799	5
38800	5
38801	5
38802	7
38803	8
38804	7
38805	7
38806	6
38807	7
38808	6
38809	6
38810	5
38811	6
38812	6
38813	5
38814	5
38815	4
38816	6
38817	7
38818	7
38819	8
38820	8
38821	7
38822	8
38823	7
38824	6
38825	6
38826	7
38827	7
38828	6
38829	7
38830	6
38831	5
38832	6
38833	6
38834	7
38835	7
38836	6
38837	7
38838	6
38839	5
38840	4
38841	5
38842	5
38843	6
38844	7
38845	6
38846	5
38847	5
38848	4
38849	4
38850	5
38851	6
38852	5
38853	4
38854	4
38855	3
38856	4
38857	4
38858	5
38859	7
38860	8
38861	8
38862	9
38863	9
38864	10
38865	11
38866	10
38867	9
38868	9
38869	8
38870	10
38871	10
38872	10
38873	9
38874	9
38875	9
38876	8
38877	8
38878	8
38879	7
38880	7
38881	7
38882	7
38883	8
38884	8
38885	7
38886	7
38887	6
38888	7
38889	7
38890	8
38891	10
38892	11
38893	11
38894	10
38895	9
38896	10
38897	9
38898	9
38899	8
38900	9
38901	9
38902	8
38903	8
38904	7
38905	7
38906	8
38907	8
38908	7
38909	9
38910	8
38911	7
38912	6
38913	6
38914	6
38915	6
38916	7
38917	7
38918	6
38919	7
38920	6
38921	5
38922	5
38923	5
38924	6
38925	7
38926	8
38927	8
38928	7
38929	7
38930	6
38931	6
38932	6
38933	5
38934	5
38935	6
38936	6
38937	5
38938	7
38939	6
38940	5
38941	4
38942	4
38943	5
38944	5
38945	6
38946	8
38947	9
38948	9
38949	8
38950	8
38951	7
38952	8
38953	7
38954	7
38955	6
38956	7
38957	7
38958	6
38959	6
38960	5
38961	5
38962	6
38963	5
38964	7
38965	6
38966	5
38967	4
38968	6
38969	7
38970	6
38971	6
38972	7
38973	7
38974	6
38975	8
38976	7
38977	6
38978	5
38979	5
38980	5
38981	6
38982	6
38983	5
38984	6
38985	5
38986	4
38987	5
38988	5
38989	6
38990	8
38991	7
38992	6
38993	5
38994	5
38995	4
38996	4
38997	4
38998	4
38999	3
39000	3
39001	4
39002	6
39003	7
39004	7
39005	7
39006	7
39007	8
39008	9
39009	8
39010	7
39011	7
39012	6
39013	6
39014	7
39015	7
39016	7
39017	6
39018	8
39019	9
39020	9
39021	8
39022	7
39023	8
39024	8
39025	7
39026	7
39027	6
39028	7
39029	7
39030	6
39031	6
39032	5
39033	6
39034	6
39035	6
39036	6
39037	7
39038	7
39039	6
39040	8
39041	7
39042	6
39043	5
39044	5
39045	6
39046	8
39047	9
39048	9
39049	8
39050	8
39051	7
39052	8
39053	8
39054	7
39055	7
39056	6
39057	7
39058	7
39059	6
39060	6
39061	5
39062	5
39063	6
39064	6
39065	5
39066	7
39067	6
39068	5
39069	4
39070	4
39071	4
39072	5
39073	7
39074	8
39075	8
39076	7
39077	6
39078	7
39079	7
39080	6
39081	6
39082	5
39083	5
39084	5
39085	4
39086	4
39087	4
39088	6
39089	5
39090	4
39091	3
39092	3
39093	4
39094	4
39095	5
39096	7
39097	8
39098	8
39099	7
39100	7
39101	6
39102	7
39103	7
39104	6
39105	6
39106	5
39107	6
39108	6
39109	5
39110	5
39111	4
39112	4
39113	5
39114	5
39115	4
39116	6
39117	5
39118	4
39119	3
39120	5
39121	6
39122	6
39123	7
39124	7
39125	6
39126	7
39127	6
39128	5
39129	5
39130	6
39131	6
39132	5
39133	6
39134	5
39135	4
39136	5
39137	4
39138	4
39139	5
39140	5
39141	4
39142	6
39143	5
39144	4
39145	3
39146	4
39147	4
39148	5
39149	6
39150	5
39151	4
39152	4
39153	3
39154	3
39155	4
39156	5
39157	4
39158	3
39159	3
39160	2
39161	2
39162	3
39163	3
39164	4
39165	6
39166	7
39167	7
39168	8
39169	8
39170	9
39171	11
39172	10
39173	9
39174	8
39175	8
39176	7
39177	9
39178	10
39179	10
39180	9
39181	9
39182	8
39183	8
39184	8
39185	7
39186	8
39187	8
39188	7
39189	7
39190	6
39191	6
39192	7
39193	7
39194	8
39195	10
39196	9
39197	8
39198	7
39199	6
39200	8
39201	8
39202	8
39203	7
39204	8
39205	8
39206	7
39207	7
39208	6
39209	7
39210	7
39211	6
39212	6
39213	5
39214	6
39215	6
39216	7
39217	9
39218	10
39219	10
39220	9
39221	9
39222	8
39223	8
39224	8
39225	7
39226	8
39227	8
39228	7
39229	7
39230	6
39231	6
39232	7
39233	7
39234	6
39235	8
39236	7
39237	6
39238	5
39239	5
39240	4
39241	5
39242	5
39243	6
39244	8
39245	9
39246	9
39247	8
39248	8
39249	7
39250	8
39251	8
39252	7
39253	7
39254	6
39255	6
39256	6
39257	5
39258	5
39259	6
39260	5
39261	7
39262	6
39263	5
39264	4
39265	4
39266	5
39267	7
39268	8
39269	8
39270	7
39271	7
39272	6
39273	7
39274	7
39275	6
39276	6
39277	5
39278	5
39279	5
39280	4
39281	4
39282	5
39283	5
39284	4
39285	6
39286	5
39287	4
39288	3
39289	3
39290	4
39291	4
39292	5
39293	7
39294	7
39295	7
39296	6
39297	7
39298	7
39299	6
39300	5
39301	5
39302	5
39303	4
39304	4
39305	5
39306	5
39307	4
39308	3
39309	5
39310	5
39311	4
39312	5
39313	5
39314	6
39315	6
39316	5
39317	6
39318	5
39319	4
39320	4
39321	5
39322	4
39323	5
39324	4
39325	3
39326	4
39327	4
39328	4
39329	4
39330	3
39331	3
39332	3
39333	2
39334	4
39335	5
39336	5
39337	6
39338	6
39339	7
39340	9
39341	10
39342	10
39343	9
39344	9
39345	8
39346	9
39347	9
39348	8
39349	8
39350	7
39351	8
39352	8
39353	7
39354	7
39355	6
39356	6
39357	7
39358	6
39359	7
39360	6
39361	5
39362	6
39363	7
39364	7
39365	8
39366	8
39367	7
39368	8
39369	7
39370	6
39371	6
39372	7
39373	7
39374	6
39375	7
39376	6
39377	5
39378	6
39379	6
39380	7
39381	9
39382	8
39383	7
39384	6
39385	6
39386	5
39387	5
39388	6
39389	7
39390	6
39391	5
39392	5
39393	4
39394	4
39395	5
39396	5
39397	6
39398	8
39399	9
39400	9
39401	8
39402	8
39403	7
39404	8
39405	8
39406	7
39407	7
39408	6
39409	7
39410	7
39411	6
39412	6
39413	5
39414	5
39415	6
39416	6
39417	5
39418	7
39419	6
39420	5
39421	4
39422	5
39423	6
39424	6
39425	7
39426	7
39427	6
39428	8
39429	7
39430	6
39431	5
39432	4
39433	5
39434	4
39435	4
39436	5
39437	5
39438	4
39439	5
39440	4
39441	3
39442	4
39443	3
39444	3
39445	4
39446	4
39447	4
39448	4
39449	5
39450	4
39451	5
39452	4
39453	3
39454	5
39455	6
39456	6
39457	6
39458	6
39459	5
39460	5
39461	6
39462	6
39463	5
39464	5
39465	4
39466	5
39467	5
39468	5
39469	5
39470	4
39471	4
39472	5
39473	5
39474	4
39475	4
39476	3
39477	3
39478	2
39479	3
39480	3
39481	4
39482	5
39483	6
39484	5
39485	5
39486	6
39487	6
39488	5
39489	7
39490	6
39491	5
39492	4
39493	4
39494	4
39495	5
39496	7
39497	6
39498	5
39499	4
39500	4
39501	3
39502	3
39503	4
39504	4
39505	5
39506	6
39507	5
39508	4
39509	3
39510	5
39511	6
39512	5
39513	5
39514	4
39515	5
39516	5
39517	4
39518	4
39519	3
39520	4
39521	4
39522	3
39523	3
39524	2
39525	2
39526	3
39527	5
39528	6
39529	6
39530	6
39531	6
39532	5
39533	5
39534	6
39535	6
39536	5
39537	7
39538	6
39539	5
39540	4
39541	5
39542	4
39543	4
39544	5
39545	7
39546	6
39547	5
39548	4
39549	4
39550	3
39551	3
39552	3
39553	4
39554	6
39555	5
39556	4
39557	3
39558	3
39559	2
39560	2
39561	3
39562	3
39563	4
39564	6
39565	5
39566	4
39567	3
39568	3
39569	2
39570	4
39571	5
39572	5
39573	4
39574	4
39575	3
39576	4
39577	3
39578	3
39579	2
39580	3
39581	3
39582	2
39583	2
39584	1
39585	3
39586	4
39587	4
39588	5
39589	5
39590	6
39591	8
39592	9
39593	9
39594	10
39595	10
39596	11
39597	13
39598	12
39599	11
39600	10
39601	10
39602	9
39603	11
39604	12
39605	12
39606	11
39607	11
39608	10
39609	11
39610	11
39611	10
39612	10
39613	9
39614	10
39615	10
39616	9
39617	9
39618	8
39619	8
39620	9
39621	9
39622	10
39623	12
39624	11
39625	10
39626	9
39627	9
39628	8
39629	10
39630	10
39631	10
39632	9
39633	10
39634	9
39635	8
39636	9
39637	9
39638	8
39639	8
39640	7
39641	8
39642	8
39643	9
39644	11
39645	12
39646	12
39647	11
39648	11
39649	10
39650	10
39651	10
39652	9
39653	10
39654	10
39655	9
39656	9
39657	8
39658	8
39659	9
39660	9
39661	8
39662	10
39663	9
39664	8
39665	7
39666	7
39667	8
39668	9
39669	10
39670	10
39671	9
39672	9
39673	8
39674	9
39675	9
39676	8
39677	8
39678	7
39679	7
39680	8
39681	8
39682	7
39683	9
39684	8
39685	7
39686	6
39687	7
39688	7
39689	7
39690	7
39691	7
39692	7
39693	6
39694	6
39695	7
39696	9
39697	10
39698	10
39699	9
39700	9
39701	8
39702	9
39703	9
39704	8
39705	8
39706	7
39707	8
39708	8
39709	7
39710	6
39711	6
39712	6
39713	8
39714	7
39715	6
39716	5
39717	5
39718	6
39719	6
39720	7
39721	9
39722	10
39723	10
39724	9
39725	9
39726	8
39727	9
39728	9
39729	8
39730	8
39731	7
39732	7
39733	7
39734	6
39735	6
39736	7
39737	6
39738	8
39739	7
39740	6
39741	5
39742	7
39743	8
39744	8
39745	9
39746	9
39747	8
39748	9
39749	8
39750	7
39751	7
39752	8
39753	8
39754	7
39755	8
39756	7
39757	6
39758	7
39759	7
39760	8
39761	7
39762	9
39763	8
39764	7
39765	6
39766	5
39767	6
39768	6
39769	7
39770	8
39771	7
39772	6
39773	6
39774	5
39775	5
39776	6
39777	8
39778	7
39779	6
39780	5
39781	5
39782	4
39783	6
39784	7
39785	7
39786	8
39787	8
39788	9
39789	11
39790	12
39791	12
39792	11
39793	11
39794	10
39795	11
39796	11
39797	10
39798	10
39799	9
39800	10
39801	10
39802	9
39803	9
39804	8
39805	8
39806	9
39807	9
39808	8
39809	10
39810	9
39811	8
39812	7
39813	7
39814	8
39815	8
39816	9
39817	9
39818	8
39819	9
39820	8
39821	7
39822	6
39823	6
39824	7
39825	7
39826	8
39827	10
39828	11
39829	11
39830	10
39831	10
39832	9
39833	10
39834	10
39835	9
39836	9
39837	8
39838	9
39839	9
39840	8
39841	8
39842	7
39843	7
39844	8
39845	8
39846	7
39847	9
39848	8
39849	7
39850	6
39851	8
39852	9
39853	9
39854	10
39855	10
39856	9
39857	11
39858	10
39859	9
39860	8
39861	8
39862	8
39863	8
39864	7
39865	8
39866	8
39867	9
39868	9
39869	8
39870	8
39871	7
39872	7
39873	8
39874	8
39875	7
39876	8
39877	7
39878	6
39879	7
39880	6
39881	5
39882	6
39883	6
39884	7
39885	7
39886	8
39887	10
39888	11
39889	11
39890	10
39891	10
39892	9
39893	10
39894	10
39895	9
39896	9
39897	8
39898	9
39899	9
39900	8
39901	8
39902	7
39903	7
39904	8
39905	7
39906	9
39907	8
39908	7
39909	6
39910	7
39911	8
39912	8
39913	9
39914	9
39915	8
39916	9
39917	8
39918	7
39919	7
39920	7
39921	7
39922	6
39923	7
39924	7
39925	8
39926	9
39927	8
39928	7
39929	7
39930	6
39931	6
39932	7
39933	9
39934	8
39935	7
39936	6
39937	6
39938	5
39939	5
39940	6
39941	6
39942	7
39943	9
39944	10
39945	10
39946	9
39947	9
39948	8
39949	9
39950	9
39951	8
39952	7
39953	8
39954	8
39955	7
39956	7
39957	6
39958	6
39959	7
39960	7
39961	6
39962	8
39963	7
39964	6
39965	5
39966	5
39967	6
39968	5
39969	5
39970	6
39971	6
39972	5
39973	6
39974	5
39975	4
39976	5
39977	5
39978	6
39979	8
39980	9
39981	9
39982	9
39983	9
39984	8
39985	8
39986	9
39987	9
39988	8
39989	9
39990	8
39991	7
39992	7
39993	7
39994	7
39995	7
39996	6
39997	6
39998	6
39999	7
40000	8
40001	7
40002	6
40003	6
40004	5
40005	5
40006	6
40007	6
40008	7
40009	9
40010	8
40011	7
40012	6
40013	6
40014	5
40015	6
40016	7
40017	7
40018	6
40019	6
40020	5
40021	5
40022	5
40023	4
40024	3
40025	2
40026	3
40027	3
40028	4
40029	4
40030	5
40031	7
40032	8
40033	8
40034	9
40035	9
40036	10
40037	12
40038	11
40039	10
40040	9
40041	9
40042	8
40043	10
40044	11
40045	11
40046	10
40047	10
40048	9
40049	10
40050	10
40051	9
40052	9
40053	8
40054	9
40055	9
40056	8
40057	8
40058	7
40059	7
40060	8
40061	8
40062	9
40063	11
40064	10
40065	9
40066	8
40067	8
40068	7
40069	9
40070	9
40071	9
40072	8
40073	9
40074	9
40075	8
40076	7
40077	8
40078	8
40079	7
40080	7
40081	6
40082	7
40083	7
40084	7
40085	7
40086	8
40087	8
40088	7
40089	9
40090	8
40091	7
40092	6
40093	6
40094	7
40095	9
40096	10
40097	10
40098	9
40099	9
40100	8
40101	8
40102	8
40103	7
40104	8
40105	7
40106	7
40107	6
40108	6
40109	7
40110	7
40111	6
40112	8
40113	7
40114	6
40115	5
40116	6
40117	6
40118	6
40119	8
40120	9
40121	9
40122	8
40123	8
40124	7
40125	8
40126	8
40127	7
40128	7
40129	6
40130	7
40131	6
40132	6
40133	5
40134	5
40135	6
40136	7
40137	8
40138	7
40139	6
40140	6
40141	6
40142	5
40143	5
40144	5
40145	5
40146	4
40147	4
40148	5
40149	5
40150	6
40151	8
40152	9
40153	9
40154	8
40155	8
40156	7
40157	8
40158	8
40159	7
40160	7
40161	6
40162	7
40163	7
40164	6
40165	6
40166	5
40167	5
40168	6
40169	6
40170	5
40171	7
40172	6
40173	5
40174	4
40175	6
40176	7
40177	7
40178	8
40179	8
40180	7
40181	8
40182	7
40183	6
40184	5
40185	6
40186	6
40187	7
40188	7
40189	6
40190	7
40191	6
40192	5
40193	5
40194	6
40195	6
40196	5
40197	6
40198	5
40199	4
40200	5
40201	5
40202	6
40203	8
40204	7
40205	6
40206	5
40207	5
40208	4
40209	4
40210	5
40211	6
40212	5
40213	4
40214	4
40215	3
40216	4
40217	5
40218	5
40219	6
40220	6
40221	7
40222	9
40223	10
40224	10
40225	9
40226	9
40227	8
40228	9
40229	9
40230	8
40231	8
40232	7
40233	8
40234	7
40235	7
40236	6
40237	6
40238	7
40239	6
40240	8
40241	7
40242	6
40243	5
40244	6
40245	7
40246	7
40247	8
40248	8
40249	7
40250	8
40251	7
40252	6
40253	6
40254	7
40255	7
40256	6
40257	6
40258	5
40259	6
40260	6
40261	7
40262	9
40263	8
40264	7
40265	6
40266	6
40267	5
40268	5
40269	5
40270	5
40271	4
40272	3
40273	4
40274	3
40275	3
40276	4
40277	4
40278	5
40279	7
40280	8
40281	8
40282	7
40283	7
40284	6
40285	7
40286	7
40287	6
40288	6
40289	5
40290	6
40291	6
40292	5
40293	5
40294	4
40295	4
40296	5
40297	5
40298	4
40299	6
40300	5
40301	4
40302	3
40303	5
40304	6
40305	6
40306	6
40307	6
40308	5
40309	5
40310	6
40311	6
40312	5
40313	6
40314	5
40315	4
40316	4
40317	4
40318	5
40319	5
40320	4
40321	6
40322	5
40323	4
40324	3
40325	4
40326	3
40327	3
40328	4
40329	6
40330	5
40331	4
40332	3
40333	2
40334	2
40335	3
40336	3
40337	4
40338	6
40339	7
40340	7
40341	8
40342	8
40343	9
40344	11
40345	10
40346	9
40347	8
40348	8
40349	7
40350	8
40351	9
40352	9
40353	8
40354	8
40355	7
40356	8
40357	7
40358	7
40359	6
40360	6
40361	7
40362	7
40363	7
40364	7
40365	6
40366	7
40367	8
40368	8
40369	7
40370	7
40371	6
40372	7
40373	7
40374	6
40375	6
40376	5
40377	6
40378	6
40379	7
40380	9
40381	10
40382	10
40383	9
40384	9
40385	8
40386	9
40387	8
40388	8
40389	7
40390	8
40391	8
40392	7
40393	7
40394	6
40395	6
40396	7
40397	7
40398	6
40399	8
40400	7
40401	6
40402	5
40403	5
40404	6
40405	8
40406	8
40407	8
40408	7
40409	7
40410	7
40411	6
40412	7
40413	7
40414	6
40415	6
40416	5
40417	5
40418	6
40419	6
40420	5
40421	6
40422	5
40423	4
40424	5
40425	5
40426	5
40427	5
40428	6
40429	6
40430	5
40431	7
40432	6
40433	5
40434	4
40435	4
40436	5
40437	7
40438	8
40439	7
40440	7
40441	6
40442	7
40443	7
40444	6
40445	6
40446	5
40447	5
40448	4
40449	4
40450	5
40451	5
40452	4
40453	5
40454	4
40455	3
40456	3
40457	4
40458	4
40459	4
40460	6
40461	7
40462	7
40463	6
40464	6
40465	5
40466	6
40467	6
40468	5
40469	5
40470	4
40471	4
40472	4
40473	3
40474	5
40475	6
40476	5
40477	5
40478	6
40479	6
40480	5
40481	7
40482	6
40483	5
40484	4
40485	5
40486	5
40487	6
40488	5
40489	6
40490	5
40491	4
40492	4
40493	5
40494	5
40495	4
40496	5
40497	4
40498	3
40499	4
40500	4
40501	5
40502	7
40503	6
40504	5
40505	4
40506	4
40507	3
40508	3
40509	4
40510	5
40511	4
40512	3
40513	3
40514	2
40515	3
40516	4
40517	4
40518	4
40519	4
40520	5
40521	7
40522	8
40523	8
40524	7
40525	7
40526	6
40527	7
40528	7
40529	6
40530	5
40531	5
40532	5
40533	4
40534	4
40535	5
40536	5
40537	4
40538	6
40539	5
40540	4
40541	3
40542	3
40543	4
40544	4
40545	5
40546	6
40547	7
40548	7
40549	6
40550	6
40551	5
40552	6
40553	5
40554	5
40555	4
40556	4
40557	4
40558	4
40559	3
40560	4
40561	5
40562	5
40563	5
40564	5
40565	4
40566	4
40567	5
40568	5
40569	4
40570	5
40571	4
40572	3
40573	4
40574	4
40575	5
40576	7
40577	6
40578	5
40579	4
40580	4
40581	3
40582	3
40583	4
40584	4
40585	3
40586	3
40587	2
40588	3
40589	3
40590	4
40591	5
40592	5
40593	5
40594	6
40595	8
40596	7
40597	6
40598	5
40599	5
40600	4
40601	4
40602	4
40603	5
40604	7
40605	6
40606	5
40607	4
40608	4
40609	3
40610	3
40611	4
40612	4
40613	5
40614	7
40615	6
40616	5
40617	4
40618	4
40619	3
40620	5
40621	6
40622	6
40623	5
40624	4
40625	5
40626	5
40627	4
40628	4
40629	3
40630	4
40631	4
40632	3
40633	3
40634	2
40635	2
40636	3
40637	5
40638	6
40639	6
40640	7
40641	7
40642	6
40643	8
40644	7
40645	6
40646	5
40647	5
40648	5
40649	5
40650	4
40651	4
40652	4
40653	5
40654	7
40655	6
40656	5
40657	4
40658	4
40659	3
40660	4
40661	3
40662	3
40663	4
40664	5
40665	4
40666	3
40667	3
40668	2
40669	2
40670	3
40671	3
40672	4
40673	6
40674	5
40675	4
40676	3
40677	3
40678	2
40679	4
40680	5
40681	5
40682	4
40683	4
40684	3
40685	4
40686	4
40687	3
40688	2
40689	3
40690	3
40691	2
40692	2
40693	1
40694	2
40695	2
40696	3
40697	5
40698	6
40699	6
40700	7
40701	7
40702	8
40703	10
40704	11
40705	11
40706	10
40707	10
40708	9
40709	10
40710	10
40711	9
40712	9
40713	8
40714	9
40715	9
40716	8
40717	8
40718	7
40719	7
40720	8
40721	8
40722	7
40723	9
40724	8
40725	7
40726	6
40727	8
40728	9
40729	9
40730	10
40731	9
40732	9
40733	8
40734	8
40735	9
40736	8
40737	10
40738	9
40739	8
40740	7
40741	8
40742	7
40743	7
40744	8
40745	8
40746	7
40747	9
40748	8
40749	7
40750	6
40751	7
40752	7
40753	8
40754	10
40755	9
40756	8
40757	7
40758	7
40759	6
40760	6
40761	7
40762	9
40763	8
40764	7
40765	6
40766	6
40767	5
40768	5
40769	5
40770	5
40771	6
40772	8
40773	9
40774	9
40775	8
40776	8
40777	7
40778	8
40779	8
40780	7
40781	7
40782	6
40783	6
40784	6
40785	5
40786	5
40787	6
40788	6
40789	5
40790	7
40791	6
40792	5
40793	4
40794	4
40795	4
40796	5
40797	7
40798	8
40799	8
40800	9
40801	9
40802	8
40803	9
40804	8
40805	7
40806	7
40807	8
40808	8
40809	7
40810	9
40811	8
40812	7
40813	6
40814	6
40815	6
40816	7
40817	9
40818	8
40819	7
40820	6
40821	6
40822	5
40823	6
40824	6
40825	7
40826	9
40827	8
40828	7
40829	6
40830	6
40831	5
40832	5
40833	6
40834	8
40835	7
40836	6
40837	5
40838	5
40839	4
40840	4
40841	5
40842	5
40843	6
40844	8
40845	7
40846	6
40847	5
40848	5
40849	4
40850	6
40851	7
40852	7
40853	6
40854	6
40855	5
40856	6
40857	6
40858	5
40859	4
40860	5
40861	5
40862	4
40863	4
40864	3
40865	4
40866	4
40867	5
40868	7
40869	8
40870	8
40871	8
40872	8
40873	7
40874	7
40875	8
40876	7
40877	8
40878	7
40879	6
40880	7
40881	6
40882	6
40883	6
40884	6
40885	5
40886	6
40887	6
40888	6
40889	5
40890	5
40891	6
40892	7
40893	6
40894	5
40895	5
40896	4
40897	4
40898	4
40899	6
40900	7
40901	6
40902	6
40903	5
40904	6
40905	6
40906	5
40907	5
40908	4
40909	5
40910	4
40911	4
40912	3
40913	2
40914	2
40915	3
40916	3
40917	4
40918	6
40919	7
40920	7
40921	8
40922	8
40923	7
40924	9
40925	8
40926	7
40927	6
40928	6
40929	7
40930	7
40931	6
40932	8
40933	7
40934	6
40935	5
40936	6
40937	6
40938	7
40939	9
40940	8
40941	7
40942	6
40943	6
40944	5
40945	5
40946	6
40947	8
40948	7
40949	6
40950	5
40951	5
40952	4
40953	5
40954	5
40955	6
40956	8
40957	7
40958	6
40959	5
40960	5
40961	4
40962	4
40963	5
40964	7
40965	6
40966	5
40967	4
40968	4
40969	3
40970	3
40971	4
40972	4
40973	4
40974	4
40975	3
40976	5
40977	6
40978	6
40979	5
40980	5
40981	4
40982	5
40983	4
40984	4
40985	3
40986	4
40987	4
40988	3
40989	3
40990	2
40991	4
40992	5
40993	5
40994	6
40995	6
40996	7
40997	8
40998	7
40999	6
41000	6
41001	5
41002	6
41003	7
41004	7
41005	6
41006	6
41007	5
41008	6
41009	5
41010	4
41011	3
41012	4
41013	4
41014	5
41015	5
41016	6
41017	8
41018	7
41019	6
41020	5
41021	5
41022	4
41023	5
41024	6
41025	6
41026	5
41027	4
41028	5
41029	4
41030	4
41031	3
41032	3
41033	4
41034	4
41035	5
41036	7
41037	6
41038	5
41039	4
41040	3
41041	4
41042	5
41043	5
41044	4
41045	4
41046	3
41047	4
41048	4
41049	3
41050	3
41051	2
41052	3
41053	3
41054	4
41055	6
41056	7
41057	7
41058	6
41059	6
41060	5
41061	5
41062	5
41063	4
41064	4
41065	3
41066	3
41067	3
41068	3
41069	2
41070	2
41071	3
41072	4
41073	5
41074	5
41075	4
41076	3
41077	3
41078	3
41079	2
41080	2
41081	3
41082	3
41083	2
41084	4
41085	3
41086	2
41087	1
41088	1
41089	2
41090	3
41091	4
41092	4
41093	5
41094	5
41095	6
41096	8
41097	9
41098	9
41099	8
41100	8
41101	7
41102	8
41103	8
41104	7
41105	7
41106	6
41107	7
41108	7
41109	6
41110	6
41111	5
41112	5
41113	6
41114	6
41115	5
41116	7
41117	6
41118	5
41119	4
41120	6
41121	7
41122	6
41123	6
41124	7
41125	7
41126	6
41127	8
41128	7
41129	6
41130	5
41131	6
41132	6
41133	7
41134	6
41135	7
41136	6
41137	5
41138	5
41139	6
41140	5
41141	6
41142	5
41143	4
41144	5
41145	5
41146	6
41147	8
41148	7
41149	6
41150	5
41151	5
41152	4
41153	4
41154	4
41155	4
41156	3
41157	2
41158	2
41159	2
41160	3
41161	5
41162	6
41163	6
41164	7
41165	7
41166	6
41167	8
41168	7
41169	6
41170	5
41171	5
41172	6
41173	6
41174	5
41175	6
41176	5
41177	4
41178	4
41179	4
41180	5
41181	7
41182	6
41183	5
41184	4
41185	4
41186	3
41187	4
41188	4
41189	5
41190	7
41191	6
41192	5
41193	4
41194	3
41195	3
41196	3
41197	3
41198	2
41199	2
41200	3
41201	3
41202	4
41203	6
41204	5
41205	4
41206	3
41207	3
41208	2
41209	4
41210	5
41211	5
41212	4
41213	3
41214	4
41215	4
41216	3
41217	3
41218	2
41219	3
41220	3
41221	2
41222	2
41223	1
41224	1
41225	2
41226	2
41227	3
41228	5
41229	6
41230	6
41231	7
41232	6
41233	8
41234	7
41235	6
41236	5
41237	5
41238	6
41239	6
41240	5
41241	7
41242	6
41243	5
41244	4
41245	5
41246	5
41247	6
41248	8
41249	7
41250	6
41251	5
41252	5
41253	4
41254	4
41255	5
41256	7
41257	6
41258	5
41259	4
41260	4
41261	3
41262	4
41263	4
41264	5
41265	6
41266	5
41267	4
41268	4
41269	3
41270	3
41271	4
41272	5
41273	4
41274	3
41275	2
41276	2
41277	3
41278	3
41279	3
41280	4
41281	3
41282	2
41283	4
41284	5
41285	4
41286	4
41287	3
41288	4
41289	4
41290	3
41291	3
41292	2
41293	3
41294	3
41295	2
41296	2
41297	1
41298	3
41299	4
41300	4
41301	5
41302	5
41303	6
41304	8
41305	7
41306	6
41307	5
41308	5
41309	4
41310	5
41311	6
41312	5
41313	5
41314	4
41315	5
41316	5
41317	4
41318	3
41319	3
41320	4
41321	4
41322	4
41323	4
41324	3
41325	4
41326	5
41327	5
41328	4
41329	4
41330	3
41331	4
41332	4
41333	3
41334	3
41335	2
41336	3
41337	3
41338	4
41339	4
41340	5
41341	7
41342	6
41343	5
41344	4
41345	4
41346	3
41347	5
41348	6
41349	6
41350	5
41351	5
41352	4
41353	5
41354	5
41355	4
41356	3
41357	4
41358	3
41359	3
41360	2
41361	1
41362	2
41363	2
41364	3
41365	4
41366	5
41367	5
41368	4
41369	3
41370	3
41371	3
41372	2
41373	2
41374	3
41375	3
41376	2
41377	4
41378	3
41379	2
41380	1
41381	1
41382	2
41383	4
41384	5
41385	5
41386	4
41387	4
41388	3
41389	3
41390	3
41391	2
41392	3
41393	2
41394	2
41395	1
41396	1
41397	2
41398	2
41399	1
41400	3
41401	2
41402	1
41403	1
41404	3
41405	5
41406	6
41407	6
41408	7
41409	7
41410	8
41411	10
41412	11
41413	11
41414	12
41415	12
41416	13
41417	15
41418	16
41419	16
41420	17
41421	16
41422	15
41423	15
41424	16
41425	15
41426	14
41427	15
41428	15
41429	16
41430	15
41431	14
41432	14
41433	15
41434	14
41435	13
41436	14
41437	14
41438	15
41439	14
41440	13
41441	13
41442	14
41443	13
41444	12
41445	12
41446	13
41447	13
41448	14
41449	13
41450	12
41451	14
41452	15
41453	14
41454	13
41455	14
41456	13
41457	12
41458	13
41459	12
41460	11
41461	13
41462	14
41463	14
41464	15
41465	15
41466	16
41467	15
41468	14
41469	15
41470	16
41471	15
41472	14
41473	15
41474	14
41475	13
41476	13
41477	14
41478	14
41479	15
41480	14
41481	13
41482	15
41483	16
41484	15
41485	14
41486	15
41487	14
41488	13
41489	14
41490	13
41491	12
41492	13
41493	13
41494	14
41495	14
41496	15
41497	14
41498	13
41499	15
41500	16
41501	15
41502	14
41503	15
41504	14
41505	13
41506	14
41507	13
41508	12
41509	12
41510	13
41511	13
41512	14
41513	13
41514	12
41515	14
41516	15
41517	14
41518	13
41519	14
41520	13
41521	12
41522	13
41523	12
41524	11
41525	12
41526	12
41527	13
41528	15
41529	16
41530	15
41531	14
41532	15
41533	14
41534	13
41535	13
41536	12
41537	12
41538	13
41539	12
41540	11
41541	11
41542	12
41543	14
41544	15
41545	14
41546	13
41547	14
41548	13
41549	12
41550	12
41551	11
41552	11
41553	12
41554	11
41555	10
41556	10
41557	11
41558	11
41559	12
41560	14
41561	15
41562	15
41563	16
41564	15
41565	14
41566	14
41567	15
41568	14
41569	13
41570	14
41571	14
41572	15
41573	14
41574	13
41575	13
41576	14
41577	13
41578	12
41579	13
41580	13
41581	14
41582	13
41583	12
41584	12
41585	13
41586	12
41587	11
41588	11
41589	12
41590	12
41591	13
41592	12
41593	11
41594	13
41595	14
41596	13
41597	12
41598	13
41599	12
41600	11
41601	12
41602	11
41603	10
41604	12
41605	13
41606	13
41607	14
41608	14
41609	15
41610	14
41611	13
41612	15
41613	16
41614	15
41615	14
41616	15
41617	14
41618	13
41619	14
41620	13
41621	12
41622	12
41623	13
41624	13
41625	14
41626	13
41627	12
41628	13
41629	14
41630	13
41631	12
41632	13
41633	12
41634	11
41635	12
41636	12
41637	13
41638	13
41639	14
41640	13
41641	12
41642	14
41643	15
41644	14
41645	13
41646	14
41647	13
41648	12
41649	13
41650	12
41651	11
41652	11
41653	12
41654	12
41655	13
41656	12
41657	11
41658	13
41659	14
41660	13
41661	12
41662	13
41663	12
41664	11
41665	12
41666	11
41667	10
41668	11
41669	11
41670	12
41671	14
41672	15
41673	14
41674	13
41675	13
41676	12
41677	13
41678	12
41679	11
41680	11
41681	12
41682	11
41683	10
41684	10
41685	11
41686	13
41687	14
41688	13
41689	12
41690	12
41691	11
41692	12
41693	11
41694	10
41695	10
41696	11
41697	10
41698	9
41699	10
41700	10
41701	11
41702	13
41703	14
41704	14
41705	15
41706	15
41707	16
41708	15
41709	14
41710	16
41711	17
41712	16
41713	15
41714	16
41715	15
41716	14
41717	15
41718	14
41719	13
41720	13
41721	13
41722	13
41723	14
41724	13
41725	12
41726	13
41727	13
41728	13
41729	13
41730	14
41731	13
41732	12
41733	12
41734	13
41735	15
41736	16
41737	15
41738	14
41739	14
41740	13
41741	14
41742	13
41743	12
41744	12
41745	13
41746	12
41747	11
41748	12
41749	12
41750	13
41751	15
41752	16
41753	15
41754	14
41755	15
41756	14
41757	13
41758	14
41759	13
41760	12
41761	12
41762	13
41763	12
41764	11
41765	11
41766	12
41767	14
41768	14
41769	13
41770	14
41771	13
41772	12
41773	12
41774	11
41775	11
41776	12
41777	11
41778	10
41779	10
41780	11
41781	11
41782	12
41783	14
41784	15
41785	14
41786	13
41787	14
41788	13
41789	12
41790	13
41791	12
41792	11
41793	11
41794	12
41795	11
41796	10
41797	12
41798	13
41799	13
41800	14
41801	13
41802	12
41803	11
41804	12
41805	12
41806	13
41807	12
41808	11
41809	11
41810	12
41811	11
41812	10
41813	11
41814	11
41815	12
41816	11
41817	10
41818	10
41819	11
41820	10
41821	9
41822	9
41823	10
41824	12
41825	13
41826	13
41827	14
41828	14
41829	15
41830	14
41831	13
41832	15
41833	16
41834	15
41835	14
41836	15
41837	14
41838	13
41839	14
41840	13
41841	12
41842	12
41843	13
41844	13
41845	14
41846	13
41847	12
41848	14
41849	15
41850	14
41851	13
41852	14
41853	13
41854	12
41855	12
41856	11
41857	11
41858	11
41859	12
41860	14
41861	15
41862	14
41863	13
41864	13
41865	12
41866	13
41867	12
41868	11
41869	11
41870	12
41871	11
41872	10
41873	11
41874	11
41875	12
41876	14
41877	15
41878	14
41879	13
41880	13
41881	12
41882	12
41883	11
41884	11
41885	12
41886	11
41887	10
41888	10
41889	11
41890	13
41891	14
41892	13
41893	12
41894	13
41895	12
41896	11
41897	12
41898	11
41899	10
41900	10
41901	11
41902	10
41903	9
41904	9
41905	10
41906	10
41907	11
41908	13
41909	14
41910	13
41911	12
41912	13
41913	12
41914	11
41915	12
41916	11
41917	10
41918	10
41919	11
41920	10
41921	9
41922	11
41923	12
41924	12
41925	13
41926	12
41927	11
41928	11
41929	12
41930	11
41931	10
41932	11
41933	11
41934	12
41935	11
41936	10
41937	9
41938	10
41939	10
41940	11
41941	10
41942	9
41943	9
41944	10
41945	9
41946	8
41947	9
41948	9
41949	10
41950	12
41951	13
41952	13
41953	13
41954	13
41955	14
41956	13
41957	12
41958	12
41959	13
41960	13
41961	14
41962	13
41963	12
41964	14
41965	15
41966	14
41967	13
41968	14
41969	13
41970	12
41971	13
41972	12
41973	11
41974	12
41975	12
41976	13
41977	15
41978	16
41979	15
41980	14
41981	15
41982	14
41983	13
41984	14
41985	13
41986	12
41987	12
41988	13
41989	12
41990	11
41991	11
41992	11
41993	11
41994	12
41995	11
41996	10
41997	11
41998	11
41999	12
42000	14
42001	14
42002	13
42003	13
42004	12
42005	12
42006	11
42007	11
42008	12
42009	11
42010	10
42011	10
42012	11
42013	13
42014	14
42015	13
42016	12
42017	13
42018	12
42019	11
42020	11
42021	10
42022	10
42023	11
42024	10
42025	9
42026	9
42027	10
42028	10
42029	11
42030	13
42031	14
42032	13
42033	12
42034	13
42035	12
42036	11
42037	12
42038	11
42039	10
42040	10
42041	11
42042	10
42043	9
42044	11
42045	12
42046	11
42047	11
42048	12
42049	11
42050	10
42051	11
42052	11
42053	12
42054	11
42055	10
42056	10
42057	11
42058	10
42059	9
42060	10
42061	10
42062	11
42063	10
42064	9
42065	9
42066	10
42067	9
42068	8
42069	8
42070	9
42071	11
42072	12
42073	12
42074	13
42075	13
42076	14
42077	13
42078	12
42079	14
42080	14
42081	13
42082	14
42083	13
42084	12
42085	12
42086	11
42087	11
42088	12
42089	12
42090	13
42091	12
42092	11
42093	13
42094	14
42095	13
42096	12
42097	13
42098	12
42099	11
42100	12
42101	11
42102	10
42103	11
42104	11
42105	11
42106	11
42107	12
42108	11
42109	10
42110	10
42111	11
42112	13
42113	14
42114	13
42115	12
42116	13
42117	12
42118	11
42119	12
42120	11
42121	10
42122	10
42123	11
42124	10
42125	9
42126	9
42127	9
42128	10
42129	12
42130	13
42131	12
42132	11
42133	12
42134	11
42135	10
42136	10
42137	9
42138	9
42139	10
42140	9
42141	8
42142	8
42143	9
42144	9
42145	10
42146	12
42147	13
42148	12
42149	11
42150	12
42151	11
42152	10
42153	11
42154	10
42155	9
42156	9
42157	10
42158	9
42159	8
42160	10
42161	11
42162	11
42163	12
42164	11
42165	10
42166	10
42167	11
42168	10
42169	9
42170	10
42171	9
42172	9
42173	10
42174	9
42175	8
42176	9
42177	9
42178	10
42179	9
42180	8
42181	8
42182	9
42183	8
42184	7
42185	7
42186	8
42187	8
42188	9
42189	11
42190	12
42191	12
42192	13
42193	13
42194	14
42195	13
42196	12
42197	14
42198	15
42199	14
42200	13
42201	14
42202	13
42203	12
42204	13
42205	12
42206	11
42207	11
42208	12
42209	12
42210	13
42211	12
42212	11
42213	13
42214	14
42215	13
42216	12
42217	13
42218	12
42219	11
42220	12
42221	11
42222	10
42223	11
42224	11
42225	12
42226	14
42227	15
42228	14
42229	13
42230	13
42231	12
42232	13
42233	12
42234	11
42235	11
42236	12
42237	11
42238	10
42239	10
42240	11
42241	13
42242	14
42243	13
42244	12
42245	13
42246	12
42247	11
42248	12
42249	11
42250	10
42251	10
42252	11
42253	10
42254	9
42255	10
42256	10
42257	11
42258	13
42259	14
42260	13
42261	12
42262	13
42263	12
42264	11
42265	11
42266	10
42267	10
42268	11
42269	10
42270	9
42271	9
42272	10
42273	12
42274	13
42275	12
42276	11
42277	12
42278	11
42279	10
42280	10
42281	9
42282	9
42283	10
42284	9
42285	8
42286	8
42287	9
42288	9
42289	10
42290	12
42291	13
42292	12
42293	11
42294	12
42295	11
42296	10
42297	11
42298	10
42299	9
42300	9
42301	10
42302	9
42303	8
42304	10
42305	11
42306	11
42307	12
42308	11
42309	10
42310	10
42311	11
42312	10
42313	9
42314	10
42315	9
42316	9
42317	10
42318	9
42319	8
42320	9
42321	9
42322	10
42323	9
42324	8
42325	8
42326	9
42327	8
42328	7
42329	9
42330	10
42331	10
42332	11
42333	11
42334	12
42335	14
42336	15
42337	14
42338	13
42339	14
42340	13
42341	12
42342	13
42343	12
42344	11
42345	11
42346	12
42347	11
42348	10
42349	12
42350	13
42351	13
42352	14
42353	13
42354	12
42355	12
42356	13
42357	12
42358	11
42359	12
42360	12
42361	13
42362	12
42363	11
42364	11
42365	12
42366	11
42367	10
42368	11
42369	11
42370	12
42371	11
42372	10
42373	9
42374	8
42375	9
42376	9
42377	10
42378	10
42379	11
42380	13
42381	14
42382	13
42383	12
42384	13
42385	12
42386	11
42387	12
42388	11
42389	10
42390	10
42391	11
42392	10
42393	9
42394	10
42395	11
42396	11
42397	12
42398	11
42399	10
42400	9
42401	10
42402	9
42403	9
42404	10
42405	9
42406	8
42407	8
42408	9
42409	9
42410	10
42411	12
42412	13
42413	12
42414	11
42415	12
42416	11
42417	10
42418	11
42419	10
42420	9
42421	9
42422	10
42423	9
42424	8
42425	9
42426	10
42427	10
42428	10
42429	9
42430	9
42431	10
42432	9
42433	8
42434	9
42435	9
42436	10
42437	9
42438	8
42439	8
42440	9
42441	8
42442	7
42443	8
42444	8
42445	9
42446	11
42447	12
42448	12
42449	13
42450	12
42451	11
42452	11
42453	11
42454	10
42455	10
42456	10
42457	11
42458	10
42459	9
42460	10
42461	10
42462	11
42463	10
42464	9
42465	8
42466	8
42467	9
42468	9
42469	10
42470	9
42471	8
42472	10
42473	11
42474	10
42475	9
42476	10
42477	9
42478	8
42479	9
42480	8
42481	7
42482	7
42483	8
42484	9
42485	10
42486	10
42487	11
42488	10
42489	9
42490	8
42491	8
42492	8
42493	9
42494	8
42495	7
42496	7
42497	8
42498	8
42499	9
42500	8
42501	7
42502	9
42503	10
42504	9
42505	8
42506	9
42507	8
42508	7
42509	8
42510	7
42511	6
42512	8
42513	9
42514	9
42515	10
42516	10
42517	11
42518	13
42519	14
42520	14
42521	15
42522	15
42523	16
42524	15
42525	14
42526	16
42527	17
42528	16
42529	15
42530	16
42531	15
42532	14
42533	15
42534	14
42535	13
42536	13
42537	14
42538	14
42539	15
42540	14
42541	13
42542	14
42543	15
42544	14
42545	13
42546	14
42547	13
42548	12
42549	13
42550	13
42551	14
42552	16
42553	17
42554	16
42555	15
42556	15
42557	14
42558	15
42559	14
42560	13
42561	13
42562	14
42563	13
42564	12
42565	12
42566	12
42567	12
42568	13
42569	12
42570	11
42571	12
42572	12
42573	13
42574	15
42575	15
42576	14
42577	15
42578	14
42579	13
42580	13
42581	12
42582	12
42583	13
42584	12
42585	11
42586	11
42587	12
42588	14
42589	15
42590	14
42591	13
42592	14
42593	13
42594	12
42595	13
42596	12
42597	11
42598	11
42599	12
42600	11
42601	10
42602	10
42603	11
42604	11
42605	12
42606	14
42607	15
42608	14
42609	13
42610	14
42611	13
42612	12
42613	13
42614	12
42615	11
42616	11
42617	12
42618	11
42619	10
42620	12
42621	13
42622	13
42623	14
42624	13
42625	12
42626	12
42627	13
42628	12
42629	11
42630	12
42631	12
42632	13
42633	12
42634	11
42635	10
42636	11
42637	11
42638	12
42639	11
42640	10
42641	10
42642	11
42643	10
42644	9
42645	10
42646	11
42647	11
42648	12
42649	12
42650	13
42651	15
42652	16
42653	15
42654	14
42655	15
42656	14
42657	13
42658	14
42659	13
42660	12
42661	12
42662	13
42663	12
42664	11
42665	12
42666	13
42667	13
42668	14
42669	13
42670	12
42671	12
42672	12
42673	11
42674	12
42675	12
42676	13
42677	12
42678	11
42679	11
42680	12
42681	11
42682	10
42683	10
42684	11
42685	11
42686	12
42687	14
42688	15
42689	14
42690	13
42691	14
42692	13
42693	12
42694	13
42695	12
42696	11
42697	11
42698	12
42699	11
42700	10
42701	11
42702	12
42703	12
42704	13
42705	12
42706	11
42707	10
42708	11
42709	10
42710	10
42711	11
42712	10
42713	9
42714	10
42715	10
42716	11
42717	13
42718	14
42719	14
42720	14
42721	13
42722	13
42723	14
42724	13
42725	12
42726	13
42727	13
42728	14
42729	13
42730	12
42731	11
42732	11
42733	11
42734	12
42735	11
42736	10
42737	10
42738	11
42739	11
42740	12
42741	11
42742	10
42743	12
42744	13
42745	12
42746	11
42747	12
42748	11
42749	10
42750	11
42751	10
42752	9
42753	9
42754	10
42755	11
42756	12
42757	11
42758	11
42759	12
42760	11
42761	10
42762	10
42763	10
42764	11
42765	10
42766	9
42767	9
42768	10
42769	10
42770	11
42771	10
42772	9
42773	11
42774	12
42775	11
42776	10
42777	11
42778	10
42779	9
42780	10
42781	9
42782	8
42783	8
42784	9
42785	9
42786	10
42787	12
42788	13
42789	13
42790	14
42791	14
42792	15
42793	14
42794	13
42795	15
42796	16
42797	15
42798	14
42799	15
42800	14
42801	13
42802	14
42803	13
42804	12
42805	12
42806	13
42807	13
42808	14
42809	13
42810	12
42811	14
42812	15
42813	14
42814	13
42815	14
42816	13
42817	12
42818	13
42819	12
42820	11
42821	12
42822	12
42823	13
42824	15
42825	15
42826	14
42827	14
42828	13
42829	14
42830	13
42831	12
42832	12
42833	13
42834	12
42835	11
42836	11
42837	12
42838	14
42839	15
42840	14
42841	13
42842	14
42843	13
42844	12
42845	13
42846	12
42847	11
42848	11
42849	12
42850	11
42851	10
42852	11
42853	11
42854	12
42855	14
42856	15
42857	14
42858	13
42859	14
42860	13
42861	12
42862	12
42863	11
42864	11
42865	12
42866	11
42867	10
42868	10
42869	11
42870	13
42871	14
42872	13
42873	12
42874	13
42875	12
42876	11
42877	12
42878	11
42879	10
42880	10
42881	11
42882	10
42883	9
42884	9
42885	10
42886	10
42887	11
42888	13
42889	14
42890	13
42891	12
42892	13
42893	12
42894	11
42895	12
42896	11
42897	10
42898	10
42899	11
42900	10
42901	9
42902	11
42903	12
42904	12
42905	13
42906	12
42907	11
42908	11
42909	12
42910	11
42911	10
42912	11
42913	10
42914	10
42915	11
42916	10
42917	9
42918	10
42919	10
42920	11
42921	10
42922	9
42923	9
42924	10
42925	9
42926	8
42927	10
42928	11
42929	11
42930	12
42931	12
42932	13
42933	15
42934	16
42935	15
42936	14
42937	15
42938	14
42939	13
42940	14
42941	13
42942	12
42943	12
42944	13
42945	12
42946	11
42947	13
42948	14
42949	14
42950	15
42951	14
42952	13
42953	13
42954	14
42955	13
42956	12
42957	13
42958	13
42959	14
42960	13
42961	12
42962	12
42963	13
42964	12
42965	11
42966	12
42967	12
42968	13
42969	12
42970	11
42971	10
42972	10
42973	11
42974	11
42975	12
42976	14
42977	15
42978	14
42979	13
42980	14
42981	13
42982	12
42983	13
42984	12
42985	11
42986	11
42987	12
42988	11
42989	10
42990	12
42991	13
42992	13
42993	14
42994	13
42995	12
42996	11
42997	12
42998	12
42999	13
43000	12
43001	11
43002	11
43003	12
43004	11
43005	10
43006	11
43007	11
43008	12
43009	11
43010	10
43011	10
43012	11
43013	10
43014	9
43015	10
43016	10
43017	11
43018	11
43019	12
43020	14
43021	15
43022	14
43023	13
43024	14
43025	13
43026	12
43027	13
43028	12
43029	11
43030	11
43031	12
43032	11
43033	10
43034	12
43035	13
43036	13
43037	14
43038	13
43039	12
43040	12
43041	12
43042	11
43043	12
43044	12
43045	13
43046	12
43047	11
43048	11
43049	12
43050	11
43051	10
43052	11
43053	11
43054	12
43055	11
43056	10
43057	10
43058	11
43059	10
43060	9
43061	9
43062	10
43063	10
43064	11
43065	13
43066	14
43067	13
43068	12
43069	13
43070	12
43071	11
43072	12
43073	11
43074	10
43075	10
43076	11
43077	10
43078	9
43079	10
43080	11
43081	11
43082	11
43083	10
43084	10
43085	11
43086	10
43087	9
43088	10
43089	10
43090	11
43091	10
43092	9
43093	9
43094	10
43095	9
43096	8
43097	9
43098	9
43099	10
43100	12
43101	13
43102	13
43103	14
43104	13
43105	12
43106	12
43107	12
43108	11
43109	11
43110	11
43111	12
43112	11
43113	10
43114	11
43115	11
43116	12
43117	11
43118	10
43119	9
43120	9
43121	10
43122	10
43123	11
43124	10
43125	9
43126	11
43127	12
43128	11
43129	10
43130	11
43131	10
43132	9
43133	10
43134	9
43135	8
43136	8
43137	9
43138	11
43139	12
43140	12
43141	13
43142	12
43143	11
43144	11
43145	11
43146	10
43147	10
43148	10
43149	11
43150	10
43151	9
43152	9
43153	9
43154	10
43155	9
43156	8
43157	8
43158	9
43159	9
43160	10
43161	9
43162	8
43163	10
43164	11
43165	10
43166	9
43167	10
43168	9
43169	8
43170	9
43171	8
43172	7
43173	8
43174	8
43175	9
43176	9
43177	10
43178	12
43179	13
43180	13
43181	14
43182	14
43183	15
43184	14
43185	13
43186	15
43187	16
43188	15
43189	14
43190	15
43191	14
43192	13
43193	14
43194	13
43195	12
43196	12
43197	13
43198	13
43199	14
43200	13
43201	12
43202	14
43203	15
43204	14
43205	13
43206	14
43207	13
43208	12
43209	13
43210	12
43211	11
43212	12
43213	12
43214	13
43215	15
43216	16
43217	15
43218	14
43219	14
43220	13
43221	14
43222	13
43223	12
43224	12
43225	13
43226	12
43227	11
43228	11
43229	12
43230	14
43231	15
43232	14
43233	13
43234	13
43235	12
43236	13
43237	12
43238	11
43239	11
43240	12
43241	11
43242	10
43243	11
43244	11
43245	12
43246	14
43247	15
43248	14
43249	13
43250	14
43251	13
43252	12
43253	13
43254	12
43255	11
43256	11
43257	12
43258	11
43259	10
43260	10
43261	11
43262	13
43263	14
43264	13
43265	12
43266	13
43267	12
43268	11
43269	11
43270	10
43271	10
43272	11
43273	10
43274	9
43275	9
43276	10
43277	10
43278	11
43279	13
43280	14
43281	13
43282	12
43283	13
43284	12
43285	11
43286	12
43287	11
43288	10
43289	10
43290	10
43291	9
43292	11
43293	12
43294	12
43295	13
43296	12
43297	11
43298	10
43299	11
43300	11
43301	12
43302	11
43303	10
43304	10
43305	11
43306	10
43307	9
43308	10
43309	10
43310	11
43311	10
43312	9
43313	9
43314	10
43315	9
43316	8
43317	10
43318	11
43319	11
43320	12
43321	12
43322	13
43323	15
43324	16
43325	15
43326	14
43327	15
43328	14
43329	13
43330	14
43331	13
43332	12
43333	12
43334	13
43335	12
43336	11
43337	12
43338	13
43339	13
43340	14
43341	13
43342	12
43343	12
43344	13
43345	12
43346	11
43347	12
43348	12
43349	13
43350	12
43351	11
43352	11
43353	12
43354	11
43355	10
43356	10
43357	10
43358	10
43359	11
43360	13
43361	14
43362	13
43363	12
43364	13
43365	12
43366	11
43367	12
43368	11
43369	10
43370	10
43371	11
43372	10
43373	9
43374	10
43375	9
43376	9
43377	10
43378	10
43379	11
43380	13
43381	14
43382	13
43383	12
43384	13
43385	12
43386	11
43387	12
43388	11
43389	10
43390	10
43391	11
43392	10
43393	9
43394	11
43395	12
43396	12
43397	12
43398	11
43399	11
43400	12
43401	11
43402	10
43403	11
43404	11
43405	12
43406	11
43407	10
43408	10
43409	11
43410	10
43411	9
43412	10
43413	9
43414	9
43415	10
43416	9
43417	8
43418	9
43419	9
43420	10
43421	12
43422	13
43423	13
43424	13
43425	12
43426	12
43427	13
43428	12
43429	11
43430	11
43431	11
43432	12
43433	11
43434	10
43435	10
43436	10
43437	11
43438	10
43439	9
43440	9
43441	10
43442	10
43443	11
43444	10
43445	9
43446	11
43447	12
43448	11
43449	10
43450	11
43451	10
43452	9
43453	10
43454	9
43455	8
43456	8
43457	9
43458	11
43459	12
43460	12
43461	12
43462	11
43463	11
43464	12
43465	11
43466	10
43467	11
43468	10
43469	10
43470	11
43471	10
43472	9
43473	9
43474	9
43475	10
43476	9
43477	8
43478	8
43479	9
43480	9
43481	10
43482	9
43483	8
43484	10
43485	11
43486	10
43487	9
43488	10
43489	9
43490	8
43491	9
43492	8
43493	7
43494	7
43495	8
43496	8
43497	9
43498	11
43499	12
43500	12
43501	13
43502	13
43503	14
43504	13
43505	12
43506	14
43507	15
43508	14
43509	13
43510	14
43511	13
43512	12
43513	13
43514	12
43515	11
43516	11
43517	12
43518	12
43519	13
43520	12
43521	11
43522	13
43523	14
43524	13
43525	12
43526	13
43527	12
43528	11
43529	12
43530	11
43531	10
43532	11
43533	11
43534	12
43535	14
43536	15
43537	14
43538	13
43539	14
43540	13
43541	12
43542	13
43543	12
43544	11
43545	11
43546	11
43547	10
43548	10
43549	11
43550	13
43551	14
43552	13
43553	12
43554	12
43555	11
43556	12
43557	11
43558	10
43559	10
43560	11
43561	10
43562	9
43563	10
43564	10
43565	11
43566	13
43567	14
43568	13
43569	12
43570	13
43571	12
43572	11
43573	11
43574	10
43575	10
43576	11
43577	10
43578	9
43579	9
43580	10
43581	12
43582	13
43583	12
43584	11
43585	12
43586	11
43587	10
43588	10
43589	9
43590	9
43591	10
43592	9
43593	8
43594	8
43595	9
43596	9
43597	10
43598	12
43599	13
43600	12
43601	11
43602	12
43603	11
43604	10
43605	11
43606	10
43607	9
43608	9
43609	10
43610	9
43611	8
43612	10
43613	11
43614	10
43615	10
43616	11
43617	10
43618	9
43619	10
43620	10
43621	11
43622	10
43623	9
43624	9
43625	10
43626	9
43627	8
43628	9
43629	9
43630	10
43631	9
43632	8
43633	8
43634	9
43635	8
43636	7
43637	9
43638	10
43639	10
43640	10
43641	10
43642	11
43643	13
43644	14
43645	13
43646	12
43647	13
43648	12
43649	11
43650	12
43651	11
43652	10
43653	10
43654	11
43655	10
43656	9
43657	9
43658	10
43659	10
43660	11
43661	13
43662	14
43663	13
43664	12
43665	13
43666	12
43667	11
43668	12
43669	11
43670	10
43671	10
43672	11
43673	10
43674	9
43675	10
43676	11
43677	11
43678	12
43679	11
43680	10
43681	10
43682	11
43683	10
43684	9
43685	10
43686	10
43687	11
43688	10
43689	9
43690	9
43691	10
43692	9
43693	8
43694	9
43695	9
43696	10
43697	10
43698	11
43699	13
43700	14
43701	13
43702	12
43703	13
43704	12
43705	11
43706	12
43707	11
43708	10
43709	10
43710	11
43711	10
43712	9
43713	11
43714	12
43715	12
43716	13
43717	12
43718	11
43719	11
43720	11
43721	10
43722	11
43723	11
43724	11
43725	10
43726	10
43727	11
43728	10
43729	9
43730	10
43731	9
43732	9
43733	10
43734	9
43735	8
43736	8
43737	9
43738	9
43739	10
43740	12
43741	13
43742	12
43743	11
43744	12
43745	11
43746	10
43747	11
43748	10
43749	9
43750	9
43751	10
43752	9
43753	8
43754	9
43755	9
43756	9
43757	10
43758	9
43759	8
43760	9
43761	9
43762	10
43763	9
43764	8
43765	7
43766	8
43767	7
43768	7
43769	8
43770	10
43771	11
43772	11
43773	12
43774	11
43775	10
43776	10
43777	10
43778	9
43779	9
43780	9
43781	10
43782	9
43783	8
43784	9
43785	8
43786	8
43787	8
43788	7
43789	7
43790	8
43791	8
43792	9
43793	8
43794	7
43795	9
43796	10
43797	9
43798	8
43799	9
43800	8
43801	7
43802	8
43803	7
43804	6
43805	7
43806	7
43807	8
43808	10
43809	11
43810	11
43811	11
43812	11
43813	12
43814	14
43815	15
43816	14
43817	13
43818	13
43819	12
43820	13
43821	12
43822	11
43823	11
43824	12
43825	11
43826	10
43827	10
43828	11
43829	11
43830	12
43831	14
43832	15
43833	14
43834	13
43835	14
43836	13
43837	12
43838	13
43839	12
43840	11
43841	11
43842	12
43843	11
43844	10
43845	12
43846	13
43847	13
43848	14
43849	13
43850	12
43851	12
43852	13
43853	12
43854	11
43855	12
43856	12
43857	13
43858	12
43859	11
43860	10
43861	11
43862	11
43863	12
43864	11
43865	10
43866	10
43867	11
43868	10
43869	9
43870	10
43871	10
43872	11
43873	13
43874	14
43875	14
43876	15
43877	14
43878	13
43879	13
43880	13
43881	12
43882	13
43883	13
43884	13
43885	12
43886	12
43887	13
43888	12
43889	11
43890	12
43891	12
43892	13
43893	12
43894	11
43895	11
43896	12
43897	11
43898	10
43899	10
43900	11
43901	11
43902	11
43903	10
43904	12
43905	13
43906	12
43907	11
43908	12
43909	11
43910	10
43911	11
43912	10
43913	9
43914	9
43915	10
43916	12
43917	13
43918	13
43919	14
43920	13
43921	12
43922	11
43923	11
43924	11
43925	12
43926	11
43927	10
43928	10
43929	10
43930	11
43931	10
43932	9
43933	9
43934	10
43935	10
43936	11
43937	10
43938	9
43939	11
43940	11
43941	10
43942	11
43943	10
43944	9
43945	10
43946	9
43947	8
43948	8
43949	8
43950	9
43951	11
43952	12
43953	12
43954	13
43955	12
43956	11
43957	11
43958	12
43959	11
43960	10
43961	11
43962	11
43963	11
43964	10
43965	10
43966	11
43967	10
43968	9
43969	9
43970	9
43971	10
43972	9
43973	8
43974	8
43975	9
43976	9
43977	10
43978	9
43979	8
43980	10
43981	11
43982	10
43983	9
43984	10
43985	9
43986	8
43987	9
43988	8
43989	7
43990	7
43991	8
43992	8
43993	9
43994	11
43995	12
43996	12
43997	13
43998	12
43999	11
44000	11
44001	12
44002	11
44003	10
44004	11
44005	11
44006	12
44007	11
44008	10
44009	10
44010	11
44011	10
44012	9
44013	10
44014	10
44015	11
44016	10
44017	9
44018	9
44019	10
44020	9
44021	8
44022	8
44023	9
44024	9
44025	10
44026	9
44027	8
44028	10
44029	11
44030	10
44031	9
44032	10
44033	9
44034	8
44035	9
44036	8
44037	7
44038	9
44039	10
44040	9
44041	9
44042	10
44043	10
44044	11
44045	10
44046	9
44047	11
44048	12
44049	11
44050	10
44051	11
44052	10
44053	9
44054	10
44055	9
44056	8
44057	9
44058	9
44059	10
44060	10
44061	11
44062	10
44063	9
44064	10
44065	11
44066	10
44067	9
44068	10
44069	9
44070	8
44071	8
44072	9
44073	9
44074	10
44075	9
44076	8
44077	9
44078	10
44079	9
44080	8
44081	9
44082	8
44083	7
44084	8
44085	8
44086	9
44087	11
44088	12
44089	11
44090	10
44091	11
44092	10
44093	9
44094	9
44095	8
44096	8
44097	9
44098	8
44099	7
44100	7
44101	8
44102	9
44103	10
44104	9
44105	8
44106	8
44107	7
44108	7
44109	8
44110	7
44111	6
44112	6
44113	7
44114	9
44115	10
44116	10
44117	10
44118	10
44119	11
44120	13
44121	14
44122	13
44123	12
44124	12
44125	11
44126	12
44127	11
44128	10
44129	10
44130	11
44131	10
44132	9
44133	9
44134	10
44135	10
44136	11
44137	13
44138	14
44139	13
44140	12
44141	13
44142	12
44143	11
44144	12
44145	11
44146	10
44147	10
44148	11
44149	10
44150	9
44151	11
44152	12
44153	12
44154	13
44155	12
44156	11
44157	10
44158	11
44159	11
44160	12
44161	11
44162	10
44163	10
44164	11
44165	10
44166	9
44167	10
44168	10
44169	11
44170	10
44171	9
44172	9
44173	10
44174	9
44175	8
44176	9
44177	8
44178	8
44179	9
44180	11
44181	12
44182	12
44183	13
44184	12
44185	11
44186	11
44187	11
44188	10
44189	11
44190	11
44191	12
44192	11
44193	10
44194	10
44195	10
44196	9
44197	10
44198	10
44199	11
44200	10
44201	9
44202	9
44203	10
44204	9
44205	8
44206	8
44207	9
44208	9
44209	10
44210	9
44211	8
44212	10
44213	11
44214	10
44215	9
44216	10
44217	9
44218	8
44219	9
44220	8
44221	7
44222	7
44223	7
44224	8
44225	10
44226	11
44227	11
44228	12
44229	11
44230	10
44231	10
44232	11
44233	10
44234	9
44235	10
44236	10
44237	11
44238	10
44239	9
44240	9
44241	9
44242	8
44243	8
44244	8
44245	9
44246	8
44247	7
44248	7
44249	8
44250	8
44251	9
44252	8
44253	7
44254	9
44255	10
44256	9
44257	8
44258	9
44259	8
44260	7
44261	8
44262	7
44263	6
44264	6
44265	7
44266	7
44267	8
44268	10
44269	11
44270	11
44271	12
44272	11
44273	10
44274	10
44275	11
44276	10
44277	9
44278	10
44279	10
44280	11
44281	10
44282	9
44283	9
44284	10
44285	9
44286	8
44287	9
44288	9
44289	10
44290	9
44291	8
44292	8
44293	9
44294	8
44295	7
44296	7
44297	8
44298	8
44299	9
44300	8
44301	7
44302	9
44303	10
44304	9
44305	8
44306	9
44307	8
44308	7
44309	8
44310	7
44311	6
44312	8
44313	9
44314	9
44315	10
44316	10
44317	11
44318	10
44319	9
44320	10
44321	11
44322	10
44323	9
44324	10
44325	9
44326	8
44327	8
44328	9
44329	9
44330	10
44331	9
44332	8
44333	9
44334	10
44335	9
44336	8
44337	9
44338	8
44339	7
44340	8
44341	7
44342	7
44343	8
44344	8
44345	9
44346	8
44347	7
44348	9
44349	10
44350	9
44351	8
44352	9
44353	8
44354	7
44355	8
44356	7
44357	6
44358	7
44359	7
44360	8
44361	9
44362	10
44363	9
44364	8
44365	8
44366	7
44367	7
44368	8
44369	7
44370	6
44371	6
44372	7
44373	9
44374	10
44375	9
44376	8
44377	9
44378	8
44379	7
44380	7
44381	6
44382	6
44383	7
44384	6
44385	5
44386	5
44387	6
44388	6
44389	7
44390	9
44391	10
44392	10
44393	11
44394	11
44395	12
44396	14
44397	15
44398	15
44399	16
44400	15
44401	14
44402	14
44403	15
44404	14
44405	13
44406	14
44407	14
44408	15
44409	14
44410	13
44411	13
44412	14
44413	13
44414	12
44415	13
44416	13
44417	14
44418	13
44419	12
44420	12
44421	13
44422	12
44423	11
44424	11
44425	12
44426	12
44427	13
44428	12
44429	11
44430	13
44431	14
44432	13
44433	12
44434	13
44435	12
44436	11
44437	12
44438	11
44439	10
44440	12
44441	13
44442	13
44443	14
44444	14
44445	15
44446	14
44447	13
44448	14
44449	15
44450	14
44451	13
44452	14
44453	13
44454	12
44455	12
44456	13
44457	13
44458	13
44459	12
44460	14
44461	15
44462	14
44463	13
44464	14
44465	13
44466	12
44467	13
44468	12
44469	11
44470	12
44471	12
44472	13
44473	13
44474	14
44475	13
44476	12
44477	14
44478	15
44479	14
44480	13
44481	14
44482	13
44483	12
44484	13
44485	12
44486	11
44487	11
44488	12
44489	12
44490	13
44491	12
44492	11
44493	13
44494	14
44495	13
44496	12
44497	13
44498	12
44499	11
44500	12
44501	11
44502	10
44503	11
44504	11
44505	12
44506	14
44507	15
44508	14
44509	13
44510	14
44511	13
44512	12
44513	12
44514	11
44515	11
44516	12
44517	11
44518	10
44519	10
44520	11
44521	13
44522	14
44523	13
44524	12
44525	13
44526	12
44527	11
44528	11
44529	10
44530	10
44531	11
44532	10
44533	9
44534	9
44535	10
44536	10
44537	11
44538	13
44539	14
44540	14
44541	15
44542	14
44543	13
44544	13
44545	14
44546	13
44547	12
44548	13
44549	13
44550	14
44551	13
44552	12
44553	12
44554	13
44555	12
44556	11
44557	12
44558	12
44559	13
44560	12
44561	11
44562	11
44563	12
44564	11
44565	10
44566	10
44567	11
44568	11
44569	12
44570	11
44571	10
44572	12
44573	13
44574	12
44575	11
44576	12
44577	11
44578	10
44579	11
44580	10
44581	9
44582	11
44583	12
44584	12
44585	13
44586	13
44587	14
44588	13
44589	12
44590	14
44591	15
44592	14
44593	13
44594	14
44595	13
44596	12
44597	13
44598	12
44599	11
44600	11
44601	12
44602	12
44603	13
44604	12
44605	11
44606	12
44607	13
44608	12
44609	11
44610	12
44611	11
44612	10
44613	11
44614	11
44615	12
44616	12
44617	13
44618	12
44619	11
44620	13
44621	14
44622	13
44623	12
44624	13
44625	12
44626	11
44627	12
44628	11
44629	10
44630	10
44631	11
44632	11
44633	12
44634	11
44635	10
44636	12
44637	12
44638	11
44639	12
44640	11
44641	10
44642	11
44643	10
44644	9
44645	10
44646	10
44647	11
44648	13
44649	14
44650	13
44651	12
44652	12
44653	11
44654	12
44655	11
44656	10
44657	10
44658	11
44659	10
44660	9
44661	9
44662	10
44663	12
44664	13
44665	12
44666	11
44667	11
44668	10
44669	11
44670	10
44671	9
44672	9
44673	10
44674	9
44675	8
44676	9
44677	9
44678	10
44679	12
44680	13
44681	13
44682	14
44683	14
44684	15
44685	14
44686	13
44687	15
44688	16
44689	15
44690	14
44691	15
44692	14
44693	13
44694	14
44695	13
44696	12
44697	12
44698	12
44699	12
44700	13
44701	12
44702	11
44703	12
44704	12
44705	13
44706	15
44707	15
44708	14
44709	14
44710	13
44711	14
44712	13
44713	12
44714	12
44715	11
44716	11
44717	12
44718	14
44719	15
44720	14
44721	13
44722	13
44723	12
44724	13
44725	12
44726	11
44727	11
44728	12
44729	11
44730	10
44731	11
44732	11
44733	12
44734	14
44735	15
44736	14
44737	13
44738	14
44739	13
44740	12
44741	13
44742	12
44743	11
44744	11
44745	12
44746	11
44747	10
44748	10
44749	11
44750	13
44751	13
44752	12
44753	13
44754	12
44755	11
44756	11
44757	10
44758	10
44759	11
44760	10
44761	9
44762	9
44763	10
44764	10
44765	11
44766	13
44767	14
44768	13
44769	12
44770	13
44771	12
44772	11
44773	12
44774	11
44775	10
44776	10
44777	11
44778	10
44779	9
44780	11
44781	12
44782	12
44783	13
44784	12
44785	11
44786	10
44787	11
44788	11
44789	12
44790	11
44791	10
44792	10
44793	11
44794	10
44795	9
44796	10
44797	10
44798	11
44799	10
44800	9
44801	9
44802	10
44803	9
44804	8
44805	8
44806	9
44807	11
44808	12
44809	12
44810	13
44811	13
44812	14
44813	13
44814	12
44815	14
44816	15
44817	14
44818	13
44819	13
44820	12
44821	13
44822	12
44823	11
44824	11
44825	12
44826	12
44827	13
44828	12
44829	11
44830	13
44831	14
44832	13
44833	12
44834	13
44835	12
44836	11
44837	11
44838	10
44839	10
44840	10
44841	11
44842	13
44843	14
44844	13
44845	12
44846	12
44847	11
44848	12
44849	11
44850	10
44851	10
44852	11
44853	10
44854	9
44855	10
44856	10
44857	11
44858	13
44859	14
44860	13
44861	12
44862	12
44863	11
44864	11
44865	10
44866	10
44867	11
44868	10
44869	9
44870	9
44871	10
44872	12
44873	13
44874	12
44875	11
44876	12
44877	11
44878	10
44879	11
44880	10
44881	9
44882	9
44883	10
44884	9
44885	8
44886	8
44887	9
44888	9
44889	10
44890	12
44891	13
44892	12
44893	11
44894	12
44895	11
44896	10
44897	11
44898	10
44899	9
44900	9
44901	10
44902	9
44903	8
44904	10
44905	11
44906	11
44907	12
44908	11
44909	10
44910	10
44911	11
44912	10
44913	9
44914	10
44915	10
44916	11
44917	10
44918	9
44919	8
44920	9
44921	9
44922	10
44923	9
44924	8
44925	8
44926	9
44927	8
44928	7
44929	8
44930	8
44931	9
44932	11
44933	12
44934	12
44935	12
44936	12
44937	13
44938	12
44939	11
44940	11
44941	12
44942	12
44943	13
44944	12
44945	11
44946	13
44947	14
44948	13
44949	12
44950	13
44951	12
44952	11
44953	12
44954	11
44955	10
44956	11
44957	11
44958	12
44959	14
44960	15
44961	14
44962	13
44963	14
44964	13
44965	12
44966	13
44967	12
44968	11
44969	11
44970	12
44971	11
44972	10
44973	10
44974	10
44975	10
44976	11
44977	10
44978	9
44979	10
44980	10
44981	10
44982	10
44983	11
44984	10
44985	9
44986	9
44987	10
44988	12
44989	13
44990	12
44991	11
44992	12
44993	11
44994	10
44995	10
44996	9
44997	9
44998	9
44999	8
45000	8
45001	9
45002	9
45003	10
45004	12
45005	13
45006	12
45007	11
45008	12
45009	11
45010	10
45011	11
45012	10
45013	9
45014	9
45015	10
45016	9
45017	8
45018	10
45019	11
45020	10
45021	10
45022	11
45023	10
45024	9
45025	10
45026	10
45027	11
45028	10
45029	9
45030	9
45031	10
45032	9
45033	8
45034	9
45035	9
45036	10
45037	9
45038	8
45039	8
45040	9
45041	8
45042	7
45043	7
45044	8
45045	10
45046	11
45047	11
45048	12
45049	12
45050	13
45051	12
45052	11
45053	13
45054	13
45055	12
45056	12
45057	11
45058	11
45059	10
45060	10
45061	10
45062	10
45063	11
45064	10
45065	9
45066	10
45067	10
45068	10
45069	10
45070	11
45071	10
45072	9
45073	9
45074	10
45075	12
45076	13
45077	12
45078	11
45079	12
45080	11
45081	10
45082	11
45083	10
45084	9
45085	9
45086	10
45087	9
45088	8
45089	8
45090	8
45091	9
45092	11
45093	12
45094	11
45095	10
45096	11
45097	10
45098	9
45099	9
45100	8
45101	8
45102	9
45103	8
45104	7
45105	7
45106	8
45107	8
45108	9
45109	11
45110	12
45111	11
45112	10
45113	11
45114	10
45115	9
45116	10
45117	9
45118	8
45119	8
45120	9
45121	8
45122	7
45123	9
45124	9
45125	9
45126	10
45127	9
45128	8
45129	9
45130	8
45131	8
45132	9
45133	8
45134	7
45135	8
45136	8
45137	8
45138	7
45139	7
45140	8
45141	7
45142	6
45143	6
45144	7
45145	7
45146	8
45147	10
45148	11
45149	11
45150	12
45151	12
45152	13
45153	12
45154	11
45155	13
45156	13
45157	12
45158	13
45159	12
45160	11
45161	12
45162	11
45163	10
45164	10
45165	11
45166	11
45167	12
45168	11
45169	10
45170	12
45171	13
45172	12
45173	11
45174	11
45175	10
45176	11
45177	10
45178	9
45179	10
45180	10
45181	9
45182	9
45183	10
45184	12
45185	13
45186	12
45187	11
45188	11
45189	10
45190	11
45191	10
45192	9
45193	9
45194	10
45195	9
45196	8
45197	9
45198	9
45199	10
45200	12
45201	13
45202	12
45203	11
45204	12
45205	11
45206	10
45207	10
45208	9
45209	9
45210	10
45211	9
45212	8
45213	8
45214	9
45215	11
45216	12
45217	11
45218	10
45219	11
45220	10
45221	9
45222	10
45223	9
45224	8
45225	8
45226	9
45227	8
45228	7
45229	7
45230	8
45231	8
45232	9
45233	11
45234	12
45235	11
45236	10
45237	11
45238	10
45239	9
45240	10
45241	9
45242	8
45243	8
45244	9
45245	8
45246	7
45247	9
45248	10
45249	10
45250	11
45251	10
45252	9
45253	9
45254	10
45255	9
45256	8
45257	9
45258	9
45259	9
45260	8
45261	7
45262	8
45263	8
45264	8
45265	7
45266	7
45267	8
45268	7
45269	6
45270	8
45271	9
45272	8
45273	8
45274	9
45275	9
45276	9
45277	9
45278	10
45279	9
45280	8
45281	10
45282	11
45283	11
45284	11
45285	10
45286	10
45287	11
45288	10
45289	9
45290	10
45291	10
45292	11
45293	10
45294	9
45295	9
45296	10
45297	9
45298	8
45299	8
45300	7
45301	8
45302	8
45303	9
45304	9
45305	10
45306	12
45307	13
45308	12
45309	11
45310	12
45311	11
45312	10
45313	11
45314	10
45315	9
45316	9
45317	10
45318	9
45319	8
45320	9
45321	10
45322	10
45323	11
45324	10
45325	9
45326	9
45327	9
45328	8
45329	9
45330	9
45331	10
45332	9
45333	8
45334	8
45335	9
45336	8
45337	7
45338	7
45339	8
45340	8
45341	9
45342	11
45343	12
45344	11
45345	10
45346	11
45347	10
45348	9
45349	10
45350	9
45351	8
45352	8
45353	9
45354	8
45355	7
45356	8
45357	9
45358	8
45359	8
45360	9
45361	8
45362	7
45363	8
45364	8
45365	9
45366	8
45367	7
45368	6
45369	7
45370	7
45371	8
45372	10
45373	11
45374	11
45375	11
45376	10
45377	10
45378	11
45379	10
45380	9
45381	10
45382	10
45383	11
45384	10
45385	9
45386	8
45387	8
45388	8
45389	9
45390	8
45391	7
45392	7
45393	8
45394	8
45395	9
45396	8
45397	7
45398	9
45399	10
45400	9
45401	8
45402	9
45403	8
45404	7
45405	8
45406	7
45407	6
45408	6
45409	7
45410	8
45411	9
45412	8
45413	8
45414	9
45415	8
45416	7
45417	7
45418	7
45419	8
45420	7
45421	6
45422	6
45423	7
45424	7
45425	8
45426	7
45427	6
45428	8
45429	9
45430	8
45431	7
45432	8
45433	7
45434	6
45435	7
45436	6
45437	5
45438	7
45439	8
45440	8
45441	9
45442	9
45443	10
45444	12
45445	13
45446	13
45447	14
45448	14
45449	15
45450	14
45451	13
45452	15
45453	16
45454	15
45455	14
45456	15
45457	14
45458	13
45459	14
45460	13
45461	12
45462	12
45463	13
45464	13
45465	14
45466	13
45467	12
45468	14
45469	15
45470	14
45471	13
45472	14
45473	13
45474	12
45475	13
45476	12
45477	11
45478	12
45479	12
45480	13
45481	15
45482	16
45483	15
45484	14
45485	14
45486	13
45487	14
45488	13
45489	12
45490	12
45491	13
45492	12
45493	11
45494	11
45495	12
45496	14
45497	15
45498	14
45499	13
45500	14
45501	13
45502	12
45503	13
45504	12
45505	11
45506	11
45507	12
45508	11
45509	10
45510	11
45511	11
45512	12
45513	14
45514	13
45515	14
45516	13
45517	12
45518	12
45519	11
45520	11
45521	12
45522	11
45523	10
45524	10
45525	11
45526	13
45527	14
45528	13
45529	12
45530	13
45531	12
45532	11
45533	12
45534	11
45535	10
45536	10
45537	10
45538	9
45539	9
45540	10
45541	10
45542	11
45543	13
45544	14
45545	13
45546	12
45547	13
45548	12
45549	11
45550	12
45551	11
45552	10
45553	10
45554	11
45555	10
45556	9
45557	11
45558	12
45559	12
45560	13
45561	12
45562	11
45563	11
45564	12
45565	11
45566	10
45567	11
45568	11
45569	12
45570	11
45571	10
45572	9
45573	10
45574	10
45575	11
45576	10
45577	9
45578	9
45579	10
45580	9
45581	8
45582	10
45583	11
45584	11
45585	12
45586	12
45587	13
45588	15
45589	16
45590	15
45591	14
45592	15
45593	14
45594	13
45595	14
45596	13
45597	12
45598	12
45599	13
45600	12
45601	11
45602	13
45603	14
45604	13
45605	13
45606	14
45607	13
45608	12
45609	13
45610	13
45611	14
45612	13
45613	12
45614	12
45615	13
45616	12
45617	11
45618	12
45619	12
45620	13
45621	12
45622	11
45623	11
45624	12
45625	11
45626	10
45627	10
45628	11
45629	11
45630	12
45631	14
45632	15
45633	14
45634	13
45635	14
45636	13
45637	12
45638	13
45639	12
45640	11
45641	11
45642	12
45643	11
45644	10
45645	12
45646	13
45647	13
45648	14
45649	13
45650	12
45651	12
45652	12
45653	11
45654	12
45655	12
45656	13
45657	12
45658	11
45659	11
45660	12
45661	11
45662	10
45663	11
45664	11
45665	12
45666	11
45667	10
45668	9
45669	10
45670	10
45671	11
45672	11
45673	12
45674	14
45675	15
45676	14
45677	13
45678	14
45679	13
45680	12
45681	13
45682	12
45683	11
45684	11
45685	12
45686	11
45687	10
45688	11
45689	12
45690	12
45691	13
45692	12
45693	11
45694	11
45695	11
45696	10
45697	11
45698	11
45699	12
45700	11
45701	10
45702	10
45703	11
45704	10
45705	9
45706	9
45707	10
45708	10
45709	11
45710	13
45711	14
45712	13
45713	12
45714	13
45715	12
45716	11
45717	12
45718	11
45719	10
45720	10
45721	11
45722	10
45723	9
45724	11
45725	12
45726	12
45727	12
45728	11
45729	11
45730	12
45731	11
45732	10
45733	11
45734	11
45735	12
45736	11
45737	10
45738	10
45739	11
45740	10
45741	9
45742	10
45743	10
45744	11
45745	10
45746	9
45747	9
45748	10
45749	9
45750	8
45751	9
45752	9
45753	10
45754	12
45755	13
45756	13
45757	13
45758	12
45759	12
45760	13
45761	12
45762	11
45763	11
45764	10
45765	10
45766	10
45767	11
45768	10
45769	9
45770	9
45771	10
45772	10
45773	11
45774	10
45775	9
45776	11
45777	11
45778	10
45779	11
45780	10
45781	9
45782	10
45783	9
45784	8
45785	8
45786	9
45787	11
45788	12
45789	12
45790	12
45791	11
45792	11
45793	12
45794	11
45795	10
45796	10
45797	10
45798	11
45799	10
45800	9
45801	9
45802	9
45803	10
45804	9
45805	8
45806	8
45807	9
45808	9
45809	9
45810	8
45811	10
45812	11
45813	10
45814	9
45815	10
45816	9
45817	8
45818	9
45819	8
45820	7
45821	7
45822	8
45823	8
45824	9
45825	11
45826	12
45827	12
45828	13
45829	13
45830	14
45831	13
45832	12
45833	13
45834	14
45835	13
45836	12
45837	13
45838	12
45839	11
45840	11
45841	12
45842	12
45843	13
45844	12
45845	11
45846	13
45847	14
45848	13
45849	12
45850	13
45851	12
45852	11
45853	12
45854	11
45855	10
45856	11
45857	11
45858	12
45859	14
45860	14
45861	13
45862	13
45863	12
45864	13
45865	12
45866	11
45867	11
45868	12
45869	11
45870	10
45871	10
45872	11
45873	13
45874	14
45875	13
45876	12
45877	13
45878	12
45879	11
45880	12
45881	11
45882	10
45883	10
45884	11
45885	10
45886	9
45887	10
45888	10
45889	11
45890	13
45891	14
45892	13
45893	12
45894	13
45895	12
45896	11
45897	11
45898	10
45899	10
45900	11
45901	10
45902	9
45903	9
45904	9
45905	9
45906	10
45907	9
45908	8
45909	8
45910	9
45911	9
45912	9
45913	11
45914	12
45915	11
45916	10
45917	11
45918	10
45919	9
45920	9
45921	8
45922	10
45923	11
45924	11
45925	12
45926	11
45927	10
45928	10
45929	11
45930	10
45931	9
45932	10
45933	9
45934	9
45935	10
45936	9
45937	8
45938	9
45939	9
45940	10
45941	9
45942	8
45943	8
45944	9
45945	8
45946	7
45947	8
45948	9
45949	9
45950	10
45951	10
45952	11
45953	13
45954	14
45955	13
45956	12
45957	13
45958	12
45959	11
45960	12
45961	11
45962	10
45963	10
45964	11
45965	10
45966	9
45967	10
45968	11
45969	10
45970	10
45971	11
45972	10
45973	9
45974	10
45975	9
45976	9
45977	10
45978	9
45979	8
45980	8
45981	9
45982	9
45983	10
45984	12
45985	13
45986	12
45987	11
45988	12
45989	11
45990	10
45991	11
45992	10
45993	9
45994	9
45995	10
45996	9
45997	8
45998	9
45999	10
46000	10
46001	10
46002	9
46003	9
46004	10
46005	9
46006	8
46007	9
46008	9
46009	10
46010	9
46011	8
46012	8
46013	9
46014	8
46015	7
46016	8
46017	8
46018	9
46019	11
46020	12
46021	12
46022	13
46023	12
46024	11
46025	11
46026	11
46027	10
46028	10
46029	10
46030	11
46031	10
46032	9
46033	10
46034	10
46035	11
46036	10
46037	9
46038	8
46039	8
46040	9
46041	9
46042	10
46043	9
46044	8
46045	10
46046	11
46047	10
46048	9
46049	10
46050	9
46051	8
46052	9
46053	8
46054	7
46055	7
46056	8
46057	9
46058	9
46059	9
46060	10
46061	9
46062	8
46063	9
46064	8
46065	8
46066	9
46067	8
46068	7
46069	7
46070	8
46071	8
46072	9
46073	8
46074	7
46075	9
46076	10
46077	9
46078	8
46079	9
46080	8
46081	7
46082	8
46083	7
46084	6
46085	7
46086	7
46087	8
46088	8
46089	9
46090	11
46091	12
46092	12
46093	13
46094	13
46095	14
46096	13
46097	12
46098	14
46099	15
46100	14
46101	13
46102	14
46103	13
46104	12
46105	13
46106	12
46107	11
46108	11
46109	12
46110	12
46111	13
46112	12
46113	11
46114	13
46115	14
46116	13
46117	12
46118	12
46119	11
46120	12
46121	11
46122	10
46123	11
46124	11
46125	12
46126	14
46127	15
46128	14
46129	13
46130	13
46131	12
46132	13
46133	12
46134	11
46135	11
46136	12
46137	11
46138	10
46139	10
46140	11
46141	13
46142	14
46143	13
46144	12
46145	12
46146	11
46147	12
46148	11
46149	10
46150	10
46151	11
46152	10
46153	9
46154	10
46155	10
46156	11
46157	13
46158	14
46159	13
46160	12
46161	13
46162	12
46163	11
46164	12
46165	11
46166	10
46167	10
46168	10
46169	9
46170	9
46171	9
46172	9
46173	9
46174	8
46175	8
46176	9
46177	9
46178	10
46179	12
46180	13
46181	12
46182	11
46183	12
46184	11
46185	10
46186	11
46187	10
46188	9
46189	9
46190	10
46191	9
46192	8
46193	10
46194	11
46195	11
46196	12
46197	11
46198	10
46199	9
46200	10
46201	10
46202	11
46203	10
46204	9
46205	9
46206	10
46207	9
46208	8
46209	9
46210	9
46211	10
46212	9
46213	8
46214	8
46215	9
46216	8
46217	7
46218	9
46219	10
46220	10
46221	11
46222	11
46223	12
46224	14
46225	15
46226	14
46227	13
46228	14
46229	13
46230	12
46231	13
46232	12
46233	11
46234	11
46235	12
46236	11
46237	10
46238	11
46239	12
46240	12
46241	13
46242	12
46243	11
46244	11
46245	12
46246	11
46247	10
46248	11
46249	11
46250	12
46251	11
46252	10
46253	10
46254	11
46255	10
46256	9
46257	9
46258	9
46259	9
46260	10
46261	12
46262	13
46263	12
46264	11
46265	12
46266	11
46267	10
46268	11
46269	10
46270	9
46271	9
46272	10
46273	9
46274	8
46275	9
46276	9
46277	10
46278	10
46279	11
46280	13
46281	14
46282	13
46283	12
46284	13
46285	12
46286	11
46287	12
46288	11
46289	10
46290	10
46291	11
46292	10
46293	9
46294	10
46295	10
46296	10
46297	11
46298	10
46299	9
46300	10
46301	9
46302	9
46303	10
46304	9
46305	8
46306	8
46307	9
46308	9
46309	10
46310	12
46311	13
46312	12
46313	11
46314	12
46315	11
46316	10
46317	11
46318	10
46319	9
46320	9
46321	10
46322	9
46323	8
46324	10
46325	11
46326	11
46327	11
46328	10
46329	10
46330	11
46331	10
46332	9
46333	10
46334	10
46335	11
46336	10
46337	9
46338	9
46339	9
46340	8
46341	9
46342	8
46343	7
46344	8
46345	7
46346	7
46347	8
46348	10
46349	11
46350	11
46351	11
46352	10
46353	10
46354	11
46355	10
46356	9
46357	9
46358	9
46359	9
46360	8
46361	8
46362	8
46363	9
46364	8
46365	7
46366	7
46367	8
46368	8
46369	9
46370	8
46371	7
46372	9
46373	10
46374	9
46375	8
46376	9
46377	8
46378	7
46379	8
46380	7
46381	6
46382	6
46383	7
46384	7
46385	8
46386	10
46387	11
46388	11
46389	12
46390	12
46391	13
46392	12
46393	11
46394	13
46395	14
46396	13
46397	12
46398	13
46399	12
46400	11
46401	12
46402	11
46403	10
46404	10
46405	11
46406	11
46407	12
46408	11
46409	10
46410	12
46411	13
46412	12
46413	11
46414	12
46415	11
46416	10
46417	11
46418	10
46419	9
46420	10
46421	10
46422	11
46423	13
46424	14
46425	13
46426	12
46427	13
46428	12
46429	11
46430	12
46431	11
46432	10
46433	10
46434	11
46435	10
46436	9
46437	9
46438	10
46439	12
46440	13
46441	12
46442	11
46443	11
46444	10
46445	11
46446	10
46447	9
46448	9
46449	10
46450	9
46451	8
46452	9
46453	9
46454	10
46455	12
46456	13
46457	12
46458	11
46459	12
46460	11
46461	10
46462	10
46463	9
46464	9
46465	10
46466	9
46467	8
46468	8
46469	9
46470	11
46471	12
46472	11
46473	10
46474	11
46475	10
46476	9
46477	9
46478	8
46479	8
46480	9
46481	8
46482	7
46483	7
46484	8
46485	8
46486	9
46487	11
46488	12
46489	11
46490	10
46491	11
46492	10
46493	9
46494	10
46495	9
46496	8
46497	8
46498	8
46499	7
46500	9
46501	10
46502	9
46503	9
46504	10
46505	9
46506	8
46507	9
46508	9
46509	10
46510	9
46511	8
46512	8
46513	9
46514	8
46515	7
46516	8
46517	8
46518	9
46519	8
46520	7
46521	7
46522	8
46523	7
46524	6
46525	8
46526	9
46527	9
46528	9
46529	9
46530	10
46531	12
46532	13
46533	12
46534	11
46535	12
46536	11
46537	10
46538	11
46539	10
46540	9
46541	9
46542	10
46543	9
46544	8
46545	8
46546	9
46547	9
46548	10
46549	12
46550	13
46551	12
46552	11
46553	12
46554	11
46555	10
46556	11
46557	10
46558	9
46559	9
46560	10
46561	9
46562	8
46563	9
46564	10
46565	10
46566	11
46567	10
46568	9
46569	9
46570	10
46571	9
46572	8
46573	9
46574	9
46575	10
46576	9
46577	8
46578	8
46579	9
46580	8
46581	7
46582	8
46583	8
46584	9
46585	9
46586	10
46587	12
46588	13
46589	12
46590	11
46591	12
46592	11
46593	10
46594	11
46595	10
46596	9
46597	9
46598	9
46599	8
46600	10
46601	11
46602	11
46603	12
46604	11
46605	10
46606	10
46607	10
46608	9
46609	10
46610	10
46611	11
46612	10
46613	9
46614	9
46615	10
46616	9
46617	8
46618	9
46619	8
46620	8
46621	9
46622	8
46623	7
46624	6
46625	7
46626	7
46627	8
46628	10
46629	11
46630	11
46631	12
46632	11
46633	10
46634	10
46635	10
46636	9
46637	9
46638	9
46639	10
46640	9
46641	8
46642	8
46643	8
46644	9
46645	8
46646	7
46647	7
46648	8
46649	8
46650	9
46651	8
46652	7
46653	9
46654	10
46655	9
46656	8
46657	9
46658	8
46659	7
46660	8
46661	7
46662	6
46663	6
46664	7
46665	9
46666	10
46667	10
46668	11
46669	10
46670	9
46671	9
46672	9
46673	8
46674	8
46675	8
46676	9
46677	8
46678	7
46679	8
46680	7
46681	7
46682	8
46683	7
46684	6
46685	6
46686	7
46687	7
46688	8
46689	7
46690	6
46691	8
46692	9
46693	8
46694	7
46695	8
46696	7
46697	6
46698	6
46699	5
46700	6
46701	6
46702	7
46703	9
46704	10
46705	10
46706	11
46707	11
46708	12
46709	14
46710	15
46711	14
46712	13
46713	14
46714	13
46715	12
46716	13
46717	12
46718	11
46719	11
46720	12
46721	11
46722	10
46723	12
46724	13
46725	13
46726	14
46727	13
46728	12
46729	12
46730	13
46731	12
46732	11
46733	12
46734	11
46735	11
46736	12
46737	11
46738	10
46739	11
46740	11
46741	12
46742	11
46743	10
46744	10
46745	11
46746	10
46747	9
46748	9
46749	9
46750	9
46751	10
46752	12
46753	13
46754	12
46755	11
46756	12
46757	11
46758	10
46759	10
46760	9
46761	9
46762	10
46763	9
46764	8
46765	8
46766	8
46767	9
46768	11
46769	12
46770	12
46771	13
46772	12
46773	11
46774	11
46775	12
46776	11
46777	10
46778	10
46779	10
46780	11
46781	10
46782	9
46783	10
46784	10
46785	11
46786	10
46787	9
46788	9
46789	10
46790	9
46791	8
46792	8
46793	9
46794	9
46795	10
46796	9
46797	8
46798	10
46799	11
46800	10
46801	9
46802	10
46803	9
46804	8
46805	9
46806	8
46807	7
46808	8
46809	8
46810	9
46811	11
46812	12
46813	12
46814	12
46815	11
46816	11
46817	12
46818	11
46819	10
46820	11
46821	11
46822	12
46823	11
46824	10
46825	10
46826	10
46827	9
46828	10
46829	10
46830	10
46831	9
46832	9
46833	10
46834	9
46835	8
46836	8
46837	9
46838	9
46839	9
46840	8
46841	10
46842	11
46843	10
46844	9
46845	10
46846	9
46847	8
46848	9
46849	8
46850	7
46851	7
46852	8
46853	10
46854	11
46855	10
46856	10
46857	11
46858	10
46859	9
46860	9
46861	9
46862	10
46863	9
46864	8
46865	8
46866	8
46867	9
46868	8
46869	7
46870	7
46871	8
46872	8
46873	9
46874	8
46875	7
46876	9
46877	8
46878	9
46879	8
46880	7
46881	8
46882	7
46883	6
46884	6
46885	7
46886	7
46887	8
46888	10
46889	11
46890	11
46891	12
46892	11
46893	10
46894	10
46895	11
46896	10
46897	9
46898	10
46899	10
46900	11
46901	10
46902	9
46903	9
46904	10
46905	9
46906	8
46907	9
46908	9
46909	10
46910	9
46911	8
46912	8
46913	9
46914	8
46915	7
46916	7
46917	8
46918	8
46919	9
46920	8
46921	7
46922	9
46923	10
46924	9
46925	8
46926	9
46927	8
46928	7
46929	8
46930	7
46931	6
46932	8
46933	9
46934	9
46935	10
46936	10
46937	11
46938	10
46939	9
46940	11
46941	12
46942	11
46943	10
46944	11
46945	10
46946	9
46947	10
46948	9
46949	8
46950	7
46951	8
46952	8
46953	9
46954	9
46955	10
46956	9
46957	8
46958	9
46959	10
46960	9
46961	8
46962	9
46963	8
46964	7
46965	7
46966	8
46967	8
46968	9
46969	8
46970	7
46971	8
46972	9
46973	8
46974	7
46975	8
46976	7
46977	6
46978	7
46979	7
46980	8
46981	10
46982	11
46983	10
46984	9
46985	9
46986	8
46987	9
46988	8
46989	7
46990	7
46991	8
46992	7
46993	6
46994	6
46995	7
46996	8
46997	9
46998	8
46999	7
47000	7
47001	6
47002	6
47003	7
47004	6
47005	5
47006	5
47007	6
47008	8
47009	9
47010	9
47011	10
47012	10
47013	11
47014	13
47015	14
47016	13
47017	12
47018	13
47019	12
47020	11
47021	12
47022	11
47023	10
47024	10
47025	11
47026	10
47027	9
47028	11
47029	12
47030	11
47031	11
47032	12
47033	11
47034	10
47035	11
47036	11
47037	12
47038	11
47039	10
47040	10
47041	11
47042	10
47043	9
47044	10
47045	10
47046	11
47047	10
47048	9
47049	9
47050	10
47051	9
47052	8
47053	8
47054	8
47055	8
47056	9
47057	11
47058	12
47059	11
47060	10
47061	11
47062	10
47063	9
47064	9
47065	8
47066	8
47067	9
47068	8
47069	7
47070	7
47071	7
47072	8
47073	10
47074	11
47075	11
47076	12
47077	11
47078	10
47079	10
47080	11
47081	10
47082	9
47083	9
47084	9
47085	10
47086	9
47087	8
47088	9
47089	9
47090	10
47091	9
47092	8
47093	8
47094	9
47095	8
47096	7
47097	7
47098	8
47099	8
47100	9
47101	8
47102	7
47103	9
47104	10
47105	9
47106	8
47107	9
47108	8
47109	7
47110	8
47111	7
47112	6
47113	7
47114	6
47115	6
47116	7
47117	9
47118	10
47119	10
47120	10
47121	9
47122	9
47123	10
47124	9
47125	8
47126	9
47127	9
47128	9
47129	8
47130	7
47131	8
47132	8
47133	9
47134	8
47135	7
47136	7
47137	7
47138	6
47139	6
47140	7
47141	7
47142	8
47143	7
47144	6
47145	8
47146	9
47147	8
47148	7
47149	8
47150	7
47151	6
47152	7
47153	6
47154	5
47155	5
47156	6
47157	6
47158	7
47159	9
47160	10
47161	10
47162	11
47163	10
47164	9
47165	9
47166	10
47167	9
47168	8
47169	9
47170	9
47171	10
47172	9
47173	8
47174	8
47175	9
47176	8
47177	7
47178	8
47179	8
47180	9
47181	8
47182	7
47183	7
47184	8
47185	7
47186	6
47187	6
47188	7
47189	7
47190	8
47191	7
47192	6
47193	8
47194	9
47195	8
47196	7
47197	8
47198	7
47199	6
47200	7
47201	6
47202	5
47203	7
47204	8
47205	8
47206	9
47207	9
47208	10
47209	9
47210	8
47211	9
47212	10
47213	9
47214	8
47215	9
47216	8
47217	7
47218	7
47219	8
47220	8
47221	9
47222	8
47223	7
47224	8
47225	9
47226	8
47227	7
47228	8
47229	7
47230	6
47231	7
47232	7
47233	8
47234	8
47235	9
47236	8
47237	7
47238	9
47239	10
47240	9
47241	8
47242	8
47243	7
47244	8
47245	7
47246	6
47247	5
47248	6
47249	6
47250	7
47251	8
47252	9
47253	8
47254	7
47255	7
47256	6
47257	6
47258	7
47259	6
47260	5
47261	5
47262	6
47263	8
47264	9
47265	8
47266	7
47267	7
47268	6
47269	7
47270	6
47271	5
47272	5
47273	5
47274	4
47275	5
47276	5
47277	6
47278	8
47279	9
47280	9
47281	10
47282	10
47283	11
47284	13
47285	14
47286	14
47287	15
47288	15
47289	15
47290	14
47291	15
47292	16
47293	15
47294	14
47295	15
47296	14
47297	13
47298	13
47299	14
47300	14
47301	15
47302	14
47303	13
47304	15
47305	16
47306	15
47307	14
47308	15
47309	14
47310	13
47311	14
47312	13
47313	12
47314	13
47315	13
47316	14
47317	15
47318	16
47319	15
47320	14
47321	15
47322	14
47323	13
47324	13
47325	14
47326	13
47327	12
47328	12
47329	12
47330	12
47331	12
47332	11
47333	12
47334	12
47335	13
47336	15
47337	16
47338	15
47339	14
47340	15
47341	14
47342	13
47343	14
47344	13
47345	12
47346	12
47347	13
47348	12
47349	11
47350	11
47351	12
47352	14
47353	15
47354	14
47355	13
47356	14
47357	13
47358	12
47359	12
47360	11
47361	11
47362	12
47363	11
47364	10
47365	10
47366	11
47367	11
47368	12
47369	14
47370	15
47371	14
47372	13
47373	14
47374	13
47375	12
47376	13
47377	12
47378	11
47379	11
47380	12
47381	11
47382	10
47383	12
47384	13
47385	13
47386	14
47387	13
47388	12
47389	11
47390	12
47391	12
47392	13
47393	12
47394	11
47395	11
47396	12
47397	11
47398	10
47399	11
47400	11
47401	12
47402	11
47403	10
47404	10
47405	11
47406	10
47407	9
47408	11
47409	12
47410	12
47411	13
47412	12
47413	13
47414	14
47415	14
47416	14
47417	13
47418	13
47419	14
47420	13
47421	12
47422	13
47423	13
47424	14
47425	13
47426	12
47427	12
47428	13
47429	12
47430	11
47431	11
47432	12
47433	11
47434	13
47435	14
47436	14
47437	15
47438	14
47439	13
47440	13
47441	14
47442	13
47443	12
47444	13
47445	13
47446	14
47447	13
47448	12
47449	12
47450	12
47451	11
47452	12
47453	12
47454	13
47455	12
47456	11
47457	11
47458	11
47459	10
47460	11
47461	11
47462	12
47463	12
47464	13
47465	15
47466	16
47467	15
47468	14
47469	15
47470	14
47471	13
47472	14
47473	13
47474	12
47475	12
47476	13
47477	12
47478	11
47479	13
47480	14
47481	14
47482	14
47483	13
47484	13
47485	13
47486	12
47487	12
47488	12
47489	13
47490	12
47491	11
47492	12
47493	12
47494	13
47495	12
47496	11
47497	11
47498	12
47499	11
47500	10
47501	10
47502	11
47503	11
47504	12
47505	14
47506	15
47507	14
47508	13
47509	14
47510	13
47511	12
47512	13
47513	12
47514	11
47515	11
47516	12
47517	11
47518	10
47519	12
47520	13
47521	13
47522	13
47523	12
47524	12
47525	13
47526	12
47527	11
47528	12
47529	12
47530	13
47531	12
47532	11
47533	11
47534	12
47535	11
47536	10
47537	11
47538	10
47539	10
47540	10
47541	9
47542	10
47543	10
47544	11
47545	13
47546	14
47547	14
47548	14
47549	13
47550	13
47551	14
47552	13
47553	12
47554	13
47555	13
47556	14
47557	13
47558	12
47559	12
47560	12
47561	11
47562	11
47563	11
47564	12
47565	11
47566	10
47567	10
47568	11
47569	11
47570	12
47571	11
47572	10
47573	12
47574	13
47575	12
47576	11
47577	12
47578	11
47579	10
47580	11
47581	10
47582	9
47583	9
47584	10
47585	12
47586	13
47587	13
47588	13
47589	12
47590	12
47591	13
47592	12
47593	11
47594	12
47595	11
47596	11
47597	11
47598	10
47599	10
47600	10
47601	11
47602	10
47603	9
47604	9
47605	10
47606	10
47607	11
47608	10
47609	9
47610	11
47611	12
47612	11
47613	10
47614	11
47615	10
47616	9
47617	10
47618	9
47619	8
47620	8
47621	8
47622	8
47623	9
47624	11
47625	12
47626	12
47627	13
47628	13
47629	14
47630	13
47631	12
47632	13
47633	14
47634	13
47635	12
47636	12
47637	11
47638	11
47639	12
47640	12
47641	13
47642	12
47643	11
47644	13
47645	14
47646	13
47647	12
47648	13
47649	12
47650	11
47651	12
47652	11
47653	10
47654	11
47655	11
47656	12
47657	14
47658	15
47659	14
47660	13
47661	13
47662	12
47663	13
47664	12
47665	11
47666	11
47667	10
47668	10
47669	11
47670	12
47671	12
47672	11
47673	11
47674	10
47675	10
47676	11
47677	10
47678	9
47679	9
47680	9
47681	10
47682	12
47683	13
47684	12
47685	11
47686	12
47687	11
47688	10
47689	10
47690	9
47691	9
47692	10
47693	9
47694	8
47695	8
47696	9
47697	9
47698	10
47699	12
47700	13
47701	12
47702	11
47703	12
47704	11
47705	10
47706	11
47707	10
47708	9
47709	8
47710	10
47711	11
47712	10
47713	10
47714	9
47715	10
47716	10
47717	11
47718	10
47719	9
47720	9
47721	10
47722	9
47723	8
47724	9
47725	9
47726	10
47727	9
47728	8
47729	8
47730	9
47731	8
47732	7
47733	8
47734	8
47735	9
47736	11
47737	11
47738	11
47739	12
47740	12
47741	13
47742	15
47743	16
47744	15
47745	14
47746	15
47747	14
47748	13
47749	14
47750	13
47751	12
47752	11
47753	13
47754	14
47755	14
47756	14
47757	13
47758	13
47759	14
47760	13
47761	12
47762	13
47763	13
47764	13
47765	12
47766	12
47767	13
47768	12
47769	11
47770	12
47771	12
47772	13
47773	12
47774	11
47775	11
47776	12
47777	11
47778	10
47779	10
47780	10
47781	11
47782	13
47783	14
47784	14
47785	15
47786	14
47787	13
47788	13
47789	14
47790	13
47791	12
47792	12
47793	12
47794	13
47795	12
47796	11
47797	12
47798	12
47799	13
47800	12
47801	11
47802	11
47803	12
47804	11
47805	10
47806	10
47807	11
47808	11
47809	12
47810	11
47811	10
47812	12
47813	13
47814	12
47815	11
47816	12
47817	11
47818	10
47819	11
47820	10
47821	9
47822	10
47823	10
47824	11
47825	13
47826	14
47827	14
47828	14
47829	13
47830	13
47831	14
47832	13
47833	12
47834	13
47835	13
47836	14
47837	13
47838	12
47839	12
47840	12
47841	11
47842	12
47843	12
47844	12
47845	11
47846	11
47847	12
47848	11
47849	10
47850	10
47851	11
47852	11
47853	12
47854	11
47855	10
47856	12
47857	13
47858	12
47859	11
47860	12
47861	11
47862	10
47863	11
47864	10
47865	9
47866	9
47867	9
47868	9
47869	10
47870	10
47871	11
47872	10
47873	9
47874	11
47875	12
47876	11
47877	10
47878	10
47879	9
47880	10
47881	9
47882	8
47883	8
47884	9
47885	9
47886	10
47887	12
47888	13
47889	13
47890	14
47891	13
47892	12
47893	12
47894	13
47895	12
47896	11
47897	12
47898	12
47899	13
47900	12
47901	11
47902	11
47903	12
47904	11
47905	10
47906	11
47907	11
47908	12
47909	11
47910	10
47911	10
47912	11
47913	10
47914	9
47915	9
47916	10
47917	10
47918	11
47919	10
47920	9
47921	11
47922	12
47923	11
47924	10
47925	11
47926	10
47927	9
47928	10
47929	9
47930	8
47931	10
47932	11
47933	11
47934	12
47935	12
47936	13
47937	12
47938	11
47939	13
47940	14
47941	13
47942	12
47943	13
47944	12
47945	11
47946	12
47947	11
47948	10
47949	9
47950	10
47951	10
47952	11
47953	11
47954	12
47955	11
47956	10
47957	11
47958	12
47959	11
47960	10
47961	11
47962	10
47963	9
47964	9
47965	10
47966	10
47967	11
47968	10
47969	9
47970	10
47971	11
47972	10
47973	9
47974	10
47975	9
47976	8
47977	9
47978	9
47979	10
47980	12
47981	13
47982	12
47983	11
47984	11
47985	10
47986	11
47987	10
47988	9
47989	9
47990	10
47991	9
47992	8
47993	8
47994	9
47995	10
47996	11
47997	10
47998	9
47999	9
48000	8
48001	8
48002	9
48003	8
48004	7
48005	7
48006	8
48007	10
48008	11
48009	11
48010	12
48011	12
48012	12
48013	12
48014	13
48015	12
48016	11
48017	13
48018	14
48019	13
48020	13
48021	14
48022	13
48023	12
48024	13
48025	13
48026	13
48027	12
48028	12
48029	13
48030	12
48031	11
48032	12
48033	12
48034	13
48035	12
48036	11
48037	11
48038	12
48039	11
48040	10
48041	10
48042	11
48043	11
48044	12
48045	14
48046	15
48047	14
48048	13
48049	14
48050	13
48051	12
48052	13
48053	12
48054	11
48055	11
48056	11
48057	10
48058	12
48059	13
48060	13
48061	14
48062	13
48063	12
48064	12
48065	12
48066	11
48067	12
48068	12
48069	12
48070	11
48071	11
48072	12
48073	11
48074	10
48075	10
48076	10
48077	11
48078	10
48079	9
48080	9
48081	9
48082	10
48083	12
48084	13
48085	13
48086	14
48087	13
48088	12
48089	12
48090	13
48091	12
48092	11
48093	11
48094	11
48095	12
48096	11
48097	10
48098	11
48099	11
48100	12
48101	11
48102	10
48103	10
48104	11
48105	10
48106	9
48107	9
48108	10
48109	10
48110	11
48111	10
48112	9
48113	11
48114	12
48115	11
48116	10
48117	11
48118	10
48119	9
48120	10
48121	9
48122	8
48123	9
48124	9
48125	10
48126	12
48127	13
48128	13
48129	13
48130	12
48131	12
48132	13
48133	12
48134	11
48135	11
48136	11
48137	12
48138	11
48139	10
48140	10
48141	10
48142	11
48143	10
48144	9
48145	9
48146	10
48147	10
48148	11
48149	10
48150	9
48151	11
48152	12
48153	11
48154	10
48155	11
48156	10
48157	9
48158	10
48159	9
48160	8
48161	8
48162	9
48163	11
48164	12
48165	12
48166	12
48167	11
48168	11
48169	12
48170	11
48171	10
48172	11
48173	11
48174	11
48175	10
48176	10
48177	11
48178	10
48179	9
48180	10
48181	10
48182	11
48183	10
48184	9
48185	9
48186	9
48187	8
48188	8
48189	9
48190	9
48191	10
48192	9
48193	8
48194	10
48195	11
48196	10
48197	9
48198	10
48199	9
48200	8
48201	9
48202	8
48203	7
48204	7
48205	8
48206	8
48207	9
48208	11
48209	12
48210	12
48211	13
48212	12
48213	11
48214	11
48215	12
48216	11
48217	10
48218	11
48219	11
48220	12
48221	11
48222	10
48223	10
48224	11
48225	10
48226	9
48227	10
48228	10
48229	11
48230	10
48231	9
48232	9
48233	10
48234	9
48235	8
48236	8
48237	9
48238	9
48239	10
48240	9
48241	8
48242	10
48243	11
48244	10
48245	9
48246	10
48247	9
48248	8
48249	9
48250	8
48251	7
48252	9
48253	10
48254	10
48255	11
48256	11
48257	12
48258	11
48259	10
48260	11
48261	12
48262	11
48263	10
48264	11
48265	10
48266	9
48267	9
48268	10
48269	10
48270	11
48271	10
48272	9
48273	10
48274	11
48275	10
48276	9
48277	10
48278	9
48279	8
48280	9
48281	9
48282	10
48283	10
48284	11
48285	10
48286	9
48287	11
48288	12
48289	11
48290	10
48291	11
48292	10
48293	9
48294	10
48295	9
48296	8
48297	7
48298	8
48299	8
48300	9
48301	10
48302	11
48303	10
48304	9
48305	9
48306	8
48307	8
48308	9
48309	8
48310	7
48311	7
48312	8
48313	10
48314	11
48315	10
48316	9
48317	9
48318	8
48319	9
48320	8
48321	7
48322	7
48323	8
48324	7
48325	6
48326	7
48327	7
48328	8
48329	10
48330	11
48331	11
48332	11
48333	11
48334	12
48335	14
48336	15
48337	14
48338	13
48339	13
48340	12
48341	13
48342	12
48343	11
48344	11
48345	12
48346	11
48347	10
48348	10
48349	11
48350	11
48351	12
48352	14
48353	15
48354	14
48355	13
48356	14
48357	13
48358	12
48359	13
48360	12
48361	11
48362	11
48363	12
48364	11
48365	10
48366	12
48367	13
48368	13
48369	14
48370	13
48371	12
48372	12
48373	13
48374	12
48375	11
48376	12
48377	12
48378	13
48379	12
48380	11
48381	11
48382	12
48383	11
48384	10
48385	11
48386	11
48387	12
48388	11
48389	10
48390	10
48391	11
48392	10
48393	9
48394	10
48395	10
48396	11
48397	13
48398	14
48399	14
48400	15
48401	14
48402	13
48403	13
48404	13
48405	12
48406	13
48407	13
48408	14
48409	13
48410	12
48411	12
48412	13
48413	12
48414	11
48415	12
48416	12
48417	13
48418	12
48419	11
48420	11
48421	12
48422	11
48423	10
48424	10
48425	11
48426	11
48427	12
48428	11
48429	10
48430	12
48431	13
48432	12
48433	11
48434	12
48435	11
48436	10
48437	11
48438	10
48439	9
48440	9
48441	9
48442	9
48443	10
48444	10
48445	11
48446	10
48447	9
48448	11
48449	12
48450	11
48451	10
48452	11
48453	10
48454	9
48455	10
48456	9
48457	8
48458	9
48459	9
48460	10
48461	12
48462	12
48463	12
48464	12
48465	11
48466	11
48467	11
48468	12
48469	11
48470	10
48471	10
48472	10
48473	11
48474	10
48475	9
48476	9
48477	10
48478	10
48479	11
48480	10
48481	9
48482	11
48483	12
48484	11
48485	10
48486	11
48487	10
48488	9
48489	10
48490	9
48491	8
48492	8
48493	9
48494	11
48495	12
48496	12
48497	13
48498	12
48499	11
48500	11
48501	12
48502	11
48503	10
48504	11
48505	11
48506	11
48507	10
48508	10
48509	11
48510	10
48511	9
48512	9
48513	9
48514	10
48515	9
48516	8
48517	8
48518	9
48519	9
48520	10
48521	9
48522	8
48523	10
48524	11
48525	10
48526	9
48527	10
48528	9
48529	8
48530	9
48531	8
48532	7
48533	7
48534	8
48535	8
48536	9
48537	11
48538	12
48539	12
48540	13
48541	12
48542	11
48543	11
48544	12
48545	11
48546	10
48547	11
48548	11
48549	12
48550	11
48551	10
48552	10
48553	11
48554	10
48555	9
48556	10
48557	10
48558	11
48559	10
48560	9
48561	9
48562	10
48563	9
48564	8
48565	8
48566	9
48567	9
48568	9
48569	8
48570	10
48571	11
48572	10
48573	9
48574	10
48575	9
48576	8
48577	9
48578	8
48579	7
48580	9
48581	10
48582	9
48583	9
48584	10
48585	10
48586	11
48587	10
48588	9
48589	11
48590	12
48591	11
48592	10
48593	11
48594	10
48595	9
48596	10
48597	9
48598	8
48599	9
48600	9
48601	10
48602	10
48603	11
48604	10
48605	9
48606	10
48607	11
48608	10
48609	9
48610	10
48611	9
48612	8
48613	8
48614	9
48615	9
48616	9
48617	8
48618	9
48619	10
48620	9
48621	8
48622	9
48623	8
48624	7
48625	8
48626	8
48627	9
48628	11
48629	12
48630	11
48631	10
48632	11
48633	10
48634	9
48635	9
48636	8
48637	8
48638	9
48639	8
48640	7
48641	7
48642	8
48643	9
48644	10
48645	9
48646	8
48647	8
48648	7
48649	7
48650	8
48651	7
48652	6
48653	6
48654	7
48655	9
48656	9
48657	9
48658	10
48659	10
48660	11
48661	13
48662	14
48663	13
48664	12
48665	13
48666	12
48667	11
48668	12
48669	11
48670	10
48671	10
48672	11
48673	10
48674	9
48675	11
48676	12
48677	12
48678	13
48679	12
48680	11
48681	10
48682	11
48683	11
48684	12
48685	11
48686	10
48687	10
48688	10
48689	9
48690	10
48691	10
48692	11
48693	10
48694	9
48695	9
48696	10
48697	9
48698	8
48699	9
48700	9
48701	9
48702	9
48703	10
48704	10
48705	11
48706	10
48707	9
48708	11
48709	11
48710	10
48711	11
48712	10
48713	9
48714	10
48715	9
48716	8
48717	8
48718	9
48719	11
48720	12
48721	12
48722	13
48723	12
48724	11
48725	11
48726	11
48727	10
48728	11
48729	11
48730	12
48731	11
48732	10
48733	10
48734	10
48735	9
48736	10
48737	10
48738	11
48739	10
48740	9
48741	9
48742	10
48743	9
48744	8
48745	8
48746	9
48747	9
48748	10
48749	9
48750	8
48751	10
48752	11
48753	10
48754	9
48755	10
48756	9
48757	8
48758	9
48759	8
48760	7
48761	7
48762	7
48763	8
48764	10
48765	11
48766	11
48767	12
48768	11
48769	10
48770	10
48771	11
48772	10
48773	9
48774	10
48775	10
48776	11
48777	10
48778	9
48779	9
48780	9
48781	8
48782	8
48783	8
48784	9
48785	8
48786	7
48787	7
48788	8
48789	8
48790	9
48791	8
48792	7
48793	9
48794	10
48795	9
48796	8
48797	9
48798	8
48799	7
48800	8
48801	7
48802	6
48803	6
48804	7
48805	7
48806	8
48807	10
48808	11
48809	11
48810	12
48811	11
48812	10
48813	10
48814	11
48815	10
48816	9
48817	10
48818	10
48819	11
48820	10
48821	9
48822	9
48823	10
48824	9
48825	8
48826	9
48827	9
48828	10
48829	9
48830	8
48831	8
48832	9
48833	8
48834	7
48835	7
48836	8
48837	8
48838	9
48839	8
48840	7
48841	9
48842	10
48843	9
48844	8
48845	9
48846	8
48847	7
48848	8
48849	7
48850	6
48851	8
48852	9
48853	9
48854	10
48855	10
48856	11
48857	10
48858	9
48859	10
48860	11
48861	10
48862	9
48863	10
48864	9
48865	8
48866	8
48867	9
48868	9
48869	9
48870	8
48871	9
48872	10
48873	9
48874	8
48875	9
48876	8
48877	7
48878	8
48879	7
48880	7
48881	8
48882	8
48883	9
48884	8
48885	7
48886	9
48887	10
48888	9
48889	8
48890	9
48891	8
48892	7
48893	8
48894	7
48895	6
48896	7
48897	7
48898	8
48899	9
48900	10
48901	9
48902	8
48903	8
48904	7
48905	7
48906	8
48907	7
48908	6
48909	6
48910	7
48911	9
48912	10
48913	9
48914	8
48915	9
48916	8
48917	7
48918	7
48919	6
48920	6
48921	7
48922	6
48923	5
48924	5
48925	6
48926	6
48927	7
48928	9
48929	10
48930	10
48931	11
48932	11
48933	12
48934	14
48935	15
48936	14
48937	13
48938	14
48939	13
48940	12
48941	13
48942	12
48943	11
48944	11
48945	12
48946	11
48947	10
48948	12
48949	13
48950	13
48951	14
48952	13
48953	12
48954	12
48955	13
48956	12
48957	11
48958	12
48959	12
48960	13
48961	12
48962	11
48963	10
48964	11
48965	11
48966	12
48967	11
48968	10
48969	10
48970	11
48971	10
48972	9
48973	9
48974	10
48975	10
48976	11
48977	13
48978	14
48979	13
48980	12
48981	13
48982	12
48983	11
48984	12
48985	11
48986	10
48987	10
48988	11
48989	10
48990	9
48991	11
48992	12
48993	12
48994	13
48995	12
48996	11
48997	11
48998	12
48999	11
49000	10
49001	11
49002	11
49003	12
49004	11
49005	10
49006	10
49007	11
49008	10
49009	9
49010	10
49011	10
49012	11
49013	10
49014	9
49015	9
49016	10
49017	9
49018	8
49019	9
49020	9
49021	10
49022	12
49023	13
49024	13
49025	13
49026	12
49027	12
49028	12
49029	11
49030	11
49031	11
49032	12
49033	11
49034	10
49035	11
49036	11
49037	12
49038	11
49039	10
49040	10
49041	11
49042	10
49043	9
49044	9
49045	10
49046	10
49047	11
49048	10
49049	9
49050	11
49051	12
49052	11
49053	10
49054	11
49055	10
49056	9
49057	10
49058	9
49059	8
49060	8
49061	9
49062	11
49063	12
49064	12
49065	13
49066	12
49067	11
49068	11
49069	11
49070	10
49071	11
49072	11
49073	12
49074	11
49075	10
49076	10
49077	11
49078	10
49079	9
49080	10
49081	10
49082	11
49083	10
49084	9
49085	9
49086	10
49087	9
49088	8
49089	8
49090	9
49091	9
49092	9
49093	8
49094	10
49095	11
49096	10
49097	9
49098	10
49099	9
49100	8
49101	9
49102	8
49103	7
49104	8
49105	8
49106	9
49107	11
49108	12
49109	12
49110	13
49111	12
49112	11
49113	11
49114	12
49115	11
49116	10
49117	11
49118	11
49119	12
49120	11
49121	10
49122	10
49123	10
49124	9
49125	9
49126	9
49127	9
49128	8
49129	8
49130	9
49131	9
49132	9
49133	8
49134	10
49135	11
49136	10
49137	9
49138	10
49139	9
49140	8
49141	9
49142	8
49143	7
49144	7
49145	8
49146	10
49147	11
49148	11
49149	11
49150	10
49151	10
49152	11
49153	10
49154	9
49155	10
49156	10
49157	10
49158	9
49159	9
49160	10
49161	9
49162	8
49163	8
49164	7
49165	7
49166	8
49167	8
49168	9
49169	8
49170	7
49171	9
49172	10
49173	9
49174	8
49175	9
49176	8
49177	7
49178	8
49179	7
49180	6
49181	6
49182	7
49183	7
49184	8
49185	10
49186	11
49187	11
49188	12
49189	11
49190	10
49191	10
49192	11
49193	10
49194	9
49195	10
49196	10
49197	11
49198	10
49199	9
49200	9
49201	10
49202	9
49203	8
49204	9
49205	9
49206	10
49207	9
49208	8
49209	8
49210	9
49211	8
49212	7
49213	7
49214	8
49215	8
49216	8
49217	7
49218	9
49219	9
49220	8
49221	9
49222	8
49223	7
49224	8
49225	7
49226	6
49227	8
49228	9
49229	9
49230	10
49231	10
49232	11
49233	10
49234	9
49235	10
49236	11
49237	10
49238	9
49239	10
49240	9
49241	8
49242	8
49243	9
49244	9
49245	10
49246	9
49247	8
49248	9
49249	10
49250	9
49251	8
49252	9
49253	8
49254	7
49255	8
49256	7
49257	7
49258	8
49259	7
49260	8
49261	9
49262	8
49263	7
49264	8
49265	7
49266	6
49267	7
49268	7
49269	8
49270	9
49271	10
49272	9
49273	8
49274	8
49275	7
49276	7
49277	8
49278	7
49279	6
49280	6
49281	7
49282	9
49283	10
49284	9
49285	8
49286	9
49287	8
49288	7
49289	7
49290	6
49291	6
49292	7
49293	6
49294	5
49295	7
49296	8
49297	8
49298	9
49299	9
49300	10
49301	12
49302	13
49303	13
49304	14
49305	13
49306	12
49307	12
49308	13
49309	12
49310	11
49311	12
49312	12
49313	13
49314	12
49315	11
49316	11
49317	12
49318	11
49319	10
49320	11
49321	11
49322	12
49323	11
49324	10
49325	10
49326	11
49327	10
49328	9
49329	9
49330	10
49331	10
49332	11
49333	10
49334	9
49335	11
49336	12
49337	11
49338	10
49339	11
49340	10
49341	9
49342	10
49343	9
49344	8
49345	10
49346	11
49347	11
49348	12
49349	12
49350	13
49351	12
49352	11
49353	11
49354	12
49355	11
49356	10
49357	10
49358	11
49359	11
49360	12
49361	11
49362	10
49363	12
49364	13
49365	12
49366	11
49367	12
49368	11
49369	10
49370	11
49371	10
49372	9
49373	10
49374	10
49375	11
49376	11
49377	12
49378	11
49379	10
49380	11
49381	12
49382	11
49383	10
49384	11
49385	10
49386	9
49387	9
49388	10
49389	10
49390	10
49391	9
49392	9
49393	10
49394	9
49395	8
49396	9
49397	9
49398	10
49399	12
49400	13
49401	12
49402	11
49403	12
49404	11
49405	10
49406	10
49407	9
49408	9
49409	10
49410	9
49411	8
49412	7
49413	6
49414	7
49415	7
49416	8
49417	8
49418	9
49419	11
49420	12
49421	12
49422	13
49423	12
49424	11
49425	11
49426	12
49427	11
49428	10
49429	11
49430	11
49431	11
49432	10
49433	10
49434	10
49435	9
49436	10
49437	9
49438	8
49439	8
49440	9
49441	9
49442	10
49443	9
49444	8
49445	10
49446	11
49447	10
49448	9
49449	10
49450	9
49451	8
49452	9
49453	8
49454	7
49455	8
49456	9
49457	9
49458	10
49459	10
49460	10
49461	9
49462	10
49463	11
49464	10
49465	9
49466	10
49467	9
49468	8
49469	7
49470	8
49471	7
49472	7
49473	8
49474	8
49475	9
49476	8
49477	7
49478	8
49479	9
49480	8
49481	7
49482	8
49483	7
49484	6
49485	6
49486	7
49487	7
49488	8
49489	10
49490	11
49491	11
49492	12
49493	11
49494	10
49495	10
49496	11
49497	10
49498	9
49499	10
49500	10
49501	11
49502	10
49503	9
49504	9
49505	10
49506	9
49507	8
49508	9
49509	9
49510	9
49511	8
49512	8
49513	9
49514	8
49515	7
49516	6
49517	7
49518	8
49519	8
49520	8
49521	8
49522	9
49523	8
49524	7
49525	7
49526	8
49527	8
49528	9
49529	8
49530	7
49531	8
49532	9
49533	8
49534	7
49535	8
49536	7
49537	6
49538	7
49539	7
49540	8
49541	9
49542	9
49543	8
49544	8
49545	7
49546	7
49547	8
49548	7
49549	6
49550	6
49551	7
49552	9
49553	10
49554	9
49555	8
49556	8
49557	7
49558	8
49559	7
49560	6
49561	6
49562	7
49563	6
49564	5
49565	6
49566	6
49567	7
49568	9
49569	10
49570	10
49571	11
49572	11
49573	12
49574	11
49575	10
49576	12
49577	13
49578	12
49579	11
49580	12
49581	11
49582	10
49583	11
49584	10
49585	9
49586	9
49587	9
49588	9
49589	10
49590	9
49591	8
49592	8
49593	8
49594	9
49595	11
49596	12
49597	11
49598	10
49599	10
49600	9
49601	10
49602	9
49603	8
49604	8
49605	9
49606	8
49607	7
49608	8
49609	8
49610	9
49611	11
49612	12
49613	11
49614	10
49615	11
49616	10
49617	9
49618	10
49619	9
49620	8
49621	8
49622	8
49623	7
49624	6
49625	6
49626	7
49627	7
49628	8
49629	10
49630	11
49631	10
49632	9
49633	10
49634	9
49635	8
49636	9
49637	8
49638	7
49639	7
49640	8
49641	7
49642	6
49643	8
49644	9
49645	9
49646	10
49647	9
49648	8
49649	7
49650	8
49651	8
49652	9
49653	8
49654	7
49655	7
49656	8
49657	7
49658	6
49659	7
49660	7
49661	8
49662	7
49663	6
49664	6
49665	7
49666	6
49667	5
49668	5
49669	6
49670	7
49671	8
49672	8
49673	9
49674	9
49675	10
49676	9
49677	8
49678	10
49679	11
49680	10
49681	9
49682	10
49683	9
49684	8
49685	9
49686	8
49687	7
49688	6
49689	6
49690	6
49691	7
49692	9
49693	10
49694	9
49695	8
49696	8
49697	7
49698	8
49699	7
49700	6
49701	6
49702	7
49703	6
49704	5
49705	5
49706	6
49707	6
49708	7
49709	9
49710	10
49711	9
49712	8
49713	9
49714	8
49715	7
49716	8
49717	7
49718	6
49719	6
49720	7
49721	6
49722	5
49723	7
49724	8
49725	8
49726	9
49727	8
49728	7
49729	7
49730	8
49731	7
49732	6
49733	7
49734	7
49735	8
49736	7
49737	6
49738	5
49739	6
49740	6
49741	7
49742	6
49743	5
49744	5
49745	6
49746	5
49747	4
49748	4
49749	5
49750	7
49751	8
49752	8
49753	9
49754	9
49755	10
49756	12
49757	13
49758	13
49759	14
49760	14
49761	14
49762	13
49763	14
49764	15
49765	14
49766	13
49767	14
49768	13
49769	12
49770	12
49771	13
49772	13
49773	14
49774	13
49775	12
49776	14
49777	15
49778	14
49779	13
49780	14
49781	13
49782	12
49783	13
49784	12
49785	11
49786	12
49787	12
49788	13
49789	15
49790	16
49791	15
49792	14
49793	13
49794	14
49795	13
49796	12
49797	12
49798	13
49799	12
49800	11
49801	11
49802	12
49803	13
49804	13
49805	12
49806	13
49807	12
49808	11
49809	11
49810	11
49811	10
49812	11
49813	11
49814	12
49815	14
49816	15
49817	14
49818	13
49819	14
49820	13
49821	12
49822	12
49823	11
49824	11
49825	12
49826	11
49827	10
49828	10
49829	11
49830	13
49831	14
49832	13
49833	12
49834	13
49835	12
49836	11
49837	12
49838	11
49839	10
49840	10
49841	11
49842	10
49843	9
49844	9
49845	10
49846	10
49847	11
49848	13
49849	14
49850	13
49851	12
49852	13
49853	12
49854	11
49855	12
49856	11
49857	10
49858	9
49859	11
49860	12
49861	12
49862	13
49863	12
49864	11
49865	11
49866	12
49867	11
49868	10
49869	11
49870	11
49871	12
49872	11
49873	10
49874	9
49875	10
49876	10
49877	11
49878	10
49879	9
49880	9
49881	10
49882	9
49883	8
49884	10
49885	11
49886	10
49887	10
49888	11
49889	11
49890	12
49891	14
49892	15
49893	14
49894	13
49895	14
49896	13
49897	12
49898	13
49899	12
49900	11
49901	11
49902	12
49903	11
49904	10
49905	12
49906	13
49907	13
49908	14
49909	13
49910	12
49911	12
49912	12
49913	11
49914	12
49915	12
49916	13
49917	12
49918	11
49919	11
49920	12
49921	11
49922	10
49923	11
49924	11
49925	12
49926	11
49927	10
49928	9
49929	10
49930	10
49931	11
49932	11
49933	12
49934	14
49935	14
49936	13
49937	14
49938	13
49939	12
49940	13
49941	12
49942	11
49943	11
49944	12
49945	11
49946	10
49947	11
49948	12
49949	11
49950	11
49951	11
49952	10
49953	11
49954	11
49955	12
49956	11
49957	10
49958	10
49959	11
49960	10
49961	9
49962	9
49963	10
49964	10
49965	11
49966	13
49967	14
49968	13
49969	12
49970	12
49971	11
49972	12
49973	11
49974	10
49975	10
49976	11
49977	10
49978	9
49979	11
49980	12
49981	11
49982	11
49983	12
49984	11
49985	10
49986	11
49987	11
49988	12
49989	11
49990	10
49991	10
49992	10
49993	9
49994	9
49995	9
49996	10
49997	9
49998	8
49999	9
50000	9
50001	10
50002	12
50003	13
50004	13
50005	13
50006	12
50007	12
50008	13
50009	12
50010	11
50011	12
50012	12
50013	13
50014	12
50015	11
50016	10
50017	10
50018	10
50019	11
50020	10
50021	9
50022	9
50023	10
50024	10
50025	11
50026	10
50027	9
50028	11
50029	12
50030	11
50031	10
50032	11
50033	10
50034	9
50035	10
50036	9
50037	8
50038	8
50039	9
50040	11
50041	12
50042	11
50043	11
50044	12
50045	11
50046	10
50047	10
50048	10
50049	11
50050	10
50051	9
50052	9
50053	9
50054	10
50055	9
50056	8
50057	8
50058	9
50059	9
50060	10
50061	9
50062	8
50063	10
50064	11
50065	10
50066	9
50067	10
50068	9
50069	8
50070	9
50071	8
50072	7
50073	7
50074	8
50075	8
50076	9
50077	11
50078	12
50079	12
50080	13
50081	13
50082	14
50083	13
50084	12
50085	14
50086	15
50087	14
50088	13
50089	14
50090	13
50091	12
50092	13
50093	12
50094	11
50095	11
50096	12
50097	12
50098	13
50099	12
50100	11
50101	13
50102	14
50103	13
50104	12
50105	13
50106	12
50107	11
50108	12
50109	11
50110	10
50111	11
50112	11
50113	12
50114	14
50115	14
50116	13
50117	13
50118	12
50119	13
50120	12
50121	11
50122	11
50123	12
50124	11
50125	10
50126	10
50127	11
50128	13
50129	14
50130	13
50131	12
50132	13
50133	12
50134	11
50135	12
50136	11
50137	10
50138	9
50139	10
50140	10
50141	11
50142	13
50143	14
50144	13
50145	12
50146	13
50147	12
50148	11
50149	11
50150	10
50151	10
50152	11
50153	10
50154	9
50155	9
50156	10
50157	11
50158	12
50159	11
50160	10
50161	11
50162	10
50163	9
50164	9
50165	10
50166	9
50167	8
50168	8
50169	9
50170	9
50171	10
50172	12
50173	13
50174	12
50175	11
50176	12
50177	11
50178	10
50179	11
50180	10
50181	9
50182	9
50183	10
50184	9
50185	8
50186	10
50187	11
50188	11
50189	12
50190	11
50191	10
50192	10
50193	11
50194	10
50195	9
50196	10
50197	9
50198	9
50199	10
50200	9
50201	8
50202	9
50203	9
50204	10
50205	9
50206	8
50207	8
50208	9
50209	8
50210	7
50211	9
50212	10
50213	10
50214	11
50215	11
50216	12
50217	14
50218	15
50219	14
50220	13
50221	14
50222	13
50223	12
50224	13
50225	12
50226	11
50227	11
50228	12
50229	11
50230	10
50231	12
50232	13
50233	12
50234	12
50235	13
50236	12
50237	11
50238	12
50239	12
50240	13
50241	12
50242	11
50243	11
50244	12
50245	11
50246	10
50247	11
50248	11
50249	12
50250	11
50251	10
50252	9
50253	9
50254	9
50255	9
50256	10
50257	12
50258	13
50259	12
50260	11
50261	12
50262	11
50263	10
50264	11
50265	10
50266	9
50267	9
50268	10
50269	9
50270	8
50271	9
50272	9
50273	9
50274	9
50275	10
50276	12
50277	13
50278	12
50279	11
50280	12
50281	11
50282	10
50283	10
50284	9
50285	9
50286	10
50287	9
50288	8
50289	8
50290	9
50291	9
50292	10
50293	12
50294	13
50295	12
50296	11
50297	12
50298	11
50299	10
50300	11
50301	10
50302	9
50303	9
50304	10
50305	9
50306	8
50307	9
50308	10
50309	10
50310	10
50311	9
50312	9
50313	10
50314	9
50315	8
50316	9
50317	9
50318	10
50319	9
50320	8
50321	8
50322	9
50323	8
50324	7
50325	7
50326	7
50327	8
50328	10
50329	11
50330	11
50331	12
50332	11
50333	10
50334	10
50335	10
50336	9
50337	9
50338	9
50339	10
50340	9
50341	8
50342	9
50343	9
50344	9
50345	8
50346	7
50347	7
50348	8
50349	8
50350	9
50351	8
50352	7
50353	9
50354	10
50355	9
50356	8
50357	9
50358	8
50359	7
50360	8
50361	7
50362	6
50363	6
50364	6
50365	7
50366	9
50367	10
50368	10
50369	11
50370	11
50371	12
50372	14
50373	15
50374	14
50375	13
50376	14
50377	13
50378	12
50379	13
50380	12
50381	11
50382	11
50383	12
50384	11
50385	10
50386	12
50387	12
50388	12
50389	12
50390	11
50391	12
50392	11
50393	11
50394	11
50395	10
50396	11
50397	11
50398	12
50399	11
50400	10
50401	10
50402	11
50403	10
50404	9
50405	9
50406	10
50407	10
50408	11
50409	13
50410	14
50411	13
50412	12
50413	13
50414	12
50415	11
50416	12
50417	11
50418	10
50419	10
50420	11
50421	10
50422	9
50423	11
50424	11
50425	11
50426	12
50427	11
50428	10
50429	11
50430	11
50431	12
50432	11
50433	10
50434	9
50435	9
50436	9
50437	10
50438	9
50439	8
50440	8
50441	8
50442	9
50443	11
50444	12
50445	11
50446	11
50447	11
50448	10
50449	10
50450	10
50451	11
50452	10
50453	9
50454	10
50455	10
50456	11
50457	10
50458	9
50459	9
50460	10
50461	9
50462	8
50463	8
50464	9
50465	9
50466	10
50467	9
50468	8
50469	10
50470	11
50471	10
50472	9
50473	10
50474	9
50475	8
50476	9
50477	8
50478	7
50479	8
50480	8
50481	9
50482	11
50483	12
50484	12
50485	12
50486	11
50487	11
50488	12
50489	11
50490	10
50491	11
50492	11
50493	12
50494	11
50495	10
50496	10
50497	10
50498	9
50499	9
50500	9
50501	10
50502	9
50503	8
50504	8
50505	9
50506	9
50507	9
50508	8
50509	10
50510	11
50511	10
50512	9
50513	10
50514	9
50515	8
50516	9
50517	8
50518	7
50519	7
50520	8
50521	10
50522	10
50523	10
50524	10
50525	9
50526	9
50527	9
50528	10
50529	9
50530	8
50531	8
50532	8
50533	9
50534	8
50535	7
50536	7
50537	8
50538	8
50539	9
50540	8
50541	7
50542	9
50543	10
50544	9
50545	8
50546	9
50547	8
50548	7
50549	8
50550	7
50551	6
50552	6
50553	7
50554	7
50555	8
50556	10
50557	11
50558	11
50559	12
50560	11
50561	10
50562	10
50563	11
50564	10
50565	9
50566	10
50567	10
50568	11
50569	10
50570	9
50571	9
50572	10
50573	9
50574	8
50575	9
50576	9
50577	10
50578	9
50579	8
50580	8
50581	8
50582	7
50583	7
50584	8
50585	8
50586	9
50587	8
50588	7
50589	8
50590	9
50591	8
50592	7
50593	8
50594	7
50595	6
50596	8
50597	9
50598	9
50599	10
50600	10
50601	11
50602	10
50603	9
50604	11
50605	12
50606	11
50607	10
50608	11
50609	10
50610	9
50611	10
50612	9
50613	8
50614	7
50615	8
50616	8
50617	8
50618	8
50619	8
50620	7
50621	7
50622	8
50623	8
50624	9
50625	8
50626	7
50627	8
50628	9
50629	8
50630	7
50631	8
50632	7
50633	6
50634	7
50635	7
50636	8
50637	10
50638	11
50639	10
50640	9
50641	9
50642	8
50643	9
50644	8
50645	7
50646	7
50647	8
50648	7
50649	6
50650	6
50651	7
50652	8
50653	9
50654	8
50655	7
50656	7
50657	6
50658	6
50659	7
50660	6
50661	5
50662	6
50663	6
50664	7
50665	9
50666	10
50667	10
50668	10
50669	10
50670	11
50671	13
50672	14
50673	13
50674	12
50675	13
50676	12
50677	11
50678	12
50679	11
50680	10
50681	10
50682	10
50683	9
50684	9
50685	10
50686	10
50687	11
50688	13
50689	14
50690	13
50691	12
50692	13
50693	12
50694	11
50695	11
50696	10
50697	10
50698	11
50699	10
50700	9
50701	11
50702	11
50703	11
50704	12
50705	11
50706	10
50707	11
50708	11
50709	12
50710	11
50711	10
50712	9
50713	10
50714	10
50715	11
50716	10
50717	9
50718	9
50719	10
50720	9
50721	8
50722	8
50723	8
50724	9
50725	11
50726	12
50727	12
50728	13
50729	12
50730	11
50731	11
50732	11
50733	10
50734	11
50735	10
50736	10
50737	11
50738	10
50739	9
50740	10
50741	10
50742	11
50743	10
50744	9
50745	9
50746	10
50747	9
50748	8
50749	8
50750	9
50751	9
50752	10
50753	9
50754	8
50755	10
50756	11
50757	10
50758	9
50759	10
50760	9
50761	8
50762	9
50763	8
50764	7
50765	7
50766	7
50767	8
50768	10
50769	11
50770	11
50771	12
50772	11
50773	10
50774	10
50775	11
50776	10
50777	9
50778	10
50779	10
50780	10
50781	9
50782	9
50783	10
50784	9
50785	8
50786	8
50787	8
50788	9
50789	8
50790	7
50791	7
50792	8
50793	8
50794	9
50795	8
50796	7
50797	9
50798	10
50799	9
50800	8
50801	9
50802	8
50803	7
50804	8
50805	7
50806	6
50807	6
50808	7
50809	7
50810	8
50811	10
50812	11
50813	11
50814	12
50815	11
50816	10
50817	10
50818	11
50819	10
50820	9
50821	10
50822	10
50823	11
50824	10
50825	9
50826	9
50827	10
50828	9
50829	8
50830	9
50831	9
50832	10
50833	9
50834	8
50835	8
50836	9
50837	8
50838	7
50839	7
50840	8
50841	8
50842	9
50843	8
50844	7
50845	9
50846	10
50847	9
50848	8
50849	9
50850	8
50851	7
50852	8
50853	7
50854	6
50855	8
50856	9
50857	8
50858	8
50859	9
50860	9
50861	10
50862	9
50863	8
50864	10
50865	11
50866	10
50867	9
50868	10
50869	9
50870	8
50871	9
50872	8
50873	7
50874	8
50875	8
50876	9
50877	8
50878	9
50879	10
50880	9
50881	8
50882	9
50883	8
50884	7
50885	7
50886	8
50887	8
50888	9
50889	8
50890	7
50891	8
50892	9
50893	8
50894	7
50895	8
50896	7
50897	6
50898	7
50899	7
50900	8
50901	10
50902	11
50903	10
50904	9
50905	10
50906	9
50907	8
50908	8
50909	7
50910	7
50911	8
50912	7
50913	6
50914	6
50915	7
50916	8
50917	9
50918	8
50919	7
50920	7
50921	6
50922	6
50923	7
50924	6
50925	5
50926	5
50927	6
50928	8
50929	9
50930	9
50931	9
50932	9
50933	10
50934	12
50935	13
50936	12
50937	11
50938	11
50939	10
50940	11
50941	10
50942	9
50943	9
50944	10
50945	9
50946	8
50947	8
50948	9
50949	9
50950	10
50951	12
50952	13
50953	12
50954	11
50955	12
50956	11
50957	10
50958	11
50959	10
50960	9
50961	9
50962	10
50963	9
50964	8
50965	10
50966	11
50967	11
50968	12
50969	11
50970	10
50971	10
50972	10
50973	9
50974	10
50975	10
50976	11
50977	10
50978	9
50979	9
50980	10
50981	9
50982	8
50983	9
50984	9
50985	10
50986	9
50987	8
50988	8
50989	9
50990	8
50991	7
50992	8
50993	8
50994	8
50995	8
50996	9
50997	9
50998	10
50999	9
51000	8
51001	9
51002	10
51003	9
51004	8
51005	9
51006	8
51007	7
51008	7
51009	8
51010	10
51011	11
51012	11
51013	12
51014	11
51015	10
51016	10
51017	10
51018	9
51019	10
51020	10
51021	11
51022	10
51023	9
51024	8
51025	9
51026	9
51027	10
51028	9
51029	8
51030	8
51031	9
51032	8
51033	7
51034	7
51035	8
51036	7
51037	9
51038	10
51039	9
51040	8
51041	9
51042	8
51043	7
51044	8
51045	7
51046	6
51047	7
51048	7
51049	8
51050	10
51051	11
51052	11
51053	12
51054	11
51055	10
51056	10
51057	11
51058	10
51059	9
51060	10
51061	10
51062	11
51063	10
51064	9
51065	9
51066	9
51067	8
51068	8
51069	8
51070	9
51071	8
51072	7
51073	7
51074	8
51075	8
51076	9
51077	8
51078	7
51079	9
51080	10
51081	9
51082	8
51083	9
51084	8
51085	7
51086	8
51087	7
51088	6
51089	6
51090	6
51091	6
51092	7
51093	7
51094	7
51095	6
51096	8
51097	9
51098	8
51099	7
51100	8
51101	7
51102	6
51103	6
51104	5
51105	5
51106	6
51107	6
51108	7
51109	9
51110	10
51111	10
51112	11
51113	10
51114	9
51115	9
51116	9
51117	8
51118	9
51119	9
51120	10
51121	9
51122	8
51123	8
51124	9
51125	8
51126	7
51127	8
51128	8
51129	9
51130	8
51131	7
51132	7
51133	7
51134	6
51135	6
51136	6
51137	8
51138	9
51139	8
51140	7
51141	7
51142	6
51143	7
51144	6
51145	5
51146	7
51147	8
51148	8
51149	9
51150	9
51151	10
51152	9
51153	8
51154	9
51155	10
51156	9
51157	8
51158	9
51159	8
51160	7
51161	7
51162	8
51163	8
51164	9
51165	8
51166	7
51167	8
51168	9
51169	8
51170	7
51171	8
51172	7
51173	6
51174	7
51175	6
51176	6
51177	7
51178	7
51179	8
51180	7
51181	6
51182	8
51183	9
51184	8
51185	7
51186	6
51187	6
51188	5
51189	6
51190	6
51191	7
51192	8
51193	9
51194	8
51195	7
51196	7
51197	6
51198	6
51199	7
51200	6
51201	5
51202	5
51203	5
51204	4
51205	4
51206	5
51207	5
51208	6
51209	8
51210	9
51211	9
51212	10
51213	10
51214	11
51215	13
51216	14
51217	13
51218	12
51219	13
51220	12
51221	11
51222	12
51223	11
51224	10
51225	10
51226	11
51227	10
51228	9
51229	11
51230	12
51231	12
51232	12
51233	11
51234	10
51235	11
51236	11
51237	12
51238	11
51239	10
51240	10
51241	11
51242	10
51243	9
51244	10
51245	10
51246	11
51247	10
51248	9
51249	9
51250	10
51251	9
51252	8
51253	8
51254	9
51255	9
51256	10
51257	12
51258	13
51259	12
51260	11
51261	12
51262	11
51263	10
51264	11
51265	10
51266	9
51267	9
51268	10
51269	9
51270	8
51271	10
51272	11
51273	11
51274	12
51275	11
51276	10
51277	10
51278	11
51279	10
51280	9
51281	10
51282	10
51283	11
51284	10
51285	9
51286	9
51287	9
51288	8
51289	9
51290	9
51291	10
51292	9
51293	8
51294	8
51295	9
51296	8
51297	7
51298	8
51299	8
51300	9
51301	11
51302	12
51303	12
51304	13
51305	12
51306	11
51307	11
51308	11
51309	10
51310	11
51311	11
51312	10
51313	10
51314	11
51315	10
51316	9
51317	10
51318	10
51319	11
51320	10
51321	9
51322	9
51323	10
51324	9
51325	8
51326	8
51327	9
51328	9
51329	8
51330	10
51331	11
51332	10
51333	9
51334	10
51335	9
51336	8
51337	9
51338	8
51339	7
51340	7
51341	8
51342	10
51343	11
51344	10
51345	10
51346	9
51347	9
51348	9
51349	10
51350	9
51351	8
51352	9
51353	9
51354	10
51355	9
51356	8
51357	8
51358	9
51359	8
51360	7
51361	7
51362	8
51363	8
51364	9
51365	8
51366	7
51367	9
51368	10
51369	9
51370	8
51371	9
51372	8
51373	7
51374	8
51375	7
51376	6
51377	7
51378	7
51379	8
51380	10
51381	11
51382	11
51383	11
51384	10
51385	10
51386	11
51387	10
51388	9
51389	10
51390	10
51391	11
51392	10
51393	9
51394	9
51395	9
51396	8
51397	8
51398	8
51399	9
51400	8
51401	7
51402	7
51403	8
51404	8
51405	9
51406	8
51407	7
51408	9
51409	10
51410	9
51411	8
51412	9
51413	8
51414	7
51415	8
51416	7
51417	6
51418	6
51419	7
51420	9
51421	9
51422	9
51423	10
51424	9
51425	8
51426	9
51427	9
51428	9
51429	8
51430	8
51431	9
51432	8
51433	7
51434	7
51435	7
51436	7
51436
0.386956
